# 3ds Max Wavefront OBJ Exporter v0.97b - (c)2007 guruware
# File Created: 30.10.2021 15:14:10

mtllib desk1.mtl

#
# object Archmodels_vol_89_001_1
#

v  108.9186 48.9055 33.5463
v  107.6842 48.7431 27.6752
v  89.5683 46.3708 31.0856
v  71.4435 43.9870 33.8468
v  53.8143 41.6685 41.8910
v  53.2508 41.5943 35.9177
v  35.0096 39.1953 37.2983
v  16.7396 36.7924 37.9885
v  -1.5398 34.3883 37.9885
v  -19.8090 31.9855 37.2983
v  -93.7224 22.2747 33.5053
v  -38.0486 29.5866 35.9177
v  -56.2390 27.1942 33.8468
v  -74.3607 24.8109 31.0856
v  -92.4724 22.4391 27.6342
v  -20.1516 31.9405 43.2887
v  -57.0360 27.0894 39.7946
v  -75.3845 24.6762 36.9993
v  -38.6185 29.5117 41.8910
v  16.8511 36.8070 43.9875
v  -1.6552 34.3731 43.9875
v  35.3475 39.2397 43.2887
v  72.2319 44.0907 39.7946
v  90.5804 46.5039 36.9993
v  89.5683 0.0000 31.0856
v  107.6842 0.0000 27.6752
v  108.9186 0.0000 33.5463
v  71.4435 0.0000 33.8468
v  53.2508 0.0000 35.9177
v  35.0096 0.0000 37.2983
v  -38.6185 0.0000 41.8910
v  35.3475 0.0000 43.2887
v  72.2319 0.0000 39.7946
v  90.5804 0.0000 36.9993
v  53.8143 0.0000 41.8910
v  -1.6552 0.0000 43.9875
v  16.8511 0.0000 43.9875
v  -20.1516 0.0000 43.2887
v  16.7396 0.0000 37.9885
v  -1.5398 0.0000 37.9885
v  -19.8090 0.0000 37.2983
v  -38.0486 0.0000 35.9177
v  -56.2390 0.0000 33.8468
v  -74.3607 0.0000 31.0856
v  -92.4724 0.0000 27.6342
v  -75.3845 0.0000 36.9993
v  -57.0360 0.0000 39.7946
v  -93.7224 0.0000 33.5053
v  89.5605 0.0069 31.0405
v  107.7198 0.0072 27.6218
v  71.4374 0.0065 33.8014
v  53.2464 0.0062 35.8720
v  35.0070 0.0058 37.2525
v  16.7387 0.0055 37.9427
v  -1.5389 0.0051 37.9427
v  -19.8064 0.0048 37.2525
v  -38.0442 0.0044 35.8720
v  -56.2329 0.0040 33.8014
v  -74.3529 0.0037 31.0405
v  -92.5079 0.0033 27.5807
v  -75.3923 0.0037 37.0445
v  -93.7770 0.0033 33.5415
v  -57.0420 0.0040 39.8400
v  -38.6228 0.0044 41.9367
v  -20.1542 0.0047 43.3344
v  -1.6561 0.0051 44.0333
v  16.8519 0.0055 44.0333
v  35.3501 0.0058 43.3344
v  53.8187 0.0062 41.9367
v  72.2379 0.0066 39.8400
v  90.5881 0.0069 37.0445
v  108.9731 0.0073 33.5826
v  89.5534 0.0265 30.9990
v  107.7525 0.0279 27.5727
v  71.4319 0.0251 33.7596
v  53.2425 0.0238 35.8301
v  35.0046 0.0224 37.2105
v  16.7380 0.0210 37.9006
v  -1.5381 0.0197 37.9006
v  -19.8040 0.0183 37.2105
v  -38.0403 0.0169 35.8301
v  -56.2274 0.0156 33.7596
v  -74.3458 0.0142 30.9990
v  -92.5405 0.0128 27.5316
v  -75.3994 0.0141 37.0860
v  -93.8271 0.0127 33.5747
v  -57.0476 0.0155 39.8818
v  -38.6268 0.0169 41.9786
v  -20.1566 0.0183 43.3765
v  -1.6569 0.0197 44.0754
v  16.8527 0.0210 44.0754
v  35.3525 0.0224 43.3765
v  53.8226 0.0238 41.9786
v  72.2435 0.0252 39.8817
v  90.5953 0.0266 37.0860
v  109.0231 0.0280 33.6158
v  89.5471 0.0573 30.9624
v  107.7813 0.0602 27.5293
v  71.4270 0.0543 33.7228
v  53.2390 0.0514 35.7932
v  35.0025 0.0484 37.1734
v  16.7372 0.0455 37.8635
v  -1.5374 0.0425 37.8635
v  -19.8019 0.0395 37.1734
v  -38.0368 0.0366 35.7932
v  -56.2225 0.0336 33.7228
v  -74.3395 0.0307 30.9624
v  -92.5692 0.0277 27.4883
v  -75.4057 0.0305 37.1226
v  -93.8713 0.0275 33.6041
v  -57.0525 0.0335 39.9186
v  -38.6303 0.0365 42.0155
v  -20.1587 0.0395 43.4135
v  -1.6576 0.0425 44.1125
v  16.8534 0.0455 44.1125
v  35.3546 0.0485 43.4135
v  53.8261 0.0515 42.0155
v  72.2484 0.0545 39.9186
v  90.6015 0.0575 37.1226
v  109.0672 0.0604 33.6452
v  89.5419 0.0977 30.9318
v  107.8054 0.1027 27.4932
v  71.4229 0.0926 33.6921
v  53.2360 0.0876 35.7623
v  35.0008 0.0825 37.1425
v  16.7367 0.0775 37.8325
v  -1.5368 0.0724 37.8325
v  -19.8001 0.0674 37.1425
v  -38.0338 0.0623 35.7623
v  -56.2184 0.0573 33.6921
v  -74.3343 0.0523 30.9318
v  -92.5932 0.0472 27.4522
v  -75.4109 0.0520 37.1531
v  -93.9082 0.0469 33.6286
v  -57.0566 0.0570 39.9493
v  -38.6332 0.0622 42.0464
v  -20.1605 0.0673 43.4445
v  -1.6581 0.0724 44.1435
v  16.8540 0.0775 44.1435
v  35.3563 0.0826 43.4445
v  53.8290 0.0878 42.0464
v  72.2524 0.0929 39.9493
v  90.6068 0.0979 37.1531
v  109.1040 0.1031 33.6697
v  89.5379 0.1460 30.9085
v  107.8238 0.1536 27.4656
v  71.4198 0.1385 33.6687
v  53.2338 0.1310 35.7388
v  34.9994 0.1234 37.1189
v  16.7362 0.1159 37.8089
v  -1.5364 0.1083 37.8089
v  -19.7988 0.1007 37.1189
v  -38.0316 0.0932 35.7388
v  -56.2153 0.0857 33.6687
v  -74.3303 0.0782 30.9085
v  -92.6115 0.0706 27.4246
v  -75.4149 0.0777 37.1764
v  -93.9363 0.0701 33.6472
v  -57.0597 0.0853 39.9727
v  -38.6354 0.0929 42.0699
v  -20.1618 0.1006 43.4681
v  -1.6586 0.1083 44.1671
v  16.8545 0.1159 44.1671
v  35.3577 0.1236 43.4681
v  53.8313 0.1312 42.0699
v  72.2556 0.1389 39.9727
v  90.6108 0.1465 37.1764
v  109.1321 0.1541 33.6884
v  89.5353 0.2009 30.8937
v  107.8355 0.2112 27.4481
v  71.4178 0.1905 33.6538
v  53.2324 0.1802 35.7238
v  34.9986 0.1698 37.1038
v  16.7359 0.1594 37.7938
v  -1.5361 0.1490 37.7938
v  -19.7979 0.1386 37.1038
v  -38.0302 0.1282 35.7238
v  -56.2133 0.1178 33.6538
v  -74.3277 0.1075 30.8937
v  -92.6231 0.0971 27.4071
v  -75.4174 0.1069 37.1913
v  -93.9542 0.0964 33.6591
v  -57.0617 0.1173 39.9876
v  -38.6368 0.1278 42.0849
v  -20.1627 0.1384 43.4831
v  -1.6589 0.1489 44.1822
v  16.8547 0.1594 44.1822
v  35.3585 0.1700 43.4831
v  53.8327 0.1805 42.0849
v  72.2575 0.1910 39.9876
v  90.6133 0.2015 37.1913
v  109.1500 0.2120 33.7003
v  89.5344 0.2606 30.8885
v  107.8396 0.2740 27.4419
v  71.4171 0.2472 33.6485
v  53.2319 0.2337 35.7185
v  34.9983 0.2202 37.0985
v  16.7358 0.2068 37.7886
v  -1.5360 0.1932 37.7886
v  -19.7977 0.1798 37.0985
v  -38.0297 0.1663 35.7185
v  -56.2126 0.1528 33.6485
v  -74.3269 0.1395 30.8885
v  -92.6272 0.1260 27.4009
v  -75.4183 0.1386 37.1965
v  -93.9605 0.1250 33.6633
v  -57.0624 0.1522 39.9929
v  -38.6373 0.1658 42.0902
v  -20.1629 0.1795 43.4884
v  -1.6590 0.1932 44.1875
v  16.8548 0.2068 44.1875
v  35.3588 0.2205 43.4884
v  53.8332 0.2342 42.0902
v  72.2582 0.2478 39.9929
v  90.6142 0.2614 37.1965
v  109.1562 0.2750 33.7045
v  89.5344 46.1058 30.8885
v  107.8396 48.4895 27.4419
v  71.4171 43.7364 33.6485
v  53.2319 41.3581 35.7185
v  34.9983 38.9735 37.0985
v  16.7358 36.5851 37.7886
v  -1.5360 34.1955 37.7886
v  -19.7977 31.8073 37.0985
v  -38.0297 29.4229 35.7185
v  -56.2126 27.0449 33.6485
v  -74.3269 24.6759 30.8885
v  -92.6272 22.2928 27.4009
v  -75.4183 24.5331 37.1965
v  -93.9605 22.1184 33.6633
v  -57.0624 26.9337 39.9929
v  -38.6373 29.3434 42.0902
v  -20.1629 31.7595 43.4884
v  -1.6590 34.1795 44.1875
v  16.8548 36.6007 44.1875
v  35.3588 39.0207 43.4884
v  53.8332 41.4368 42.0902
v  72.2582 43.8464 39.9929
v  90.6142 46.2470 37.1965
v  109.1562 48.6617 33.7045
v  89.5353 46.1656 30.8937
v  107.8355 48.5518 27.4481
v  71.4178 43.7931 33.6538
v  53.2324 41.4118 35.7238
v  34.9986 39.0240 37.1038
v  16.7359 36.6325 37.7938
v  -1.5361 34.2398 37.7938
v  -19.7979 31.8484 37.1038
v  -38.0302 29.4609 35.7238
v  -56.2133 27.0798 33.6538
v  -74.3277 24.7077 30.8937
v  -92.6231 22.3222 27.4071
v  -75.4174 24.5650 37.1913
v  -93.9542 22.1479 33.6591
v  -57.0617 26.9687 39.9876
v  -38.6368 29.3814 42.0849
v  -20.1627 31.8007 43.4831
v  -1.6589 34.2237 44.1822
v  16.8547 36.6481 44.1822
v  35.3585 39.0712 43.4831
v  53.8327 41.4904 42.0849
v  72.2575 43.9031 39.9876
v  90.6133 46.3068 37.1913
v  109.1500 48.7239 33.7003
v  89.5379 46.2208 30.9085
v  107.8238 48.6079 27.4656
v  71.4198 43.8454 33.6687
v  53.2338 41.4611 35.7388
v  34.9994 39.0705 37.1189
v  16.7362 36.6761 37.8089
v  -1.5364 34.2804 37.8089
v  -19.7988 31.8861 37.1189
v  -38.0316 29.4957 35.7388
v  -56.2153 27.1117 33.6687
v  -74.3303 24.7367 30.9085
v  -92.6115 22.3502 27.4246
v  -75.4149 24.5945 37.1764
v  -93.9363 22.1765 33.6472
v  -57.0597 27.0010 39.9727
v  -38.6354 29.4165 42.0699
v  -20.1618 31.8385 43.4681
v  -1.6586 34.2644 44.1671
v  16.8545 36.6916 44.1671
v  35.3577 39.1174 43.4681
v  53.8313 41.5394 42.0699
v  72.2556 43.9550 39.9727
v  90.6108 46.3615 37.1764
v  109.1321 48.7794 33.6884
v  89.5419 46.2697 30.9318
v  107.8054 48.6564 27.4932
v  71.4229 43.8917 33.6921
v  53.2360 41.5048 35.7623
v  35.0008 39.1116 37.1425
v  16.7367 36.7145 37.8325
v  -1.5368 34.3162 37.8325
v  -19.8001 31.9193 37.1425
v  -38.0338 29.5263 35.7623
v  -56.2184 27.1397 33.6921
v  -74.3343 24.7621 30.9318
v  -92.5932 22.3760 27.4522
v  -75.4109 24.6208 37.1531
v  -93.9082 22.2034 33.6286
v  -57.0566 27.0297 39.9493
v  -38.6332 29.4476 42.0464
v  -20.1605 31.8720 43.4445
v  -1.6581 34.3003 44.1435
v  16.8540 36.7299 44.1435
v  35.3563 39.1582 43.4445
v  53.8290 41.5826 42.0464
v  72.2524 44.0006 39.9493
v  90.6068 46.4095 37.1531
v  109.1040 48.8268 33.6697
v  89.5471 46.3108 30.9624
v  107.7813 48.6956 27.5293
v  71.4270 43.9305 33.7228
v  53.2390 41.5414 35.7932
v  35.0025 39.1459 37.1734
v  16.7372 36.7466 37.8635
v  -1.5374 34.3461 37.8635
v  -19.8019 31.9469 37.1734
v  -38.0368 29.5516 35.7932
v  -56.2225 27.1628 33.7228
v  -74.3395 24.7830 30.9624
v  -92.5692 22.3987 27.4883
v  -75.4057 24.6430 37.1226
v  -93.8713 22.2276 33.6041
v  -57.0525 27.0538 39.9186
v  -38.6303 29.4737 42.0155
v  -20.1587 31.9001 43.4135
v  -1.6576 34.3303 44.1125
v  16.8534 36.7619 44.1125
v  35.3546 39.1922 43.4135
v  53.8261 41.6185 42.0155
v  72.2484 44.0384 39.9186
v  90.6015 46.4493 37.1226
v  109.0672 48.8646 33.6452
v  89.5534 46.3424 30.9990
v  107.7525 48.7242 27.5727
v  71.4319 43.9604 33.7596
v  53.2425 41.5695 35.8301
v  35.0046 39.1722 37.2105
v  16.7380 36.7711 37.9006
v  -1.5381 34.3688 37.9006
v  -19.8040 31.9679 37.2105
v  -38.0403 29.5708 35.8301
v  -56.2274 27.1802 33.7596
v  -74.3458 24.7986 30.9990
v  -92.5405 22.4173 27.5316
v  -75.3994 24.6602 37.0860
v  -93.8271 22.2482 33.5747
v  -57.0476 27.0724 39.8818
v  -38.6268 29.4937 41.9786
v  -20.1566 31.9215 43.3765
v  -1.6569 34.3532 44.0754
v  16.8527 36.7862 44.0754
v  35.3525 39.2179 43.3765
v  53.8226 41.6457 41.9786
v  72.2435 44.0670 39.8817
v  90.5953 46.4793 37.0860
v  109.0231 48.8912 33.6158
v  89.5605 46.3629 31.0405
v  107.7198 48.7406 27.6218
v  71.4374 43.9797 33.8014
v  53.2464 41.5876 35.8720
v  35.0070 39.1891 37.2525
v  16.7387 36.7868 37.9427
v  -1.5389 34.3833 37.9427
v  -19.8064 31.9811 37.2525
v  -38.0442 29.5828 35.8720
v  -56.2329 27.1910 33.8014
v  -74.3529 24.8082 31.0405
v  -92.5079 22.4311 27.5807
v  -75.3923 24.6715 37.0445
v  -93.7770 22.2642 33.5415
v  -57.0420 27.0846 39.8400
v  -38.6228 29.5067 41.9367
v  -20.1542 31.9354 43.3344
v  -1.6561 34.3679 44.0333
v  16.8519 36.8017 44.0333
v  35.3501 39.2342 43.3344
v  53.8187 41.6628 41.9367
v  72.2379 44.0850 39.8400
v  90.5881 46.4980 37.0445
v  108.9731 48.9053 33.5826
# 384 vertices

vn -0.1303 0.9915 0.0000
vn -0.0000 -1.0000 -0.0000
vn -0.0250 -0.9889 -0.1464
vn -0.0482 -0.9580 -0.2828
vn -0.0668 -0.9324 -0.3552
vn -0.0281 -0.9884 -0.1495
vn -0.0187 -0.9900 -0.1399
vn -0.0362 -0.9618 -0.2714
vn -0.0127 -0.9910 -0.1330
vn -0.0247 -0.9655 -0.2593
vn -0.0072 -0.9920 -0.1258
vn -0.0141 -0.9691 -0.2464
vn -0.0023 -0.9930 -0.1184
vn -0.0045 -0.9725 -0.2329
vn 0.0020 -0.9938 -0.1108
vn 0.0040 -0.9758 -0.2188
vn 0.0058 -0.9947 -0.1030
vn 0.0115 -0.9789 -0.2042
vn 0.0089 -0.9954 -0.0950
vn 0.0178 -0.9818 -0.1892
vn 0.0115 -0.9961 -0.0871
vn 0.0230 -0.9845 -0.1739
vn 0.0135 -0.9968 -0.0790
vn 0.0270 -0.9870 -0.1584
vn 0.0143 -0.9971 -0.0750
vn 0.0360 -0.9814 -0.1886
vn -0.0134 -0.9968 0.0786
vn -0.0272 -0.9868 0.1594
vn -0.0359 -0.9814 0.1887
vn -0.0142 -0.9971 0.0746
vn -0.0115 -0.9962 0.0867
vn -0.0232 -0.9842 0.1753
vn -0.0089 -0.9955 0.0948
vn -0.0179 -0.9814 0.1910
vn -0.0057 -0.9947 0.1028
vn -0.0115 -0.9784 0.2063
vn -0.0020 -0.9939 0.1107
vn -0.0040 -0.9752 0.2212
vn 0.0023 -0.9930 0.1184
vn 0.0046 -0.9718 0.2356
vn 0.0072 -0.9920 0.1260
vn 0.0143 -0.9683 0.2494
vn 0.0127 -0.9910 0.1332
vn 0.0250 -0.9646 0.2626
vn 0.0187 -0.9899 0.1402
vn 0.0367 -0.9607 0.2750
vn 0.0251 -0.9888 0.1470
vn 0.0490 -0.9568 0.2867
vn 0.0283 -0.9882 0.1504
vn 0.0677 -0.9308 0.3591
vn -0.0896 -0.8459 -0.5257
vn -0.1093 -0.8068 -0.5807
vn -0.0679 -0.8578 -0.5095
vn -0.0467 -0.8697 -0.4914
vn -0.0269 -0.8815 -0.4715
vn -0.0086 -0.8931 -0.4498
vn 0.0079 -0.9045 -0.4265
vn 0.0226 -0.9155 -0.4016
vn 0.0354 -0.9262 -0.3754
vn 0.0461 -0.9364 -0.3479
vn 0.0545 -0.9461 -0.3192
vn 0.0654 -0.9372 -0.3426
vn -0.0544 -0.9460 0.3196
vn -0.0651 -0.9374 0.3420
vn -0.0460 -0.9361 0.3486
vn -0.0353 -0.9257 0.3766
vn -0.0226 -0.9148 0.4032
vn -0.0078 -0.9035 0.4284
vn 0.0088 -0.8919 0.4521
vn 0.0272 -0.8801 0.4741
vn 0.0471 -0.8680 0.4942
vn 0.0684 -0.8559 0.5126
vn 0.0904 -0.8436 0.5293
vn 0.1101 -0.8039 0.5845
vn -0.1207 -0.6948 -0.7090
vn -0.1399 -0.6534 -0.7439
vn -0.0925 -0.7129 -0.6951
vn -0.0643 -0.7318 -0.6785
vn -0.0375 -0.7511 -0.6591
vn -0.0121 -0.7709 -0.6368
vn 0.0114 -0.7910 -0.6117
vn 0.0330 -0.8113 -0.5837
vn 0.0522 -0.8317 -0.5528
vn 0.0689 -0.8519 -0.5191
vn 0.0826 -0.8719 -0.4827
vn 0.0957 -0.8599 -0.5013
vn -0.0822 -0.8720 0.4825
vn -0.0952 -0.8606 0.5004
vn -0.0686 -0.8518 0.5194
vn -0.0520 -0.8312 0.5535
vn -0.0328 -0.8105 0.5848
vn -0.0112 -0.7899 0.6132
vn 0.0124 -0.7695 0.6385
vn 0.0378 -0.7494 0.6610
vn 0.0648 -0.7298 0.6806
vn 0.0931 -0.7107 0.6973
vn 0.1214 -0.6920 0.7116
vn 0.1408 -0.6500 0.7468
vn -0.1426 -0.5275 -0.8375
vn -0.1610 -0.4915 -0.8559
vn -0.1104 -0.5471 -0.8298
vn -0.0776 -0.5681 -0.8193
vn -0.0457 -0.5905 -0.8058
vn -0.0149 -0.6142 -0.7890
vn 0.0145 -0.6394 -0.7688
vn 0.0422 -0.6659 -0.7449
vn 0.0679 -0.6937 -0.7171
vn 0.0911 -0.7227 -0.6851
vn 0.1111 -0.7529 -0.6487
vn 0.1269 -0.7364 -0.6646
vn -0.1106 -0.7533 0.6483
vn -0.1262 -0.7373 0.6637
vn -0.0906 -0.7228 0.6851
vn -0.0675 -0.6933 0.7175
vn -0.0419 -0.6651 0.7456
vn -0.0142 -0.6382 0.7697
vn 0.0153 -0.6128 0.7901
vn 0.0461 -0.5888 0.8069
vn 0.0780 -0.5662 0.8205
vn 0.1108 -0.5450 0.8311
vn 0.1431 -0.5248 0.8391
vn 0.1617 -0.4882 0.8576
vn -0.1569 -0.3541 -0.9220
vn -0.1747 -0.3278 -0.9285
vn -0.1224 -0.3703 -0.9208
vn -0.0868 -0.3881 -0.9175
vn -0.0516 -0.4076 -0.9117
vn -0.0170 -0.4290 -0.9032
vn 0.0169 -0.4524 -0.8916
vn 0.0498 -0.4782 -0.8769
vn 0.0814 -0.5064 -0.8584
vn 0.1112 -0.5375 -0.8359
vn 0.1386 -0.5717 -0.8086
vn 0.1567 -0.5493 -0.8208
vn -0.1381 -0.5723 0.8083
vn -0.1561 -0.5499 0.8205
vn -0.1108 -0.5377 0.8358
vn -0.0810 -0.5062 0.8586
vn -0.0494 -0.4775 0.8772
vn -0.0165 -0.4515 0.8921
vn 0.0173 -0.4278 0.9037
vn 0.0520 -0.4063 0.9123
vn 0.0872 -0.3866 0.9181
vn 0.1228 -0.3687 0.9214
vn 0.1573 -0.3520 0.9227
vn 0.1751 -0.3253 0.9293
vn -0.1651 -0.1777 -0.9701
vn -0.1825 -0.1637 -0.9695
vn -0.1295 -0.1867 -0.9738
vn -0.0924 -0.1969 -0.9761
vn -0.0553 -0.2082 -0.9765
vn -0.0183 -0.2209 -0.9751
vn 0.0184 -0.2351 -0.9718
vn 0.0549 -0.2513 -0.9664
vn 0.0909 -0.2696 -0.9587
vn 0.1263 -0.2906 -0.9485
vn 0.1604 -0.3149 -0.9355
vn 0.1791 -0.2937 -0.9390
vn -0.1600 -0.3153 0.9354
vn -0.1788 -0.2935 0.9391
vn -0.1260 -0.2907 0.9485
vn -0.0906 -0.2694 0.9588
vn -0.0546 -0.2509 0.9665
vn -0.0182 -0.2346 0.9719
vn 0.0186 -0.2202 0.9753
vn 0.0555 -0.2075 0.9767
vn 0.0926 -0.1961 0.9762
vn 0.1297 -0.1859 0.9740
vn 0.1653 -0.1765 0.9703
vn 0.1827 -0.1624 0.9697
vn -0.1671 -0.0883 -0.9820
vn -0.1843 -0.0861 -0.9791
vn -0.1313 -0.0930 -0.9870
vn -0.0938 -0.0984 -0.9907
vn -0.0563 -0.1043 -0.9930
vn -0.0187 -0.1111 -0.9936
vn 0.0188 -0.1187 -0.9927
vn 0.0562 -0.1275 -0.9902
vn 0.0935 -0.1377 -0.9861
vn 0.1305 -0.1496 -0.9801
vn 0.1667 -0.1637 -0.9723
vn 0.1845 -0.1714 -0.9678
vn -0.1665 -0.1646 0.9722
vn -0.1843 -0.1724 0.9676
vn -0.1303 -0.1502 0.9800
vn -0.0933 -0.1381 0.9860
vn -0.0561 -0.1277 0.9902
vn -0.0187 -0.1188 0.9927
vn 0.0189 -0.1110 0.9936
vn 0.0564 -0.1042 0.9930
vn 0.0939 -0.0982 0.9907
vn 0.1314 -0.0928 0.9870
vn 0.1673 -0.0879 0.9820
vn 0.1844 -0.0856 0.9791
vn -0.1678 0.0000 -0.9858
vn -0.1692 0.0000 -0.9856
vn -0.1850 0.0000 -0.9827
vn -0.1319 0.0000 -0.9913
vn -0.1334 0.0000 -0.9911
vn -0.0943 0.0000 -0.9955
vn -0.0959 0.0000 -0.9954
vn -0.0566 0.0000 -0.9984
vn -0.0582 0.0000 -0.9983
vn -0.0189 0.0000 -0.9998
vn -0.0204 0.0000 -0.9998
vn 0.0189 0.0000 -0.9998
vn 0.0173 0.0000 -0.9998
vn 0.0566 0.0000 -0.9984
vn 0.0551 0.0000 -0.9985
vn 0.0943 0.0000 -0.9955
vn 0.0928 0.0000 -0.9957
vn 0.1319 0.0000 -0.9913
vn 0.1304 0.0000 -0.9915
vn 0.1690 0.0000 -0.9856
vn 0.1675 0.0000 -0.9859
vn 0.1872 0.0000 -0.9823
vn -0.1689 0.0000 0.9856
vn -0.1674 0.0000 0.9859
vn -0.1872 0.0000 0.9823
vn -0.1319 0.0000 0.9913
vn -0.1303 0.0000 0.9915
vn -0.0943 0.0000 0.9955
vn -0.0927 0.0000 0.9957
vn -0.0566 0.0000 0.9984
vn -0.0551 0.0000 0.9985
vn -0.0189 0.0000 0.9998
vn -0.0173 0.0000 0.9998
vn 0.0189 0.0000 0.9998
vn 0.0204 0.0000 0.9998
vn 0.0566 0.0000 0.9984
vn 0.0582 0.0000 0.9983
vn 0.0943 0.0000 0.9955
vn 0.0959 0.0000 0.9954
vn 0.1319 0.0000 0.9913
vn 0.1334 0.0000 0.9911
vn 0.1679 0.0000 0.9858
vn 0.1693 0.0000 0.9856
vn 0.1851 0.0000 0.9827
vn -0.1770 0.0883 -0.9802
vn -0.1877 0.1769 -0.9662
vn -0.2037 0.1699 -0.9642
vn -0.1952 0.0860 -0.9770
vn -0.1417 0.0931 -0.9855
vn -0.1536 0.1861 -0.9705
vn -0.1051 0.0984 -0.9896
vn -0.1180 0.1964 -0.9734
vn -0.0684 0.1045 -0.9922
vn -0.0826 0.2079 -0.9746
vn -0.0318 0.1113 -0.9933
vn -0.0474 0.2209 -0.9742
vn 0.0047 0.1191 -0.9929
vn -0.0126 0.2354 -0.9718
vn 0.0410 0.1280 -0.9909
vn 0.0217 0.2519 -0.9675
vn 0.0770 0.1383 -0.9874
vn 0.0554 0.2707 -0.9611
vn 0.1125 0.1504 -0.9822
vn 0.0882 0.2923 -0.9522
vn 0.1471 0.1649 -0.9753
vn 0.1196 0.3173 -0.9408
vn 0.1627 0.1720 -0.9716
vn 0.1436 0.2843 -0.9479
vn -0.1889 0.1646 0.9681
vn -0.1998 0.3127 0.9286
vn -0.2148 0.2801 0.9356
vn -0.2059 0.1716 0.9634
vn -0.1511 0.1503 0.9770
vn -0.1631 0.2890 0.9433
vn -0.1128 0.1383 0.9840
vn -0.1254 0.2684 0.9551
vn -0.0744 0.1280 0.9890
vn -0.0873 0.2504 0.9642
vn -0.0358 0.1191 0.9922
vn -0.0489 0.2345 0.9709
vn 0.0027 0.1113 0.9938
vn -0.0103 0.2205 0.9753
vn 0.0411 0.1045 0.9937
vn 0.0283 0.2080 0.9777
vn 0.0795 0.0985 0.9920
vn 0.0670 0.1968 0.9782
vn 0.1178 0.0932 0.9887
vn 0.1056 0.1867 0.9767
vn 0.1546 0.0883 0.9840
vn 0.1427 0.1775 0.9737
vn 0.1736 0.0858 0.9811
vn 0.1609 0.1702 0.9722
vn 0.9746 0.0846 -0.2072
vn 0.9648 0.1618 -0.2073
vn 0.9644 0.1645 -0.2073
vn -0.2018 0.3512 -0.9143
vn -0.2162 0.3311 -0.9185
vn -0.1700 0.3676 -0.9143
vn -0.1372 0.3859 -0.9123
vn -0.1049 0.4059 -0.9079
vn -0.0733 0.4279 -0.9008
vn -0.0427 0.4521 -0.8909
vn -0.0133 0.4788 -0.8778
vn 0.0146 0.5081 -0.8612
vn 0.0406 0.5405 -0.8404
vn 0.0639 0.5761 -0.8149
vn 0.0870 0.5482 -0.8318
vn -0.2102 0.5646 0.7981
vn -0.2250 0.5373 0.8128
vn -0.1794 0.5320 0.8275
vn -0.1462 0.5022 0.8523
vn -0.1115 0.4751 0.8729
vn -0.0756 0.4503 0.8897
vn -0.0388 0.4276 0.9031
vn -0.0013 0.4069 0.9135
vn 0.0366 0.3880 0.9209
vn 0.0747 0.3706 0.9258
vn 0.1118 0.3545 0.9283
vn 0.1322 0.3335 0.9334
vn 0.9215 0.3313 -0.2029
vn 0.9207 0.3333 -0.2028
vn -0.2093 0.5210 -0.8275
vn -0.2227 0.4903 -0.8426
vn -0.1806 0.5413 -0.8212
vn -0.1512 0.5632 -0.8124
vn -0.1227 0.5866 -0.8006
vn -0.0954 0.6114 -0.7855
vn -0.0696 0.6378 -0.7671
vn -0.0455 0.6656 -0.7449
vn -0.0235 0.6949 -0.7187
vn -0.0041 0.7255 -0.6882
vn 0.0123 0.7572 -0.6530
vn 0.0316 0.7393 -0.6726
vn -0.2060 0.7415 0.6386
vn -0.2193 0.7230 0.6552
vn -0.1831 0.7133 0.6765
vn -0.1569 0.6861 0.7104
vn -0.1282 0.6600 0.7403
vn -0.0974 0.6351 0.7662
vn -0.0650 0.6115 0.7886
vn -0.0312 0.5891 0.8075
vn 0.0037 0.5679 0.8231
vn 0.0395 0.5479 0.8356
vn 0.0749 0.5289 0.8454
vn 0.0975 0.4969 0.8623
vn 0.8410 0.5063 -0.1908
vn 0.8403 0.5076 -0.1907
vn -0.2089 0.6844 -0.6985
vn -0.2220 0.6470 -0.7295
vn -0.1841 0.7037 -0.6863
vn -0.1590 0.7239 -0.6713
vn -0.1352 0.7447 -0.6536
vn -0.1129 0.7659 -0.6330
vn -0.0923 0.7875 -0.6093
vn -0.0737 0.8094 -0.5826
vn -0.0572 0.8313 -0.5529
vn -0.0433 0.8529 -0.5202
vn -0.0320 0.8742 -0.4845
vn -0.0164 0.8625 -0.5057
vn -0.1935 0.8583 0.4753
vn -0.2046 0.8453 0.4936
vn -0.1781 0.8400 0.5125
vn -0.1593 0.8216 0.5474
vn -0.1379 0.8030 0.5797
vn -0.1141 0.7846 0.6094
vn -0.0882 0.7664 0.6363
vn -0.0605 0.7484 0.6604
vn -0.0310 0.7309 0.6818
vn -0.0002 0.7137 0.7004
vn 0.0310 0.6968 0.7166
vn 0.0553 0.6584 0.7507
vn 0.7109 0.6828 -0.1683
vn 0.7106 0.6832 -0.1683
vn -0.1976 0.8326 -0.5174
vn -0.2111 0.7954 -0.5682
vn -0.1784 0.8459 -0.5026
vn -0.1593 0.8594 -0.4858
vn -0.1416 0.8728 -0.4670
vn -0.1252 0.8860 -0.4464
vn -0.1105 0.8989 -0.4241
vn -0.0974 0.9113 -0.4001
vn -0.0862 0.9232 -0.3745
vn -0.0769 0.9345 -0.3475
vn -0.0695 0.9451 -0.3193
vn -0.0571 0.9372 -0.3441
vn -0.1760 0.9325 0.3153
vn -0.1851 0.9228 0.3379
vn -0.1669 0.9239 0.3442
vn -0.1552 0.9150 0.3724
vn -0.1413 0.9058 0.3995
vn -0.1255 0.8963 0.4253
vn -0.1077 0.8866 0.4497
vn -0.0881 0.8768 0.4727
vn -0.0668 0.8669 0.4940
vn -0.0439 0.8569 0.5136
vn -0.0202 0.8468 0.5316
vn 0.0044 0.8101 0.5862
vn 0.5168 0.8459 -0.1320
vn 0.5172 0.8456 -0.1321
vn -0.1716 0.9449 -0.2787
vn -0.1858 0.9188 -0.3481
vn -0.1608 0.9499 -0.2680
vn -0.1501 0.9548 -0.2564
vn -0.1402 0.9596 -0.2441
vn -0.1313 0.9640 -0.2310
vn -0.1234 0.9683 -0.2173
vn -0.1165 0.9722 -0.2030
vn -0.1107 0.9758 -0.1883
vn -0.1059 0.9792 -0.1732
vn -0.1020 0.9822 -0.1579
vn -0.0920 0.9777 -0.1888
vn -0.1548 0.9753 0.1577
vn -0.1625 0.9688 0.1871
vn -0.1508 0.9732 0.1734
vn -0.1454 0.9711 0.1890
vn -0.1388 0.9690 0.2044
vn -0.1311 0.9668 0.2194
vn -0.1222 0.9645 0.2341
vn -0.1122 0.9622 0.2482
vn -0.1012 0.9598 0.2617
vn -0.0891 0.9574 0.2746
vn -0.0763 0.9550 0.2867
vn -0.0544 0.9318 0.3589
vn 0.2528 0.9642 -0.0798
vn 0.2543 0.9638 -0.0801
vn -0.1530 0.9776 -0.1446
vn -0.1557 0.9767 -0.1475
vn -0.1473 0.9794 -0.1384
vn -0.1416 0.9811 -0.1317
vn -0.1364 0.9828 -0.1247
vn -0.1318 0.9843 -0.1174
vn -0.1276 0.9857 -0.1099
vn -0.1241 0.9870 -0.1022
vn -0.1211 0.9881 -0.0944
vn -0.1187 0.9892 -0.0865
vn -0.1165 0.9901 -0.0785
vn -0.1155 0.9905 -0.0746
vn -0.1428 0.9867 0.0781
vn -0.1434 0.9869 0.0742
vn -0.1410 0.9863 0.0859
vn -0.1385 0.9859 0.0939
vn -0.1353 0.9856 0.1019
vn -0.1315 0.9852 0.1098
vn -0.1272 0.9849 0.1175
vn -0.1223 0.9846 0.1251
vn -0.1168 0.9843 0.1324
vn -0.1108 0.9840 0.1394
vn -0.1041 0.9838 0.1462
vn -0.1007 0.9836 0.1494
vn 0.0233 0.9992 -0.0325
vn -0.0707 -0.9974 -0.0150
vn -0.1791 -0.9831 -0.0381
vn -0.1782 -0.9833 -0.0379
vn 0.1530 -0.9877 -0.0322
vn 0.3624 -0.9289 -0.0762
vn 0.3640 -0.9283 -0.0765
vn -0.3260 -0.9428 -0.0694
vn -0.3250 -0.9432 -0.0692
vn 0.5887 -0.7988 -0.1238
vn 0.5899 -0.7979 -0.1240
vn -0.4802 -0.8712 -0.1023
vn -0.4791 -0.8718 -0.1020
vn 0.7495 -0.6430 -0.1576
vn 0.7502 -0.6421 -0.1577
vn -0.6430 -0.7536 -0.1369
vn -0.6418 -0.7546 -0.1367
vn 0.8579 -0.4811 -0.1803
vn 0.8583 -0.4803 -0.1804
vn -0.8047 -0.5684 -0.1714
vn -0.8036 -0.5700 -0.1712
vn 0.9272 -0.3198 -0.1949
vn 0.9274 -0.3192 -0.1950
vn -0.9311 -0.3063 -0.1983
vn -0.9305 -0.3079 -0.1982
vn 0.9661 -0.1594 -0.2031
vn 0.9661 -0.1591 -0.2031
vn -0.9619 -0.1809 -0.2048
vn 0.9752 -0.0837 -0.2050
vn -0.9781 0.0000 -0.2082
vn 0.9786 0.0000 -0.2057
vn -0.9637 0.1768 -0.2002
vn -0.9370 0.2922 -0.1914
vn -0.9352 0.2982 -0.1908
vn -0.8286 0.5361 -0.1614
vn -0.8264 0.5396 -0.1609
vn -0.6949 0.7076 -0.1282
vn -0.6930 0.7095 -0.1277
vn -0.5601 0.8228 -0.0963
vn -0.5586 0.8239 -0.0959
vn -0.4289 0.9010 -0.0661
vn -0.4275 0.9016 -0.0658
vn -0.2984 0.9537 -0.0368
vn -0.2973 0.9541 -0.0366
vn -0.1983 0.9800 -0.0148
# 488 vertex normals

vt 5.1328 0.9310 0.0000
vt 5.1014 1.0124 0.0000
vt 4.6421 0.9645 0.0000
vt 4.1806 0.9262 0.0000
vt 3.7317 0.8146 0.0000
vt 3.7173 0.8975 0.0000
vt 3.2528 0.8783 0.0000
vt 2.7876 0.8687 0.0000
vt 2.3221 0.8687 0.0000
vt 1.8569 0.8783 0.0000
vt -0.0232 0.9310 0.0000
vt 1.3925 0.8975 0.0000
vt 0.9293 0.9262 0.0000
vt 0.4678 0.9645 0.0000
vt 0.0086 1.0124 0.0000
vt 1.8482 0.7952 0.0000
vt 0.9090 0.8437 0.0000
vt 0.4417 0.8825 0.0000
vt 1.3780 0.8146 0.0000
vt 2.7904 0.7855 0.0000
vt 2.3192 0.7855 0.0000
vt 3.2614 0.7952 0.0000
vt 4.2006 0.8437 0.0000
vt 4.6679 0.8825 0.0000
vt 0.4418 0.8825 0.0000
vt 4.6421 0.0005 0.0000
vt 4.6419 0.0006 0.0000
vt 5.1023 0.0006 0.0000
vt 5.1014 0.0005 0.0000
vt 4.1806 0.0005 0.0000
vt 4.1804 0.0006 0.0000
vt 3.7173 0.0005 0.0000
vt 3.7172 0.0006 0.0000
vt 3.2528 0.0005 0.0000
vt 3.2528 0.0006 0.0000
vt 2.7876 0.0005 0.0000
vt 2.7876 0.0006 0.0000
vt 2.3221 0.0005 0.0000
vt 2.3221 0.0006 0.0000
vt 1.8569 0.0005 0.0000
vt 1.8570 0.0006 0.0000
vt 1.3925 0.0005 0.0000
vt 1.3926 0.0006 0.0000
vt 0.9293 0.0005 0.0000
vt 0.9294 0.0006 0.0000
vt 0.4678 0.0005 0.0000
vt 0.4680 0.0006 0.0000
vt 0.0086 0.0005 0.0000
vt 0.0077 0.0005 0.0000
vt 0.4418 0.0005 0.0000
vt 0.4416 0.0006 0.0000
vt -0.0246 0.0005 0.0000
vt -0.0232 0.0005 0.0000
vt 0.9090 0.0005 0.0000
vt 0.9088 0.0006 0.0000
vt 1.3780 0.0005 0.0000
vt 1.3778 0.0006 0.0000
vt 1.8482 0.0005 0.0000
vt 1.8481 0.0006 0.0000
vt 2.3192 0.0005 0.0000
vt 2.3192 0.0006 0.0000
vt 2.7904 0.0005 0.0000
vt 2.7905 0.0006 0.0000
vt 3.2614 0.0005 0.0000
vt 3.2615 0.0006 0.0000
vt 3.7317 0.0005 0.0000
vt 3.7318 0.0006 0.0000
vt 4.2006 0.0005 0.0000
vt 4.2008 0.0006 0.0000
vt 4.6679 0.0005 0.0000
vt 4.6681 0.0006 0.0000
vt 5.1328 0.0005 0.0000
vt 5.1342 0.0006 0.0000
vt 4.6417 0.0009 0.0000
vt 5.1031 0.0009 0.0000
vt 4.1803 0.0008 0.0000
vt 3.7171 0.0008 0.0000
vt 3.2527 0.0008 0.0000
vt 2.7875 0.0008 0.0000
vt 2.3222 0.0008 0.0000
vt 1.8570 0.0008 0.0000
vt 1.3927 0.0007 0.0000
vt 0.9296 0.0007 0.0000
vt 0.4682 0.0007 0.0000
vt 0.0069 0.0007 0.0000
vt 0.4414 0.0007 0.0000
vt -0.0259 0.0007 0.0000
vt 0.9087 0.0007 0.0000
vt 1.3777 0.0007 0.0000
vt 1.8481 0.0008 0.0000
vt 2.3191 0.0008 0.0000
vt 2.7905 0.0008 0.0000
vt 3.2615 0.0008 0.0000
vt 3.7319 0.0008 0.0000
vt 4.2009 0.0008 0.0000
vt 4.6682 0.0009 0.0000
vt 5.1355 0.0009 0.0000
vt 4.6416 0.0013 0.0000
vt 5.1039 0.0013 0.0000
vt 4.1801 0.0013 0.0000
vt 3.7170 0.0012 0.0000
vt 3.2526 0.0012 0.0000
vt 2.7875 0.0011 0.0000
vt 2.3222 0.0011 0.0000
vt 1.8571 0.0010 0.0000
vt 1.3928 0.0010 0.0000
vt 0.9297 0.0010 0.0000
vt 0.4684 0.0009 0.0000
vt 0.0061 0.0009 0.0000
vt 0.4412 0.0009 0.0000
vt -0.0270 0.0009 0.0000
vt 0.9086 0.0010 0.0000
vt 1.3777 0.0010 0.0000
vt 1.8480 0.0010 0.0000
vt 2.3191 0.0011 0.0000
vt 2.7905 0.0011 0.0000
vt 3.2616 0.0012 0.0000
vt 3.7320 0.0012 0.0000
vt 4.2011 0.0013 0.0000
vt 4.6684 0.0013 0.0000
vt 5.1366 0.0013 0.0000
vt 4.6414 0.0019 0.0000
vt 5.1045 0.0019 0.0000
vt 4.1800 0.0018 0.0000
vt 3.7169 0.0017 0.0000
vt 3.2526 0.0016 0.0000
vt 2.7875 0.0016 0.0000
vt 2.3222 0.0015 0.0000
vt 1.8571 0.0014 0.0000
vt 1.3928 0.0014 0.0000
vt 0.9298 0.0013 0.0000
vt 0.4685 0.0012 0.0000
vt 0.0055 0.0012 0.0000
vt 0.4411 0.0012 0.0000
vt -0.0279 0.0011 0.0000
vt 0.9085 0.0013 0.0000
vt 1.3776 0.0014 0.0000
vt 1.8480 0.0014 0.0000
vt 2.3191 0.0015 0.0000
vt 2.7905 0.0016 0.0000
vt 3.2616 0.0016 0.0000
vt 3.7320 0.0017 0.0000
vt 4.2012 0.0018 0.0000
vt 4.6685 0.0019 0.0000
vt 5.1376 0.0019 0.0000
vt 4.6413 0.0025 0.0000
vt 5.1050 0.0026 0.0000
vt 4.1800 0.0024 0.0000
vt 3.7169 0.0023 0.0000
vt 3.2526 0.0022 0.0000
vt 2.7875 0.0021 0.0000
vt 2.3222 0.0020 0.0000
vt 1.8572 0.0019 0.0000
vt 1.3929 0.0018 0.0000
vt 0.9299 0.0017 0.0000
vt 0.4686 0.0016 0.0000
vt 0.0051 0.0015 0.0000
vt 0.4410 0.0016 0.0000
vt -0.0287 0.0015 0.0000
vt 0.9084 0.0017 0.0000
vt 1.3775 0.0018 0.0000
vt 1.8479 0.0019 0.0000
vt 2.3191 0.0020 0.0000
vt 2.7905 0.0021 0.0000
vt 3.2617 0.0022 0.0000
vt 3.7321 0.0023 0.0000
vt 4.2012 0.0024 0.0000
vt 4.6686 0.0025 0.0000
vt 5.1383 0.0026 0.0000
vt 4.6413 0.0033 0.0000
vt 5.1052 0.0034 0.0000
vt 4.1799 0.0031 0.0000
vt 3.7168 0.0030 0.0000
vt 3.2525 0.0029 0.0000
vt 2.7875 0.0027 0.0000
vt 2.3222 0.0026 0.0000
vt 1.8572 0.0024 0.0000
vt 1.3929 0.0023 0.0000
vt 0.9299 0.0021 0.0000
vt 0.4687 0.0020 0.0000
vt 0.0048 0.0018 0.0000
vt 0.4409 0.0020 0.0000
vt -0.0291 0.0018 0.0000
vt 0.9083 0.0021 0.0000
vt 1.3775 0.0023 0.0000
vt 1.8479 0.0024 0.0000
vt 2.3191 0.0026 0.0000
vt 2.7905 0.0027 0.0000
vt 3.2617 0.0029 0.0000
vt 3.7321 0.0030 0.0000
vt 4.2013 0.0031 0.0000
vt 4.6687 0.0033 0.0000
vt 5.1387 0.0034 0.0000
vt 4.6412 0.0041 0.0000
vt 5.1054 0.0043 0.0000
vt 4.1799 0.0039 0.0000
vt 3.7168 0.0037 0.0000
vt 3.2525 0.0036 0.0000
vt 2.7875 0.0034 0.0000
vt 2.3222 0.0032 0.0000
vt 1.8572 0.0030 0.0000
vt 1.3929 0.0028 0.0000
vt 0.9299 0.0026 0.0000
vt 0.4687 0.0024 0.0000
vt 0.0047 0.0022 0.0000
vt 0.4409 0.0024 0.0000
vt -0.0293 0.0022 0.0000
vt 0.9083 0.0026 0.0000
vt 1.3775 0.0028 0.0000
vt 1.8479 0.0030 0.0000
vt 2.3191 0.0032 0.0000
vt 2.7905 0.0034 0.0000
vt 3.2617 0.0036 0.0000
vt 3.7321 0.0037 0.0000
vt 4.2013 0.0039 0.0000
vt 4.6687 0.0041 0.0000
vt 5.1389 0.0043 0.0000
vt 4.6412 0.6402 0.0000
vt 5.1054 0.6733 0.0000
vt 4.1799 0.6073 0.0000
vt 3.7168 0.5743 0.0000
vt 3.2525 0.5413 0.0000
vt 2.7875 0.5081 0.0000
vt 2.3222 0.4750 0.0000
vt 1.8572 0.4418 0.0000
vt 1.3929 0.4087 0.0000
vt 0.9299 0.3757 0.0000
vt 0.4687 0.3429 0.0000
vt 0.0047 0.3098 0.0000
vt 0.4409 0.3409 0.0000
vt -0.0293 0.3074 0.0000
vt 0.9083 0.3742 0.0000
vt 1.3775 0.4076 0.0000
vt 1.8479 0.4412 0.0000
vt 2.3191 0.4747 0.0000
vt 2.7905 0.5083 0.0000
vt 3.2617 0.5419 0.0000
vt 3.7321 0.5754 0.0000
vt 4.2013 0.6089 0.0000
vt 4.6687 0.6422 0.0000
vt 5.1389 0.6757 0.0000
vt 4.6413 0.6410 0.0000
vt 5.1052 0.6742 0.0000
vt 4.1799 0.6081 0.0000
vt 3.7168 0.5751 0.0000
vt 3.2525 0.5420 0.0000
vt 2.7875 0.5088 0.0000
vt 2.3222 0.4756 0.0000
vt 1.8572 0.4424 0.0000
vt 1.3929 0.4093 0.0000
vt 0.9299 0.3762 0.0000
vt 0.4687 0.3433 0.0000
vt 0.0048 0.3102 0.0000
vt 0.4409 0.3413 0.0000
vt -0.0291 0.3078 0.0000
vt 0.9083 0.3747 0.0000
vt 1.3775 0.4082 0.0000
vt 1.8479 0.4417 0.0000
vt 2.3191 0.4754 0.0000
vt 2.7905 0.5090 0.0000
vt 3.2617 0.5426 0.0000
vt 3.7321 0.5762 0.0000
vt 4.2013 0.6097 0.0000
vt 4.6687 0.6430 0.0000
vt 5.1387 0.6765 0.0000
vt 4.6413 0.6418 0.0000
vt 5.1050 0.6749 0.0000
vt 4.1800 0.6089 0.0000
vt 3.7169 0.5758 0.0000
vt 3.2526 0.5426 0.0000
vt 2.7875 0.5094 0.0000
vt 2.3222 0.4761 0.0000
vt 1.8572 0.4429 0.0000
vt 1.3929 0.4098 0.0000
vt 0.9299 0.3767 0.0000
vt 0.4686 0.3437 0.0000
vt 0.0051 0.3106 0.0000
vt 0.4410 0.3417 0.0000
vt -0.0287 0.3082 0.0000
vt 0.9084 0.3751 0.0000
vt 1.3775 0.4087 0.0000
vt 1.8479 0.4423 0.0000
vt 2.3191 0.4759 0.0000
vt 2.7905 0.5096 0.0000
vt 3.2617 0.5433 0.0000
vt 3.7321 0.5769 0.0000
vt 4.2012 0.6104 0.0000
vt 4.6686 0.6438 0.0000
vt 5.1383 0.6773 0.0000
vt 4.6414 0.6425 0.0000
vt 5.1045 0.6756 0.0000
vt 4.1800 0.6095 0.0000
vt 3.7169 0.5764 0.0000
vt 3.2526 0.5432 0.0000
vt 2.7875 0.5099 0.0000
vt 2.3222 0.4766 0.0000
vt 1.8571 0.4434 0.0000
vt 1.3928 0.4102 0.0000
vt 0.9298 0.3771 0.0000
vt 0.4685 0.3441 0.0000
vt 0.0055 0.3110 0.0000
vt 0.4411 0.3421 0.0000
vt -0.0279 0.3086 0.0000
vt 0.9085 0.3755 0.0000
vt 1.3776 0.4091 0.0000
vt 1.8480 0.4427 0.0000
vt 2.3191 0.4764 0.0000
vt 2.7905 0.5101 0.0000
vt 3.2616 0.5438 0.0000
vt 3.7320 0.5775 0.0000
vt 4.2012 0.6110 0.0000
vt 4.6685 0.6444 0.0000
vt 5.1376 0.6780 0.0000
vt 4.6416 0.6431 0.0000
vt 5.1039 0.6762 0.0000
vt 4.1801 0.6100 0.0000
vt 3.7170 0.5769 0.0000
vt 3.2526 0.5436 0.0000
vt 2.7875 0.5104 0.0000
vt 2.3222 0.4771 0.0000
vt 1.8571 0.4438 0.0000
vt 1.3928 0.4105 0.0000
vt 0.9297 0.3774 0.0000
vt 0.4684 0.3444 0.0000
vt 0.0061 0.3113 0.0000
vt 0.4412 0.3424 0.0000
vt -0.0270 0.3089 0.0000
vt 0.9086 0.3759 0.0000
vt 1.3777 0.4094 0.0000
vt 1.8480 0.4431 0.0000
vt 2.3191 0.4768 0.0000
vt 2.7905 0.5106 0.0000
vt 3.2616 0.5443 0.0000
vt 3.7320 0.5780 0.0000
vt 4.2011 0.6115 0.0000
vt 4.6684 0.6450 0.0000
vt 5.1366 0.6785 0.0000
vt 4.6417 0.6435 0.0000
vt 5.1031 0.6765 0.0000
vt 4.1803 0.6105 0.0000
vt 3.7171 0.5773 0.0000
vt 3.2527 0.5440 0.0000
vt 2.7875 0.5107 0.0000
vt 2.3222 0.4774 0.0000
vt 1.8570 0.4441 0.0000
vt 1.3927 0.4108 0.0000
vt 0.9296 0.3776 0.0000
vt 0.4682 0.3446 0.0000
vt 0.0069 0.3115 0.0000
vt 0.4414 0.3427 0.0000
vt -0.0259 0.3092 0.0000
vt 0.9087 0.3761 0.0000
vt 1.3777 0.4097 0.0000
vt 1.8481 0.4434 0.0000
vt 2.3191 0.4772 0.0000
vt 2.7905 0.5109 0.0000
vt 3.2615 0.5446 0.0000
vt 3.7319 0.5783 0.0000
vt 4.2009 0.6119 0.0000
vt 4.6682 0.6454 0.0000
vt 5.1355 0.6789 0.0000
vt 4.6419 0.6438 0.0000
vt 5.1023 0.6768 0.0000
vt 4.1804 0.6107 0.0000
vt 3.7172 0.5775 0.0000
vt 3.2528 0.5442 0.0000
vt 2.7876 0.5109 0.0000
vt 2.3221 0.4776 0.0000
vt 1.8570 0.4442 0.0000
vt 1.3926 0.4110 0.0000
vt 0.9294 0.3778 0.0000
vt 0.4680 0.3447 0.0000
vt 0.0077 0.3117 0.0000
vt 0.4416 0.3428 0.0000
vt -0.0246 0.3094 0.0000
vt 0.9088 0.3763 0.0000
vt 1.3778 0.4099 0.0000
vt 1.8481 0.4436 0.0000
vt 2.3192 0.4774 0.0000
vt 2.7905 0.5111 0.0000
vt 3.2615 0.5449 0.0000
vt 3.7318 0.5786 0.0000
vt 4.2008 0.6122 0.0000
vt 4.6681 0.6457 0.0000
vt 5.1342 0.6791 0.0000
vt 4.6421 0.6439 0.0000
vt 5.1014 0.6768 0.0000
vt 4.1806 0.6108 0.0000
vt 3.7173 0.5776 0.0000
vt 3.2528 0.5443 0.0000
vt 2.7876 0.5110 0.0000
vt 1.8569 0.4443 0.0000
vt 1.3925 0.4110 0.0000
vt 0.9293 0.3778 0.0000
vt 0.4678 0.3448 0.0000
vt 0.0086 0.3118 0.0000
vt 0.4418 0.3429 0.0000
vt -0.0232 0.3096 0.0000
vt 0.9090 0.3764 0.0000
vt 1.3780 0.4100 0.0000
vt 1.8482 0.4437 0.0000
vt 2.7904 0.5112 0.0000
vt 3.2614 0.5450 0.0000
vt 3.7317 0.5786 0.0000
vt 4.2006 0.6123 0.0000
vt 4.6679 0.6457 0.0000
vt 5.1328 0.6791 0.0000
vt 1.7641 0.0005 0.0000
vt 1.7650 0.0005 0.0000
vt 1.6132 0.0005 0.0000
vt 1.6146 0.0005 0.0000
vt 1.6132 0.0006 0.0000
vt 1.7650 0.0006 0.0000
vt 1.7659 0.0007 0.0000
vt 1.6120 0.0007 0.0000
vt 1.6120 0.0009 0.0000
vt 1.7659 0.0009 0.0000
vt 1.7666 0.0009 0.0000
vt 1.6109 0.0009 0.0000
vt 1.6109 0.0013 0.0000
vt 1.7666 0.0013 0.0000
vt 1.7672 0.0011 0.0000
vt 1.6100 0.0012 0.0000
vt 1.6100 0.0019 0.0000
vt 1.7672 0.0019 0.0000
vt 1.7677 0.0015 0.0000
vt 1.6093 0.0015 0.0000
vt 1.6093 0.0026 0.0000
vt 1.7677 0.0026 0.0000
vt 1.7680 0.0018 0.0000
vt 1.6088 0.0018 0.0000
vt 1.6088 0.0034 0.0000
vt 1.7680 0.0034 0.0000
vt 1.7681 0.0022 0.0000
vt 1.6087 0.0022 0.0000
vt 1.6087 0.0043 0.0000
vt 1.7681 0.0043 0.0000
vt 1.7681 0.3074 0.0000
vt 1.6087 0.3098 0.0000
vt 1.6087 0.6733 0.0000
vt 1.7681 0.6757 0.0000
vt 1.7680 0.3078 0.0000
vt 1.6088 0.3102 0.0000
vt 1.7677 0.3082 0.0000
vt 1.6093 0.3106 0.0000
vt 1.7672 0.3086 0.0000
vt 1.6100 0.3110 0.0000
vt 1.7666 0.3089 0.0000
vt 1.6109 0.3113 0.0000
vt 1.7659 0.3092 0.0000
vt 1.6120 0.3115 0.0000
vt 1.7650 0.3094 0.0000
vt 1.6132 0.3117 0.0000
vt 1.7641 0.3096 0.0000
vt 1.6146 0.3118 0.0000
# 455 texture coords

g Archmodels_vol_89_001_1
usemtl wire_127127127
s off
f 1/1/1 2/2/1 3/3/1 4/4/1 
f 5/5/1 1/1/1 4/4/1 6/6/1 
f 5/5/1 6/6/1 7/7/1 8/8/1 
f 5/5/1 8/8/1 9/9/1 10/10/1 
f 11/11/1 5/5/1 10/10/1 12/12/1 
f 11/11/1 12/12/1 13/13/1 14/14/1 
f 14/14/1 15/15/1 11/11/1 
f 16/16/1 5/5/1 11/11/1 17/17/1 
f 11/11/1 18/18/1 17/17/1 
f 17/17/1 19/19/1 16/16/1 
f 20/20/1 5/5/1 16/16/1 21/21/1 
f 20/20/1 22/22/1 5/5/1 
f 1/1/1 5/5/1 23/23/1 24/24/1 
f 25/3/2 26/2/2 27/1/2 28/4/2 
f 29/6/2 28/4/2 27/1/2 30/7/2 
f 31/19/2 30/7/2 27/1/2 32/22/2 
f 33/23/2 32/22/2 27/1/2 34/24/2 
f 33/23/2 35/5/2 32/22/2 
f 36/21/2 31/19/2 32/22/2 37/20/2 
f 36/21/2 38/16/2 31/19/2 
f 39/8/2 30/7/2 31/19/2 40/9/2 
f 41/10/2 40/9/2 31/19/2 42/12/2 
f 43/13/2 42/12/2 31/19/2 44/14/2 
f 45/15/2 44/14/2 31/19/2 46/25/2 
f 31/19/2 47/17/2 46/25/2 
f 46/25/2 48/11/2 45/15/2 
f 25/26/3 49/27/4 50/28/5 26/29/6 
f 28/30/7 51/31/8 49/27/4 25/26/3 
f 29/32/9 52/33/10 51/31/8 28/30/7 
f 30/34/11 53/35/12 52/33/10 29/32/9 
f 39/36/13 54/37/14 53/35/12 30/34/11 
f 40/38/15 55/39/16 54/37/14 39/36/13 
f 41/40/17 56/41/18 55/39/16 40/38/15 
f 42/42/19 57/43/20 56/41/18 41/40/17 
f 43/44/21 58/45/22 57/43/20 42/42/19 
f 44/46/23 59/47/24 58/45/22 43/44/21 
f 45/48/25 60/49/26 59/47/24 44/46/23 
f 46/50/27 61/51/28 62/52/29 48/53/30 
f 47/54/31 63/55/32 61/51/28 46/50/27 
f 31/56/33 64/57/34 63/55/32 47/54/31 
f 38/58/35 65/59/36 64/57/34 31/56/33 
f 36/60/37 66/61/38 65/59/36 38/58/35 
f 37/62/39 67/63/40 66/61/38 36/60/37 
f 32/64/41 68/65/42 67/63/40 37/62/39 
f 35/66/43 69/67/44 68/65/42 32/64/41 
f 33/68/45 70/69/46 69/67/44 35/66/43 
f 34/70/47 71/71/48 70/69/46 33/68/45 
f 27/72/49 72/73/50 71/71/48 34/70/47 
f 49/27/4 73/74/51 74/75/52 50/28/5 
f 51/31/8 75/76/53 73/74/51 49/27/4 
f 52/33/10 76/77/54 75/76/53 51/31/8 
f 53/35/12 77/78/55 76/77/54 52/33/10 
f 54/37/14 78/79/56 77/78/55 53/35/12 
f 55/39/16 79/80/57 78/79/56 54/37/14 
f 56/41/18 80/81/58 79/80/57 55/39/16 
f 57/43/20 81/82/59 80/81/58 56/41/18 
f 58/45/22 82/83/60 81/82/59 57/43/20 
f 59/47/24 83/84/61 82/83/60 58/45/22 
f 60/49/26 84/85/62 83/84/61 59/47/24 
f 61/51/28 85/86/63 86/87/64 62/52/29 
f 63/55/32 87/88/65 85/86/63 61/51/28 
f 64/57/34 88/89/66 87/88/65 63/55/32 
f 65/59/36 89/90/67 88/89/66 64/57/34 
f 66/61/38 90/91/68 89/90/67 65/59/36 
f 67/63/40 91/92/69 90/91/68 66/61/38 
f 68/65/42 92/93/70 91/92/69 67/63/40 
f 69/67/44 93/94/71 92/93/70 68/65/42 
f 70/69/46 94/95/72 93/94/71 69/67/44 
f 71/71/48 95/96/73 94/95/72 70/69/46 
f 72/73/50 96/97/74 95/96/73 71/71/48 
f 73/74/51 97/98/75 98/99/76 74/75/52 
f 75/76/53 99/100/77 97/98/75 73/74/51 
f 76/77/54 100/101/78 99/100/77 75/76/53 
f 77/78/55 101/102/79 100/101/78 76/77/54 
f 78/79/56 102/103/80 101/102/79 77/78/55 
f 79/80/57 103/104/81 102/103/80 78/79/56 
f 80/81/58 104/105/82 103/104/81 79/80/57 
f 81/82/59 105/106/83 104/105/82 80/81/58 
f 82/83/60 106/107/84 105/106/83 81/82/59 
f 83/84/61 107/108/85 106/107/84 82/83/60 
f 84/85/62 108/109/86 107/108/85 83/84/61 
f 85/86/63 109/110/87 110/111/88 86/87/64 
f 87/88/65 111/112/89 109/110/87 85/86/63 
f 88/89/66 112/113/90 111/112/89 87/88/65 
f 89/90/67 113/114/91 112/113/90 88/89/66 
f 90/91/68 114/115/92 113/114/91 89/90/67 
f 91/92/69 115/116/93 114/115/92 90/91/68 
f 92/93/70 116/117/94 115/116/93 91/92/69 
f 93/94/71 117/118/95 116/117/94 92/93/70 
f 94/95/72 118/119/96 117/118/95 93/94/71 
f 95/96/73 119/120/97 118/119/96 94/95/72 
f 96/97/74 120/121/98 119/120/97 95/96/73 
f 97/98/75 121/122/99 122/123/100 98/99/76 
f 99/100/77 123/124/101 121/122/99 97/98/75 
f 100/101/78 124/125/102 123/124/101 99/100/77 
f 101/102/79 125/126/103 124/125/102 100/101/78 
f 102/103/80 126/127/104 125/126/103 101/102/79 
f 103/104/81 127/128/105 126/127/104 102/103/80 
f 104/105/82 128/129/106 127/128/105 103/104/81 
f 105/106/83 129/130/107 128/129/106 104/105/82 
f 106/107/84 130/131/108 129/130/107 105/106/83 
f 107/108/85 131/132/109 130/131/108 106/107/84 
f 108/109/86 132/133/110 131/132/109 107/108/85 
f 109/110/87 133/134/111 134/135/112 110/111/88 
f 111/112/89 135/136/113 133/134/111 109/110/87 
f 112/113/90 136/137/114 135/136/113 111/112/89 
f 113/114/91 137/138/115 136/137/114 112/113/90 
f 114/115/92 138/139/116 137/138/115 113/114/91 
f 115/116/93 139/140/117 138/139/116 114/115/92 
f 116/117/94 140/141/118 139/140/117 115/116/93 
f 117/118/95 141/142/119 140/141/118 116/117/94 
f 118/119/96 142/143/120 141/142/119 117/118/95 
f 119/120/97 143/144/121 142/143/120 118/119/96 
f 120/121/98 144/145/122 143/144/121 119/120/97 
f 121/122/99 145/146/123 146/147/124 122/123/100 
f 123/124/101 147/148/125 145/146/123 121/122/99 
f 124/125/102 148/149/126 147/148/125 123/124/101 
f 125/126/103 149/150/127 148/149/126 124/125/102 
f 126/127/104 150/151/128 149/150/127 125/126/103 
f 127/128/105 151/152/129 150/151/128 126/127/104 
f 128/129/106 152/153/130 151/152/129 127/128/105 
f 129/130/107 153/154/131 152/153/130 128/129/106 
f 130/131/108 154/155/132 153/154/131 129/130/107 
f 131/132/109 155/156/133 154/155/132 130/131/108 
f 132/133/110 156/157/134 155/156/133 131/132/109 
f 133/134/111 157/158/135 158/159/136 134/135/112 
f 135/136/113 159/160/137 157/158/135 133/134/111 
f 136/137/114 160/161/138 159/160/137 135/136/113 
f 137/138/115 161/162/139 160/161/138 136/137/114 
f 138/139/116 162/163/140 161/162/139 137/138/115 
f 139/140/117 163/164/141 162/163/140 138/139/116 
f 140/141/118 164/165/142 163/164/141 139/140/117 
f 141/142/119 165/166/143 164/165/142 140/141/118 
f 142/143/120 166/167/144 165/166/143 141/142/119 
f 143/144/121 167/168/145 166/167/144 142/143/120 
f 144/145/122 168/169/146 167/168/145 143/144/121 
f 145/146/123 169/170/147 170/171/148 146/147/124 
f 147/148/125 171/172/149 169/170/147 145/146/123 
f 148/149/126 172/173/150 171/172/149 147/148/125 
f 149/150/127 173/174/151 172/173/150 148/149/126 
f 150/151/128 174/175/152 173/174/151 149/150/127 
f 151/152/129 175/176/153 174/175/152 150/151/128 
f 152/153/130 176/177/154 175/176/153 151/152/129 
f 153/154/131 177/178/155 176/177/154 152/153/130 
f 154/155/132 178/179/156 177/178/155 153/154/131 
f 155/156/133 179/180/157 178/179/156 154/155/132 
f 156/157/134 180/181/158 179/180/157 155/156/133 
f 157/158/135 181/182/159 182/183/160 158/159/136 
f 159/160/137 183/184/161 181/182/159 157/158/135 
f 160/161/138 184/185/162 183/184/161 159/160/137 
f 161/162/139 185/186/163 184/185/162 160/161/138 
f 162/163/140 186/187/164 185/186/163 161/162/139 
f 163/164/141 187/188/165 186/187/164 162/163/140 
f 164/165/142 188/189/166 187/188/165 163/164/141 
f 165/166/143 189/190/167 188/189/166 164/165/142 
f 166/167/144 190/191/168 189/190/167 165/166/143 
f 167/168/145 191/192/169 190/191/168 166/167/144 
f 168/169/146 192/193/170 191/192/169 167/168/145 
f 169/170/147 193/194/171 194/195/172 170/171/148 
f 171/172/149 195/196/173 193/194/171 169/170/147 
f 172/173/150 196/197/174 195/196/173 171/172/149 
f 173/174/151 197/198/175 196/197/174 172/173/150 
f 174/175/152 198/199/176 197/198/175 173/174/151 
f 175/176/153 199/200/177 198/199/176 174/175/152 
f 176/177/154 200/201/178 199/200/177 175/176/153 
f 177/178/155 201/202/179 200/201/178 176/177/154 
f 178/179/156 202/203/180 201/202/179 177/178/155 
f 179/180/157 203/204/181 202/203/180 178/179/156 
f 180/181/158 204/205/182 203/204/181 179/180/157 
f 181/182/159 205/206/183 206/207/184 182/183/160 
f 183/184/161 207/208/185 205/206/183 181/182/159 
f 184/185/162 208/209/186 207/208/185 183/184/161 
f 185/186/163 209/210/187 208/209/186 184/185/162 
f 186/187/164 210/211/188 209/210/187 185/186/163 
f 187/188/165 211/212/189 210/211/188 186/187/164 
f 188/189/166 212/213/190 211/212/189 187/188/165 
f 189/190/167 213/214/191 212/213/190 188/189/166 
f 190/191/168 214/215/192 213/214/191 189/190/167 
f 191/192/169 215/216/193 214/215/192 190/191/168 
f 192/193/170 216/217/194 215/216/193 191/192/169 
f 193/194/195 217/218/196 218/219/197 194/195/197 
f 195/196/198 219/220/199 217/218/196 193/194/195 
f 196/197/200 220/221/201 219/220/199 195/196/198 
f 197/198/202 221/222/203 220/221/201 196/197/200 
f 198/199/204 222/223/205 221/222/203 197/198/202 
f 199/200/206 223/224/207 222/223/205 198/199/204 
f 200/201/208 224/225/209 223/224/207 199/200/206 
f 201/202/210 225/226/211 224/225/209 200/201/208 
f 202/203/212 226/227/213 225/226/211 201/202/210 
f 203/204/214 227/228/215 226/227/213 202/203/212 
f 204/205/216 228/229/216 227/228/215 203/204/214 
f 205/206/217 229/230/218 230/231/219 206/207/219 
f 207/208/220 231/232/221 229/230/218 205/206/217 
f 208/209/222 232/233/223 231/232/221 207/208/220 
f 209/210/224 233/234/225 232/233/223 208/209/222 
f 210/211/226 234/235/227 233/234/225 209/210/224 
f 211/212/228 235/236/229 234/235/227 210/211/226 
f 212/213/230 236/237/231 235/236/229 211/212/228 
f 213/214/232 237/238/233 236/237/231 212/213/230 
f 214/215/234 238/239/235 237/238/233 213/214/232 
f 215/216/236 239/240/237 238/239/235 214/215/234 
f 216/217/238 240/241/238 239/240/237 215/216/236 
f 217/218/239 241/242/240 242/243/241 218/219/242 
f 219/220/243 243/244/244 241/242/240 217/218/239 
f 220/221/245 244/245/246 243/244/244 219/220/243 
f 221/222/247 245/246/248 244/245/246 220/221/245 
f 222/223/249 246/247/250 245/246/248 221/222/247 
f 223/224/251 247/248/252 246/247/250 222/223/249 
f 224/225/253 248/249/254 247/248/252 223/224/251 
f 225/226/255 249/250/256 248/249/254 224/225/253 
f 226/227/257 250/251/258 249/250/256 225/226/255 
f 227/228/259 251/252/260 250/251/258 226/227/257 
f 228/229/261 252/253/262 251/252/260 227/228/259 
f 229/230/263 253/254/264 254/255/265 230/231/266 
f 231/232/267 255/256/268 253/254/264 229/230/263 
f 232/233/269 256/257/270 255/256/268 231/232/267 
f 233/234/271 257/258/272 256/257/270 232/233/269 
f 234/235/273 258/259/274 257/258/272 233/234/271 
f 235/236/275 259/260/276 258/259/274 234/235/273 
f 236/237/277 260/261/278 259/260/276 235/236/275 
f 237/238/279 261/262/280 260/261/278 236/237/277 
f 238/239/281 262/263/282 261/262/280 237/238/279 
f 239/240/283 263/264/284 262/263/282 238/239/281 
f 240/241/285 264/265/286 263/264/284 239/240/283 
f 218/219/287 242/243/288 264/265/289 240/241/287 
f 241/242/240 265/266/290 266/267/291 242/243/241 
f 243/244/244 267/268/292 265/266/290 241/242/240 
f 244/245/246 268/269/293 267/268/292 243/244/244 
f 245/246/248 269/270/294 268/269/293 244/245/246 
f 246/247/250 270/271/295 269/270/294 245/246/248 
f 247/248/252 271/272/296 270/271/295 246/247/250 
f 248/249/254 272/273/297 271/272/296 247/248/252 
f 249/250/256 273/274/298 272/273/297 248/249/254 
f 250/251/258 274/275/299 273/274/298 249/250/256 
f 251/252/260 275/276/300 274/275/299 250/251/258 
f 252/253/262 276/277/301 275/276/300 251/252/260 
f 253/254/264 277/278/302 278/279/303 254/255/265 
f 255/256/268 279/280/304 277/278/302 253/254/264 
f 256/257/270 280/281/305 279/280/304 255/256/268 
f 257/258/272 281/282/306 280/281/305 256/257/270 
f 258/259/274 282/283/307 281/282/306 257/258/272 
f 259/260/276 283/284/308 282/283/307 258/259/274 
f 260/261/278 284/285/309 283/284/308 259/260/276 
f 261/262/280 285/286/310 284/285/309 260/261/278 
f 262/263/282 286/287/311 285/286/310 261/262/280 
f 263/264/284 287/288/312 286/287/311 262/263/282 
f 264/265/286 288/289/313 287/288/312 263/264/284 
f 242/243/288 266/267/314 288/289/315 264/265/289 
f 265/266/290 289/290/316 290/291/317 266/267/291 
f 267/268/292 291/292/318 289/290/316 265/266/290 
f 268/269/293 292/293/319 291/292/318 267/268/292 
f 269/270/294 293/294/320 292/293/319 268/269/293 
f 270/271/295 294/295/321 293/294/320 269/270/294 
f 271/272/296 295/296/322 294/295/321 270/271/295 
f 272/273/297 296/297/323 295/296/322 271/272/296 
f 273/274/298 297/298/324 296/297/323 272/273/297 
f 274/275/299 298/299/325 297/298/324 273/274/298 
f 275/276/300 299/300/326 298/299/325 274/275/299 
f 276/277/301 300/301/327 299/300/326 275/276/300 
f 277/278/302 301/302/328 302/303/329 278/279/303 
f 279/280/304 303/304/330 301/302/328 277/278/302 
f 280/281/305 304/305/331 303/304/330 279/280/304 
f 281/282/306 305/306/332 304/305/331 280/281/305 
f 282/283/307 306/307/333 305/306/332 281/282/306 
f 283/284/308 307/308/334 306/307/333 282/283/307 
f 284/285/309 308/309/335 307/308/334 283/284/308 
f 285/286/310 309/310/336 308/309/335 284/285/309 
f 286/287/311 310/311/337 309/310/336 285/286/310 
f 287/288/312 311/312/338 310/311/337 286/287/311 
f 288/289/313 312/313/339 311/312/338 287/288/312 
f 266/267/314 290/291/340 312/313/341 288/289/315 
f 289/290/316 313/314/342 314/315/343 290/291/317 
f 291/292/318 315/316/344 313/314/342 289/290/316 
f 292/293/319 316/317/345 315/316/344 291/292/318 
f 293/294/320 317/318/346 316/317/345 292/293/319 
f 294/295/321 318/319/347 317/318/346 293/294/320 
f 295/296/322 319/320/348 318/319/347 294/295/321 
f 296/297/323 320/321/349 319/320/348 295/296/322 
f 297/298/324 321/322/350 320/321/349 296/297/323 
f 298/299/325 322/323/351 321/322/350 297/298/324 
f 299/300/326 323/324/352 322/323/351 298/299/325 
f 300/301/327 324/325/353 323/324/352 299/300/326 
f 301/302/328 325/326/354 326/327/355 302/303/329 
f 303/304/330 327/328/356 325/326/354 301/302/328 
f 304/305/331 328/329/357 327/328/356 303/304/330 
f 305/306/332 329/330/358 328/329/357 304/305/331 
f 306/307/333 330/331/359 329/330/358 305/306/332 
f 307/308/334 331/332/360 330/331/359 306/307/333 
f 308/309/335 332/333/361 331/332/360 307/308/334 
f 309/310/336 333/334/362 332/333/361 308/309/335 
f 310/311/337 334/335/363 333/334/362 309/310/336 
f 311/312/338 335/336/364 334/335/363 310/311/337 
f 312/313/339 336/337/365 335/336/364 311/312/338 
f 290/291/340 314/315/366 336/337/367 312/313/341 
f 313/314/342 337/338/368 338/339/369 314/315/343 
f 315/316/344 339/340/370 337/338/368 313/314/342 
f 316/317/345 340/341/371 339/340/370 315/316/344 
f 317/318/346 341/342/372 340/341/371 316/317/345 
f 318/319/347 342/343/373 341/342/372 317/318/346 
f 319/320/348 343/344/374 342/343/373 318/319/347 
f 320/321/349 344/345/375 343/344/374 319/320/348 
f 321/322/350 345/346/376 344/345/375 320/321/349 
f 322/323/351 346/347/377 345/346/376 321/322/350 
f 323/324/352 347/348/378 346/347/377 322/323/351 
f 324/325/353 348/349/379 347/348/378 323/324/352 
f 325/326/354 349/350/380 350/351/381 326/327/355 
f 327/328/356 351/352/382 349/350/380 325/326/354 
f 328/329/357 352/353/383 351/352/382 327/328/356 
f 329/330/358 353/354/384 352/353/383 328/329/357 
f 330/331/359 354/355/385 353/354/384 329/330/358 
f 331/332/360 355/356/386 354/355/385 330/331/359 
f 332/333/361 356/357/387 355/356/386 331/332/360 
f 333/334/362 357/358/388 356/357/387 332/333/361 
f 334/335/363 358/359/389 357/358/388 333/334/362 
f 335/336/364 359/360/390 358/359/389 334/335/363 
f 336/337/365 360/361/391 359/360/390 335/336/364 
f 314/315/366 338/339/392 360/361/393 336/337/367 
f 337/338/368 361/362/394 362/363/395 338/339/369 
f 339/340/370 363/364/396 361/362/394 337/338/368 
f 340/341/371 364/365/397 363/364/396 339/340/370 
f 341/342/372 365/366/398 364/365/397 340/341/371 
f 342/343/373 366/367/399 365/366/398 341/342/372 
f 343/344/374 367/368/400 366/367/399 342/343/373 
f 344/345/375 368/369/401 367/368/400 343/344/374 
f 345/346/376 369/370/402 368/369/401 344/345/375 
f 346/347/377 370/371/403 369/370/402 345/346/376 
f 347/348/378 371/372/404 370/371/403 346/347/377 
f 348/349/379 372/373/405 371/372/404 347/348/378 
f 349/350/380 373/374/406 374/375/407 350/351/381 
f 351/352/382 375/376/408 373/374/406 349/350/380 
f 352/353/383 376/377/409 375/376/408 351/352/382 
f 353/354/384 377/378/410 376/377/409 352/353/383 
f 354/355/385 378/379/411 377/378/410 353/354/384 
f 355/356/386 379/380/412 378/379/411 354/355/385 
f 356/357/387 380/381/413 379/380/412 355/356/386 
f 357/358/388 381/382/414 380/381/413 356/357/387 
f 358/359/389 382/383/415 381/382/414 357/358/388 
f 359/360/390 383/384/416 382/383/415 358/359/389 
f 360/361/391 384/385/417 383/384/416 359/360/390 
f 338/339/392 362/363/418 384/385/419 360/361/393 
f 361/362/394 3/386/420 2/387/421 362/363/395 
f 363/364/396 4/388/422 3/386/420 361/362/394 
f 364/365/397 6/389/423 4/388/422 363/364/396 
f 365/366/398 7/390/424 6/389/423 364/365/397 
f 366/367/399 8/391/425 7/390/424 365/366/398 
f 367/368/400 9/368/426 8/391/425 366/367/399 
f 368/369/401 10/392/427 9/368/426 367/368/400 
f 369/370/402 12/393/428 10/392/427 368/369/401 
f 370/371/403 13/394/429 12/393/428 369/370/402 
f 371/372/404 14/395/430 13/394/429 370/371/403 
f 372/373/405 15/396/431 14/395/430 371/372/404 
f 373/374/406 18/397/432 11/398/433 374/375/407 
f 375/376/408 17/399/434 18/397/432 373/374/406 
f 376/377/409 19/400/435 17/399/434 375/376/408 
f 377/378/410 16/401/436 19/400/435 376/377/409 
f 378/379/411 21/379/437 16/401/436 377/378/410 
f 379/380/412 20/402/438 21/379/437 378/379/411 
f 380/381/413 22/403/439 20/402/438 379/380/412 
f 381/382/414 5/404/440 22/403/439 380/381/413 
f 382/383/415 23/405/441 5/404/440 381/382/414 
f 383/384/416 24/406/442 23/405/441 382/383/415 
f 384/385/417 1/407/443 24/406/442 383/384/416 
f 362/363/418 2/387/444 1/407/444 384/385/419 
f 48/408/445 62/409/446 60/410/447 45/411/445 
f 26/411/448 50/412/449 72/413/450 27/408/448 
f 62/409/446 86/414/451 84/415/452 60/410/447 
f 50/412/449 74/416/453 96/417/454 72/413/450 
f 86/414/451 110/418/455 108/419/456 84/415/452 
f 74/416/453 98/420/457 120/421/458 96/417/454 
f 110/418/455 134/422/459 132/423/460 108/419/456 
f 98/420/457 122/424/461 144/425/462 120/421/458 
f 134/422/459 158/426/463 156/427/464 132/423/460 
f 122/424/461 146/428/465 168/429/466 144/425/462 
f 158/426/463 182/430/467 180/431/468 156/427/464 
f 146/428/465 170/432/469 192/433/470 168/429/466 
f 182/430/467 206/434/471 204/435/471 180/431/468 
f 170/432/469 194/436/472 216/437/472 192/433/470 
f 206/434/473 230/438/473 228/439/473 204/435/473 
f 194/436/474 218/440/474 240/441/474 216/437/474 
f 230/438/475 254/442/476 252/443/477 228/439/475 
f 254/442/476 278/444/478 276/445/479 252/443/477 
f 278/444/478 302/446/480 300/447/481 276/445/479 
f 302/446/480 326/448/482 324/449/483 300/447/481 
f 326/448/482 350/450/484 348/451/485 324/449/483 
f 350/450/484 374/452/486 372/453/487 348/451/485 
f 374/452/486 11/454/488 15/455/488 372/453/487 
# 378 polygons - 8 triangles

#
# object Archmodels_vol_89_001_2
#

v  -49.9880 90.7332 23.1817
v  -47.8140 90.7332 23.1817
v  -48.0293 90.7332 22.2385
v  -48.6325 90.7332 21.4820
v  -49.5042 90.7332 21.0622
v  -50.4718 90.7332 21.0622
v  -51.3435 90.7332 21.4820
v  -51.9467 90.7332 22.2385
v  -52.1620 90.7332 23.1817
v  -51.9467 90.7332 24.1250
v  -51.3435 90.7332 24.8815
v  -50.4718 90.7332 25.3013
v  -49.5042 90.7332 25.3013
v  -48.6325 90.7332 24.8815
v  -48.0293 90.7332 24.1250
v  -47.9392 90.7064 22.1951
v  -47.7140 90.7064 23.1817
v  -48.5702 90.7064 21.4038
v  -49.4820 90.7064 20.9647
v  -50.4940 90.7064 20.9647
v  -51.4058 90.7064 21.4038
v  -52.0368 90.7064 22.1951
v  -52.2620 90.7064 23.1817
v  -52.0368 90.7064 24.1684
v  -51.4058 90.7064 24.9596
v  -50.4940 90.7064 25.3987
v  -49.4820 90.7064 25.3987
v  -48.5702 90.7064 24.9596
v  -47.9392 90.7064 24.1684
v  -47.8732 90.6332 22.1633
v  -47.6408 90.6332 23.1817
v  -48.5245 90.6332 21.3466
v  -49.4657 90.6332 20.8933
v  -50.5103 90.6332 20.8933
v  -51.4515 90.6332 21.3466
v  -52.1028 90.6332 22.1633
v  -52.3352 90.6332 23.1817
v  -52.1028 90.6332 24.2002
v  -51.4515 90.6332 25.0169
v  -50.5103 90.6332 25.4701
v  -49.4657 90.6332 25.4701
v  -48.5245 90.6332 25.0169
v  -47.8732 90.6332 24.2002
v  -47.8491 90.5332 22.1517
v  -47.6140 90.5332 23.1817
v  -48.5078 90.5332 21.3256
v  -49.4597 90.5332 20.8672
v  -50.5163 90.5332 20.8672
v  -51.4682 90.5332 21.3256
v  -52.1269 90.5332 22.1517
v  -52.3620 90.5332 23.1817
v  -52.1269 90.5332 24.2118
v  -51.4682 90.5332 25.0378
v  -50.5163 90.5332 25.4962
v  -49.4597 90.5332 25.4962
v  -48.5078 90.5332 25.0378
v  -47.8491 90.5332 24.2118
v  -47.8491 87.0032 22.1517
v  -47.6140 87.0032 23.1817
v  -48.5078 87.0032 21.3256
v  -49.4597 87.0032 20.8672
v  -50.5163 87.0032 20.8672
v  -51.4682 87.0032 21.3256
v  -52.1269 87.0032 22.1517
v  -52.3620 87.0032 23.1817
v  -52.1269 87.0032 24.2118
v  -51.4682 87.0032 25.0378
v  -50.5163 87.0032 25.4962
v  -49.4597 87.0032 25.4962
v  -48.5078 87.0032 25.0378
v  -47.8491 87.0032 24.2118
v  -47.8732 86.9032 22.1633
v  -47.6408 86.9032 23.1817
v  -48.5245 86.9032 21.3466
v  -49.4657 86.9032 20.8933
v  -50.5103 86.9032 20.8933
v  -51.4515 86.9032 21.3466
v  -52.1028 86.9032 22.1633
v  -52.3352 86.9032 23.1817
v  -52.1028 86.9032 24.2002
v  -51.4515 86.9032 25.0169
v  -50.5103 86.9032 25.4701
v  -49.4657 86.9032 25.4701
v  -48.5245 86.9032 25.0169
v  -47.8732 86.9032 24.2002
v  -47.9392 86.8300 22.1951
v  -47.7140 86.8300 23.1817
v  -48.5702 86.8300 21.4038
v  -49.4820 86.8300 20.9647
v  -50.4940 86.8300 20.9647
v  -51.4058 86.8300 21.4038
v  -52.0368 86.8300 22.1951
v  -52.2620 86.8300 23.1817
v  -52.0368 86.8300 24.1684
v  -51.4058 86.8300 24.9596
v  -50.4940 86.8300 25.3987
v  -49.4820 86.8300 25.3987
v  -48.5702 86.8300 24.9596
v  -47.9392 86.8300 24.1684
v  -48.0293 86.8032 22.2385
v  -47.8140 86.8032 23.1817
v  -48.6325 86.8032 21.4820
v  -49.5042 86.8032 21.0622
v  -50.4718 86.8032 21.0622
v  -51.3435 86.8032 21.4820
v  -51.9467 86.8032 22.2385
v  -52.1620 86.8032 23.1817
v  -51.9467 86.8032 24.1250
v  -51.3435 86.8032 24.8815
v  -50.4718 86.8032 25.3013
v  -49.5042 86.8032 25.3013
v  -48.6325 86.8032 24.8815
v  -48.0293 86.8032 24.1250
v  -49.9880 86.8032 23.1817
# 114 vertices

vn 0.0000 1.0000 -0.0000
vn 0.1488 0.9889 -0.0000
vn 0.1340 0.9889 -0.0645
vn 0.0927 0.9889 -0.1163
vn 0.0331 0.9889 -0.1450
vn -0.0331 0.9889 -0.1450
vn -0.0927 0.9889 -0.1163
vn -0.1340 0.9889 -0.0645
vn -0.1488 0.9889 -0.0000
vn -0.1340 0.9889 0.0645
vn -0.0927 0.9889 0.1163
vn -0.0331 0.9889 0.1450
vn 0.0331 0.9889 0.1450
vn 0.0927 0.9889 0.1163
vn 0.1340 0.9889 0.0645
vn 0.4745 0.8501 -0.2285
vn 0.5267 0.8501 -0.0000
vn 0.3284 0.8501 -0.4118
vn 0.1172 0.8501 -0.5135
vn -0.1172 0.8501 -0.5135
vn -0.3284 0.8501 -0.4118
vn -0.4745 0.8501 -0.2285
vn -0.5267 0.8501 -0.0000
vn -0.4745 0.8501 0.2285
vn -0.3284 0.8501 0.4118
vn -0.1172 0.8501 0.5135
vn 0.1172 0.8501 0.5135
vn 0.3284 0.8501 0.4118
vn 0.4745 0.8501 0.2285
vn 0.7880 0.4847 -0.3795
vn 0.8747 0.4847 -0.0000
vn 0.5453 0.4847 -0.6838
vn 0.1946 0.4847 -0.8527
vn -0.1946 0.4847 -0.8527
vn -0.5453 0.4847 -0.6838
vn -0.7880 0.4847 -0.3795
vn -0.8747 0.4847 -0.0000
vn -0.7880 0.4847 0.3795
vn -0.5453 0.4847 0.6838
vn -0.1946 0.4847 0.8527
vn 0.1946 0.4847 0.8527
vn 0.5453 0.4847 0.6838
vn 0.7880 0.4847 0.3795
vn 0.8935 0.1282 -0.4303
vn 0.9917 0.1282 -0.0000
vn 0.6183 0.1282 -0.7754
vn 0.2207 0.1282 -0.9669
vn -0.2207 0.1282 -0.9669
vn -0.6183 0.1282 -0.7754
vn -0.8935 0.1282 -0.4303
vn -0.9917 0.1282 -0.0000
vn -0.8935 0.1282 0.4303
vn -0.6183 0.1282 0.7754
vn -0.2207 0.1282 0.9669
vn 0.2207 0.1282 0.9669
vn 0.6183 0.1282 0.7754
vn 0.8935 0.1282 0.4303
vn 0.8935 -0.1282 -0.4303
vn 0.9917 -0.1282 -0.0000
vn 0.6183 -0.1282 -0.7754
vn 0.2207 -0.1282 -0.9669
vn -0.2207 -0.1282 -0.9669
vn -0.6183 -0.1282 -0.7754
vn -0.8935 -0.1282 -0.4303
vn -0.9917 -0.1282 -0.0000
vn -0.8935 -0.1282 0.4303
vn -0.6183 -0.1282 0.7754
vn -0.2207 -0.1282 0.9669
vn 0.2207 -0.1282 0.9669
vn 0.6183 -0.1282 0.7754
vn 0.8935 -0.1282 0.4303
vn 0.7880 -0.4847 -0.3795
vn 0.8747 -0.4847 -0.0000
vn 0.5453 -0.4847 -0.6838
vn 0.1946 -0.4847 -0.8527
vn -0.1946 -0.4847 -0.8527
vn -0.5453 -0.4847 -0.6838
vn -0.7880 -0.4847 -0.3795
vn -0.8747 -0.4847 -0.0000
vn -0.7880 -0.4847 0.3795
vn -0.5453 -0.4847 0.6838
vn -0.1946 -0.4847 0.8527
vn 0.1946 -0.4847 0.8527
vn 0.5453 -0.4847 0.6838
vn 0.7880 -0.4847 0.3795
vn 0.4745 -0.8501 -0.2285
vn 0.5267 -0.8501 -0.0000
vn 0.3284 -0.8501 -0.4118
vn 0.1172 -0.8501 -0.5135
vn -0.1172 -0.8501 -0.5135
vn -0.3284 -0.8501 -0.4118
vn -0.4745 -0.8501 -0.2285
vn -0.5267 -0.8501 -0.0000
vn -0.4745 -0.8501 0.2285
vn -0.3284 -0.8501 0.4118
vn -0.1172 -0.8501 0.5135
vn 0.1172 -0.8501 0.5135
vn 0.3284 -0.8501 0.4118
vn 0.4745 -0.8501 0.2285
vn 0.1340 -0.9889 -0.0645
vn 0.1488 -0.9889 -0.0000
vn 0.0927 -0.9889 -0.1163
vn 0.0331 -0.9889 -0.1450
vn -0.0331 -0.9889 -0.1450
vn -0.0927 -0.9889 -0.1163
vn -0.1340 -0.9889 -0.0645
vn -0.1488 -0.9889 -0.0000
vn -0.1340 -0.9889 0.0645
vn -0.0927 -0.9889 0.1163
vn -0.0331 -0.9889 0.1450
vn 0.0331 -0.9889 0.1450
vn 0.0927 -0.9889 0.1163
vn 0.1340 -0.9889 0.0645
vn 0.0000 -1.0000 -0.0000
# 114 vertex normals

vt 0.1856 0.1565 0.0000
vt 0.1975 0.1565 0.0000
vt 0.1964 0.2200 0.0000
vt 0.1930 0.2710 0.0000
vt 0.1883 0.2993 0.0000
vt 0.1829 0.2993 0.0000
vt 0.1782 0.2710 0.0000
vt 0.1749 0.2200 0.0000
vt 0.1737 0.1565 0.0000
vt 0.1749 0.0929 0.0000
vt 0.1782 0.0419 0.0000
vt 0.1829 0.0136 0.0000
vt 0.1883 0.0136 0.0000
vt 0.1930 0.0419 0.0000
vt 0.1964 0.0929 0.0000
vt 0.1968 0.2229 0.0000
vt 0.1981 0.1565 0.0000
vt 0.1934 0.2762 0.0000
vt 0.1884 0.3058 0.0000
vt 0.1828 0.3058 0.0000
vt 0.1778 0.2762 0.0000
vt 0.1744 0.2229 0.0000
vt 0.1731 0.1565 0.0000
vt 0.1744 0.0900 0.0000
vt 0.1778 0.0367 0.0000
vt 0.1828 0.0071 0.0000
vt 0.1884 0.0071 0.0000
vt 0.1934 0.0367 0.0000
vt 0.1968 0.0900 0.0000
vt 0.1972 0.2251 0.0000
vt 0.1985 0.1565 0.0000
vt 0.1936 0.2801 0.0000
vt 0.8115 0.9769 0.0000
vt 0.8116 0.9807 0.0000
vt 0.8066 0.9807 0.0000
vt 0.8064 0.9769 0.0000
vt 0.8173 0.9769 0.0000
vt 0.8172 0.9807 0.0000
vt 0.8224 0.9769 0.0000
vt 0.8222 0.9807 0.0000
vt 0.1740 0.2251 0.0000
vt 0.1776 0.2801 0.0000
vt 0.1727 0.1565 0.0000
vt 0.1740 0.0878 0.0000
vt 0.1776 0.0328 0.0000
vt 0.1827 0.9769 0.0000
vt 0.1828 0.9807 0.0000
vt 0.1778 0.9807 0.0000
vt 0.1776 0.9769 0.0000
vt 0.1885 0.9769 0.0000
vt 0.1884 0.9807 0.0000
vt 0.1936 0.9769 0.0000
vt 0.1934 0.9807 0.0000
vt 0.1972 0.0878 0.0000
vt 0.1936 0.0328 0.0000
vt 0.8027 0.9718 0.0000
vt 0.8028 0.9769 0.0000
vt 0.8015 0.9769 0.0000
vt 0.8014 0.9718 0.0000
vt 0.8063 0.9718 0.0000
vt 0.8115 0.9718 0.0000
vt 0.8173 0.9718 0.0000
vt 0.8225 0.9718 0.0000
vt 0.8261 0.9718 0.0000
vt 0.8260 0.9769 0.0000
vt 0.8274 0.9718 0.0000
vt 0.8273 0.9769 0.0000
vt 0.1739 0.9718 0.0000
vt 0.1740 0.9769 0.0000
vt 0.1727 0.9769 0.0000
vt 0.1726 0.9718 0.0000
vt 0.1775 0.9718 0.0000
vt 0.1827 0.9718 0.0000
vt 0.1885 0.9718 0.0000
vt 0.1937 0.9718 0.0000
vt 0.1973 0.9718 0.0000
vt 0.1972 0.9769 0.0000
vt 0.1986 0.9718 0.0000
vt 0.1985 0.9769 0.0000
vt 0.8027 0.7894 0.0000
vt 0.8014 0.7894 0.0000
vt 0.8063 0.7894 0.0000
vt 0.8115 0.7894 0.0000
vt 0.8173 0.7894 0.0000
vt 0.8225 0.7894 0.0000
vt 0.8261 0.7894 0.0000
vt 0.8274 0.7894 0.0000
vt 0.1739 0.7894 0.0000
vt 0.1726 0.7894 0.0000
vt 0.1775 0.7894 0.0000
vt 0.1827 0.7894 0.0000
vt 0.1885 0.7894 0.0000
vt 0.1937 0.7894 0.0000
vt 0.1973 0.7894 0.0000
vt 0.1986 0.7894 0.0000
vt 0.8028 0.7842 0.0000
vt 0.8015 0.7842 0.0000
vt 0.8064 0.7842 0.0000
vt 0.8115 0.7842 0.0000
vt 0.8173 0.7842 0.0000
vt 0.8224 0.7842 0.0000
vt 0.8260 0.7842 0.0000
vt 0.8273 0.7842 0.0000
vt 0.1740 0.7842 0.0000
vt 0.1727 0.7842 0.0000
vt 0.1776 0.7842 0.0000
vt 0.1827 0.7842 0.0000
vt 0.1885 0.7842 0.0000
vt 0.1936 0.7842 0.0000
vt 0.1972 0.7842 0.0000
vt 0.1985 0.7842 0.0000
vt 0.8032 0.2229 0.0000
vt 0.8028 0.2251 0.0000
vt 0.8015 0.1565 0.0000
vt 0.8019 0.1565 0.0000
vt 0.8066 0.2762 0.0000
vt 0.8064 0.2801 0.0000
vt 0.8116 0.7804 0.0000
vt 0.8066 0.7804 0.0000
vt 0.8172 0.7804 0.0000
vt 0.8222 0.7804 0.0000
vt 0.8256 0.2229 0.0000
vt 0.8260 0.2251 0.0000
vt 0.8224 0.2801 0.0000
vt 0.8222 0.2762 0.0000
vt 0.8269 0.1565 0.0000
vt 0.8273 0.1565 0.0000
vt 0.8256 0.0900 0.0000
vt 0.8260 0.0878 0.0000
vt 0.8222 0.0367 0.0000
vt 0.8224 0.0328 0.0000
vt 0.1828 0.7804 0.0000
vt 0.1778 0.7804 0.0000
vt 0.1884 0.7804 0.0000
vt 0.1934 0.7804 0.0000
vt 0.8032 0.0900 0.0000
vt 0.8028 0.0878 0.0000
vt 0.8064 0.0328 0.0000
vt 0.8066 0.0367 0.0000
vt 0.8036 0.2200 0.0000
vt 0.8025 0.1565 0.0000
vt 0.8070 0.2710 0.0000
vt 0.8117 0.2993 0.0000
vt 0.8116 0.3058 0.0000
vt 0.8171 0.2993 0.0000
vt 0.8172 0.3058 0.0000
vt 0.8218 0.2710 0.0000
vt 0.8251 0.2200 0.0000
vt 0.8263 0.1565 0.0000
vt 0.8251 0.0929 0.0000
vt 0.8218 0.0419 0.0000
vt 0.8171 0.0136 0.0000
vt 0.8172 0.0071 0.0000
vt 0.8117 0.0136 0.0000
vt 0.8116 0.0071 0.0000
vt 0.8070 0.0419 0.0000
vt 0.8036 0.0929 0.0000
vt 0.8144 0.1565 0.0000
# 158 texture coords

g Archmodels_vol_89_001_2
usemtl wire_127127127
s off
f 385/456/489 386/457/490 387/458/491 
f 385/456/489 387/458/491 388/459/492 
f 385/456/489 388/459/492 389/460/493 
f 385/456/489 389/460/493 390/461/494 
f 385/456/489 390/461/494 391/462/495 
f 385/456/489 391/462/495 392/463/496 
f 385/456/489 392/463/496 393/464/497 
f 385/456/489 393/464/497 394/465/498 
f 385/456/489 394/465/498 395/466/499 
f 385/456/489 395/466/499 396/467/500 
f 385/456/489 396/467/500 397/468/501 
f 385/456/489 397/468/501 398/469/502 
f 385/456/489 398/469/502 399/470/503 
f 385/456/489 399/470/503 386/457/490 
f 400/471/504 387/458/491 386/457/490 401/472/505 
f 402/473/506 388/459/492 387/458/491 400/471/504 
f 403/474/507 389/460/493 388/459/492 402/473/506 
f 404/475/508 390/461/494 389/460/493 403/474/507 
f 405/476/509 391/462/495 390/461/494 404/475/508 
f 406/477/510 392/463/496 391/462/495 405/476/509 
f 407/478/511 393/464/497 392/463/496 406/477/510 
f 408/479/512 394/465/498 393/464/497 407/478/511 
f 409/480/513 395/466/499 394/465/498 408/479/512 
f 410/481/514 396/467/500 395/466/499 409/480/513 
f 411/482/515 397/468/501 396/467/500 410/481/514 
f 412/483/516 398/469/502 397/468/501 411/482/515 
f 413/484/517 399/470/503 398/469/502 412/483/516 
f 401/472/505 386/457/490 399/470/503 413/484/517 
f 414/485/518 400/471/504 401/472/505 415/486/519 
f 416/487/520 402/473/506 400/471/504 414/485/518 
f 417/488/521 403/489/507 402/490/506 416/491/520 
f 418/492/522 404/493/508 403/489/507 417/488/521 
f 419/494/523 405/495/509 404/493/508 418/492/522 
f 420/496/524 406/477/510 405/476/509 419/497/523 
f 421/498/525 407/478/511 406/477/510 420/496/524 
f 422/499/526 408/479/512 407/478/511 421/498/525 
f 423/500/527 409/480/513 408/479/512 422/499/526 
f 424/501/528 410/502/514 409/503/513 423/504/527 
f 425/505/529 411/506/515 410/502/514 424/501/528 
f 426/507/530 412/508/516 411/506/515 425/505/529 
f 427/509/531 413/484/517 412/483/516 426/510/530 
f 415/486/519 401/472/505 413/484/517 427/509/531 
f 428/511/532 414/512/518 415/513/519 429/514/533 
f 430/515/534 416/491/520 414/512/518 428/511/532 
f 431/516/535 417/488/521 416/491/520 430/515/534 
f 432/517/536 418/492/522 417/488/521 431/516/535 
f 433/518/537 419/494/523 418/492/522 432/517/536 
f 434/519/538 420/520/524 419/494/523 433/518/537 
f 435/521/539 421/522/525 420/520/524 434/519/538 
f 436/523/540 422/524/526 421/525/525 435/526/539 
f 437/527/541 423/504/527 422/524/526 436/523/540 
f 438/528/542 424/501/528 423/504/527 437/527/541 
f 439/529/543 425/505/529 424/501/528 438/528/542 
f 440/530/544 426/507/530 425/505/529 439/529/543 
f 441/531/545 427/532/531 426/507/530 440/530/544 
f 429/533/533 415/534/519 427/532/531 441/531/545 
f 442/535/546 428/511/532 429/514/533 443/536/547 
f 444/537/548 430/515/534 428/511/532 442/535/546 
f 445/538/549 431/516/535 430/515/534 444/537/548 
f 446/539/550 432/517/536 431/516/535 445/538/549 
f 447/540/551 433/518/537 432/517/536 446/539/550 
f 448/541/552 434/519/538 433/518/537 447/540/551 
f 449/542/553 435/521/539 434/519/538 448/541/552 
f 450/543/554 436/523/540 435/526/539 449/544/553 
f 451/545/555 437/527/541 436/523/540 450/543/554 
f 452/546/556 438/528/542 437/527/541 451/545/555 
f 453/547/557 439/529/543 438/528/542 452/546/556 
f 454/548/558 440/530/544 439/529/543 453/547/557 
f 455/549/559 441/531/545 440/530/544 454/548/558 
f 443/550/547 429/533/533 441/531/545 455/549/559 
f 456/551/560 442/535/546 443/536/547 457/552/561 
f 458/553/562 444/537/548 442/535/546 456/551/560 
f 459/554/563 445/538/549 444/537/548 458/553/562 
f 460/555/564 446/539/550 445/538/549 459/554/563 
f 461/556/565 447/540/551 446/539/550 460/555/564 
f 462/557/566 448/541/552 447/540/551 461/556/565 
f 463/558/567 449/542/553 448/541/552 462/557/566 
f 464/559/568 450/543/554 449/544/553 463/560/567 
f 465/561/569 451/545/555 450/543/554 464/559/568 
f 466/562/570 452/546/556 451/545/555 465/561/569 
f 467/563/571 453/547/557 452/546/556 466/562/570 
f 468/564/572 454/548/558 453/547/557 467/563/571 
f 469/565/573 455/549/559 454/548/558 468/564/572 
f 457/566/561 443/550/547 455/549/559 469/565/573 
f 470/567/574 456/568/560 457/569/561 471/570/575 
f 472/571/576 458/572/562 456/568/560 470/567/574 
f 473/573/577 459/554/563 458/553/562 472/574/576 
f 474/575/578 460/555/564 459/554/563 473/573/577 
f 475/576/579 461/556/565 460/555/564 474/575/578 
f 476/577/580 462/578/566 461/579/565 475/580/579 
f 477/581/581 463/582/567 462/578/566 476/577/580 
f 478/583/582 464/584/568 463/582/567 477/581/581 
f 479/585/583 465/586/569 464/584/568 478/583/582 
f 480/587/584 466/562/570 465/561/569 479/588/583 
f 481/589/585 467/563/571 466/562/570 480/587/584 
f 482/590/586 468/564/572 467/563/571 481/589/585 
f 483/591/587 469/592/573 468/593/572 482/594/586 
f 471/570/575 457/569/561 469/592/573 483/591/587 
f 484/595/588 470/567/574 471/570/575 485/596/589 
f 486/597/590 472/571/576 470/567/574 484/595/588 
f 487/598/591 473/599/577 472/571/576 486/597/590 
f 488/600/592 474/601/578 473/599/577 487/598/591 
f 489/602/593 475/580/579 474/601/578 488/600/592 
f 490/603/594 476/577/580 475/580/579 489/602/593 
f 491/604/595 477/581/581 476/577/580 490/603/594 
f 492/605/596 478/583/582 477/581/581 491/604/595 
f 493/606/597 479/585/583 478/583/582 492/605/596 
f 494/607/598 480/608/584 479/585/583 493/606/597 
f 495/609/599 481/610/585 480/608/584 494/607/598 
f 496/611/600 482/594/586 481/610/585 495/609/599 
f 497/612/601 483/591/587 482/594/586 496/611/600 
f 485/596/589 471/570/575 483/591/587 497/612/601 
f 485/596/589 498/613/602 484/595/588 
f 484/595/588 498/613/602 486/597/590 
f 486/597/590 498/613/602 487/598/591 
f 487/598/591 498/613/602 488/600/592 
f 488/600/592 498/613/602 489/602/593 
f 489/602/593 498/613/602 490/603/594 
f 490/603/594 498/613/602 491/604/595 
f 491/604/595 498/613/602 492/605/596 
f 492/605/596 498/613/602 493/606/597 
f 493/606/597 498/613/602 494/607/598 
f 494/607/598 498/613/602 495/609/599 
f 495/609/599 498/613/602 496/611/600 
f 496/611/600 498/613/602 497/612/601 
f 497/612/601 498/613/602 485/596/589 
# 98 polygons - 28 triangles

#
# object Archmodels_vol_89_001_3
#

v  94.6995 91.0698 11.7423
v  95.5995 91.0698 11.7423
v  95.5104 91.0698 11.3518
v  95.2606 91.0698 11.0386
v  94.8998 91.0698 10.8648
v  94.4992 91.0698 10.8648
v  94.1383 91.0698 11.0386
v  93.8886 91.0698 11.3518
v  93.7995 91.0698 11.7423
v  93.8886 91.0698 12.1328
v  94.1383 91.0698 12.4459
v  94.4992 91.0698 12.6197
v  94.8998 91.0698 12.6197
v  95.2606 91.0698 12.4459
v  95.5104 91.0698 12.1328
v  95.6005 91.0430 11.3084
v  95.6995 91.0430 11.7423
v  95.3230 91.0430 10.9604
v  94.9220 91.0430 10.7674
v  94.4770 91.0430 10.7674
v  94.0760 91.0430 10.9604
v  93.7985 91.0430 11.3084
v  93.6995 91.0430 11.7423
v  93.7985 91.0430 12.1762
v  94.0760 91.0430 12.5241
v  94.4770 91.0430 12.7172
v  94.9220 91.0430 12.7172
v  95.3230 91.0430 12.5241
v  95.6005 91.0430 12.1762
v  95.6664 90.9698 11.2766
v  95.7727 90.9698 11.7423
v  95.3686 90.9698 10.9032
v  94.9383 90.9698 10.6960
v  94.4607 90.9698 10.6960
v  94.0303 90.9698 10.9032
v  93.7326 90.9698 11.2766
v  93.6263 90.9698 11.7423
v  93.7326 90.9698 12.2079
v  94.0303 90.9698 12.5813
v  94.4607 90.9698 12.7886
v  94.9383 90.9698 12.7886
v  95.3686 90.9698 12.5813
v  95.6664 90.9698 12.2079
v  95.6906 90.8698 11.2650
v  95.7995 90.8698 11.7423
v  95.3853 90.8698 10.8823
v  94.9443 90.8698 10.6699
v  94.4547 90.8698 10.6699
v  94.0136 90.8698 10.8823
v  93.7084 90.8698 11.2650
v  93.5995 90.8698 11.7423
v  93.7084 90.8698 12.2196
v  94.0136 90.8698 12.6023
v  94.4547 90.8698 12.8147
v  94.9443 90.8698 12.8147
v  95.3853 90.8698 12.6023
v  95.6906 90.8698 12.2196
v  95.6906 71.9342 11.2650
v  95.7995 71.9342 11.7423
v  95.3853 71.9342 10.8823
v  94.9443 71.9342 10.6699
v  94.4547 71.9342 10.6699
v  94.0136 71.9342 10.8823
v  93.7084 71.9342 11.2650
v  93.5995 71.9342 11.7423
v  93.7084 71.9342 12.2196
v  94.0136 71.9342 12.6023
v  94.4547 71.9342 12.8147
v  94.9443 71.9342 12.8147
v  95.3853 71.9342 12.6023
v  95.6906 71.9342 12.2196
v  95.6664 71.8342 11.2766
v  95.7727 71.8342 11.7423
v  95.3686 71.8342 10.9032
v  94.9383 71.8342 10.6960
v  94.4607 71.8342 10.6960
v  94.0303 71.8342 10.9032
v  93.7326 71.8342 11.2766
v  93.6263 71.8342 11.7423
v  93.7326 71.8342 12.2079
v  94.0303 71.8342 12.5813
v  94.4607 71.8342 12.7886
v  94.9383 71.8342 12.7886
v  95.3686 71.8342 12.5813
v  95.6664 71.8342 12.2079
v  95.6005 71.7610 11.3084
v  95.6995 71.7610 11.7423
v  95.3230 71.7610 10.9604
v  94.9220 71.7610 10.7674
v  94.4770 71.7610 10.7674
v  94.0760 71.7610 10.9604
v  93.7985 71.7610 11.3084
v  93.6995 71.7610 11.7423
v  93.7985 71.7610 12.1762
v  94.0760 71.7610 12.5241
v  94.4770 71.7610 12.7172
v  94.9220 71.7610 12.7172
v  95.3230 71.7610 12.5241
v  95.6005 71.7610 12.1762
v  95.5104 71.7342 11.3518
v  95.5995 71.7342 11.7423
v  95.2606 71.7342 11.0386
v  94.8998 71.7342 10.8648
v  94.4992 71.7342 10.8648
v  94.1383 71.7342 11.0386
v  93.8886 71.7342 11.3518
v  93.7995 71.7342 11.7423
v  93.8886 71.7342 12.1328
v  94.1383 71.7342 12.4459
v  94.4992 71.7342 12.6197
v  94.8998 71.7342 12.6197
v  95.2606 71.7342 12.4459
v  95.5104 71.7342 12.1328
v  94.6995 71.7342 11.7423
# 114 vertices

vn 0.0000 1.0000 -0.0000
vn 0.1488 0.9889 -0.0000
vn 0.1340 0.9889 -0.0645
vn 0.0927 0.9889 -0.1163
vn 0.0331 0.9889 -0.1450
vn -0.0331 0.9889 -0.1450
vn -0.0927 0.9889 -0.1163
vn -0.1340 0.9889 -0.0645
vn -0.1488 0.9889 -0.0000
vn -0.1340 0.9889 0.0645
vn -0.0927 0.9889 0.1163
vn -0.0331 0.9889 0.1450
vn 0.0331 0.9889 0.1450
vn 0.0927 0.9889 0.1163
vn 0.1340 0.9889 0.0645
vn 0.4745 0.8501 -0.2285
vn 0.5267 0.8501 -0.0000
vn 0.3284 0.8501 -0.4118
vn 0.1172 0.8501 -0.5135
vn -0.1172 0.8501 -0.5135
vn -0.3284 0.8501 -0.4118
vn -0.4745 0.8501 -0.2285
vn -0.5267 0.8501 -0.0000
vn -0.4745 0.8501 0.2285
vn -0.3284 0.8501 0.4118
vn -0.1172 0.8501 0.5135
vn 0.1172 0.8501 0.5135
vn 0.3284 0.8501 0.4118
vn 0.4745 0.8501 0.2285
vn 0.7880 0.4847 -0.3795
vn 0.8747 0.4847 -0.0000
vn 0.5453 0.4847 -0.6838
vn 0.1946 0.4847 -0.8527
vn -0.1946 0.4847 -0.8527
vn -0.5453 0.4847 -0.6838
vn -0.7880 0.4847 -0.3795
vn -0.8747 0.4847 -0.0000
vn -0.7880 0.4847 0.3795
vn -0.5453 0.4847 0.6838
vn -0.1946 0.4847 0.8527
vn 0.1946 0.4847 0.8527
vn 0.5453 0.4847 0.6838
vn 0.7880 0.4847 0.3795
vn 0.8935 0.1282 -0.4303
vn 0.9917 0.1282 -0.0000
vn 0.6183 0.1282 -0.7754
vn 0.2207 0.1282 -0.9669
vn -0.2207 0.1282 -0.9669
vn -0.6183 0.1282 -0.7754
vn -0.8935 0.1282 -0.4303
vn -0.9917 0.1282 -0.0000
vn -0.8935 0.1282 0.4303
vn -0.6183 0.1282 0.7754
vn -0.2207 0.1282 0.9669
vn 0.2207 0.1282 0.9669
vn 0.6183 0.1282 0.7754
vn 0.8935 0.1282 0.4303
vn 0.8935 -0.1282 -0.4303
vn 0.9917 -0.1282 -0.0000
vn 0.6183 -0.1282 -0.7754
vn 0.2207 -0.1282 -0.9669
vn -0.2207 -0.1282 -0.9669
vn -0.6183 -0.1282 -0.7754
vn -0.8935 -0.1282 -0.4303
vn -0.9917 -0.1282 -0.0000
vn -0.8935 -0.1282 0.4303
vn -0.6183 -0.1282 0.7754
vn -0.2207 -0.1282 0.9669
vn 0.2207 -0.1282 0.9669
vn 0.6183 -0.1282 0.7754
vn 0.8935 -0.1282 0.4303
vn 0.7880 -0.4847 -0.3795
vn 0.8747 -0.4847 -0.0000
vn 0.5453 -0.4847 -0.6838
vn 0.1946 -0.4847 -0.8527
vn -0.1946 -0.4847 -0.8527
vn -0.5453 -0.4847 -0.6838
vn -0.7880 -0.4847 -0.3795
vn -0.8747 -0.4847 -0.0000
vn -0.7880 -0.4847 0.3795
vn -0.5453 -0.4847 0.6838
vn -0.1946 -0.4847 0.8527
vn 0.1946 -0.4847 0.8527
vn 0.5453 -0.4847 0.6838
vn 0.7880 -0.4847 0.3795
vn 0.4745 -0.8501 -0.2285
vn 0.5267 -0.8501 -0.0000
vn 0.3284 -0.8501 -0.4118
vn 0.1172 -0.8501 -0.5135
vn -0.1172 -0.8501 -0.5135
vn -0.3284 -0.8501 -0.4118
vn -0.4745 -0.8501 -0.2285
vn -0.5267 -0.8501 -0.0000
vn -0.4745 -0.8501 0.2285
vn -0.3284 -0.8501 0.4118
vn -0.1172 -0.8501 0.5135
vn 0.1172 -0.8501 0.5135
vn 0.3284 -0.8501 0.4118
vn 0.4745 -0.8501 0.2285
vn 0.1340 -0.9889 -0.0645
vn 0.1488 -0.9889 -0.0000
vn 0.0927 -0.9889 -0.1163
vn 0.0331 -0.9889 -0.1450
vn -0.0331 -0.9889 -0.1450
vn -0.0927 -0.9889 -0.1163
vn -0.1340 -0.9889 -0.0645
vn -0.1488 -0.9889 -0.0000
vn -0.1340 -0.9889 0.0645
vn -0.0927 -0.9889 0.1163
vn -0.0331 -0.9889 0.1450
vn 0.0331 -0.9889 0.1450
vn 0.0927 -0.9889 0.1163
vn 0.1340 -0.9889 0.0645
vn 0.0000 -1.0000 -0.0000
# 114 vertex normals

vt 0.9797 0.9272 0.0000
vt 0.9847 0.9272 0.0000
vt 0.9842 0.9535 0.0000
vt 0.9828 0.9746 0.0000
vt 0.9808 0.9864 0.0000
vt 0.9786 0.9864 0.0000
vt 0.9767 0.9746 0.0000
vt 0.9753 0.9535 0.0000
vt 0.9748 0.9272 0.0000
vt 0.9753 0.9009 0.0000
vt 0.9767 0.8798 0.0000
vt 0.9786 0.8681 0.0000
vt 0.9808 0.8681 0.0000
vt 0.9828 0.8798 0.0000
vt 0.9842 0.9009 0.0000
vt 0.9847 0.9565 0.0000
vt 0.9852 0.9272 0.0000
vt 0.9832 0.9799 0.0000
vt 0.9810 0.9929 0.0000
vt 0.9785 0.9929 0.0000
vt 0.9763 0.9799 0.0000
vt 0.9748 0.9565 0.0000
vt 0.9743 0.9272 0.0000
vt 0.9748 0.8980 0.0000
vt 0.9763 0.8746 0.0000
vt 0.9785 0.8615 0.0000
vt 0.9810 0.8615 0.0000
vt 0.9832 0.8746 0.0000
vt 0.9847 0.8980 0.0000
vt 0.9850 0.9586 0.0000
vt 0.9856 0.9272 0.0000
vt 0.9834 0.9838 0.0000
vt 0.0189 0.9943 0.0000
vt 0.0190 0.9981 0.0000
vt 0.0168 0.9981 0.0000
vt 0.0166 0.9943 0.0000
vt 0.0216 0.9943 0.0000
vt 0.0215 0.9981 0.0000
vt 0.0239 0.9943 0.0000
vt 0.0237 0.9981 0.0000
vt 0.9744 0.9586 0.0000
vt 0.9761 0.9838 0.0000
vt 0.9739 0.9272 0.0000
vt 0.9744 0.8959 0.0000
vt 0.9761 0.8707 0.0000
vt 0.9784 0.9943 0.0000
vt 0.9785 0.9981 0.0000
vt 0.9763 0.9981 0.0000
vt 0.9761 0.9943 0.0000
vt 0.9811 0.9943 0.0000
vt 0.9810 0.9981 0.0000
vt 0.9834 0.9943 0.0000
vt 0.9832 0.9981 0.0000
vt 0.9850 0.8959 0.0000
vt 0.9834 0.8707 0.0000
vt 0.0148 0.9892 0.0000
vt 0.0150 0.9943 0.0000
vt 0.0144 0.9943 0.0000
vt 0.0142 0.9892 0.0000
vt 0.0165 0.9892 0.0000
vt 0.0189 0.9892 0.0000
vt 0.0216 0.9892 0.0000
vt 0.0240 0.9892 0.0000
vt 0.0257 0.9892 0.0000
vt 0.0256 0.9943 0.0000
vt 0.0263 0.9892 0.0000
vt 0.0261 0.9943 0.0000
vt 0.9743 0.9892 0.0000
vt 0.9744 0.9943 0.0000
vt 0.9739 0.9943 0.0000
vt 0.9737 0.9892 0.0000
vt 0.9760 0.9892 0.0000
vt 0.9784 0.9892 0.0000
vt 0.9811 0.9892 0.0000
vt 0.9835 0.9892 0.0000
vt 0.9852 0.9892 0.0000
vt 0.9850 0.9943 0.0000
vt 0.9858 0.9892 0.0000
vt 0.9856 0.9943 0.0000
vt 0.0148 0.0108 0.0000
vt 0.0142 0.0108 0.0000
vt 0.0165 0.0108 0.0000
vt 0.0189 0.0108 0.0000
vt 0.0216 0.0108 0.0000
vt 0.0240 0.0108 0.0000
vt 0.0257 0.0108 0.0000
vt 0.0263 0.0108 0.0000
vt 0.9743 0.0108 0.0000
vt 0.9737 0.0108 0.0000
vt 0.9760 0.0108 0.0000
vt 0.9784 0.0108 0.0000
vt 0.9811 0.0108 0.0000
vt 0.9835 0.0108 0.0000
vt 0.9852 0.0108 0.0000
vt 0.9858 0.0108 0.0000
vt 0.0150 0.0057 0.0000
vt 0.0144 0.0057 0.0000
vt 0.0166 0.0057 0.0000
vt 0.0189 0.0057 0.0000
vt 0.0216 0.0057 0.0000
vt 0.0239 0.0057 0.0000
vt 0.0256 0.0057 0.0000
vt 0.0261 0.0057 0.0000
vt 0.9744 0.0057 0.0000
vt 0.9739 0.0057 0.0000
vt 0.9761 0.0057 0.0000
vt 0.9784 0.0057 0.0000
vt 0.9811 0.0057 0.0000
vt 0.9834 0.0057 0.0000
vt 0.9850 0.0057 0.0000
vt 0.9856 0.0057 0.0000
vt 0.0153 0.9565 0.0000
vt 0.0150 0.9586 0.0000
vt 0.0144 0.9272 0.0000
vt 0.0148 0.9272 0.0000
vt 0.0168 0.9799 0.0000
vt 0.0166 0.9838 0.0000
vt 0.0190 0.0019 0.0000
vt 0.0168 0.0019 0.0000
vt 0.0215 0.0019 0.0000
vt 0.0237 0.0019 0.0000
vt 0.0252 0.9565 0.0000
vt 0.0256 0.9586 0.0000
vt 0.0239 0.9838 0.0000
vt 0.0237 0.9799 0.0000
vt 0.0257 0.9272 0.0000
vt 0.0261 0.9272 0.0000
vt 0.0252 0.8980 0.0000
vt 0.0256 0.8959 0.0000
vt 0.0237 0.8746 0.0000
vt 0.0239 0.8707 0.0000
vt 0.9785 0.0019 0.0000
vt 0.9763 0.0019 0.0000
vt 0.9810 0.0019 0.0000
vt 0.9832 0.0019 0.0000
vt 0.0153 0.8980 0.0000
vt 0.0150 0.8959 0.0000
vt 0.0166 0.8707 0.0000
vt 0.0168 0.8746 0.0000
vt 0.0158 0.9535 0.0000
vt 0.0153 0.9272 0.0000
vt 0.0172 0.9746 0.0000
vt 0.0192 0.9864 0.0000
vt 0.0190 0.9929 0.0000
vt 0.0214 0.9864 0.0000
vt 0.0215 0.9929 0.0000
vt 0.0233 0.9746 0.0000
vt 0.0247 0.9535 0.0000
vt 0.0252 0.9272 0.0000
vt 0.0247 0.9009 0.0000
vt 0.0233 0.8798 0.0000
vt 0.0214 0.8681 0.0000
vt 0.0215 0.8615 0.0000
vt 0.0192 0.8681 0.0000
vt 0.0190 0.8615 0.0000
vt 0.0172 0.8798 0.0000
vt 0.0158 0.9009 0.0000
vt 0.0203 0.9272 0.0000
# 158 texture coords

g Archmodels_vol_89_001_3
usemtl wire_127127127
s off
f 499/614/603 500/615/604 501/616/605 
f 499/614/603 501/616/605 502/617/606 
f 499/614/603 502/617/606 503/618/607 
f 499/614/603 503/618/607 504/619/608 
f 499/614/603 504/619/608 505/620/609 
f 499/614/603 505/620/609 506/621/610 
f 499/614/603 506/621/610 507/622/611 
f 499/614/603 507/622/611 508/623/612 
f 499/614/603 508/623/612 509/624/613 
f 499/614/603 509/624/613 510/625/614 
f 499/614/603 510/625/614 511/626/615 
f 499/614/603 511/626/615 512/627/616 
f 499/614/603 512/627/616 513/628/617 
f 499/614/603 513/628/617 500/615/604 
f 514/629/618 501/616/605 500/615/604 515/630/619 
f 516/631/620 502/617/606 501/616/605 514/629/618 
f 517/632/621 503/618/607 502/617/606 516/631/620 
f 518/633/622 504/619/608 503/618/607 517/632/621 
f 519/634/623 505/620/609 504/619/608 518/633/622 
f 520/635/624 506/621/610 505/620/609 519/634/623 
f 521/636/625 507/622/611 506/621/610 520/635/624 
f 522/637/626 508/623/612 507/622/611 521/636/625 
f 523/638/627 509/624/613 508/623/612 522/637/626 
f 524/639/628 510/625/614 509/624/613 523/638/627 
f 525/640/629 511/626/615 510/625/614 524/639/628 
f 526/641/630 512/627/616 511/626/615 525/640/629 
f 527/642/631 513/628/617 512/627/616 526/641/630 
f 515/630/619 500/615/604 513/628/617 527/642/631 
f 528/643/632 514/629/618 515/630/619 529/644/633 
f 530/645/634 516/631/620 514/629/618 528/643/632 
f 531/646/635 517/647/621 516/648/620 530/649/634 
f 532/650/636 518/651/622 517/647/621 531/646/635 
f 533/652/637 519/653/623 518/651/622 532/650/636 
f 534/654/638 520/635/624 519/634/623 533/655/637 
f 535/656/639 521/636/625 520/635/624 534/654/638 
f 536/657/640 522/637/626 521/636/625 535/656/639 
f 537/658/641 523/638/627 522/637/626 536/657/640 
f 538/659/642 524/660/628 523/661/627 537/662/641 
f 539/663/643 525/664/629 524/660/628 538/659/642 
f 540/665/644 526/666/630 525/664/629 539/663/643 
f 541/667/645 527/642/631 526/641/630 540/668/644 
f 529/644/633 515/630/619 527/642/631 541/667/645 
f 542/669/646 528/670/632 529/671/633 543/672/647 
f 544/673/648 530/649/634 528/670/632 542/669/646 
f 545/674/649 531/646/635 530/649/634 544/673/648 
f 546/675/650 532/650/636 531/646/635 545/674/649 
f 547/676/651 533/652/637 532/650/636 546/675/650 
f 548/677/652 534/678/638 533/652/637 547/676/651 
f 549/679/653 535/680/639 534/678/638 548/677/652 
f 550/681/654 536/682/640 535/683/639 549/684/653 
f 551/685/655 537/662/641 536/682/640 550/681/654 
f 552/686/656 538/659/642 537/662/641 551/685/655 
f 553/687/657 539/663/643 538/659/642 552/686/656 
f 554/688/658 540/665/644 539/663/643 553/687/657 
f 555/689/659 541/690/645 540/665/644 554/688/658 
f 543/691/647 529/692/633 541/690/645 555/689/659 
f 556/693/660 542/669/646 543/672/647 557/694/661 
f 558/695/662 544/673/648 542/669/646 556/693/660 
f 559/696/663 545/674/649 544/673/648 558/695/662 
f 560/697/664 546/675/650 545/674/649 559/696/663 
f 561/698/665 547/676/651 546/675/650 560/697/664 
f 562/699/666 548/677/652 547/676/651 561/698/665 
f 563/700/667 549/679/653 548/677/652 562/699/666 
f 564/701/668 550/681/654 549/684/653 563/702/667 
f 565/703/669 551/685/655 550/681/654 564/701/668 
f 566/704/670 552/686/656 551/685/655 565/703/669 
f 567/705/671 553/687/657 552/686/656 566/704/670 
f 568/706/672 554/688/658 553/687/657 567/705/671 
f 569/707/673 555/689/659 554/688/658 568/706/672 
f 557/708/661 543/691/647 555/689/659 569/707/673 
f 570/709/674 556/693/660 557/694/661 571/710/675 
f 572/711/676 558/695/662 556/693/660 570/709/674 
f 573/712/677 559/696/663 558/695/662 572/711/676 
f 574/713/678 560/697/664 559/696/663 573/712/677 
f 575/714/679 561/698/665 560/697/664 574/713/678 
f 576/715/680 562/699/666 561/698/665 575/714/679 
f 577/716/681 563/700/667 562/699/666 576/715/680 
f 578/717/682 564/701/668 563/702/667 577/718/681 
f 579/719/683 565/703/669 564/701/668 578/717/682 
f 580/720/684 566/704/670 565/703/669 579/719/683 
f 581/721/685 567/705/671 566/704/670 580/720/684 
f 582/722/686 568/706/672 567/705/671 581/721/685 
f 583/723/687 569/707/673 568/706/672 582/722/686 
f 571/724/675 557/708/661 569/707/673 583/723/687 
f 584/725/688 570/726/674 571/727/675 585/728/689 
f 586/729/690 572/730/676 570/726/674 584/725/688 
f 587/731/691 573/712/677 572/711/676 586/732/690 
f 588/733/692 574/713/678 573/712/677 587/731/691 
f 589/734/693 575/714/679 574/713/678 588/733/692 
f 590/735/694 576/736/680 575/737/679 589/738/693 
f 591/739/695 577/740/681 576/736/680 590/735/694 
f 592/741/696 578/742/682 577/740/681 591/739/695 
f 593/743/697 579/744/683 578/742/682 592/741/696 
f 594/745/698 580/720/684 579/719/683 593/746/697 
f 595/747/699 581/721/685 580/720/684 594/745/698 
f 596/748/700 582/722/686 581/721/685 595/747/699 
f 597/749/701 583/750/687 582/751/686 596/752/700 
f 585/728/689 571/727/675 583/750/687 597/749/701 
f 598/753/702 584/725/688 585/728/689 599/754/703 
f 600/755/704 586/729/690 584/725/688 598/753/702 
f 601/756/705 587/757/691 586/729/690 600/755/704 
f 602/758/706 588/759/692 587/757/691 601/756/705 
f 603/760/707 589/738/693 588/759/692 602/758/706 
f 604/761/708 590/735/694 589/738/693 603/760/707 
f 605/762/709 591/739/695 590/735/694 604/761/708 
f 606/763/710 592/741/696 591/739/695 605/762/709 
f 607/764/711 593/743/697 592/741/696 606/763/710 
f 608/765/712 594/766/698 593/743/697 607/764/711 
f 609/767/713 595/768/699 594/766/698 608/765/712 
f 610/769/714 596/752/700 595/768/699 609/767/713 
f 611/770/715 597/749/701 596/752/700 610/769/714 
f 599/754/703 585/728/689 597/749/701 611/770/715 
f 599/754/703 612/771/716 598/753/702 
f 598/753/702 612/771/716 600/755/704 
f 600/755/704 612/771/716 601/756/705 
f 601/756/705 612/771/716 602/758/706 
f 602/758/706 612/771/716 603/760/707 
f 603/760/707 612/771/716 604/761/708 
f 604/761/708 612/771/716 605/762/709 
f 605/762/709 612/771/716 606/763/710 
f 606/763/710 612/771/716 607/764/711 
f 607/764/711 612/771/716 608/765/712 
f 608/765/712 612/771/716 609/767/713 
f 609/767/713 612/771/716 610/769/714 
f 610/769/714 612/771/716 611/770/715 
f 611/770/715 612/771/716 599/754/703 
# 98 polygons - 28 triangles

#
# object Archmodels_vol_89_001_4
#

v  97.1995 91.0698 22.8165
v  98.0995 91.0698 22.8165
v  98.0104 91.0698 22.4260
v  97.7606 91.0698 22.1128
v  97.3998 91.0698 21.9391
v  96.9992 91.0698 21.9391
v  96.6384 91.0698 22.1128
v  96.3886 91.0698 22.4260
v  96.2995 91.0698 22.8165
v  96.3886 91.0698 23.2070
v  96.6384 91.0698 23.5201
v  96.9992 91.0698 23.6939
v  97.3998 91.0698 23.6939
v  97.7606 91.0698 23.5201
v  98.0104 91.0698 23.2070
v  98.1005 91.0430 22.3826
v  98.1995 91.0430 22.8165
v  97.8230 91.0430 22.0347
v  97.4220 91.0430 21.8416
v  96.9770 91.0430 21.8416
v  96.5760 91.0430 22.0347
v  96.2985 91.0430 22.3826
v  96.1995 91.0430 22.8165
v  96.2985 91.0430 23.2504
v  96.5760 91.0430 23.5983
v  96.9770 91.0430 23.7914
v  97.4220 91.0430 23.7914
v  97.8230 91.0430 23.5983
v  98.1005 91.0430 23.2504
v  98.1664 90.9698 22.3508
v  98.2727 90.9698 22.8165
v  97.8686 90.9698 21.9774
v  97.4383 90.9698 21.7702
v  96.9607 90.9698 21.7702
v  96.5304 90.9698 21.9774
v  96.2326 90.9698 22.3508
v  96.1263 90.9698 22.8165
v  96.2326 90.9698 23.2821
v  96.5304 90.9698 23.6556
v  96.9607 90.9698 23.8628
v  97.4383 90.9698 23.8628
v  97.8686 90.9698 23.6556
v  98.1664 90.9698 23.2821
v  98.1906 90.8698 22.3392
v  98.2995 90.8698 22.8165
v  97.8853 90.8698 21.9565
v  97.4443 90.8698 21.7441
v  96.9547 90.8698 21.7441
v  96.5137 90.8698 21.9565
v  96.2084 90.8698 22.3392
v  96.0995 90.8698 22.8165
v  96.2084 90.8698 23.2938
v  96.5137 90.8698 23.6765
v  96.9547 90.8698 23.8889
v  97.4443 90.8698 23.8889
v  97.8853 90.8698 23.6765
v  98.1906 90.8698 23.2938
v  98.1906 71.9342 22.3392
v  98.2995 71.9342 22.8165
v  97.8853 71.9342 21.9565
v  97.4443 71.9342 21.7441
v  96.9547 71.9342 21.7441
v  96.5137 71.9342 21.9565
v  96.2084 71.9342 22.3392
v  96.0995 71.9342 22.8165
v  96.2084 71.9342 23.2938
v  96.5137 71.9342 23.6765
v  96.9547 71.9342 23.8889
v  97.4443 71.9342 23.8889
v  97.8853 71.9342 23.6765
v  98.1906 71.9342 23.2938
v  98.1664 71.8342 22.3508
v  98.2727 71.8342 22.8165
v  97.8686 71.8342 21.9774
v  97.4383 71.8342 21.7702
v  96.9607 71.8342 21.7702
v  96.5304 71.8342 21.9774
v  96.2326 71.8342 22.3508
v  96.1263 71.8342 22.8165
v  96.2326 71.8342 23.2821
v  96.5304 71.8342 23.6556
v  96.9607 71.8342 23.8628
v  97.4383 71.8342 23.8628
v  97.8686 71.8342 23.6556
v  98.1664 71.8342 23.2821
v  98.1005 71.7610 22.3826
v  98.1995 71.7610 22.8165
v  97.8230 71.7610 22.0347
v  97.4220 71.7610 21.8416
v  96.9770 71.7610 21.8416
v  96.5760 71.7610 22.0347
v  96.2985 71.7610 22.3826
v  96.1995 71.7610 22.8165
v  96.2985 71.7610 23.2504
v  96.5760 71.7610 23.5983
v  96.9770 71.7610 23.7914
v  97.4220 71.7610 23.7914
v  97.8230 71.7610 23.5983
v  98.1005 71.7610 23.2504
v  98.0104 71.7342 22.4260
v  98.0995 71.7342 22.8165
v  97.7606 71.7342 22.1128
v  97.3998 71.7342 21.9391
v  96.9992 71.7342 21.9391
v  96.6384 71.7342 22.1128
v  96.3886 71.7342 22.4260
v  96.2995 71.7342 22.8165
v  96.3886 71.7342 23.2070
v  96.6384 71.7342 23.5201
v  96.9992 71.7342 23.6939
v  97.3998 71.7342 23.6939
v  97.7606 71.7342 23.5201
v  98.0104 71.7342 23.2070
v  97.1995 71.7342 22.8165
# 114 vertices

vn 0.0000 1.0000 -0.0000
vn 0.1488 0.9889 -0.0000
vn 0.1340 0.9889 -0.0645
vn 0.0927 0.9889 -0.1163
vn 0.0331 0.9889 -0.1450
vn -0.0331 0.9889 -0.1450
vn -0.0927 0.9889 -0.1163
vn -0.1340 0.9889 -0.0645
vn -0.1488 0.9889 -0.0000
vn -0.1340 0.9889 0.0645
vn -0.0927 0.9889 0.1163
vn -0.0331 0.9889 0.1450
vn 0.0331 0.9889 0.1450
vn 0.0927 0.9889 0.1163
vn 0.1340 0.9889 0.0645
vn 0.4745 0.8501 -0.2285
vn 0.5267 0.8501 -0.0000
vn 0.3284 0.8501 -0.4118
vn 0.1172 0.8501 -0.5135
vn -0.1172 0.8501 -0.5135
vn -0.3284 0.8501 -0.4118
vn -0.4745 0.8501 -0.2285
vn -0.5267 0.8501 -0.0000
vn -0.4745 0.8501 0.2285
vn -0.3284 0.8501 0.4118
vn -0.1172 0.8501 0.5135
vn 0.1172 0.8501 0.5135
vn 0.3284 0.8501 0.4118
vn 0.4745 0.8501 0.2285
vn 0.7880 0.4847 -0.3795
vn 0.8747 0.4847 -0.0000
vn 0.5453 0.4847 -0.6838
vn 0.1946 0.4847 -0.8527
vn -0.1946 0.4847 -0.8527
vn -0.5453 0.4847 -0.6838
vn -0.7880 0.4847 -0.3795
vn -0.8747 0.4847 -0.0000
vn -0.7880 0.4847 0.3795
vn -0.5453 0.4847 0.6838
vn -0.1946 0.4847 0.8527
vn 0.1946 0.4847 0.8527
vn 0.5453 0.4847 0.6838
vn 0.7880 0.4847 0.3795
vn 0.8935 0.1282 -0.4303
vn 0.9917 0.1282 -0.0000
vn 0.6183 0.1282 -0.7754
vn 0.2207 0.1282 -0.9669
vn -0.2207 0.1282 -0.9669
vn -0.6183 0.1282 -0.7754
vn -0.8935 0.1282 -0.4303
vn -0.9917 0.1282 -0.0000
vn -0.8935 0.1282 0.4303
vn -0.6183 0.1282 0.7754
vn -0.2207 0.1282 0.9669
vn 0.2207 0.1282 0.9669
vn 0.6183 0.1282 0.7754
vn 0.8935 0.1282 0.4303
vn 0.8935 -0.1282 -0.4303
vn 0.9917 -0.1282 -0.0000
vn 0.6183 -0.1282 -0.7754
vn 0.2207 -0.1282 -0.9669
vn -0.2207 -0.1282 -0.9669
vn -0.6183 -0.1282 -0.7754
vn -0.8935 -0.1282 -0.4303
vn -0.9917 -0.1282 -0.0000
vn -0.8935 -0.1282 0.4303
vn -0.6183 -0.1282 0.7754
vn -0.2207 -0.1282 0.9669
vn 0.2207 -0.1282 0.9669
vn 0.6183 -0.1282 0.7754
vn 0.8935 -0.1282 0.4303
vn 0.7880 -0.4847 -0.3795
vn 0.8747 -0.4847 -0.0000
vn 0.5453 -0.4847 -0.6838
vn 0.1946 -0.4847 -0.8527
vn -0.1946 -0.4847 -0.8527
vn -0.5453 -0.4847 -0.6838
vn -0.7880 -0.4847 -0.3795
vn -0.8747 -0.4847 -0.0000
vn -0.7880 -0.4847 0.3795
vn -0.5453 -0.4847 0.6838
vn -0.1946 -0.4847 0.8527
vn 0.1946 -0.4847 0.8527
vn 0.5453 -0.4847 0.6838
vn 0.7880 -0.4847 0.3795
vn 0.4745 -0.8501 -0.2285
vn 0.5267 -0.8501 -0.0000
vn 0.3284 -0.8501 -0.4118
vn 0.1172 -0.8501 -0.5135
vn -0.1172 -0.8501 -0.5135
vn -0.3284 -0.8501 -0.4118
vn -0.4745 -0.8501 -0.2285
vn -0.5267 -0.8501 -0.0000
vn -0.4745 -0.8501 0.2285
vn -0.3284 -0.8501 0.4118
vn -0.1172 -0.8501 0.5135
vn 0.1172 -0.8501 0.5135
vn 0.3284 -0.8501 0.4118
vn 0.4745 -0.8501 0.2285
vn 0.1340 -0.9889 -0.0645
vn 0.1488 -0.9889 -0.0000
vn 0.0927 -0.9889 -0.1163
vn 0.0331 -0.9889 -0.1450
vn -0.0331 -0.9889 -0.1450
vn -0.0927 -0.9889 -0.1163
vn -0.1340 -0.9889 -0.0645
vn -0.1488 -0.9889 -0.0000
vn -0.1340 -0.9889 0.0645
vn -0.0927 -0.9889 0.1163
vn -0.0331 -0.9889 0.1450
vn 0.0331 -0.9889 0.1450
vn 0.0927 -0.9889 0.1163
vn 0.1340 -0.9889 0.0645
vn 0.0000 -1.0000 -0.0000
# 114 vertex normals

vt 0.9935 0.1811 0.0000
vt 0.9984 0.1811 0.0000
vt 0.9979 0.2074 0.0000
vt 0.9965 0.2285 0.0000
vt 0.9946 0.2402 0.0000
vt 0.9924 0.2402 0.0000
vt 0.9904 0.2285 0.0000
vt 0.9890 0.2074 0.0000
vt 0.9885 0.1811 0.0000
vt 0.9890 0.1547 0.0000
vt 0.9904 0.1336 0.0000
vt 0.9924 0.1219 0.0000
vt 0.9946 0.1219 0.0000
vt 0.9965 0.1336 0.0000
vt 0.9979 0.1547 0.0000
vt 0.9984 0.2103 0.0000
vt 0.9990 0.1811 0.0000
vt 0.9969 0.2337 0.0000
vt 0.9947 0.2468 0.0000
vt 0.9922 0.2468 0.0000
vt 0.9900 0.2337 0.0000
vt 0.9885 0.2103 0.0000
vt 0.9880 0.1811 0.0000
vt 0.9885 0.1518 0.0000
vt 0.9900 0.1284 0.0000
vt 0.9922 0.1154 0.0000
vt 0.9947 0.1154 0.0000
vt 0.9969 0.1284 0.0000
vt 0.9984 0.1518 0.0000
vt 0.9988 0.2124 0.0000
vt 0.9994 0.1811 0.0000
vt 0.9971 0.2376 0.0000
vt 0.0052 0.9943 0.0000
vt 0.0053 0.9981 0.0000
vt 0.0031 0.9981 0.0000
vt 0.0029 0.9943 0.0000
vt 0.0078 0.9943 0.0000
vt 0.0078 0.9981 0.0000
vt 0.0102 0.9943 0.0000
vt 0.0100 0.9981 0.0000
vt 0.9882 0.2124 0.0000
vt 0.9898 0.2376 0.0000
vt 0.9876 0.1811 0.0000
vt 0.9882 0.1497 0.0000
vt 0.9898 0.1245 0.0000
vt 0.9922 0.9943 0.0000
vt 0.9922 0.9981 0.0000
vt 0.9900 0.9981 0.0000
vt 0.9898 0.9943 0.0000
vt 0.9948 0.9943 0.0000
vt 0.9947 0.9981 0.0000
vt 0.9971 0.9943 0.0000
vt 0.9969 0.9981 0.0000
vt 0.9988 0.1497 0.0000
vt 0.9971 0.1245 0.0000
vt 0.0011 0.9892 0.0000
vt 0.0012 0.9943 0.0000
vt 0.0006 0.9943 0.0000
vt 0.0005 0.9892 0.0000
vt 0.0028 0.9892 0.0000
vt 0.0052 0.9892 0.0000
vt 0.0079 0.9892 0.0000
vt 0.0103 0.9892 0.0000
vt 0.0120 0.9892 0.0000
vt 0.0118 0.9943 0.0000
vt 0.0126 0.9892 0.0000
vt 0.0124 0.9943 0.0000
vt 0.9880 0.9892 0.0000
vt 0.9882 0.9943 0.0000
vt 0.9876 0.9943 0.0000
vt 0.9874 0.9892 0.0000
vt 0.9897 0.9892 0.0000
vt 0.9921 0.9892 0.0000
vt 0.9948 0.9892 0.0000
vt 0.9972 0.9892 0.0000
vt 0.9989 0.9892 0.0000
vt 0.9988 0.9943 0.0000
vt 0.9995 0.9892 0.0000
vt 0.9994 0.9943 0.0000
vt 0.0011 0.0108 0.0000
vt 0.0005 0.0108 0.0000
vt 0.0028 0.0108 0.0000
vt 0.0052 0.0108 0.0000
vt 0.0079 0.0108 0.0000
vt 0.0103 0.0108 0.0000
vt 0.0120 0.0108 0.0000
vt 0.0126 0.0108 0.0000
vt 0.9880 0.0108 0.0000
vt 0.9874 0.0108 0.0000
vt 0.9897 0.0108 0.0000
vt 0.9921 0.0108 0.0000
vt 0.9948 0.0108 0.0000
vt 0.9972 0.0108 0.0000
vt 0.9989 0.0108 0.0000
vt 0.9995 0.0108 0.0000
vt 0.0012 0.0057 0.0000
vt 0.0006 0.0057 0.0000
vt 0.0029 0.0057 0.0000
vt 0.0052 0.0057 0.0000
vt 0.0078 0.0057 0.0000
vt 0.0102 0.0057 0.0000
vt 0.0118 0.0057 0.0000
vt 0.0124 0.0057 0.0000
vt 0.9882 0.0057 0.0000
vt 0.9876 0.0057 0.0000
vt 0.9898 0.0057 0.0000
vt 0.9922 0.0057 0.0000
vt 0.9948 0.0057 0.0000
vt 0.9971 0.0057 0.0000
vt 0.9988 0.0057 0.0000
vt 0.9994 0.0057 0.0000
vt 0.0016 0.2103 0.0000
vt 0.0012 0.2124 0.0000
vt 0.0006 0.1811 0.0000
vt 0.0010 0.1811 0.0000
vt 0.0031 0.2337 0.0000
vt 0.0029 0.2376 0.0000
vt 0.0053 0.0019 0.0000
vt 0.0031 0.0019 0.0000
vt 0.0078 0.0019 0.0000
vt 0.0100 0.0019 0.0000
vt 0.0115 0.2103 0.0000
vt 0.0118 0.2124 0.0000
vt 0.0102 0.2376 0.0000
vt 0.0100 0.2337 0.0000
vt 0.0120 0.1811 0.0000
vt 0.0124 0.1811 0.0000
vt 0.0115 0.1518 0.0000
vt 0.0118 0.1497 0.0000
vt 0.0100 0.1284 0.0000
vt 0.0102 0.1245 0.0000
vt 0.9922 0.0019 0.0000
vt 0.9900 0.0019 0.0000
vt 0.9947 0.0019 0.0000
vt 0.9969 0.0019 0.0000
vt 0.0016 0.1518 0.0000
vt 0.0012 0.1497 0.0000
vt 0.0029 0.1245 0.0000
vt 0.0031 0.1284 0.0000
vt 0.0021 0.2074 0.0000
vt 0.0016 0.1811 0.0000
vt 0.0035 0.2285 0.0000
vt 0.0054 0.2402 0.0000
vt 0.0053 0.2468 0.0000
vt 0.0076 0.2402 0.0000
vt 0.0078 0.2468 0.0000
vt 0.0096 0.2285 0.0000
vt 0.0110 0.2074 0.0000
vt 0.0115 0.1811 0.0000
vt 0.0110 0.1547 0.0000
vt 0.0096 0.1336 0.0000
vt 0.0076 0.1219 0.0000
vt 0.0078 0.1154 0.0000
vt 0.0054 0.1219 0.0000
vt 0.0053 0.1154 0.0000
vt 0.0035 0.1336 0.0000
vt 0.0021 0.1547 0.0000
vt 0.0065 0.1811 0.0000
# 158 texture coords

g Archmodels_vol_89_001_4
usemtl wire_127127127
s off
f 613/772/717 614/773/718 615/774/719 
f 613/772/717 615/774/719 616/775/720 
f 613/772/717 616/775/720 617/776/721 
f 613/772/717 617/776/721 618/777/722 
f 613/772/717 618/777/722 619/778/723 
f 613/772/717 619/778/723 620/779/724 
f 613/772/717 620/779/724 621/780/725 
f 613/772/717 621/780/725 622/781/726 
f 613/772/717 622/781/726 623/782/727 
f 613/772/717 623/782/727 624/783/728 
f 613/772/717 624/783/728 625/784/729 
f 613/772/717 625/784/729 626/785/730 
f 613/772/717 626/785/730 627/786/731 
f 613/772/717 627/786/731 614/773/718 
f 628/787/732 615/774/719 614/773/718 629/788/733 
f 630/789/734 616/775/720 615/774/719 628/787/732 
f 631/790/735 617/776/721 616/775/720 630/789/734 
f 632/791/736 618/777/722 617/776/721 631/790/735 
f 633/792/737 619/778/723 618/777/722 632/791/736 
f 634/793/738 620/779/724 619/778/723 633/792/737 
f 635/794/739 621/780/725 620/779/724 634/793/738 
f 636/795/740 622/781/726 621/780/725 635/794/739 
f 637/796/741 623/782/727 622/781/726 636/795/740 
f 638/797/742 624/783/728 623/782/727 637/796/741 
f 639/798/743 625/784/729 624/783/728 638/797/742 
f 640/799/744 626/785/730 625/784/729 639/798/743 
f 641/800/745 627/786/731 626/785/730 640/799/744 
f 629/788/733 614/773/718 627/786/731 641/800/745 
f 642/801/746 628/787/732 629/788/733 643/802/747 
f 644/803/748 630/789/734 628/787/732 642/801/746 
f 645/804/749 631/805/735 630/806/734 644/807/748 
f 646/808/750 632/809/736 631/805/735 645/804/749 
f 647/810/751 633/811/737 632/809/736 646/808/750 
f 648/812/752 634/793/738 633/792/737 647/813/751 
f 649/814/753 635/794/739 634/793/738 648/812/752 
f 650/815/754 636/795/740 635/794/739 649/814/753 
f 651/816/755 637/796/741 636/795/740 650/815/754 
f 652/817/756 638/818/742 637/819/741 651/820/755 
f 653/821/757 639/822/743 638/818/742 652/817/756 
f 654/823/758 640/824/744 639/822/743 653/821/757 
f 655/825/759 641/800/745 640/799/744 654/826/758 
f 643/802/747 629/788/733 641/800/745 655/825/759 
f 656/827/760 642/828/746 643/829/747 657/830/761 
f 658/831/762 644/807/748 642/828/746 656/827/760 
f 659/832/763 645/804/749 644/807/748 658/831/762 
f 660/833/764 646/808/750 645/804/749 659/832/763 
f 661/834/765 647/810/751 646/808/750 660/833/764 
f 662/835/766 648/836/752 647/810/751 661/834/765 
f 663/837/767 649/838/753 648/836/752 662/835/766 
f 664/839/768 650/840/754 649/841/753 663/842/767 
f 665/843/769 651/820/755 650/840/754 664/839/768 
f 666/844/770 652/817/756 651/820/755 665/843/769 
f 667/845/771 653/821/757 652/817/756 666/844/770 
f 668/846/772 654/823/758 653/821/757 667/845/771 
f 669/847/773 655/848/759 654/823/758 668/846/772 
f 657/849/761 643/850/747 655/848/759 669/847/773 
f 670/851/774 656/827/760 657/830/761 671/852/775 
f 672/853/776 658/831/762 656/827/760 670/851/774 
f 673/854/777 659/832/763 658/831/762 672/853/776 
f 674/855/778 660/833/764 659/832/763 673/854/777 
f 675/856/779 661/834/765 660/833/764 674/855/778 
f 676/857/780 662/835/766 661/834/765 675/856/779 
f 677/858/781 663/837/767 662/835/766 676/857/780 
f 678/859/782 664/839/768 663/842/767 677/860/781 
f 679/861/783 665/843/769 664/839/768 678/859/782 
f 680/862/784 666/844/770 665/843/769 679/861/783 
f 681/863/785 667/845/771 666/844/770 680/862/784 
f 682/864/786 668/846/772 667/845/771 681/863/785 
f 683/865/787 669/847/773 668/846/772 682/864/786 
f 671/866/775 657/849/761 669/847/773 683/865/787 
f 684/867/788 670/851/774 671/852/775 685/868/789 
f 686/869/790 672/853/776 670/851/774 684/867/788 
f 687/870/791 673/854/777 672/853/776 686/869/790 
f 688/871/792 674/855/778 673/854/777 687/870/791 
f 689/872/793 675/856/779 674/855/778 688/871/792 
f 690/873/794 676/857/780 675/856/779 689/872/793 
f 691/874/795 677/858/781 676/857/780 690/873/794 
f 692/875/796 678/859/782 677/860/781 691/876/795 
f 693/877/797 679/861/783 678/859/782 692/875/796 
f 694/878/798 680/862/784 679/861/783 693/877/797 
f 695/879/799 681/863/785 680/862/784 694/878/798 
f 696/880/800 682/864/786 681/863/785 695/879/799 
f 697/881/801 683/865/787 682/864/786 696/880/800 
f 685/882/789 671/866/775 683/865/787 697/881/801 
f 698/883/802 684/884/788 685/885/789 699/886/803 
f 700/887/804 686/888/790 684/884/788 698/883/802 
f 701/889/805 687/870/791 686/869/790 700/890/804 
f 702/891/806 688/871/792 687/870/791 701/889/805 
f 703/892/807 689/872/793 688/871/792 702/891/806 
f 704/893/808 690/894/794 689/895/793 703/896/807 
f 705/897/809 691/898/795 690/894/794 704/893/808 
f 706/899/810 692/900/796 691/898/795 705/897/809 
f 707/901/811 693/902/797 692/900/796 706/899/810 
f 708/903/812 694/878/798 693/877/797 707/904/811 
f 709/905/813 695/879/799 694/878/798 708/903/812 
f 710/906/814 696/880/800 695/879/799 709/905/813 
f 711/907/815 697/908/801 696/909/800 710/910/814 
f 699/886/803 685/885/789 697/908/801 711/907/815 
f 712/911/816 698/883/802 699/886/803 713/912/817 
f 714/913/818 700/887/804 698/883/802 712/911/816 
f 715/914/819 701/915/805 700/887/804 714/913/818 
f 716/916/820 702/917/806 701/915/805 715/914/819 
f 717/918/821 703/896/807 702/917/806 716/916/820 
f 718/919/822 704/893/808 703/896/807 717/918/821 
f 719/920/823 705/897/809 704/893/808 718/919/822 
f 720/921/824 706/899/810 705/897/809 719/920/823 
f 721/922/825 707/901/811 706/899/810 720/921/824 
f 722/923/826 708/924/812 707/901/811 721/922/825 
f 723/925/827 709/926/813 708/924/812 722/923/826 
f 724/927/828 710/910/814 709/926/813 723/925/827 
f 725/928/829 711/907/815 710/910/814 724/927/828 
f 713/912/817 699/886/803 711/907/815 725/928/829 
f 713/912/817 726/929/830 712/911/816 
f 712/911/816 726/929/830 714/913/818 
f 714/913/818 726/929/830 715/914/819 
f 715/914/819 726/929/830 716/916/820 
f 716/916/820 726/929/830 717/918/821 
f 717/918/821 726/929/830 718/919/822 
f 718/919/822 726/929/830 719/920/823 
f 719/920/823 726/929/830 720/921/824 
f 720/921/824 726/929/830 721/922/825 
f 721/922/825 726/929/830 722/923/826 
f 722/923/826 726/929/830 723/925/827 
f 723/925/827 726/929/830 724/927/828 
f 724/927/828 726/929/830 725/928/829 
f 725/928/829 726/929/830 713/912/817 
# 98 polygons - 28 triangles

#
# object Archmodels_vol_89_001_5
#

v  -80.1130 91.0698 11.7423
v  -81.0130 91.0698 11.7423
v  -80.9239 91.0698 11.3518
v  -80.6741 91.0698 11.0386
v  -80.3133 91.0698 10.8648
v  -79.9127 91.0698 10.8648
v  -79.5519 91.0698 11.0386
v  -79.3021 91.0698 11.3518
v  -79.2130 91.0698 11.7423
v  -79.3021 91.0698 12.1328
v  -79.5519 91.0698 12.4459
v  -79.9127 91.0698 12.6197
v  -80.3133 91.0698 12.6197
v  -80.6741 91.0698 12.4459
v  -80.9239 91.0698 12.1328
v  -81.0140 91.0430 11.3084
v  -81.1130 91.0430 11.7423
v  -80.7365 91.0430 10.9604
v  -80.3355 91.0430 10.7673
v  -79.8905 91.0430 10.7673
v  -79.4895 91.0430 10.9604
v  -79.2120 91.0430 11.3084
v  -79.1130 91.0430 11.7423
v  -79.2120 91.0430 12.1762
v  -79.4895 91.0430 12.5241
v  -79.8905 91.0430 12.7172
v  -80.3355 91.0430 12.7172
v  -80.7365 91.0430 12.5241
v  -81.0140 91.0430 12.1762
v  -81.0799 90.9698 11.2766
v  -81.1862 90.9698 11.7423
v  -80.7821 90.9698 10.9032
v  -80.3518 90.9698 10.6960
v  -79.8742 90.9698 10.6960
v  -79.4439 90.9698 10.9032
v  -79.1461 90.9698 11.2766
v  -79.0398 90.9698 11.7423
v  -79.1461 90.9698 12.2079
v  -79.4439 90.9698 12.5813
v  -79.8742 90.9698 12.7886
v  -80.3518 90.9698 12.7886
v  -80.7821 90.9698 12.5813
v  -81.0799 90.9698 12.2079
v  -81.1041 90.8698 11.2650
v  -81.2130 90.8698 11.7423
v  -80.7988 90.8698 10.8823
v  -80.3578 90.8698 10.6699
v  -79.8682 90.8698 10.6699
v  -79.4272 90.8698 10.8823
v  -79.1219 90.8698 11.2650
v  -79.0130 90.8698 11.7423
v  -79.1219 90.8698 12.2195
v  -79.4272 90.8698 12.6023
v  -79.8682 90.8698 12.8147
v  -80.3578 90.8698 12.8147
v  -80.7988 90.8698 12.6023
v  -81.1041 90.8698 12.2195
v  -81.1041 71.9342 11.2650
v  -81.2130 71.9342 11.7423
v  -80.7988 71.9342 10.8823
v  -80.3578 71.9342 10.6699
v  -79.8682 71.9342 10.6699
v  -79.4272 71.9342 10.8823
v  -79.1219 71.9342 11.2650
v  -79.0130 71.9342 11.7423
v  -79.1219 71.9342 12.2196
v  -79.4272 71.9342 12.6023
v  -79.8682 71.9342 12.8147
v  -80.3578 71.9342 12.8147
v  -80.7988 71.9342 12.6023
v  -81.1041 71.9342 12.2196
v  -81.0799 71.8342 11.2766
v  -81.1862 71.8342 11.7423
v  -80.7821 71.8342 10.9032
v  -80.3518 71.8342 10.6960
v  -79.8742 71.8342 10.6960
v  -79.4439 71.8342 10.9032
v  -79.1461 71.8342 11.2766
v  -79.0398 71.8342 11.7423
v  -79.1461 71.8342 12.2079
v  -79.4439 71.8342 12.5813
v  -79.8742 71.8342 12.7886
v  -80.3518 71.8342 12.7886
v  -80.7821 71.8342 12.5813
v  -81.0799 71.8342 12.2079
v  -81.0140 71.7610 11.3084
v  -81.1130 71.7610 11.7423
v  -80.7365 71.7610 10.9604
v  -80.3355 71.7610 10.7674
v  -79.8905 71.7610 10.7674
v  -79.4895 71.7610 10.9604
v  -79.2120 71.7610 11.3084
v  -79.1130 71.7610 11.7423
v  -79.2120 71.7610 12.1762
v  -79.4895 71.7610 12.5241
v  -79.8905 71.7610 12.7172
v  -80.3355 71.7610 12.7172
v  -80.7365 71.7610 12.5241
v  -81.0140 71.7610 12.1762
v  -80.9239 71.7342 11.3518
v  -81.0130 71.7342 11.7423
v  -80.6741 71.7342 11.0386
v  -80.3133 71.7342 10.8648
v  -79.9127 71.7342 10.8648
v  -79.5519 71.7342 11.0386
v  -79.3021 71.7342 11.3518
v  -79.2130 71.7342 11.7423
v  -79.3021 71.7342 12.1328
v  -79.5519 71.7342 12.4459
v  -79.9127 71.7342 12.6197
v  -80.3133 71.7342 12.6197
v  -80.6741 71.7342 12.4459
v  -80.9239 71.7342 12.1328
v  -80.1130 71.7342 11.7423
# 114 vertices

vn 0.0000 1.0000 -0.0000
vn -0.1488 0.9889 -0.0000
vn -0.1340 0.9889 -0.0645
vn -0.0927 0.9889 -0.1163
vn -0.0331 0.9889 -0.1450
vn 0.0331 0.9889 -0.1450
vn 0.0927 0.9889 -0.1163
vn 0.1340 0.9889 -0.0645
vn 0.1488 0.9889 -0.0000
vn 0.1340 0.9889 0.0645
vn 0.0927 0.9889 0.1163
vn 0.0331 0.9889 0.1450
vn -0.0331 0.9889 0.1450
vn -0.0927 0.9889 0.1163
vn -0.1340 0.9889 0.0645
vn -0.4745 0.8501 -0.2285
vn -0.5267 0.8501 -0.0000
vn -0.3284 0.8501 -0.4118
vn -0.1172 0.8501 -0.5135
vn 0.1172 0.8501 -0.5135
vn 0.3284 0.8501 -0.4118
vn 0.4745 0.8501 -0.2285
vn 0.5267 0.8501 -0.0000
vn 0.4745 0.8501 0.2285
vn 0.3284 0.8501 0.4118
vn 0.1172 0.8501 0.5135
vn -0.1172 0.8501 0.5135
vn -0.3284 0.8501 0.4118
vn -0.4745 0.8501 0.2285
vn -0.7880 0.4847 -0.3795
vn -0.8747 0.4847 -0.0000
vn -0.5453 0.4847 -0.6838
vn -0.1946 0.4847 -0.8527
vn 0.1946 0.4847 -0.8527
vn 0.5453 0.4847 -0.6838
vn 0.7880 0.4847 -0.3795
vn 0.8747 0.4847 -0.0000
vn 0.7880 0.4847 0.3795
vn 0.5453 0.4847 0.6838
vn 0.1946 0.4847 0.8527
vn -0.1946 0.4847 0.8527
vn -0.5453 0.4847 0.6838
vn -0.7880 0.4847 0.3795
vn -0.8935 0.1282 -0.4303
vn -0.9917 0.1282 -0.0000
vn -0.6183 0.1282 -0.7754
vn -0.2207 0.1282 -0.9669
vn 0.2207 0.1282 -0.9669
vn 0.6183 0.1282 -0.7754
vn 0.8935 0.1282 -0.4303
vn 0.9917 0.1282 -0.0000
vn 0.8935 0.1282 0.4303
vn 0.6183 0.1282 0.7754
vn 0.2207 0.1282 0.9669
vn -0.2207 0.1282 0.9669
vn -0.6183 0.1282 0.7754
vn -0.8935 0.1282 0.4303
vn -0.8935 -0.1282 -0.4303
vn -0.9917 -0.1282 -0.0000
vn -0.6183 -0.1282 -0.7754
vn -0.2207 -0.1282 -0.9669
vn 0.2207 -0.1282 -0.9669
vn 0.6183 -0.1282 -0.7754
vn 0.8935 -0.1282 -0.4303
vn 0.9917 -0.1282 -0.0000
vn 0.8935 -0.1282 0.4303
vn 0.6183 -0.1282 0.7754
vn 0.2207 -0.1282 0.9669
vn -0.2207 -0.1282 0.9669
vn -0.6183 -0.1282 0.7754
vn -0.8935 -0.1282 0.4303
vn -0.7880 -0.4847 -0.3795
vn -0.8747 -0.4847 -0.0000
vn -0.5453 -0.4847 -0.6838
vn -0.1946 -0.4847 -0.8527
vn 0.1946 -0.4847 -0.8527
vn 0.5453 -0.4847 -0.6838
vn 0.7880 -0.4847 -0.3795
vn 0.8747 -0.4847 0.0000
vn 0.7880 -0.4847 0.3795
vn 0.5453 -0.4847 0.6838
vn 0.1946 -0.4847 0.8527
vn -0.1946 -0.4847 0.8527
vn -0.5453 -0.4847 0.6838
vn -0.7880 -0.4847 0.3795
vn -0.4745 -0.8501 -0.2285
vn -0.5267 -0.8501 0.0000
vn -0.3284 -0.8501 -0.4118
vn -0.1172 -0.8501 -0.5135
vn 0.1172 -0.8501 -0.5135
vn 0.3284 -0.8501 -0.4118
vn 0.4745 -0.8501 -0.2285
vn 0.5267 -0.8501 0.0000
vn 0.4745 -0.8501 0.2285
vn 0.3284 -0.8501 0.4118
vn 0.1172 -0.8501 0.5135
vn -0.1172 -0.8501 0.5135
vn -0.3284 -0.8501 0.4118
vn -0.4745 -0.8501 0.2285
vn -0.1340 -0.9889 -0.0645
vn -0.1488 -0.9889 0.0000
vn -0.0927 -0.9889 -0.1163
vn -0.0331 -0.9889 -0.1450
vn 0.0331 -0.9889 -0.1450
vn 0.0927 -0.9889 -0.1163
vn 0.1340 -0.9889 -0.0645
vn 0.1488 -0.9889 0.0000
vn 0.1340 -0.9889 0.0645
vn 0.0927 -0.9889 0.1163
vn 0.0331 -0.9889 0.1450
vn -0.0331 -0.9889 0.1450
vn -0.0927 -0.9889 0.1163
vn -0.1340 -0.9889 0.0645
vn 0.0000 -1.0000 0.0000
# 114 vertex normals

vt 0.0203 0.9272 0.0000
vt 0.0153 0.9272 0.0000
vt 0.0158 0.9536 0.0000
vt 0.0172 0.9747 0.0000
vt 0.0192 0.9864 0.0000
vt 0.0214 0.9864 0.0000
vt 0.0233 0.9747 0.0000
vt 0.0247 0.9536 0.0000
vt 0.0252 0.9272 0.0000
vt 0.0247 0.9009 0.0000
vt 0.0233 0.8798 0.0000
vt 0.0214 0.8681 0.0000
vt 0.0192 0.8681 0.0000
vt 0.0172 0.8798 0.0000
vt 0.0158 0.9009 0.0000
vt 0.0153 0.9565 0.0000
vt 0.0148 0.9272 0.0000
vt 0.0168 0.9799 0.0000
vt 0.0190 0.9929 0.0000
vt 0.0215 0.9929 0.0000
vt 0.0237 0.9799 0.0000
vt 0.0252 0.9565 0.0000
vt 0.0257 0.9272 0.0000
vt 0.0252 0.8980 0.0000
vt 0.0237 0.8746 0.0000
vt 0.0215 0.8616 0.0000
vt 0.0190 0.8616 0.0000
vt 0.0168 0.8746 0.0000
vt 0.0153 0.8980 0.0000
vt 0.0150 0.9586 0.0000
vt 0.0144 0.9272 0.0000
vt 0.0166 0.9838 0.0000
vt 0.9811 0.9943 0.0000
vt 0.9810 0.9981 0.0000
vt 0.9832 0.9981 0.0000
vt 0.9834 0.9943 0.0000
vt 0.9784 0.9943 0.0000
vt 0.9785 0.9981 0.0000
vt 0.9761 0.9943 0.0000
vt 0.9763 0.9981 0.0000
vt 0.0256 0.9586 0.0000
vt 0.0239 0.9838 0.0000
vt 0.0261 0.9272 0.0000
vt 0.0256 0.8959 0.0000
vt 0.0239 0.8707 0.0000
vt 0.0216 0.9943 0.0000
vt 0.0215 0.9981 0.0000
vt 0.0237 0.9981 0.0000
vt 0.0239 0.9943 0.0000
vt 0.0189 0.9943 0.0000
vt 0.0190 0.9981 0.0000
vt 0.0166 0.9943 0.0000
vt 0.0168 0.9981 0.0000
vt 0.0150 0.8959 0.0000
vt 0.0166 0.8707 0.0000
vt 0.9852 0.9892 0.0000
vt 0.9850 0.9943 0.0000
vt 0.9856 0.9943 0.0000
vt 0.9858 0.9892 0.0000
vt 0.9835 0.9892 0.0000
vt 0.9811 0.9892 0.0000
vt 0.9784 0.9892 0.0000
vt 0.9760 0.9892 0.0000
vt 0.9743 0.9892 0.0000
vt 0.9744 0.9943 0.0000
vt 0.9737 0.9892 0.0000
vt 0.9739 0.9943 0.0000
vt 0.0257 0.9892 0.0000
vt 0.0256 0.9943 0.0000
vt 0.0261 0.9943 0.0000
vt 0.0263 0.9892 0.0000
vt 0.0240 0.9892 0.0000
vt 0.0216 0.9892 0.0000
vt 0.0189 0.9892 0.0000
vt 0.0165 0.9892 0.0000
vt 0.0148 0.9892 0.0000
vt 0.0150 0.9943 0.0000
vt 0.0142 0.9892 0.0000
vt 0.0144 0.9943 0.0000
vt 0.9852 0.0108 0.0000
vt 0.9858 0.0108 0.0000
vt 0.9835 0.0108 0.0000
vt 0.9811 0.0108 0.0000
vt 0.9784 0.0108 0.0000
vt 0.9760 0.0108 0.0000
vt 0.9743 0.0108 0.0000
vt 0.9737 0.0108 0.0000
vt 0.0257 0.0108 0.0000
vt 0.0263 0.0108 0.0000
vt 0.0240 0.0108 0.0000
vt 0.0216 0.0108 0.0000
vt 0.0189 0.0108 0.0000
vt 0.0165 0.0108 0.0000
vt 0.0148 0.0108 0.0000
vt 0.0142 0.0108 0.0000
vt 0.9850 0.0057 0.0000
vt 0.9856 0.0057 0.0000
vt 0.9834 0.0057 0.0000
vt 0.9811 0.0057 0.0000
vt 0.9784 0.0057 0.0000
vt 0.9761 0.0057 0.0000
vt 0.9744 0.0057 0.0000
vt 0.9739 0.0057 0.0000
vt 0.0256 0.0057 0.0000
vt 0.0261 0.0057 0.0000
vt 0.0239 0.0057 0.0000
vt 0.0216 0.0057 0.0000
vt 0.0189 0.0057 0.0000
vt 0.0166 0.0057 0.0000
vt 0.0150 0.0057 0.0000
vt 0.0144 0.0057 0.0000
vt 0.9847 0.9565 0.0000
vt 0.9850 0.9586 0.0000
vt 0.9856 0.9272 0.0000
vt 0.9852 0.9272 0.0000
vt 0.9832 0.9799 0.0000
vt 0.9834 0.9838 0.0000
vt 0.9810 0.0019 0.0000
vt 0.9832 0.0019 0.0000
vt 0.9785 0.0019 0.0000
vt 0.9763 0.0019 0.0000
vt 0.9748 0.9565 0.0000
vt 0.9744 0.9586 0.0000
vt 0.9761 0.9838 0.0000
vt 0.9763 0.9799 0.0000
vt 0.9743 0.9272 0.0000
vt 0.9739 0.9272 0.0000
vt 0.9748 0.8980 0.0000
vt 0.9744 0.8959 0.0000
vt 0.9763 0.8746 0.0000
vt 0.9761 0.8707 0.0000
vt 0.0215 0.0019 0.0000
vt 0.0237 0.0019 0.0000
vt 0.0190 0.0019 0.0000
vt 0.0168 0.0019 0.0000
vt 0.9847 0.8980 0.0000
vt 0.9850 0.8959 0.0000
vt 0.9834 0.8707 0.0000
vt 0.9832 0.8746 0.0000
vt 0.9842 0.9536 0.0000
vt 0.9847 0.9272 0.0000
vt 0.9828 0.9747 0.0000
vt 0.9808 0.9864 0.0000
vt 0.9810 0.9929 0.0000
vt 0.9786 0.9864 0.0000
vt 0.9785 0.9929 0.0000
vt 0.9767 0.9747 0.0000
vt 0.9753 0.9536 0.0000
vt 0.9748 0.9272 0.0000
vt 0.9753 0.9009 0.0000
vt 0.9767 0.8798 0.0000
vt 0.9786 0.8681 0.0000
vt 0.9785 0.8616 0.0000
vt 0.9808 0.8681 0.0000
vt 0.9810 0.8616 0.0000
vt 0.9828 0.8798 0.0000
vt 0.9842 0.9009 0.0000
vt 0.9797 0.9272 0.0000
# 158 texture coords

g Archmodels_vol_89_001_5
usemtl wire_127127127
s off
f 729/932/833 728/931/832 727/930/831 
f 730/933/834 729/932/833 727/930/831 
f 731/934/835 730/933/834 727/930/831 
f 732/935/836 731/934/835 727/930/831 
f 733/936/837 732/935/836 727/930/831 
f 734/937/838 733/936/837 727/930/831 
f 735/938/839 734/937/838 727/930/831 
f 736/939/840 735/938/839 727/930/831 
f 737/940/841 736/939/840 727/930/831 
f 738/941/842 737/940/841 727/930/831 
f 739/942/843 738/941/842 727/930/831 
f 740/943/844 739/942/843 727/930/831 
f 741/944/845 740/943/844 727/930/831 
f 728/931/832 741/944/845 727/930/831 
f 743/946/847 728/931/832 729/932/833 742/945/846 
f 742/945/846 729/932/833 730/933/834 744/947/848 
f 744/947/848 730/933/834 731/934/835 745/948/849 
f 745/948/849 731/934/835 732/935/836 746/949/850 
f 746/949/850 732/935/836 733/936/837 747/950/851 
f 747/950/851 733/936/837 734/937/838 748/951/852 
f 748/951/852 734/937/838 735/938/839 749/952/853 
f 749/952/853 735/938/839 736/939/840 750/953/854 
f 750/953/854 736/939/840 737/940/841 751/954/855 
f 751/954/855 737/940/841 738/941/842 752/955/856 
f 752/955/856 738/941/842 739/942/843 753/956/857 
f 753/956/857 739/942/843 740/943/844 754/957/858 
f 754/957/858 740/943/844 741/944/845 755/958/859 
f 755/958/859 741/944/845 728/931/832 743/946/847 
f 757/960/861 743/946/847 742/945/846 756/959/860 
f 756/959/860 742/945/846 744/947/848 758/961/862 
f 758/965/862 744/964/848 745/963/849 759/962/863 
f 759/962/863 745/963/849 746/967/850 760/966/864 
f 760/966/864 746/967/850 747/969/851 761/968/865 
f 761/971/865 747/950/851 748/951/852 762/970/866 
f 762/970/866 748/951/852 749/952/853 763/972/867 
f 763/972/867 749/952/853 750/953/854 764/973/868 
f 764/973/868 750/953/854 751/954/855 765/974/869 
f 765/978/869 751/977/855 752/976/856 766/975/870 
f 766/975/870 752/976/856 753/980/857 767/979/871 
f 767/979/871 753/980/857 754/982/858 768/981/872 
f 768/984/872 754/957/858 755/958/859 769/983/873 
f 769/983/873 755/958/859 743/946/847 757/960/861 
f 771/988/875 757/987/861 756/986/860 770/985/874 
f 770/985/874 756/986/860 758/965/862 772/989/876 
f 772/989/876 758/965/862 759/962/863 773/990/877 
f 773/990/877 759/962/863 760/966/864 774/991/878 
f 774/991/878 760/966/864 761/968/865 775/992/879 
f 775/992/879 761/968/865 762/994/866 776/993/880 
f 776/993/880 762/994/866 763/996/867 777/995/881 
f 777/1000/881 763/999/867 764/998/868 778/997/882 
f 778/997/882 764/998/868 765/978/869 779/1001/883 
f 779/1001/883 765/978/869 766/975/870 780/1002/884 
f 780/1002/884 766/975/870 767/979/871 781/1003/885 
f 781/1003/885 767/979/871 768/981/872 782/1004/886 
f 782/1004/886 768/981/872 769/1006/873 783/1005/887 
f 783/1005/887 769/1006/873 757/1008/861 771/1007/875 
f 785/1010/889 771/988/875 770/985/874 784/1009/888 
f 784/1009/888 770/985/874 772/989/876 786/1011/890 
f 786/1011/890 772/989/876 773/990/877 787/1012/891 
f 787/1012/891 773/990/877 774/991/878 788/1013/892 
f 788/1013/892 774/991/878 775/992/879 789/1014/893 
f 789/1014/893 775/992/879 776/993/880 790/1015/894 
f 790/1015/894 776/993/880 777/995/881 791/1016/895 
f 791/1018/895 777/1000/881 778/997/882 792/1017/896 
f 792/1017/896 778/997/882 779/1001/883 793/1019/897 
f 793/1019/897 779/1001/883 780/1002/884 794/1020/898 
f 794/1020/898 780/1002/884 781/1003/885 795/1021/899 
f 795/1021/899 781/1003/885 782/1004/886 796/1022/900 
f 796/1022/900 782/1004/886 783/1005/887 797/1023/901 
f 797/1023/901 783/1005/887 771/1007/875 785/1024/889 
f 799/1026/903 785/1010/889 784/1009/888 798/1025/902 
f 798/1025/902 784/1009/888 786/1011/890 800/1027/904 
f 800/1027/904 786/1011/890 787/1012/891 801/1028/905 
f 801/1028/905 787/1012/891 788/1013/892 802/1029/906 
f 802/1029/906 788/1013/892 789/1014/893 803/1030/907 
f 803/1030/907 789/1014/893 790/1015/894 804/1031/908 
f 804/1031/908 790/1015/894 791/1016/895 805/1032/909 
f 805/1034/909 791/1018/895 792/1017/896 806/1033/910 
f 806/1033/910 792/1017/896 793/1019/897 807/1035/911 
f 807/1035/911 793/1019/897 794/1020/898 808/1036/912 
f 808/1036/912 794/1020/898 795/1021/899 809/1037/913 
f 809/1037/913 795/1021/899 796/1022/900 810/1038/914 
f 810/1038/914 796/1022/900 797/1023/901 811/1039/915 
f 811/1039/915 797/1023/901 785/1024/889 799/1040/903 
f 813/1044/917 799/1043/903 798/1042/902 812/1041/916 
f 812/1041/916 798/1042/902 800/1046/904 814/1045/918 
f 814/1048/918 800/1027/904 801/1028/905 815/1047/919 
f 815/1047/919 801/1028/905 802/1029/906 816/1049/920 
f 816/1049/920 802/1029/906 803/1030/907 817/1050/921 
f 817/1054/921 803/1053/907 804/1052/908 818/1051/922 
f 818/1051/922 804/1052/908 805/1056/909 819/1055/923 
f 819/1055/923 805/1056/909 806/1058/910 820/1057/924 
f 820/1057/924 806/1058/910 807/1060/911 821/1059/925 
f 821/1062/925 807/1035/911 808/1036/912 822/1061/926 
f 822/1061/926 808/1036/912 809/1037/913 823/1063/927 
f 823/1063/927 809/1037/913 810/1038/914 824/1064/928 
f 824/1068/928 810/1067/914 811/1066/915 825/1065/929 
f 825/1065/929 811/1066/915 799/1043/903 813/1044/917 
f 827/1070/931 813/1044/917 812/1041/916 826/1069/930 
f 826/1069/930 812/1041/916 814/1045/918 828/1071/932 
f 828/1071/932 814/1045/918 815/1073/919 829/1072/933 
f 829/1072/933 815/1073/919 816/1075/920 830/1074/934 
f 830/1074/934 816/1075/920 817/1054/921 831/1076/935 
f 831/1076/935 817/1054/921 818/1051/922 832/1077/936 
f 832/1077/936 818/1051/922 819/1055/923 833/1078/937 
f 833/1078/937 819/1055/923 820/1057/924 834/1079/938 
f 834/1079/938 820/1057/924 821/1059/925 835/1080/939 
f 835/1080/939 821/1059/925 822/1082/926 836/1081/940 
f 836/1081/940 822/1082/926 823/1084/927 837/1083/941 
f 837/1083/941 823/1084/927 824/1068/928 838/1085/942 
f 838/1085/942 824/1068/928 825/1065/929 839/1086/943 
f 839/1086/943 825/1065/929 813/1044/917 827/1070/931 
f 826/1069/930 840/1087/944 827/1070/931 
f 828/1071/932 840/1087/944 826/1069/930 
f 829/1072/933 840/1087/944 828/1071/932 
f 830/1074/934 840/1087/944 829/1072/933 
f 831/1076/935 840/1087/944 830/1074/934 
f 832/1077/936 840/1087/944 831/1076/935 
f 833/1078/937 840/1087/944 832/1077/936 
f 834/1079/938 840/1087/944 833/1078/937 
f 835/1080/939 840/1087/944 834/1079/938 
f 836/1081/940 840/1087/944 835/1080/939 
f 837/1083/941 840/1087/944 836/1081/940 
f 838/1085/942 840/1087/944 837/1083/941 
f 839/1086/943 840/1087/944 838/1085/942 
f 827/1070/931 840/1087/944 839/1086/943 
# 98 polygons - 28 triangles

#
# object Archmodels_vol_89_001_6
#

v  -82.6130 91.0698 22.8165
v  -83.5130 91.0698 22.8165
v  -83.4239 91.0698 22.4260
v  -83.1741 91.0698 22.1128
v  -82.8133 91.0698 21.9391
v  -82.4127 91.0698 21.9391
v  -82.0519 91.0698 22.1128
v  -81.8021 91.0698 22.4260
v  -81.7130 91.0698 22.8165
v  -81.8021 91.0698 23.2070
v  -82.0519 91.0698 23.5201
v  -82.4127 91.0698 23.6939
v  -82.8133 91.0698 23.6939
v  -83.1741 91.0698 23.5201
v  -83.4239 91.0698 23.2070
v  -83.5140 91.0430 22.3826
v  -83.6130 91.0430 22.8165
v  -83.2365 91.0430 22.0347
v  -82.8355 91.0430 21.8416
v  -82.3905 91.0430 21.8416
v  -81.9895 91.0430 22.0347
v  -81.7120 91.0430 22.3826
v  -81.6130 91.0430 22.8165
v  -81.7120 91.0430 23.2504
v  -81.9895 91.0430 23.5983
v  -82.3905 91.0430 23.7914
v  -82.8355 91.0430 23.7914
v  -83.2365 91.0430 23.5983
v  -83.5140 91.0430 23.2504
v  -83.5799 90.9698 22.3508
v  -83.6862 90.9698 22.8165
v  -83.2821 90.9698 21.9774
v  -82.8518 90.9698 21.7702
v  -82.3742 90.9698 21.7702
v  -81.9439 90.9698 21.9774
v  -81.6461 90.9698 22.3508
v  -81.5398 90.9698 22.8165
v  -81.6461 90.9698 23.2821
v  -81.9439 90.9698 23.6556
v  -82.3742 90.9698 23.8628
v  -82.8518 90.9698 23.8628
v  -83.2821 90.9698 23.6556
v  -83.5799 90.9698 23.2821
v  -83.6041 90.8698 22.3392
v  -83.7130 90.8698 22.8165
v  -83.2988 90.8698 21.9565
v  -82.8578 90.8698 21.7441
v  -82.3682 90.8698 21.7441
v  -81.9272 90.8698 21.9565
v  -81.6219 90.8698 22.3392
v  -81.5130 90.8698 22.8165
v  -81.6219 90.8698 23.2938
v  -81.9272 90.8698 23.6765
v  -82.3682 90.8698 23.8889
v  -82.8578 90.8698 23.8889
v  -83.2988 90.8698 23.6765
v  -83.6041 90.8698 23.2938
v  -83.6041 71.9342 22.3392
v  -83.7130 71.9342 22.8165
v  -83.2988 71.9342 21.9565
v  -82.8578 71.9342 21.7441
v  -82.3682 71.9342 21.7441
v  -81.9272 71.9342 21.9565
v  -81.6219 71.9342 22.3392
v  -81.5130 71.9342 22.8165
v  -81.6219 71.9342 23.2938
v  -81.9272 71.9342 23.6765
v  -82.3682 71.9342 23.8889
v  -82.8578 71.9342 23.8889
v  -83.2988 71.9342 23.6765
v  -83.6041 71.9342 23.2938
v  -83.5799 71.8342 22.3509
v  -83.6862 71.8342 22.8165
v  -83.2821 71.8342 21.9774
v  -82.8518 71.8342 21.7702
v  -82.3742 71.8342 21.7702
v  -81.9439 71.8342 21.9774
v  -81.6461 71.8342 22.3509
v  -81.5398 71.8342 22.8165
v  -81.6461 71.8342 23.2821
v  -81.9439 71.8342 23.6556
v  -82.3742 71.8342 23.8628
v  -82.8518 71.8342 23.8628
v  -83.2821 71.8342 23.6556
v  -83.5799 71.8342 23.2821
v  -83.5140 71.7610 22.3826
v  -83.6130 71.7610 22.8165
v  -83.2365 71.7610 22.0347
v  -82.8355 71.7610 21.8416
v  -82.3905 71.7610 21.8416
v  -81.9895 71.7610 22.0347
v  -81.7120 71.7610 22.3826
v  -81.6130 71.7610 22.8165
v  -81.7120 71.7610 23.2504
v  -81.9895 71.7610 23.5983
v  -82.3905 71.7610 23.7914
v  -82.8355 71.7610 23.7914
v  -83.2365 71.7610 23.5983
v  -83.5140 71.7610 23.2504
v  -83.4239 71.7342 22.4260
v  -83.5130 71.7342 22.8165
v  -83.1741 71.7342 22.1129
v  -82.8133 71.7342 21.9391
v  -82.4127 71.7342 21.9391
v  -82.0519 71.7342 22.1129
v  -81.8021 71.7342 22.4260
v  -81.7130 71.7342 22.8165
v  -81.8021 71.7342 23.2070
v  -82.0519 71.7342 23.5201
v  -82.4127 71.7342 23.6939
v  -82.8133 71.7342 23.6939
v  -83.1741 71.7342 23.5201
v  -83.4239 71.7342 23.2070
v  -82.6130 71.7342 22.8165
# 114 vertices

vn 0.0000 1.0000 -0.0000
vn -0.1488 0.9889 -0.0000
vn -0.1340 0.9889 -0.0645
vn -0.0927 0.9889 -0.1163
vn -0.0331 0.9889 -0.1450
vn 0.0331 0.9889 -0.1450
vn 0.0927 0.9889 -0.1163
vn 0.1340 0.9889 -0.0645
vn 0.1488 0.9889 -0.0000
vn 0.1340 0.9889 0.0645
vn 0.0927 0.9889 0.1163
vn 0.0331 0.9889 0.1450
vn -0.0331 0.9889 0.1450
vn -0.0927 0.9889 0.1163
vn -0.1340 0.9889 0.0645
vn -0.4745 0.8501 -0.2285
vn -0.5267 0.8501 -0.0000
vn -0.3284 0.8501 -0.4118
vn -0.1172 0.8501 -0.5135
vn 0.1172 0.8501 -0.5135
vn 0.3284 0.8501 -0.4118
vn 0.4745 0.8501 -0.2285
vn 0.5267 0.8501 -0.0000
vn 0.4745 0.8501 0.2285
vn 0.3284 0.8501 0.4118
vn 0.1172 0.8501 0.5135
vn -0.1172 0.8501 0.5135
vn -0.3284 0.8501 0.4118
vn -0.4745 0.8501 0.2285
vn -0.7880 0.4847 -0.3795
vn -0.8747 0.4847 -0.0000
vn -0.5453 0.4847 -0.6838
vn -0.1946 0.4847 -0.8527
vn 0.1946 0.4847 -0.8527
vn 0.5453 0.4847 -0.6838
vn 0.7880 0.4847 -0.3795
vn 0.8747 0.4847 -0.0000
vn 0.7880 0.4847 0.3795
vn 0.5453 0.4847 0.6838
vn 0.1946 0.4847 0.8527
vn -0.1946 0.4847 0.8527
vn -0.5453 0.4847 0.6838
vn -0.7880 0.4847 0.3795
vn -0.8935 0.1282 -0.4303
vn -0.9917 0.1282 -0.0000
vn -0.6183 0.1282 -0.7754
vn -0.2207 0.1282 -0.9669
vn 0.2207 0.1282 -0.9669
vn 0.6183 0.1282 -0.7754
vn 0.8935 0.1282 -0.4303
vn 0.9917 0.1282 -0.0000
vn 0.8935 0.1282 0.4303
vn 0.6183 0.1282 0.7754
vn 0.2207 0.1282 0.9669
vn -0.2207 0.1282 0.9669
vn -0.6183 0.1282 0.7754
vn -0.8935 0.1282 0.4303
vn -0.8935 -0.1282 -0.4303
vn -0.9917 -0.1282 -0.0000
vn -0.6183 -0.1282 -0.7754
vn -0.2207 -0.1282 -0.9669
vn 0.2207 -0.1282 -0.9669
vn 0.6183 -0.1282 -0.7754
vn 0.8935 -0.1282 -0.4303
vn 0.9917 -0.1282 -0.0000
vn 0.8935 -0.1282 0.4303
vn 0.6183 -0.1282 0.7754
vn 0.2207 -0.1282 0.9669
vn -0.2207 -0.1282 0.9669
vn -0.6183 -0.1282 0.7754
vn -0.8935 -0.1282 0.4303
vn -0.7880 -0.4847 -0.3795
vn -0.8747 -0.4847 -0.0000
vn -0.5453 -0.4847 -0.6838
vn -0.1946 -0.4847 -0.8527
vn 0.1946 -0.4847 -0.8527
vn 0.5453 -0.4847 -0.6838
vn 0.7880 -0.4847 -0.3795
vn 0.8747 -0.4847 0.0000
vn 0.7880 -0.4847 0.3795
vn 0.5453 -0.4847 0.6838
vn 0.1946 -0.4847 0.8527
vn -0.1946 -0.4847 0.8527
vn -0.5453 -0.4847 0.6838
vn -0.7880 -0.4847 0.3795
vn -0.4745 -0.8501 -0.2285
vn -0.5267 -0.8501 0.0000
vn -0.3284 -0.8501 -0.4118
vn -0.1172 -0.8501 -0.5135
vn 0.1172 -0.8501 -0.5135
vn 0.3284 -0.8501 -0.4118
vn 0.4745 -0.8501 -0.2285
vn 0.5267 -0.8501 0.0000
vn 0.4745 -0.8501 0.2285
vn 0.3284 -0.8501 0.4118
vn 0.1172 -0.8501 0.5135
vn -0.1172 -0.8501 0.5135
vn -0.3284 -0.8501 0.4118
vn -0.4745 -0.8501 0.2285
vn -0.1340 -0.9889 -0.0645
vn -0.1488 -0.9889 0.0000
vn -0.0927 -0.9889 -0.1163
vn -0.0331 -0.9889 -0.1450
vn 0.0331 -0.9889 -0.1450
vn 0.0927 -0.9889 -0.1163
vn 0.1340 -0.9889 -0.0645
vn 0.1488 -0.9889 0.0000
vn 0.1340 -0.9889 0.0645
vn 0.0927 -0.9889 0.1163
vn 0.0331 -0.9889 0.1450
vn -0.0331 -0.9889 0.1450
vn -0.0927 -0.9889 0.1163
vn -0.1340 -0.9889 0.0645
vn 0.0000 -1.0000 0.0000
# 114 vertex normals

vt 0.0065 0.1811 0.0000
vt 0.0016 0.1811 0.0000
vt 0.0021 0.2074 0.0000
vt 0.0035 0.2285 0.0000
vt 0.0054 0.2402 0.0000
vt 0.0076 0.2402 0.0000
vt 0.0096 0.2285 0.0000
vt 0.0110 0.2074 0.0000
vt 0.0115 0.1811 0.0000
vt 0.0110 0.1548 0.0000
vt 0.0096 0.1337 0.0000
vt 0.0076 0.1219 0.0000
vt 0.0054 0.1219 0.0000
vt 0.0035 0.1337 0.0000
vt 0.0021 0.1548 0.0000
vt 0.0016 0.2103 0.0000
vt 0.0010 0.1811 0.0000
vt 0.0031 0.2337 0.0000
vt 0.0053 0.2468 0.0000
vt 0.0078 0.2468 0.0000
vt 0.0100 0.2337 0.0000
vt 0.0115 0.2103 0.0000
vt 0.0120 0.1811 0.0000
vt 0.0115 0.1518 0.0000
vt 0.0100 0.1284 0.0000
vt 0.0078 0.1154 0.0000
vt 0.0053 0.1154 0.0000
vt 0.0031 0.1284 0.0000
vt 0.0016 0.1518 0.0000
vt 0.0012 0.2124 0.0000
vt 0.0006 0.1811 0.0000
vt 0.0029 0.2376 0.0000
vt 0.9948 0.9943 0.0000
vt 0.9947 0.9981 0.0000
vt 0.9969 0.9981 0.0000
vt 0.9971 0.9943 0.0000
vt 0.9922 0.9943 0.0000
vt 0.9922 0.9981 0.0000
vt 0.9898 0.9943 0.0000
vt 0.9900 0.9981 0.0000
vt 0.0118 0.2124 0.0000
vt 0.0102 0.2376 0.0000
vt 0.0124 0.1811 0.0000
vt 0.0118 0.1497 0.0000
vt 0.0102 0.1245 0.0000
vt 0.0078 0.9943 0.0000
vt 0.0078 0.9981 0.0000
vt 0.0100 0.9981 0.0000
vt 0.0102 0.9943 0.0000
vt 0.0052 0.9943 0.0000
vt 0.0053 0.9981 0.0000
vt 0.0029 0.9943 0.0000
vt 0.0031 0.9981 0.0000
vt 0.0012 0.1497 0.0000
vt 0.0029 0.1245 0.0000
vt 0.9989 0.9892 0.0000
vt 0.9988 0.9943 0.0000
vt 0.9994 0.9943 0.0000
vt 0.9995 0.9892 0.0000
vt 0.9972 0.9892 0.0000
vt 0.9948 0.9892 0.0000
vt 0.9921 0.9892 0.0000
vt 0.9897 0.9892 0.0000
vt 0.9880 0.9892 0.0000
vt 0.9882 0.9943 0.0000
vt 0.9874 0.9892 0.0000
vt 0.9876 0.9943 0.0000
vt 0.0120 0.9892 0.0000
vt 0.0118 0.9943 0.0000
vt 0.0124 0.9943 0.0000
vt 0.0126 0.9892 0.0000
vt 0.0103 0.9892 0.0000
vt 0.0079 0.9892 0.0000
vt 0.0052 0.9892 0.0000
vt 0.0028 0.9892 0.0000
vt 0.0011 0.9892 0.0000
vt 0.0012 0.9943 0.0000
vt 0.0005 0.9892 0.0000
vt 0.0006 0.9943 0.0000
vt 0.9989 0.0108 0.0000
vt 0.9995 0.0108 0.0000
vt 0.9972 0.0108 0.0000
vt 0.9948 0.0108 0.0000
vt 0.9921 0.0108 0.0000
vt 0.9897 0.0108 0.0000
vt 0.9880 0.0108 0.0000
vt 0.9874 0.0108 0.0000
vt 0.0120 0.0108 0.0000
vt 0.0126 0.0108 0.0000
vt 0.0103 0.0108 0.0000
vt 0.0079 0.0108 0.0000
vt 0.0052 0.0108 0.0000
vt 0.0028 0.0108 0.0000
vt 0.0011 0.0108 0.0000
vt 0.0005 0.0108 0.0000
vt 0.9988 0.0057 0.0000
vt 0.9994 0.0057 0.0000
vt 0.9971 0.0057 0.0000
vt 0.9948 0.0057 0.0000
vt 0.9922 0.0057 0.0000
vt 0.9898 0.0057 0.0000
vt 0.9882 0.0057 0.0000
vt 0.9876 0.0057 0.0000
vt 0.0118 0.0057 0.0000
vt 0.0124 0.0057 0.0000
vt 0.0102 0.0057 0.0000
vt 0.0078 0.0057 0.0000
vt 0.0052 0.0057 0.0000
vt 0.0029 0.0057 0.0000
vt 0.0012 0.0057 0.0000
vt 0.0006 0.0057 0.0000
vt 0.9984 0.2103 0.0000
vt 0.9988 0.2124 0.0000
vt 0.9994 0.1811 0.0000
vt 0.9990 0.1811 0.0000
vt 0.9969 0.2337 0.0000
vt 0.9971 0.2376 0.0000
vt 0.9947 0.0019 0.0000
vt 0.9969 0.0019 0.0000
vt 0.9922 0.0019 0.0000
vt 0.9900 0.0019 0.0000
vt 0.9885 0.2103 0.0000
vt 0.9882 0.2124 0.0000
vt 0.9898 0.2376 0.0000
vt 0.9900 0.2337 0.0000
vt 0.9880 0.1811 0.0000
vt 0.9876 0.1811 0.0000
vt 0.9885 0.1518 0.0000
vt 0.9882 0.1497 0.0000
vt 0.9900 0.1284 0.0000
vt 0.9898 0.1245 0.0000
vt 0.0078 0.0019 0.0000
vt 0.0100 0.0019 0.0000
vt 0.0053 0.0019 0.0000
vt 0.0031 0.0019 0.0000
vt 0.9984 0.1518 0.0000
vt 0.9988 0.1497 0.0000
vt 0.9971 0.1245 0.0000
vt 0.9969 0.1284 0.0000
vt 0.9979 0.2074 0.0000
vt 0.9984 0.1811 0.0000
vt 0.9965 0.2285 0.0000
vt 0.9946 0.2402 0.0000
vt 0.9947 0.2468 0.0000
vt 0.9924 0.2402 0.0000
vt 0.9922 0.2468 0.0000
vt 0.9904 0.2285 0.0000
vt 0.9890 0.2074 0.0000
vt 0.9885 0.1811 0.0000
vt 0.9890 0.1548 0.0000
vt 0.9904 0.1337 0.0000
vt 0.9924 0.1219 0.0000
vt 0.9922 0.1154 0.0000
vt 0.9946 0.1219 0.0000
vt 0.9947 0.1154 0.0000
vt 0.9965 0.1337 0.0000
vt 0.9979 0.1548 0.0000
vt 0.9935 0.1811 0.0000
# 158 texture coords

g Archmodels_vol_89_001_6
usemtl wire_127127127
s off
f 843/1090/947 842/1089/946 841/1088/945 
f 844/1091/948 843/1090/947 841/1088/945 
f 845/1092/949 844/1091/948 841/1088/945 
f 846/1093/950 845/1092/949 841/1088/945 
f 847/1094/951 846/1093/950 841/1088/945 
f 848/1095/952 847/1094/951 841/1088/945 
f 849/1096/953 848/1095/952 841/1088/945 
f 850/1097/954 849/1096/953 841/1088/945 
f 851/1098/955 850/1097/954 841/1088/945 
f 852/1099/956 851/1098/955 841/1088/945 
f 853/1100/957 852/1099/956 841/1088/945 
f 854/1101/958 853/1100/957 841/1088/945 
f 855/1102/959 854/1101/958 841/1088/945 
f 842/1089/946 855/1102/959 841/1088/945 
f 857/1104/961 842/1089/946 843/1090/947 856/1103/960 
f 856/1103/960 843/1090/947 844/1091/948 858/1105/962 
f 858/1105/962 844/1091/948 845/1092/949 859/1106/963 
f 859/1106/963 845/1092/949 846/1093/950 860/1107/964 
f 860/1107/964 846/1093/950 847/1094/951 861/1108/965 
f 861/1108/965 847/1094/951 848/1095/952 862/1109/966 
f 862/1109/966 848/1095/952 849/1096/953 863/1110/967 
f 863/1110/967 849/1096/953 850/1097/954 864/1111/968 
f 864/1111/968 850/1097/954 851/1098/955 865/1112/969 
f 865/1112/969 851/1098/955 852/1099/956 866/1113/970 
f 866/1113/970 852/1099/956 853/1100/957 867/1114/971 
f 867/1114/971 853/1100/957 854/1101/958 868/1115/972 
f 868/1115/972 854/1101/958 855/1102/959 869/1116/973 
f 869/1116/973 855/1102/959 842/1089/946 857/1104/961 
f 871/1118/975 857/1104/961 856/1103/960 870/1117/974 
f 870/1117/974 856/1103/960 858/1105/962 872/1119/976 
f 872/1123/976 858/1122/962 859/1121/963 873/1120/977 
f 873/1120/977 859/1121/963 860/1125/964 874/1124/978 
f 874/1124/978 860/1125/964 861/1127/965 875/1126/979 
f 875/1129/979 861/1108/965 862/1109/966 876/1128/980 
f 876/1128/980 862/1109/966 863/1110/967 877/1130/981 
f 877/1130/981 863/1110/967 864/1111/968 878/1131/982 
f 878/1131/982 864/1111/968 865/1112/969 879/1132/983 
f 879/1136/983 865/1135/969 866/1134/970 880/1133/984 
f 880/1133/984 866/1134/970 867/1138/971 881/1137/985 
f 881/1137/985 867/1138/971 868/1140/972 882/1139/986 
f 882/1142/986 868/1115/972 869/1116/973 883/1141/987 
f 883/1141/987 869/1116/973 857/1104/961 871/1118/975 
f 885/1146/989 871/1145/975 870/1144/974 884/1143/988 
f 884/1143/988 870/1144/974 872/1123/976 886/1147/990 
f 886/1147/990 872/1123/976 873/1120/977 887/1148/991 
f 887/1148/991 873/1120/977 874/1124/978 888/1149/992 
f 888/1149/992 874/1124/978 875/1126/979 889/1150/993 
f 889/1150/993 875/1126/979 876/1152/980 890/1151/994 
f 890/1151/994 876/1152/980 877/1154/981 891/1153/995 
f 891/1158/995 877/1157/981 878/1156/982 892/1155/996 
f 892/1155/996 878/1156/982 879/1136/983 893/1159/997 
f 893/1159/997 879/1136/983 880/1133/984 894/1160/998 
f 894/1160/998 880/1133/984 881/1137/985 895/1161/999 
f 895/1161/999 881/1137/985 882/1139/986 896/1162/1000 
f 896/1162/1000 882/1139/986 883/1164/987 897/1163/1001 
f 897/1163/1001 883/1164/987 871/1166/975 885/1165/989 
f 899/1168/1003 885/1146/989 884/1143/988 898/1167/1002 
f 898/1167/1002 884/1143/988 886/1147/990 900/1169/1004 
f 900/1169/1004 886/1147/990 887/1148/991 901/1170/1005 
f 901/1170/1005 887/1148/991 888/1149/992 902/1171/1006 
f 902/1171/1006 888/1149/992 889/1150/993 903/1172/1007 
f 903/1172/1007 889/1150/993 890/1151/994 904/1173/1008 
f 904/1173/1008 890/1151/994 891/1153/995 905/1174/1009 
f 905/1176/1009 891/1158/995 892/1155/996 906/1175/1010 
f 906/1175/1010 892/1155/996 893/1159/997 907/1177/1011 
f 907/1177/1011 893/1159/997 894/1160/998 908/1178/1012 
f 908/1178/1012 894/1160/998 895/1161/999 909/1179/1013 
f 909/1179/1013 895/1161/999 896/1162/1000 910/1180/1014 
f 910/1180/1014 896/1162/1000 897/1163/1001 911/1181/1015 
f 911/1181/1015 897/1163/1001 885/1165/989 899/1182/1003 
f 913/1184/1017 899/1168/1003 898/1167/1002 912/1183/1016 
f 912/1183/1016 898/1167/1002 900/1169/1004 914/1185/1018 
f 914/1185/1018 900/1169/1004 901/1170/1005 915/1186/1019 
f 915/1186/1019 901/1170/1005 902/1171/1006 916/1187/1020 
f 916/1187/1020 902/1171/1006 903/1172/1007 917/1188/1021 
f 917/1188/1021 903/1172/1007 904/1173/1008 918/1189/1022 
f 918/1189/1022 904/1173/1008 905/1174/1009 919/1190/1023 
f 919/1192/1023 905/1176/1009 906/1175/1010 920/1191/1024 
f 920/1191/1024 906/1175/1010 907/1177/1011 921/1193/1025 
f 921/1193/1025 907/1177/1011 908/1178/1012 922/1194/1026 
f 922/1194/1026 908/1178/1012 909/1179/1013 923/1195/1027 
f 923/1195/1027 909/1179/1013 910/1180/1014 924/1196/1028 
f 924/1196/1028 910/1180/1014 911/1181/1015 925/1197/1029 
f 925/1197/1029 911/1181/1015 899/1182/1003 913/1198/1017 
f 927/1202/1031 913/1201/1017 912/1200/1016 926/1199/1030 
f 926/1199/1030 912/1200/1016 914/1204/1018 928/1203/1032 
f 928/1206/1032 914/1185/1018 915/1186/1019 929/1205/1033 
f 929/1205/1033 915/1186/1019 916/1187/1020 930/1207/1034 
f 930/1207/1034 916/1187/1020 917/1188/1021 931/1208/1035 
f 931/1212/1035 917/1211/1021 918/1210/1022 932/1209/1036 
f 932/1209/1036 918/1210/1022 919/1214/1023 933/1213/1037 
f 933/1213/1037 919/1214/1023 920/1216/1024 934/1215/1038 
f 934/1215/1038 920/1216/1024 921/1218/1025 935/1217/1039 
f 935/1220/1039 921/1193/1025 922/1194/1026 936/1219/1040 
f 936/1219/1040 922/1194/1026 923/1195/1027 937/1221/1041 
f 937/1221/1041 923/1195/1027 924/1196/1028 938/1222/1042 
f 938/1226/1042 924/1225/1028 925/1224/1029 939/1223/1043 
f 939/1223/1043 925/1224/1029 913/1201/1017 927/1202/1031 
f 941/1228/1045 927/1202/1031 926/1199/1030 940/1227/1044 
f 940/1227/1044 926/1199/1030 928/1203/1032 942/1229/1046 
f 942/1229/1046 928/1203/1032 929/1231/1033 943/1230/1047 
f 943/1230/1047 929/1231/1033 930/1233/1034 944/1232/1048 
f 944/1232/1048 930/1233/1034 931/1212/1035 945/1234/1049 
f 945/1234/1049 931/1212/1035 932/1209/1036 946/1235/1050 
f 946/1235/1050 932/1209/1036 933/1213/1037 947/1236/1051 
f 947/1236/1051 933/1213/1037 934/1215/1038 948/1237/1052 
f 948/1237/1052 934/1215/1038 935/1217/1039 949/1238/1053 
f 949/1238/1053 935/1217/1039 936/1240/1040 950/1239/1054 
f 950/1239/1054 936/1240/1040 937/1242/1041 951/1241/1055 
f 951/1241/1055 937/1242/1041 938/1226/1042 952/1243/1056 
f 952/1243/1056 938/1226/1042 939/1223/1043 953/1244/1057 
f 953/1244/1057 939/1223/1043 927/1202/1031 941/1228/1045 
f 940/1227/1044 954/1245/1058 941/1228/1045 
f 942/1229/1046 954/1245/1058 940/1227/1044 
f 943/1230/1047 954/1245/1058 942/1229/1046 
f 944/1232/1048 954/1245/1058 943/1230/1047 
f 945/1234/1049 954/1245/1058 944/1232/1048 
f 946/1235/1050 954/1245/1058 945/1234/1049 
f 947/1236/1051 954/1245/1058 946/1235/1050 
f 948/1237/1052 954/1245/1058 947/1236/1051 
f 949/1238/1053 954/1245/1058 948/1237/1052 
f 950/1239/1054 954/1245/1058 949/1238/1053 
f 951/1241/1055 954/1245/1058 950/1239/1054 
f 952/1243/1056 954/1245/1058 951/1241/1055 
f 953/1244/1057 954/1245/1058 952/1243/1056 
f 941/1228/1045 954/1245/1058 953/1244/1057 
# 98 polygons - 28 triangles

#
# object Archmodels_vol_89_001_7
#

v  -67.4724 0.0000 31.8595
v  -67.4344 0.0053 31.9131
v  -92.4488 0.0053 27.3111
v  -92.3943 0.0000 27.2745
v  -21.0062 0.0000 36.8691
v  -21.0089 0.0053 36.9149
v  -33.9752 0.0053 35.9731
v  -33.9255 0.0000 35.9308
v  -8.0768 0.0000 37.4612
v  -8.0782 0.0053 37.5070
v  4.8559 0.0000 37.7074
v  4.8557 0.0053 37.7533
v  17.7850 0.0000 37.6081
v  17.7859 0.0053 37.6540
v  30.7034 0.0000 37.1638
v  30.7056 0.0053 37.2096
v  43.6044 0.0000 36.3748
v  43.6078 0.0053 36.4205
v  56.4810 0.0000 35.2416
v  56.4857 0.0053 35.2871
v  69.3264 0.0000 33.7645
v  69.3322 0.0053 33.8099
v  82.1335 0.0000 31.9440
v  82.1406 0.0053 31.9893
v  94.8956 0.0000 29.7806
v  94.9039 0.0053 29.8256
v  107.6057 0.0000 27.2745
v  107.6602 0.0053 27.3105
v  91.5556 0.0000 27.4368
v  91.5473 0.0053 27.3918
v  103.9951 0.0053 24.9187
v  104.0496 0.0000 24.9546
v  79.2508 0.0000 29.5638
v  79.2436 0.0053 29.5186
v  67.0885 0.0000 31.3385
v  67.0825 0.0053 31.2931
v  55.0220 0.0000 32.7637
v  55.0172 0.0053 32.7181
v  43.0046 0.0000 33.8422
v  43.0012 0.0053 33.7965
v  30.9898 0.0000 34.5770
v  30.9877 0.0053 34.5313
v  18.9309 0.0000 34.9709
v  18.9301 0.0053 34.9251
v  6.7812 0.0000 35.0268
v  6.7817 0.0053 34.9810
v  -5.5058 0.0000 34.7475
v  -5.5042 0.0053 34.7017
v  -17.9770 0.0000 34.1359
v  -17.9741 0.0053 34.0901
v  -30.6788 0.0000 33.1948
v  -30.6291 0.0053 33.1525
v  -88.8400 0.0000 24.9583
v  -88.7854 0.0053 24.9218
v  -70.0131 0.0053 28.3752
v  -69.9751 0.0000 28.4288
v  -67.3995 0.0203 31.9623
v  -92.4989 0.0203 27.3446
v  -21.0114 0.0203 36.9569
v  -34.0207 0.0203 36.0120
v  -8.0796 0.0203 37.5491
v  4.8554 0.0203 37.7953
v  17.7868 0.0203 37.6960
v  30.7076 0.0203 37.2516
v  43.6109 0.0203 36.4625
v  56.4899 0.0203 35.3290
v  69.3376 0.0203 33.8517
v  82.1471 0.0203 32.0309
v  94.9115 0.0203 29.8670
v  107.7102 0.0203 27.3435
v  91.5396 0.0203 27.3504
v  103.9452 0.0203 24.8857
v  79.2370 0.0203 29.4770
v  67.0770 0.0203 31.2514
v  55.0129 0.0203 32.6762
v  42.9980 0.0203 33.7546
v  30.9857 0.0203 34.4892
v  18.9293 0.0203 34.8830
v  6.7820 0.0203 34.9389
v  -5.5027 0.0203 34.6596
v  -17.9716 0.0203 34.0481
v  -30.5835 0.0203 33.1137
v  -88.7353 0.0203 24.8882
v  -70.0480 0.0203 28.3260
v  -67.3687 0.0440 32.0057
v  -92.5431 0.0440 27.3743
v  -21.0136 0.0440 36.9940
v  -34.0610 0.0440 36.0463
v  -8.0808 0.0440 37.5862
v  4.8552 0.0440 37.8325
v  17.7876 0.0440 37.7332
v  30.7094 0.0440 37.2887
v  43.6137 0.0440 36.4995
v  56.4936 0.0440 35.3660
v  69.3423 0.0440 33.8885
v  82.1528 0.0440 32.0676
v  94.9182 0.0440 29.9036
v  107.7543 0.0440 27.3727
v  91.5328 0.0440 27.3139
v  103.9010 0.0440 24.8566
v  79.2312 0.0440 29.4403
v  67.0721 0.0440 31.2145
v  55.0091 0.0440 32.6393
v  42.9952 0.0440 33.7175
v  30.9840 0.0440 34.4521
v  18.9286 0.0440 34.8459
v  6.7824 0.0440 34.9018
v  -5.5014 0.0440 34.6225
v  -17.9693 0.0440 34.0110
v  -30.5433 0.0440 33.0794
v  -88.6911 0.0440 24.8586
v  -70.0788 0.0440 28.2826
v  -67.3430 0.0750 32.0419
v  -92.5800 0.0750 27.3990
v  -21.0154 0.0750 37.0249
v  -34.0945 0.0750 36.0749
v  -8.0818 0.0750 37.6172
v  4.8550 0.0750 37.8635
v  17.7882 0.0750 37.7641
v  30.7109 0.0750 37.3197
v  43.6160 0.0750 36.5304
v  56.4968 0.0750 35.3968
v  69.3463 0.0750 33.9193
v  82.1576 0.0750 32.0982
v  94.9238 0.0750 29.9340
v  107.7911 0.0750 27.3970
v  91.5271 0.0750 27.2834
v  103.8642 0.0750 24.8323
v  79.2263 0.0750 29.4097
v  67.0681 0.0750 31.1838
v  55.0059 0.0750 32.6085
v  42.9929 0.0750 33.6866
v  30.9825 0.0750 34.4212
v  18.9280 0.0750 34.8149
v  6.7827 0.0750 34.8708
v  -5.5002 0.0750 34.5915
v  -17.9674 0.0750 33.9801
v  -30.5097 0.0750 33.0508
v  -88.6542 0.0750 24.8339
v  -70.1044 0.0750 28.2463
v  -67.3234 0.1121 32.0695
v  -92.6081 0.1121 27.4178
v  -21.0168 0.1121 37.0485
v  -34.1201 0.1121 36.0967
v  -8.0826 0.1121 37.6408
v  4.8549 0.1121 37.8871
v  17.7887 0.1121 37.7878
v  30.7120 0.1121 37.3432
v  43.6178 0.1121 36.5540
v  56.4992 0.1121 35.4203
v  69.3493 0.1121 33.9427
v  82.1612 0.1121 32.1215
v  94.9280 0.1121 29.9573
v  107.8191 0.1121 27.4155
v  91.5228 0.1121 27.2602
v  103.8362 0.1121 24.8138
v  79.2226 0.1121 29.3864
v  67.0650 0.1121 31.1604
v  55.0034 0.1121 32.5850
v  42.9911 0.1121 33.6631
v  30.9814 0.1121 34.3976
v  18.9276 0.1121 34.7913
v  6.7829 0.1121 34.8471
v  -5.4994 0.1121 34.5679
v  -17.9659 0.1121 33.9565
v  -30.4842 0.1121 33.0290
v  -88.6261 0.1121 24.8150
v  -70.1240 0.1121 28.2187
v  -67.3110 0.1542 32.0871
v  -92.6260 0.1542 27.4298
v  -21.0177 0.1542 37.0635
v  -34.1365 0.1542 36.1107
v  -8.0831 0.1542 37.6559
v  4.8548 0.1542 37.9022
v  17.7891 0.1542 37.8028
v  30.7127 0.1542 37.3583
v  43.6189 0.1542 36.5690
v  56.5007 0.1542 35.4353
v  69.3512 0.1542 33.9576
v  82.1635 0.1542 32.1364
v  94.9307 0.1542 29.9721
v  107.8370 0.1542 27.4274
v  91.5201 0.1542 27.2454
v  103.8183 0.1542 24.8020
v  79.2202 0.1542 29.3715
v  67.0630 0.1542 31.1455
v  55.0019 0.1542 32.5700
v  42.9900 0.1542 33.6481
v  30.9807 0.1542 34.3825
v  18.9273 0.1542 34.7763
v  6.7830 0.1542 34.8321
v  -5.4989 0.1542 34.5529
v  -17.9650 0.1542 33.9415
v  -30.4678 0.1542 33.0152
v  -88.6082 0.1542 24.8030
v  -70.1365 0.1542 28.2011
v  -67.3066 0.2000 32.0933
v  -92.6323 0.2000 27.4341
v  -21.0180 0.2000 37.0688
v  -34.1422 0.2000 36.1155
v  -8.0832 0.2000 37.6611
v  4.8548 0.2000 37.9074
v  17.7892 0.2000 37.8081
v  30.7130 0.2000 37.3636
v  43.6193 0.2000 36.5742
v  56.5012 0.2000 35.4405
v  69.3519 0.2000 33.9629
v  82.1643 0.2000 32.1417
v  94.9317 0.2000 29.9773
v  107.8433 0.2000 27.4315
v  91.5191 0.2000 27.2402
v  103.8120 0.2000 24.7979
v  79.2194 0.2000 29.3663
v  67.0623 0.2000 31.1402
v  55.0013 0.2000 32.5647
v  42.9896 0.2000 33.6428
v  30.9805 0.2000 34.3773
v  18.9272 0.2000 34.7710
v  6.7831 0.2000 34.8268
v  -5.4987 0.2000 34.5476
v  -17.9647 0.2000 33.9362
v  -30.4621 0.2000 33.0103
v  -88.6019 0.2000 24.7988
v  -70.1409 0.2000 28.1949
v  -67.3066 71.8000 32.0933
v  -92.6323 71.8000 27.4341
v  -21.0180 71.8000 37.0688
v  -34.1422 71.8000 36.1155
v  -8.0832 71.8000 37.6611
v  4.8548 71.8000 37.9074
v  17.7892 71.8000 37.8081
v  30.7130 71.8000 37.3636
v  43.6193 71.8000 36.5742
v  56.5012 71.8000 35.4405
v  69.3519 71.8000 33.9629
v  82.1643 71.8000 32.1417
v  94.9317 71.8000 29.9773
v  107.8433 71.8000 27.4315
v  91.5191 71.8000 27.2402
v  103.8120 71.8000 24.7979
v  79.2194 71.8000 29.3663
v  67.0623 71.8000 31.1402
v  55.0013 71.8000 32.5647
v  42.9896 71.8000 33.6428
v  30.9805 71.8000 34.3773
v  18.9272 71.8000 34.7710
v  6.7831 71.8000 34.8268
v  -5.4987 71.8000 34.5476
v  -17.9647 71.8000 33.9362
v  -30.4621 71.8000 33.0103
v  -88.6019 71.8000 24.7988
v  -70.1409 71.8000 28.1949
v  -67.3110 71.8458 32.0871
v  -92.6260 71.8458 27.4298
v  -21.0177 71.8458 37.0635
v  -34.1365 71.8458 36.1107
v  -8.0831 71.8458 37.6559
v  4.8548 71.8458 37.9022
v  17.7891 71.8458 37.8028
v  30.7127 71.8458 37.3583
v  43.6189 71.8458 36.5690
v  56.5007 71.8458 35.4353
v  69.3512 71.8458 33.9576
v  82.1635 71.8458 32.1364
v  94.9307 71.8458 29.9721
v  107.8370 71.8458 27.4274
v  91.5201 71.8458 27.2454
v  103.8183 71.8458 24.8020
v  79.2202 71.8458 29.3715
v  67.0630 71.8458 31.1455
v  55.0019 71.8458 32.5700
v  42.9900 71.8458 33.6481
v  30.9807 71.8458 34.3825
v  18.9273 71.8458 34.7763
v  6.7830 71.8458 34.8321
v  -5.4989 71.8458 34.5529
v  -17.9650 71.8458 33.9415
v  -30.4678 71.8458 33.0152
v  -88.6082 71.8458 24.8030
v  -70.1365 71.8458 28.2011
v  -67.3234 71.8879 32.0695
v  -92.6081 71.8879 27.4178
v  -21.0168 71.8879 37.0485
v  -34.1201 71.8879 36.0967
v  -8.0826 71.8879 37.6408
v  4.8549 71.8879 37.8871
v  17.7887 71.8879 37.7878
v  30.7120 71.8879 37.3432
v  43.6178 71.8879 36.5540
v  56.4992 71.8879 35.4203
v  69.3493 71.8879 33.9427
v  82.1612 71.8879 32.1215
v  94.9280 71.8879 29.9573
v  107.8191 71.8879 27.4155
v  91.5228 71.8879 27.2602
v  103.8362 71.8879 24.8138
v  79.2226 71.8879 29.3864
v  67.0650 71.8879 31.1604
v  55.0034 71.8879 32.5850
v  42.9911 71.8879 33.6631
v  30.9814 71.8879 34.3976
v  18.9276 71.8879 34.7913
v  6.7829 71.8879 34.8471
v  -5.4994 71.8879 34.5679
v  -17.9659 71.8879 33.9565
v  -30.4842 71.8879 33.0290
v  -88.6261 71.8879 24.8150
v  -70.1240 71.8879 28.2187
v  -67.3430 71.9250 32.0419
v  -92.5800 71.9250 27.3990
v  -21.0154 71.9250 37.0249
v  -34.0945 71.9250 36.0749
v  -8.0818 71.9250 37.6172
v  4.8550 71.9250 37.8635
v  17.7882 71.9250 37.7641
v  30.7109 71.9250 37.3197
v  43.6160 71.9250 36.5304
v  56.4968 71.9250 35.3968
v  69.3463 71.9250 33.9193
v  82.1576 71.9250 32.0982
v  94.9238 71.9250 29.9340
v  107.7911 71.9250 27.3970
v  91.5271 71.9250 27.2834
v  103.8642 71.9250 24.8323
v  79.2263 71.9250 29.4097
v  67.0681 71.9250 31.1838
v  55.0059 71.9250 32.6085
v  42.9929 71.9250 33.6866
v  30.9825 71.9250 34.4212
v  18.9280 71.9250 34.8149
v  6.7827 71.9250 34.8708
v  -5.5002 71.9250 34.5915
v  -17.9674 71.9250 33.9801
v  -30.5097 71.9250 33.0508
v  -88.6542 71.9250 24.8339
v  -70.1044 71.9250 28.2463
v  -67.3687 71.9560 32.0057
v  -92.5431 71.9560 27.3743
v  -21.0136 71.9560 36.9940
v  -34.0610 71.9560 36.0463
v  -8.0808 71.9560 37.5862
v  4.8552 71.9560 37.8325
v  17.7876 71.9560 37.7332
v  30.7094 71.9560 37.2887
v  43.6137 71.9560 36.4995
v  56.4936 71.9560 35.3660
v  69.3423 71.9560 33.8885
v  82.1528 71.9560 32.0676
v  94.9182 71.9560 29.9036
v  107.7543 71.9560 27.3727
v  91.5328 71.9560 27.3139
v  103.9010 71.9560 24.8566
v  79.2312 71.9560 29.4403
v  67.0721 71.9560 31.2145
v  55.0091 71.9560 32.6393
v  42.9952 71.9560 33.7175
v  30.9840 71.9560 34.4521
v  18.9286 71.9560 34.8459
v  6.7824 71.9560 34.9018
v  -5.5014 71.9560 34.6225
v  -17.9693 71.9560 34.0110
v  -30.5433 71.9560 33.0794
v  -88.6911 71.9560 24.8586
v  -70.0788 71.9560 28.2826
v  -67.3995 71.9797 31.9623
v  -92.4989 71.9797 27.3446
v  -21.0114 71.9797 36.9569
v  -34.0207 71.9797 36.0120
v  -8.0796 71.9797 37.5491
v  4.8554 71.9797 37.7953
v  17.7868 71.9797 37.6960
v  30.7076 71.9797 37.2516
v  43.6109 71.9797 36.4625
v  56.4899 71.9797 35.3290
v  69.3376 71.9797 33.8517
v  82.1471 71.9797 32.0309
v  94.9115 71.9797 29.8670
v  107.7102 71.9797 27.3435
v  91.5396 71.9797 27.3504
v  103.9452 71.9797 24.8857
v  79.2370 71.9797 29.4770
v  67.0770 71.9797 31.2514
v  55.0129 71.9797 32.6762
v  42.9980 71.9797 33.7546
v  30.9857 71.9797 34.4892
v  18.9293 71.9797 34.8830
v  6.7820 71.9797 34.9389
v  -5.5027 71.9797 34.6596
v  -17.9716 71.9797 34.0481
v  -30.5835 71.9797 33.1137
v  -88.7353 71.9797 24.8882
v  -70.0480 71.9797 28.3260
v  -67.4344 71.9947 31.9131
v  -92.4488 71.9947 27.3111
v  -21.0089 71.9947 36.9149
v  -33.9752 71.9947 35.9731
v  -8.0782 71.9947 37.5070
v  4.8557 71.9947 37.7533
v  17.7859 71.9947 37.6540
v  30.7056 71.9947 37.2096
v  43.6078 71.9947 36.4205
v  56.4857 71.9947 35.2871
v  69.3322 71.9947 33.8099
v  82.1406 71.9947 31.9893
v  94.9039 71.9947 29.8256
v  107.6602 71.9947 27.3105
v  91.5473 71.9947 27.3918
v  103.9951 71.9947 24.9187
v  79.2436 71.9947 29.5186
v  67.0825 71.9947 31.2931
v  55.0172 71.9947 32.7181
v  43.0012 71.9947 33.7965
v  30.9877 71.9947 34.5313
v  18.9301 71.9947 34.9251
v  6.7817 71.9947 34.9810
v  -5.5042 71.9947 34.7017
v  -17.9741 71.9947 34.0901
v  -30.6291 71.9947 33.1525
v  -88.7854 71.9947 24.9218
v  -70.0131 71.9947 28.3752
v  -67.4724 72.0000 31.8595
v  -92.3943 72.0000 27.2745
v  -21.0062 72.0000 36.8691
v  -33.9255 72.0000 35.9308
v  -8.0768 72.0000 37.4612
v  4.8559 72.0000 37.7074
v  17.7850 72.0000 37.6081
v  30.7034 72.0000 37.1638
v  43.6044 72.0000 36.3748
v  56.4810 72.0000 35.2416
v  69.3264 72.0000 33.7645
v  82.1335 72.0000 31.9440
v  94.8956 72.0000 29.7806
v  107.6057 72.0000 27.2745
v  91.5556 72.0000 27.4368
v  104.0496 72.0000 24.9546
v  79.2508 72.0000 29.5638
v  67.0885 72.0000 31.3385
v  55.0220 72.0000 32.7637
v  43.0046 72.0000 33.8422
v  30.9898 72.0000 34.5770
v  18.9309 72.0000 34.9709
v  6.7812 72.0000 35.0268
v  -5.5058 72.0000 34.7475
v  -17.9770 72.0000 34.1359
v  -30.6788 72.0000 33.1948
v  -88.8400 72.0000 24.9583
v  -69.9751 72.0000 28.4288
v  -77.9765 0.0053 -41.2700
v  -77.9411 0.0000 -41.2157
v  93.1370 0.0000 -41.2157
v  93.1723 0.0053 -41.2700
v  90.2017 0.0000 -40.5958
v  90.1474 0.0053 -40.6311
v  -75.0059 0.0000 -40.5959
v  -74.9516 0.0053 -40.6312
v  -78.0090 0.0203 -41.3199
v  93.2048 0.0203 -41.3199
v  90.0976 0.0203 -40.6636
v  -74.9017 0.0203 -40.6637
v  -78.0377 0.0440 -41.3639
v  93.2335 0.0440 -41.3639
v  90.0536 0.0440 -40.6923
v  -74.8577 0.0440 -40.6924
v  -78.0616 0.0750 -41.4006
v  93.2574 0.0750 -41.4006
v  90.0168 0.0750 -40.7162
v  -74.8210 0.0750 -40.7163
v  -78.0798 0.1121 -41.4286
v  93.2756 0.1121 -41.4286
v  89.9888 0.1121 -40.7344
v  -74.7930 0.1121 -40.7345
v  -78.0914 0.1542 -41.4465
v  93.2872 0.1542 -41.4465
v  89.9710 0.1542 -40.7460
v  -74.7751 0.1542 -40.7462
v  -78.0955 0.2000 -41.4527
v  93.2913 0.2000 -41.4527
v  89.9647 0.2000 -40.7501
v  -74.7689 0.2000 -40.7502
v  -78.0955 71.8000 -41.4527
v  93.2913 71.8000 -41.4527
v  89.9647 71.8000 -40.7501
v  -74.7689 71.8000 -40.7502
v  -78.0914 71.8458 -41.4465
v  93.2872 71.8458 -41.4465
v  89.9710 71.8458 -40.7460
v  -74.7751 71.8458 -40.7462
v  -78.0798 71.8879 -41.4286
v  93.2756 71.8879 -41.4286
v  89.9888 71.8879 -40.7344
v  -74.7930 71.8879 -40.7345
v  -78.0616 71.9250 -41.4006
v  93.2574 71.9250 -41.4006
v  90.0168 71.9250 -40.7162
v  -74.8210 71.9250 -40.7163
v  -78.0377 71.9560 -41.3639
v  93.2335 71.9560 -41.3639
v  90.0536 71.9560 -40.6923
v  -74.8577 71.9560 -40.6924
v  -78.0090 71.9797 -41.3199
v  93.2048 71.9797 -41.3199
v  90.0976 71.9797 -40.6636
v  -74.9017 71.9797 -40.6637
v  -77.9765 71.9947 -41.2700
v  93.1723 71.9947 -41.2700
v  90.1474 71.9947 -40.6311
v  -74.9516 71.9947 -40.6312
v  -77.9411 72.0000 -41.2157
v  93.1370 72.0000 -41.2157
v  90.2017 72.0000 -40.5958
v  -75.0059 72.0000 -40.5959
v  -64.3786 0.0000 12.1017
v  -64.3402 0.0053 12.1525
v  -32.2068 0.0000 16.0050
v  -32.2562 0.0053 16.0451
v  -28.9587 0.0000 13.2745
v  -28.9092 0.0053 13.2344
v  -66.8741 0.0000 8.6744
v  -66.9125 0.0053 8.6235
v  -64.3049 0.0203 12.1992
v  -32.3016 0.0203 16.0820
v  -28.8638 0.0203 13.1975
v  -66.9478 0.0203 8.5769
v  -64.2738 0.0440 12.2403
v  -32.3417 0.0440 16.1146
v  -28.8237 0.0440 13.1649
v  -66.9789 0.0440 8.5357
v  -64.2478 0.0750 12.2747
v  -32.3752 0.0750 16.1417
v  -28.7903 0.0750 13.1378
v  -67.0049 0.0750 8.5013
v  -64.2280 0.1121 12.3009
v  -32.4007 0.1121 16.1624
v  -28.7648 0.1121 13.1171
v  -67.0247 0.1121 8.4751
v  -64.2154 0.1542 12.3176
v  -32.4169 0.1542 16.1756
v  -28.7485 0.1542 13.1039
v  -67.0373 0.1542 8.4584
v  -64.2109 0.2000 12.3235
v  -32.4226 0.2000 16.1802
v  -28.7428 0.2000 13.0993
v  -67.0417 0.2000 8.4526
v  -64.2109 71.8000 12.3235
v  -32.4226 71.8000 16.1802
v  -28.7428 71.8000 13.0993
v  -67.0417 71.8000 8.4526
v  -64.2154 71.8458 12.3176
v  -32.4169 71.8458 16.1756
v  -28.7485 71.8458 13.1039
v  -67.0373 71.8458 8.4584
v  -64.2280 71.8879 12.3009
v  -32.4007 71.8879 16.1624
v  -28.7648 71.8879 13.1171
v  -67.0247 71.8879 8.4751
v  -64.2478 71.9250 12.2747
v  -32.3752 71.9250 16.1417
v  -28.7903 71.9250 13.1378
v  -67.0049 71.9250 8.5013
v  -64.2738 71.9560 12.2403
v  -32.3417 71.9560 16.1146
v  -28.8237 71.9560 13.1649
v  -66.9789 71.9560 8.5357
v  -64.3049 71.9797 12.1992
v  -32.3016 71.9797 16.0820
v  -28.8638 71.9797 13.1975
v  -66.9478 71.9797 8.5769
v  -64.3402 71.9947 12.1525
v  -32.2562 71.9947 16.0451
v  -28.9092 71.9947 13.2344
v  -66.9125 71.9947 8.6235
v  -64.3786 72.0000 12.1017
v  -32.2068 72.0000 16.0050
v  -28.9587 72.0000 13.2745
v  -66.8741 72.0000 8.6744
# 576 vertices

vn -0.0207 -0.9934 0.1126
vn -0.0512 -0.9591 0.2783
vn -0.0068 -0.9934 0.1143
vn -0.0135 -0.9736 0.2277
vn -0.0205 -0.9593 0.2818
vn -0.0083 -0.9934 0.1142
vn -0.0037 -0.9934 0.1145
vn -0.0074 -0.9736 0.2280
vn -0.0007 -0.9934 0.1145
vn -0.0013 -0.9736 0.2281
vn 0.0024 -0.9934 0.1145
vn 0.0048 -0.9736 0.2281
vn 0.0055 -0.9934 0.1144
vn 0.0109 -0.9736 0.2279
vn 0.0085 -0.9934 0.1142
vn 0.0170 -0.9736 0.2275
vn 0.0116 -0.9934 0.1139
vn 0.0230 -0.9736 0.2270
vn 0.0146 -0.9934 0.1136
vn 0.0291 -0.9736 0.2263
vn 0.0176 -0.9934 0.1132
vn 0.0351 -0.9736 0.2254
vn 0.0207 -0.9934 0.1126
vn 0.0411 -0.9736 0.2244
vn 0.0222 -0.9934 0.1124
vn 0.0546 -0.9593 0.2772
vn -0.0209 -0.9934 -0.1126
vn -0.0413 -0.9740 -0.2225
vn -0.0336 -0.9851 -0.1689
vn -0.0223 -0.9934 -0.1123
vn -0.0180 -0.9934 -0.1131
vn -0.0356 -0.9741 -0.2235
vn -0.0150 -0.9934 -0.1135
vn -0.0296 -0.9741 -0.2243
vn -0.0118 -0.9934 -0.1139
vn -0.0234 -0.9741 -0.2250
vn -0.0086 -0.9934 -0.1142
vn -0.0170 -0.9741 -0.2256
vn -0.0054 -0.9934 -0.1144
vn -0.0106 -0.9741 -0.2260
vn -0.0021 -0.9934 -0.1145
vn -0.0042 -0.9741 -0.2262
vn 0.0010 -0.9934 -0.1145
vn 0.0021 -0.9741 -0.2263
vn 0.0041 -0.9934 -0.1144
vn 0.0081 -0.9741 -0.2262
vn 0.0070 -0.9934 -0.1143
vn 0.0139 -0.9740 -0.2259
vn 0.0085 -0.9934 -0.1142
vn 0.0127 -0.9851 -0.1717
vn 0.0207 -0.9934 -0.1126
vn 0.0311 -0.9851 -0.1689
vn -0.0881 -0.8733 0.4791
vn -0.0260 -0.8978 0.4395
vn -0.0353 -0.8735 0.4855
vn -0.0143 -0.8978 0.4401
vn -0.0025 -0.8978 0.4403
vn 0.0093 -0.8978 0.4402
vn 0.0210 -0.8978 0.4398
vn 0.0327 -0.8978 0.4391
vn 0.0445 -0.8978 0.4381
vn 0.0561 -0.8978 0.4367
vn 0.0678 -0.8978 0.4351
vn 0.0794 -0.8978 0.4331
vn 0.0942 -0.8735 0.4776
vn -0.0801 -0.8986 -0.4315
vn -0.0766 -0.9196 -0.3854
vn -0.0691 -0.8986 -0.4333
vn -0.0574 -0.8986 -0.4350
vn -0.0453 -0.8986 -0.4364
vn -0.0330 -0.8986 -0.4375
vn -0.0206 -0.8986 -0.4383
vn -0.0082 -0.8986 -0.4387
vn 0.0040 -0.8986 -0.4388
vn 0.0157 -0.8986 -0.4385
vn 0.0270 -0.8986 -0.4380
vn 0.0290 -0.9196 -0.3918
vn 0.0710 -0.9198 -0.3860
vn -0.1199 -0.7490 0.6516
vn -0.0370 -0.7797 0.6251
vn -0.0480 -0.7493 0.6605
vn -0.0203 -0.7797 0.6259
vn -0.0036 -0.7797 0.6262
vn 0.0132 -0.7797 0.6261
vn 0.0299 -0.7797 0.6255
vn 0.0466 -0.7797 0.6245
vn 0.0632 -0.7797 0.6230
vn 0.0798 -0.7797 0.6211
vn 0.0964 -0.7797 0.6187
vn 0.1129 -0.7797 0.6159
vn 0.1281 -0.7493 0.6497
vn -0.1142 -0.7805 -0.6146
vn -0.1149 -0.8075 -0.5785
vn -0.0984 -0.7806 -0.6173
vn -0.0818 -0.7806 -0.6197
vn -0.0646 -0.7806 -0.6217
vn -0.0470 -0.7806 -0.6233
vn -0.0293 -0.7806 -0.6244
vn -0.0116 -0.7806 -0.6249
vn 0.0057 -0.7806 -0.6251
vn 0.0224 -0.7805 -0.6247
vn 0.0384 -0.7805 -0.6240
vn 0.0436 -0.8075 -0.5882
vn 0.1066 -0.8078 -0.5797
vn -0.1457 -0.5930 0.7919
vn -0.0461 -0.6252 0.7791
vn -0.0583 -0.5933 0.8028
vn -0.0253 -0.6252 0.7800
vn -0.0044 -0.6252 0.7804
vn 0.0164 -0.6252 0.7803
vn 0.0372 -0.6252 0.7796
vn 0.0580 -0.6252 0.7783
vn 0.0788 -0.6252 0.7765
vn 0.0995 -0.6252 0.7741
vn 0.1201 -0.6252 0.7711
vn 0.1407 -0.6252 0.7677
vn 0.1557 -0.5933 0.7898
vn -0.1424 -0.6261 -0.7666
vn -0.1473 -0.6545 -0.7415
vn -0.1227 -0.6261 -0.7700
vn -0.1020 -0.6261 -0.7730
vn -0.0806 -0.6262 -0.7755
vn -0.0587 -0.6262 -0.7775
vn -0.0365 -0.6262 -0.7788
vn -0.0145 -0.6262 -0.7796
vn 0.0071 -0.6261 -0.7797
vn 0.0280 -0.6261 -0.7792
vn 0.0479 -0.6261 -0.7783
vn 0.0559 -0.6545 -0.7540
vn 0.1367 -0.6549 -0.7433
vn -0.1649 -0.4110 0.8966
vn -0.0531 -0.4392 0.8968
vn -0.0660 -0.4114 0.9091
vn -0.0291 -0.4392 0.8979
vn -0.0051 -0.4392 0.8984
vn 0.0189 -0.4392 0.8982
vn 0.0429 -0.4392 0.8974
vn 0.0668 -0.4392 0.8959
vn 0.0907 -0.4392 0.8938
vn 0.1145 -0.4392 0.8911
vn 0.1383 -0.4392 0.8877
vn 0.1620 -0.4392 0.8837
vn 0.1763 -0.4113 0.8943
vn -0.1640 -0.4399 -0.8830
vn -0.1726 -0.4644 -0.8686
vn -0.1413 -0.4399 -0.8869
vn -0.1175 -0.4399 -0.8903
vn -0.0928 -0.4399 -0.8932
vn -0.0676 -0.4399 -0.8955
vn -0.0421 -0.4400 -0.8970
vn -0.0167 -0.4399 -0.8979
vn 0.0081 -0.4399 -0.8980
vn 0.0322 -0.4399 -0.8975
vn 0.0552 -0.4399 -0.8964
vn 0.0654 -0.4644 -0.8832
vn 0.1602 -0.4647 -0.8708
vn -0.1769 -0.2100 0.9616
vn -0.0576 -0.2271 0.9722
vn -0.0708 -0.2102 0.9751
vn -0.0315 -0.2270 0.9734
vn -0.0055 -0.2270 0.9739
vn 0.0205 -0.2271 0.9737
vn 0.0465 -0.2271 0.9728
vn 0.0724 -0.2270 0.9712
vn 0.0983 -0.2270 0.9689
vn 0.1242 -0.2270 0.9659
vn 0.1499 -0.2271 0.9623
vn 0.1756 -0.2271 0.9579
vn 0.1891 -0.2102 0.9592
vn -0.1778 -0.2275 -0.9574
vn -0.1891 -0.2420 -0.9517
vn -0.1532 -0.2275 -0.9617
vn -0.1274 -0.2275 -0.9654
vn -0.1006 -0.2275 -0.9686
vn -0.0733 -0.2275 -0.9710
vn -0.0456 -0.2275 -0.9727
vn -0.0181 -0.2275 -0.9736
vn 0.0088 -0.2275 -0.9737
vn 0.0349 -0.2274 -0.9732
vn 0.0598 -0.2274 -0.9720
vn 0.0717 -0.2420 -0.9676
vn 0.1755 -0.2422 -0.9542
vn -0.1797 -0.1146 0.9770
vn -0.0587 -0.1146 0.9917
vn -0.0720 -0.1146 0.9908
vn -0.0322 -0.1146 0.9929
vn -0.0056 -0.1146 0.9934
vn 0.0209 -0.1147 0.9932
vn 0.0474 -0.1146 0.9923
vn 0.0739 -0.1146 0.9907
vn 0.1003 -0.1146 0.9883
vn 0.1267 -0.1147 0.9853
vn 0.1529 -0.1147 0.9816
vn 0.1791 -0.1146 0.9771
vn 0.1922 -0.1146 0.9746
vn -0.1814 -0.1147 -0.9767
vn -0.1936 -0.1147 -0.9744
vn -0.1563 -0.1146 -0.9810
vn -0.1300 -0.1146 -0.9849
vn -0.1027 -0.1146 -0.9881
vn -0.0747 -0.1146 -0.9906
vn -0.0465 -0.1146 -0.9923
vn -0.0185 -0.1146 -0.9932
vn 0.0090 -0.1146 -0.9934
vn 0.0356 -0.1146 -0.9928
vn 0.0610 -0.1146 -0.9915
vn 0.0734 -0.1146 -0.9907
vn 0.1797 -0.1146 -0.9770
vn -0.1809 0.0000 0.9835
vn -0.0591 0.0000 0.9983
vn -0.0724 0.0000 0.9974
vn -0.0324 0.0000 0.9995
vn -0.0057 0.0000 1.0000
vn 0.0210 0.0000 0.9998
vn 0.0477 0.0000 0.9989
vn 0.0744 0.0000 0.9972
vn 0.1010 0.0000 0.9949
vn 0.1275 0.0000 0.9918
vn 0.1539 0.0000 0.9881
vn 0.1803 0.0000 0.9836
vn 0.1934 0.0000 0.9811
vn -0.1826 0.0000 -0.9832
vn -0.1949 0.0000 -0.9808
vn -0.1574 0.0000 -0.9875
vn -0.1309 0.0000 -0.9914
vn -0.1034 0.0000 -0.9946
vn -0.0752 0.0000 -0.9972
vn -0.0469 0.0000 -0.9989
vn -0.0186 0.0000 -0.9998
vn 0.0091 0.0000 -1.0000
vn 0.0359 0.0000 -0.9994
vn 0.0614 0.0000 -0.9981
vn 0.0739 0.0000 -0.9973
vn 0.1809 0.0000 -0.9835
vn -0.1797 0.1146 0.9770
vn -0.1769 0.2100 0.9616
vn -0.0587 0.1146 0.9917
vn -0.0576 0.2271 0.9722
vn -0.0708 0.2102 0.9751
vn -0.0720 0.1146 0.9908
vn -0.0322 0.1146 0.9929
vn -0.0315 0.2270 0.9734
vn -0.0056 0.1146 0.9934
vn -0.0055 0.2270 0.9739
vn 0.0209 0.1147 0.9932
vn 0.0205 0.2271 0.9737
vn 0.0474 0.1147 0.9923
vn 0.0465 0.2271 0.9728
vn 0.0739 0.1146 0.9907
vn 0.0724 0.2270 0.9712
vn 0.1003 0.1146 0.9883
vn 0.0983 0.2270 0.9689
vn 0.1267 0.1147 0.9853
vn 0.1242 0.2270 0.9659
vn 0.1529 0.1147 0.9816
vn 0.1499 0.2271 0.9623
vn 0.1791 0.1147 0.9771
vn 0.1756 0.2271 0.9579
vn 0.1922 0.1146 0.9746
vn 0.1891 0.2102 0.9592
vn -0.1814 0.1147 -0.9767
vn -0.1778 0.2275 -0.9574
vn -0.1891 0.2420 -0.9517
vn -0.1936 0.1147 -0.9744
vn -0.1563 0.1147 -0.9810
vn -0.1532 0.2275 -0.9617
vn -0.1300 0.1146 -0.9849
vn -0.1274 0.2275 -0.9654
vn -0.1027 0.1146 -0.9881
vn -0.1006 0.2275 -0.9686
vn -0.0747 0.1146 -0.9906
vn -0.0733 0.2275 -0.9710
vn -0.0465 0.1146 -0.9923
vn -0.0456 0.2275 -0.9727
vn -0.0185 0.1147 -0.9932
vn -0.0181 0.2275 -0.9736
vn 0.0090 0.1146 -0.9934
vn 0.0088 0.2274 -0.9737
vn 0.0356 0.1146 -0.9928
vn 0.0349 0.2274 -0.9732
vn 0.0610 0.1146 -0.9915
vn 0.0598 0.2274 -0.9720
vn 0.0734 0.1146 -0.9907
vn 0.0717 0.2420 -0.9676
vn 0.1797 0.1146 -0.9770
vn 0.1755 0.2422 -0.9542
vn -0.1649 0.4110 0.8966
vn -0.0531 0.4392 0.8968
vn -0.0660 0.4114 0.9091
vn -0.0291 0.4392 0.8979
vn -0.0051 0.4392 0.8984
vn 0.0189 0.4392 0.8982
vn 0.0429 0.4392 0.8974
vn 0.0668 0.4392 0.8959
vn 0.0907 0.4392 0.8938
vn 0.1145 0.4392 0.8911
vn 0.1383 0.4392 0.8877
vn 0.1620 0.4392 0.8837
vn 0.1763 0.4113 0.8943
vn -0.1640 0.4399 -0.8830
vn -0.1726 0.4644 -0.8686
vn -0.1413 0.4399 -0.8869
vn -0.1175 0.4399 -0.8903
vn -0.0928 0.4399 -0.8932
vn -0.0676 0.4399 -0.8955
vn -0.0421 0.4400 -0.8970
vn -0.0167 0.4399 -0.8979
vn 0.0081 0.4399 -0.8980
vn 0.0322 0.4399 -0.8975
vn 0.0552 0.4399 -0.8964
vn 0.0654 0.4644 -0.8832
vn 0.1602 0.4647 -0.8708
vn -0.1457 0.5930 0.7919
vn -0.0461 0.6252 0.7791
vn -0.0583 0.5933 0.8028
vn -0.0253 0.6252 0.7800
vn -0.0044 0.6252 0.7804
vn 0.0164 0.6252 0.7803
vn 0.0372 0.6252 0.7796
vn 0.0580 0.6252 0.7783
vn 0.0788 0.6252 0.7764
vn 0.0995 0.6252 0.7741
vn 0.1201 0.6252 0.7711
vn 0.1407 0.6252 0.7676
vn 0.1557 0.5933 0.7897
vn -0.1424 0.6261 -0.7666
vn -0.1473 0.6546 -0.7415
vn -0.1227 0.6261 -0.7700
vn -0.1020 0.6262 -0.7730
vn -0.0806 0.6262 -0.7755
vn -0.0587 0.6262 -0.7775
vn -0.0365 0.6262 -0.7788
vn -0.0145 0.6262 -0.7796
vn 0.0071 0.6261 -0.7797
vn 0.0280 0.6261 -0.7792
vn 0.0479 0.6261 -0.7783
vn 0.0559 0.6546 -0.7539
vn 0.1367 0.6549 -0.7433
vn -0.1199 0.7490 0.6516
vn -0.1199 0.7491 0.6516
vn -0.0370 0.7797 0.6251
vn -0.0480 0.7493 0.6604
vn -0.0203 0.7797 0.6258
vn -0.0036 0.7797 0.6262
vn 0.0132 0.7797 0.6260
vn 0.0299 0.7797 0.6255
vn 0.0466 0.7797 0.6244
vn 0.0632 0.7797 0.6230
vn 0.0798 0.7797 0.6211
vn 0.0964 0.7797 0.6187
vn 0.1129 0.7797 0.6159
vn 0.1281 0.7494 0.6497
vn -0.1142 0.7805 -0.6146
vn -0.1149 0.8076 -0.5785
vn -0.0984 0.7806 -0.6173
vn -0.0818 0.7806 -0.6197
vn -0.0646 0.7806 -0.6217
vn -0.0470 0.7806 -0.6232
vn -0.0293 0.7806 -0.6243
vn -0.0116 0.7806 -0.6249
vn 0.0057 0.7806 -0.6250
vn 0.0224 0.7806 -0.6247
vn 0.0384 0.7805 -0.6239
vn 0.0436 0.8076 -0.5882
vn 0.1066 0.8078 -0.5797
vn -0.0881 0.8733 0.4791
vn -0.0260 0.8979 0.4395
vn -0.0353 0.8736 0.4854
vn -0.0143 0.8979 0.4400
vn -0.0025 0.8979 0.4403
vn 0.0093 0.8979 0.4402
vn 0.0210 0.8979 0.4398
vn 0.0327 0.8979 0.4390
vn 0.0444 0.8979 0.4380
vn 0.0561 0.8979 0.4367
vn 0.0678 0.8979 0.4350
vn 0.0794 0.8979 0.4331
vn 0.0942 0.8736 0.4775
vn -0.0801 0.8986 -0.4314
vn -0.0765 0.9196 -0.3853
vn -0.0690 0.8986 -0.4333
vn -0.0574 0.8986 -0.4349
vn -0.0453 0.8986 -0.4363
vn -0.0330 0.8986 -0.4374
vn -0.0206 0.8986 -0.4382
vn -0.0082 0.8986 -0.4386
vn 0.0040 0.8986 -0.4387
vn 0.0157 0.8986 -0.4385
vn 0.0270 0.8986 -0.4380
vn 0.0290 0.9196 -0.3918
vn 0.0710 0.9198 -0.3859
vn -0.0512 0.9591 0.2783
vn -0.0135 0.9736 0.2278
vn -0.0205 0.9593 0.2817
vn -0.0074 0.9736 0.2280
vn -0.0013 0.9736 0.2282
vn 0.0048 0.9736 0.2281
vn 0.0109 0.9736 0.2279
vn 0.0170 0.9736 0.2275
vn 0.0230 0.9736 0.2270
vn 0.0291 0.9736 0.2263
vn 0.0351 0.9736 0.2254
vn 0.0411 0.9736 0.2244
vn 0.0546 0.9593 0.2771
vn -0.0413 0.9740 -0.2226
vn -0.0336 0.9850 -0.1690
vn -0.0356 0.9740 -0.2235
vn -0.0296 0.9741 -0.2244
vn -0.0234 0.9741 -0.2251
vn -0.0170 0.9741 -0.2256
vn -0.0106 0.9741 -0.2260
vn -0.0042 0.9741 -0.2262
vn 0.0021 0.9741 -0.2263
vn 0.0081 0.9740 -0.2262
vn 0.0139 0.9740 -0.2260
vn 0.0127 0.9850 -0.1718
vn 0.0311 0.9851 -0.1690
vn -0.0207 0.9934 0.1128
vn -0.0068 0.9934 0.1145
vn -0.0083 0.9934 0.1144
vn -0.0037 0.9934 0.1146
vn -0.0007 0.9934 0.1147
vn 0.0024 0.9934 0.1146
vn 0.0055 0.9934 0.1145
vn 0.0085 0.9934 0.1144
vn 0.0116 0.9934 0.1141
vn 0.0146 0.9934 0.1137
vn 0.0177 0.9934 0.1133
vn 0.0207 0.9934 0.1128
vn 0.0222 0.9934 0.1125
vn -0.0209 0.9934 -0.1127
vn -0.0223 0.9934 -0.1125
vn -0.0180 0.9934 -0.1132
vn -0.0150 0.9934 -0.1137
vn -0.0119 0.9934 -0.1141
vn -0.0086 0.9934 -0.1143
vn -0.0054 0.9934 -0.1145
vn -0.0021 0.9934 -0.1147
vn 0.0010 0.9934 -0.1147
vn 0.0041 0.9934 -0.1146
vn 0.0070 0.9934 -0.1145
vn 0.0085 0.9934 -0.1144
vn 0.0207 0.9934 -0.1128
vn -0.1121 -0.9934 -0.0236
vn -0.2768 -0.9591 -0.0584
vn -0.2759 -0.9594 -0.0582
vn 0.1121 -0.9934 -0.0237
vn 0.2759 -0.9594 -0.0583
vn 0.2764 -0.9593 -0.0584
vn -0.0237 -0.9934 -0.1121
vn -0.0583 -0.9594 -0.2759
vn -0.1121 -0.9934 0.0237
vn -0.1685 -0.9851 0.0356
vn -0.2759 -0.9594 0.0583
vn 0.1121 -0.9934 0.0236
vn 0.2760 -0.9594 0.0582
vn 0.1680 -0.9851 0.0355
vn 0.0237 -0.9934 -0.1121
vn 0.0583 -0.9594 -0.2759
vn -0.4767 -0.8733 -0.1006
vn -0.4759 -0.8738 -0.1004
vn 0.4758 -0.8738 -0.1005
vn 0.4762 -0.8735 -0.1006
vn -0.1005 -0.8738 -0.4758
vn -0.3844 -0.9196 0.0812
vn -0.4758 -0.8738 0.1005
vn 0.4759 -0.8738 0.1004
vn 0.3840 -0.9198 0.0810
vn 0.1005 -0.8738 -0.4758
vn -0.6482 -0.7490 -0.1368
vn -0.6476 -0.7496 -0.1367
vn 0.6476 -0.7496 -0.1368
vn 0.6479 -0.7493 -0.1369
vn -0.1368 -0.7497 -0.6475
vn -0.5771 -0.8075 0.1219
vn -0.6476 -0.7496 0.1368
vn 0.6476 -0.7497 0.1367
vn 0.5768 -0.8078 0.1217
vn 0.1367 -0.7496 -0.6476
vn -0.7878 -0.5930 -0.1662
vn -0.7873 -0.5937 -0.1661
vn 0.7873 -0.5937 -0.1663
vn 0.7876 -0.5933 -0.1664
vn -0.1663 -0.5937 -0.7873
vn -0.7397 -0.6545 0.1563
vn -0.7873 -0.5937 0.1663
vn 0.7873 -0.5937 0.1662
vn 0.7394 -0.6549 0.1560
vn 0.1663 -0.5937 -0.7873
vn -0.8920 -0.4110 -0.1882
vn -0.8917 -0.4117 -0.1882
vn 0.8917 -0.4117 -0.1884
vn 0.8918 -0.4113 -0.1884
vn -0.1883 -0.4117 -0.8917
vn -0.8665 -0.4645 0.1830
vn -0.8916 -0.4117 0.1884
vn 0.8917 -0.4117 0.1882
vn 0.8664 -0.4647 0.1828
vn 0.1883 -0.4117 -0.8916
vn -0.9566 -0.2100 -0.2019
vn -0.9565 -0.2104 -0.2019
vn 0.9565 -0.2105 -0.2021
vn 0.9565 -0.2102 -0.2021
vn -0.2020 -0.2104 -0.9565
vn -0.9493 -0.2420 0.2005
vn -0.9565 -0.2104 0.2021
vn 0.9565 -0.2104 0.2019
vn 0.9493 -0.2422 0.2003
vn 0.2020 -0.2105 -0.9565
vn -0.9720 -0.1146 -0.2051
vn 0.9720 -0.1147 -0.2053
vn -0.2053 -0.1146 -0.9720
vn -0.9720 -0.1145 0.2053
vn 0.9720 -0.1145 0.2051
vn 0.2053 -0.1146 -0.9720
vn -0.9785 0.0000 -0.2065
vn 0.9784 0.0000 -0.2067
vn -0.2067 0.0000 -0.9784
vn -0.9784 0.0000 0.2067
vn 0.9784 0.0000 0.2065
vn 0.2066 0.0000 -0.9784
vn -0.9720 0.1147 -0.2051
vn -0.9566 0.2100 -0.2019
vn -0.9565 0.2104 -0.2019
vn 0.9720 0.1147 -0.2053
vn 0.9565 0.2105 -0.2021
vn 0.9565 0.2102 -0.2021
vn -0.2053 0.1146 -0.9720
vn -0.2020 0.2104 -0.9565
vn -0.9720 0.1146 0.2053
vn -0.9493 0.2420 0.2005
vn -0.9565 0.2104 0.2021
vn 0.9720 0.1145 0.2051
vn 0.9565 0.2104 0.2019
vn 0.9493 0.2422 0.2003
vn 0.2053 0.1146 -0.9720
vn 0.2020 0.2105 -0.9565
vn -0.8920 0.4110 -0.1882
vn -0.8917 0.4117 -0.1882
vn 0.8916 0.4117 -0.1884
vn 0.8918 0.4113 -0.1884
vn -0.1883 0.4117 -0.8917
vn -0.8665 0.4645 0.1830
vn -0.8916 0.4117 0.1884
vn 0.8917 0.4117 0.1882
vn 0.8664 0.4647 0.1828
vn 0.1883 0.4117 -0.8917
vn 0.1883 0.4117 -0.8916
vn -0.7878 0.5931 -0.1662
vn -0.7873 0.5937 -0.1661
vn 0.7873 0.5937 -0.1663
vn 0.7876 0.5933 -0.1664
vn -0.1663 0.5937 -0.7873
vn -0.7397 0.6546 0.1563
vn -0.7873 0.5937 0.1663
vn 0.7873 0.5937 0.1662
vn 0.7394 0.6549 0.1560
vn 0.1663 0.5937 -0.7873
vn -0.6482 0.7491 -0.1368
vn -0.6476 0.7497 -0.1367
vn 0.6476 0.7496 -0.1368
vn 0.6479 0.7493 -0.1369
vn -0.1368 0.7497 -0.6475
vn -0.5770 0.8076 0.1219
vn -0.6475 0.7497 0.1368
vn 0.6475 0.7497 0.1367
vn 0.5767 0.8078 0.1217
vn 0.1367 0.7497 -0.6475
vn -0.4766 0.8733 -0.1006
vn -0.4758 0.8738 -0.1004
vn 0.4758 0.8738 -0.1005
vn 0.4762 0.8736 -0.1006
vn -0.1005 0.8738 -0.4758
vn -0.3844 0.9196 0.0812
vn -0.4758 0.8738 0.1005
vn 0.4758 0.8738 0.1004
vn 0.3839 0.9198 0.0810
vn 0.1005 0.8738 -0.4758
vn -0.2768 0.9591 -0.0584
vn -0.2759 0.9594 -0.0582
vn 0.2759 0.9594 -0.0583
vn 0.2764 0.9593 -0.0584
vn -0.0583 0.9594 -0.2759
vn -0.1686 0.9850 0.0356
vn -0.2759 0.9594 0.0583
vn 0.2759 0.9594 0.0582
vn 0.1681 0.9851 0.0355
vn 0.0583 0.9594 -0.2759
vn -0.1122 0.9934 -0.0237
vn 0.1122 0.9934 -0.0237
vn -0.0237 0.9934 -0.1122
vn -0.1122 0.9934 0.0237
vn 0.1122 0.9934 0.0237
vn 0.0237 0.9934 -0.1122
vn 0.1131 -0.9934 0.0177
vn 0.1718 -0.9848 0.0269
vn 0.2796 -0.9591 0.0438
vn -0.0138 -0.9934 0.1137
vn -0.0209 -0.9848 0.1726
vn -0.1141 -0.9934 -0.0098
vn -0.2815 -0.9593 -0.0243
vn -0.1732 -0.9848 -0.0149
vn 0.1141 -0.9934 0.0099
vn 0.2798 -0.9598 0.0242
vn 0.1716 -0.9851 0.0148
vn 0.0138 -0.9934 -0.1137
vn 0.0338 -0.9598 -0.2787
vn 0.0338 -0.9598 -0.2788
vn -0.1131 -0.9934 -0.0178
vn -0.1696 -0.9851 -0.0266
vn -0.2774 -0.9598 -0.0435
vn 0.3896 -0.9189 0.0610
vn 0.4813 -0.8733 0.0754
vn -0.0475 -0.9190 0.3915
vn -0.4849 -0.8735 -0.0418
vn -0.3929 -0.9190 -0.0339
vn 0.4834 -0.8744 0.0417
vn 0.3914 -0.9196 0.0338
vn 0.0584 -0.8744 -0.4817
vn -0.3877 -0.9198 -0.0609
vn -0.4793 -0.8744 -0.0752
vn 0.5839 -0.8066 0.0914
vn 0.6546 -0.7490 0.1025
vn -0.0712 -0.8066 0.5867
vn -0.6598 -0.7493 -0.0569
vn -0.5888 -0.8066 -0.0508
vn 0.6585 -0.7505 0.0569
vn 0.5876 -0.8075 0.0507
vn 0.0796 -0.7504 -0.6561
vn -0.5823 -0.8078 -0.0914
vn -0.6529 -0.7505 -0.1025
vn 0.7478 -0.6535 0.1171
vn 0.7955 -0.5930 0.1246
vn -0.0912 -0.6535 0.7514
vn -0.8020 -0.5933 -0.0692
vn -0.7541 -0.6535 -0.0650
vn 0.8010 -0.5946 0.0692
vn 0.7532 -0.6546 0.0650
vn 0.0968 -0.5946 -0.7982
vn -0.7466 -0.6549 -0.1172
vn -0.7943 -0.5946 -0.1247
vn 0.8755 -0.4635 0.1371
vn 0.9007 -0.4110 0.1410
vn -0.1067 -0.4635 0.8797
vn -0.9081 -0.4113 -0.0783
vn -0.8828 -0.4635 -0.0762
vn 0.9076 -0.4126 0.0784
vn 0.8823 -0.4644 0.0762
vn 0.1097 -0.4126 -0.9043
vn -0.8748 -0.4647 -0.1373
vn -0.8999 -0.4126 -0.1413
vn 0.9587 -0.2414 0.1501
vn 0.9659 -0.2100 0.1512
vn -0.1169 -0.2414 0.9634
vn -0.9740 -0.2102 -0.0840
vn -0.9668 -0.2414 -0.0834
vn 0.9739 -0.2110 0.0841
vn 0.9667 -0.2420 0.0835
vn 0.1177 -0.2110 -0.9704
vn -0.9585 -0.2422 -0.1505
vn -0.9657 -0.2110 -0.1516
vn 0.9814 -0.1147 0.1537
vn -0.1197 -0.1146 0.9862
vn -0.9897 -0.1146 -0.0854
vn 0.9897 -0.1146 0.0855
vn 0.1197 -0.1146 -0.9862
vn -0.9814 -0.1146 -0.1541
vn 0.9880 0.0000 0.1547
vn -0.1204 0.0000 0.9927
vn -0.9963 0.0000 -0.0859
vn 0.9963 0.0000 0.0860
vn -0.9879 0.0000 -0.1551
vn 0.9814 0.1147 0.1537
vn 0.9587 0.2414 0.1501
vn 0.9659 0.2100 0.1512
vn -0.1197 0.1146 0.9862
vn -0.1169 0.2414 0.9634
vn -0.9897 0.1146 -0.0854
vn -0.9740 0.2102 -0.0840
vn -0.9668 0.2414 -0.0834
vn 0.9897 0.1146 0.0855
vn 0.9739 0.2110 0.0841
vn 0.9667 0.2420 0.0835
vn 0.1197 0.1146 -0.9862
vn 0.1177 0.2110 -0.9704
vn -0.9814 0.1146 -0.1541
vn -0.9585 0.2422 -0.1505
vn -0.9657 0.2110 -0.1516
vn 0.8755 0.4635 0.1371
vn 0.9007 0.4110 0.1410
vn -0.1067 0.4635 0.8797
vn -0.9081 0.4113 -0.0783
vn -0.8828 0.4635 -0.0762
vn 0.9076 0.4126 0.0784
vn 0.8823 0.4644 0.0762
vn 0.1097 0.4126 -0.9043
vn -0.8748 0.4647 -0.1373
vn -0.8999 0.4126 -0.1413
vn 0.7478 0.6535 0.1171
vn 0.7955 0.5930 0.1246
vn -0.0912 0.6535 0.7514
vn -0.8020 0.5933 -0.0692
vn -0.7541 0.6535 -0.0650
vn 0.8010 0.5946 0.0692
vn 0.7532 0.6546 0.0650
vn 0.0968 0.5946 -0.7981
vn 0.0968 0.5946 -0.7982
vn -0.7466 0.6549 -0.1172
vn -0.7943 0.5946 -0.1247
vn 0.5839 0.8066 0.0914
vn 0.6546 0.7490 0.1025
vn -0.0712 0.8067 0.5867
vn -0.6597 0.7493 -0.0569
vn -0.5888 0.8067 -0.0508
vn 0.6585 0.7505 0.0569
vn 0.5876 0.8076 0.0507
vn 0.0796 0.7505 -0.6561
vn -0.5823 0.8078 -0.0914
vn -0.6529 0.7505 -0.1025
vn 0.3896 0.9190 0.0610
vn 0.4813 0.8733 0.0754
vn -0.0475 0.9190 0.3914
vn -0.4849 0.8736 -0.0418
vn -0.3929 0.9190 -0.0339
vn 0.4834 0.8744 0.0417
vn 0.3914 0.9196 0.0338
vn 0.0584 0.8744 -0.4817
vn -0.3876 0.9198 -0.0608
vn -0.4793 0.8744 -0.0752
vn 0.1719 0.9848 0.0269
vn 0.2795 0.9591 0.0438
vn -0.0210 0.9848 0.1727
vn -0.2814 0.9593 -0.0243
vn -0.1733 0.9848 -0.0150
vn 0.2797 0.9598 0.0242
vn 0.1717 0.9850 0.0148
vn 0.0338 0.9598 -0.2787
vn -0.1697 0.9851 -0.0266
vn -0.2774 0.9598 -0.0435
vn 0.1133 0.9934 0.0177
vn -0.0138 0.9934 0.1138
vn -0.1143 0.9934 -0.0099
vn 0.1143 0.9934 0.0099
vn 0.0138 0.9934 -0.1138
vn -0.1133 0.9934 -0.0178
vn 0.0000 1.0000 0.0000
vn 0.0000 -1.0000 -0.0000
vn 0.1204 0.0000 -0.9927
# 748 vertex normals

vt 0.6432 0.0005 0.0000
vt 0.6442 0.0006 0.0000
vt 0.0072 0.0006 0.0000
vt 0.0086 0.0005 0.0000
vt 1.8264 0.0005 0.0000
vt 1.8264 0.0006 0.0000
vt 1.4962 0.0006 0.0000
vt 1.4975 0.0005 0.0000
vt 2.1557 0.0005 0.0000
vt 2.1556 0.0006 0.0000
vt 2.4850 0.0005 0.0000
vt 2.4850 0.0006 0.0000
vt 2.8142 0.0005 0.0000
vt 2.8142 0.0006 0.0000
vt 3.1432 0.0005 0.0000
vt 3.1432 0.0006 0.0000
vt 3.4717 0.0005 0.0000
vt 3.4718 0.0006 0.0000
vt 3.7996 0.0005 0.0000
vt 3.7997 0.0006 0.0000
vt 4.1267 0.0005 0.0000
vt 4.1268 0.0006 0.0000
vt 4.4528 0.0005 0.0000
vt 4.4530 0.0006 0.0000
vt 4.7777 0.0005 0.0000
vt 4.7780 0.0006 0.0000
vt 5.1014 0.0005 0.0000
vt 5.1028 0.0006 0.0000
vt 4.6927 0.0005 0.0000
vt 4.6925 0.0006 0.0000
vt 5.0095 0.0006 0.0000
vt 5.0108 0.0005 0.0000
vt 4.3794 0.0005 0.0000
vt 4.3792 0.0006 0.0000
vt 4.0697 0.0005 0.0000
vt 4.0695 0.0006 0.0000
vt 3.7624 0.0005 0.0000
vt 3.7623 0.0006 0.0000
vt 3.4564 0.0005 0.0000
vt 3.4563 0.0006 0.0000
vt 3.1505 0.0005 0.0000
vt 3.1504 0.0006 0.0000
vt 2.8434 0.0005 0.0000
vt 2.8434 0.0006 0.0000
vt 2.5340 0.0005 0.0000
vt 2.5340 0.0006 0.0000
vt 2.2211 0.0005 0.0000
vt 2.2212 0.0006 0.0000
vt 1.9036 0.0005 0.0000
vt 1.9036 0.0006 0.0000
vt 1.5801 0.0005 0.0000
vt 1.5814 0.0006 0.0000
vt 0.0991 0.0005 0.0000
vt 0.1005 0.0006 0.0000
vt 0.5785 0.0006 0.0000
vt 0.5795 0.0005 0.0000
vt 0.6451 0.0008 0.0000
vt 0.0059 0.0008 0.0000
vt 1.8263 0.0008 0.0000
vt 1.4950 0.0008 0.0000
vt 2.1556 0.0008 0.0000
vt 2.4850 0.0008 0.0000
vt 2.8143 0.0008 0.0000
vt 3.1433 0.0008 0.0000
vt 3.4718 0.0008 0.0000
vt 3.7998 0.0008 0.0000
vt 4.1269 0.0008 0.0000
vt 4.4531 0.0008 0.0000
vt 4.7782 0.0008 0.0000
vt 5.1041 0.0008 0.0000
vt 4.6923 0.0008 0.0000
vt 5.0082 0.0008 0.0000
vt 4.3790 0.0008 0.0000
vt 4.0694 0.0008 0.0000
vt 3.7622 0.0008 0.0000
vt 3.4562 0.0008 0.0000
vt 3.1504 0.0008 0.0000
vt 2.8433 0.0008 0.0000
vt 2.5340 0.0008 0.0000
vt 2.2212 0.0008 0.0000
vt 1.9037 0.0008 0.0000
vt 1.5826 0.0008 0.0000
vt 0.1018 0.0008 0.0000
vt 0.5776 0.0008 0.0000
vt 0.6459 0.0011 0.0000
vt 0.0048 0.0011 0.0000
vt 1.8262 0.0011 0.0000
vt 1.4940 0.0011 0.0000
vt 2.1556 0.0011 0.0000
vt 2.4850 0.0011 0.0000
vt 2.8143 0.0011 0.0000
vt 3.1433 0.0011 0.0000
vt 3.4719 0.0011 0.0000
vt 3.7999 0.0011 0.0000
vt 4.1271 0.0011 0.0000
vt 4.4533 0.0011 0.0000
vt 4.7783 0.0011 0.0000
vt 5.1052 0.0011 0.0000
vt 4.6921 0.0011 0.0000
vt 5.0071 0.0011 0.0000
vt 4.3789 0.0011 0.0000
vt 4.0693 0.0011 0.0000
vt 3.7621 0.0011 0.0000
vt 3.4562 0.0011 0.0000
vt 3.1503 0.0011 0.0000
vt 2.8433 0.0011 0.0000
vt 2.5340 0.0011 0.0000
vt 2.2212 0.0011 0.0000
vt 1.9038 0.0011 0.0000
vt 1.5836 0.0011 0.0000
vt 0.1029 0.0011 0.0000
vt 0.5769 0.0011 0.0000
vt 0.6465 0.0015 0.0000
vt 0.0039 0.0015 0.0000
vt 1.8262 0.0015 0.0000
vt 1.4932 0.0015 0.0000
vt 2.1555 0.0015 0.0000
vt 2.4850 0.0015 0.0000
vt 2.8143 0.0015 0.0000
vt 3.1434 0.0015 0.0000
vt 3.4720 0.0015 0.0000
vt 3.8000 0.0015 0.0000
vt 4.1272 0.0015 0.0000
vt 4.4534 0.0015 0.0000
vt 4.7785 0.0015 0.0000
vt 5.1061 0.0015 0.0000
vt 4.6920 0.0015 0.0000
vt 5.0061 0.0015 0.0000
vt 4.3787 0.0015 0.0000
vt 4.0692 0.0015 0.0000
vt 3.7620 0.0015 0.0000
vt 3.4561 0.0015 0.0000
vt 3.1503 0.0015 0.0000
vt 2.8433 0.0015 0.0000
vt 2.5340 0.0015 0.0000
vt 2.2213 0.0015 0.0000
vt 1.9038 0.0015 0.0000
vt 1.5844 0.0015 0.0000
vt 0.1039 0.0015 0.0000
vt 0.5762 0.0015 0.0000
vt 0.6470 0.0021 0.0000
vt 0.0032 0.0021 0.0000
vt 1.8262 0.0021 0.0000
vt 1.4925 0.0021 0.0000
vt 2.1555 0.0021 0.0000
vt 2.4850 0.0021 0.0000
vt 2.8143 0.0021 0.0000
vt 3.1434 0.0021 0.0000
vt 3.4720 0.0021 0.0000
vt 3.8000 0.0021 0.0000
vt 4.1272 0.0021 0.0000
vt 4.4535 0.0021 0.0000
vt 4.7786 0.0021 0.0000
vt 5.1068 0.0021 0.0000
vt 4.6919 0.0021 0.0000
vt 5.0054 0.0021 0.0000
vt 4.3787 0.0021 0.0000
vt 4.0691 0.0021 0.0000
vt 3.7619 0.0021 0.0000
vt 3.4561 0.0021 0.0000
vt 3.1502 0.0021 0.0000
vt 2.8433 0.0021 0.0000
vt 2.5341 0.0021 0.0000
vt 2.2213 0.0021 0.0000
vt 1.9039 0.0021 0.0000
vt 1.5851 0.0021 0.0000
vt 0.1046 0.0021 0.0000
vt 0.5757 0.0021 0.0000
vt 0.6473 0.0026 0.0000
vt 0.0027 0.0026 0.0000
vt 1.8261 0.0026 0.0000
vt 1.4921 0.0026 0.0000
vt 2.1555 0.0026 0.0000
vt 2.4850 0.0026 0.0000
vt 2.8143 0.0026 0.0000
vt 3.1434 0.0026 0.0000
vt 3.4720 0.0026 0.0000
vt 3.8001 0.0026 0.0000
vt 4.1273 0.0026 0.0000
vt 4.4535 0.0026 0.0000
vt 4.7786 0.0026 0.0000
vt 5.1073 0.0026 0.0000
vt 4.6918 0.0026 0.0000
vt 5.0050 0.0026 0.0000
vt 4.3786 0.0026 0.0000
vt 4.0690 0.0026 0.0000
vt 3.7619 0.0026 0.0000
vt 3.4560 0.0026 0.0000
vt 3.1502 0.0026 0.0000
vt 2.8433 0.0026 0.0000
vt 2.5341 0.0026 0.0000
vt 2.2213 0.0026 0.0000
vt 1.9039 0.0026 0.0000
vt 1.5855 0.0026 0.0000
vt 0.1050 0.0026 0.0000
vt 0.5754 0.0026 0.0000
vt 0.6474 0.0033 0.0000
vt 0.0026 0.0033 0.0000
vt 1.8261 0.0033 0.0000
vt 1.4919 0.0033 0.0000
vt 2.1555 0.0033 0.0000
vt 2.4850 0.0033 0.0000
vt 2.8143 0.0033 0.0000
vt 3.1434 0.0033 0.0000
vt 3.4721 0.0033 0.0000
vt 3.8001 0.0033 0.0000
vt 4.1273 0.0033 0.0000
vt 4.4536 0.0033 0.0000
vt 4.7787 0.0033 0.0000
vt 5.1074 0.0033 0.0000
vt 4.6918 0.0033 0.0000
vt 5.0048 0.0033 0.0000
vt 4.3786 0.0033 0.0000
vt 4.0690 0.0033 0.0000
vt 3.7619 0.0033 0.0000
vt 3.4560 0.0033 0.0000
vt 3.1502 0.0033 0.0000
vt 2.8433 0.0033 0.0000
vt 2.5341 0.0033 0.0000
vt 2.2213 0.0033 0.0000
vt 1.9039 0.0033 0.0000
vt 1.5856 0.0033 0.0000
vt 0.1052 0.0033 0.0000
vt 0.5753 0.0033 0.0000
vt 0.6474 0.9967 0.0000
vt 0.0026 0.9967 0.0000
vt 1.8261 0.9967 0.0000
vt 1.4919 0.9967 0.0000
vt 2.1555 0.9967 0.0000
vt 2.4850 0.9967 0.0000
vt 2.8143 0.9967 0.0000
vt 3.1434 0.9967 0.0000
vt 3.4721 0.9967 0.0000
vt 3.8001 0.9967 0.0000
vt 4.1273 0.9967 0.0000
vt 4.4536 0.9967 0.0000
vt 4.7787 0.9967 0.0000
vt 5.1074 0.9967 0.0000
vt 4.6918 0.9967 0.0000
vt 5.0048 0.9967 0.0000
vt 4.3786 0.9967 0.0000
vt 4.0690 0.9967 0.0000
vt 3.7619 0.9967 0.0000
vt 3.4560 0.9967 0.0000
vt 3.1502 0.9967 0.0000
vt 2.8433 0.9967 0.0000
vt 2.5341 0.9967 0.0000
vt 2.2213 0.9967 0.0000
vt 1.9039 0.9967 0.0000
vt 1.5856 0.9967 0.0000
vt 0.1052 0.9967 0.0000
vt 0.5753 0.9967 0.0000
vt 0.6473 0.9974 0.0000
vt 0.0027 0.9974 0.0000
vt 1.8261 0.9974 0.0000
vt 1.4921 0.9974 0.0000
vt 2.1555 0.9974 0.0000
vt 2.4850 0.9974 0.0000
vt 2.8143 0.9974 0.0000
vt 3.1434 0.9974 0.0000
vt 3.4720 0.9974 0.0000
vt 3.8001 0.9974 0.0000
vt 4.1273 0.9974 0.0000
vt 4.4535 0.9974 0.0000
vt 4.7786 0.9974 0.0000
vt 5.1073 0.9974 0.0000
vt 4.6918 0.9974 0.0000
vt 5.0050 0.9974 0.0000
vt 4.3786 0.9974 0.0000
vt 4.0690 0.9974 0.0000
vt 3.7619 0.9974 0.0000
vt 3.4560 0.9974 0.0000
vt 3.1502 0.9974 0.0000
vt 2.8433 0.9974 0.0000
vt 2.5341 0.9974 0.0000
vt 2.2213 0.9974 0.0000
vt 1.9039 0.9974 0.0000
vt 1.5855 0.9974 0.0000
vt 0.1050 0.9974 0.0000
vt 0.5754 0.9974 0.0000
vt 0.6470 0.9979 0.0000
vt 0.0032 0.9979 0.0000
vt 1.8262 0.9979 0.0000
vt 1.4925 0.9979 0.0000
vt 2.1555 0.9979 0.0000
vt 2.4850 0.9979 0.0000
vt 2.8143 0.9979 0.0000
vt 3.1434 0.9979 0.0000
vt 3.4720 0.9979 0.0000
vt 3.8000 0.9979 0.0000
vt 4.1272 0.9979 0.0000
vt 4.4535 0.9979 0.0000
vt 4.7786 0.9979 0.0000
vt 5.1068 0.9979 0.0000
vt 4.6919 0.9979 0.0000
vt 5.0054 0.9979 0.0000
vt 4.3787 0.9979 0.0000
vt 4.0691 0.9979 0.0000
vt 3.7619 0.9979 0.0000
vt 3.4561 0.9979 0.0000
vt 3.1502 0.9979 0.0000
vt 2.8433 0.9979 0.0000
vt 2.5341 0.9979 0.0000
vt 2.2213 0.9979 0.0000
vt 1.9039 0.9979 0.0000
vt 1.5851 0.9979 0.0000
vt 0.1046 0.9979 0.0000
vt 0.5757 0.9979 0.0000
vt 0.6465 0.9985 0.0000
vt 0.0039 0.9985 0.0000
vt 1.8262 0.9985 0.0000
vt 1.4932 0.9985 0.0000
vt 2.1555 0.9985 0.0000
vt 2.4850 0.9985 0.0000
vt 2.8143 0.9985 0.0000
vt 3.1434 0.9985 0.0000
vt 3.4720 0.9985 0.0000
vt 3.8000 0.9985 0.0000
vt 4.1272 0.9985 0.0000
vt 4.4534 0.9985 0.0000
vt 4.7785 0.9985 0.0000
vt 5.1061 0.9985 0.0000
vt 4.6920 0.9985 0.0000
vt 5.0061 0.9985 0.0000
vt 4.3787 0.9985 0.0000
vt 4.0692 0.9985 0.0000
vt 3.7620 0.9985 0.0000
vt 3.4561 0.9985 0.0000
vt 3.1503 0.9985 0.0000
vt 2.8433 0.9985 0.0000
vt 2.5340 0.9985 0.0000
vt 2.2213 0.9985 0.0000
vt 1.9038 0.9985 0.0000
vt 1.5844 0.9985 0.0000
vt 0.1039 0.9985 0.0000
vt 0.5762 0.9985 0.0000
vt 0.6459 0.9989 0.0000
vt 0.0048 0.9989 0.0000
vt 1.8262 0.9989 0.0000
vt 1.4940 0.9989 0.0000
vt 2.1556 0.9989 0.0000
vt 2.4850 0.9989 0.0000
vt 2.8143 0.9989 0.0000
vt 3.1433 0.9989 0.0000
vt 3.4719 0.9989 0.0000
vt 3.7999 0.9989 0.0000
vt 4.1271 0.9989 0.0000
vt 4.4533 0.9989 0.0000
vt 4.7783 0.9989 0.0000
vt 5.1052 0.9989 0.0000
vt 4.6921 0.9989 0.0000
vt 5.0071 0.9989 0.0000
vt 4.3789 0.9989 0.0000
vt 4.0693 0.9989 0.0000
vt 3.7621 0.9989 0.0000
vt 3.4562 0.9989 0.0000
vt 3.1503 0.9989 0.0000
vt 2.8433 0.9989 0.0000
vt 2.5340 0.9989 0.0000
vt 2.2212 0.9989 0.0000
vt 1.9038 0.9989 0.0000
vt 1.5836 0.9989 0.0000
vt 0.1029 0.9989 0.0000
vt 0.5769 0.9989 0.0000
vt 0.6451 0.9992 0.0000
vt 0.0059 0.9992 0.0000
vt 1.8263 0.9992 0.0000
vt 1.4950 0.9992 0.0000
vt 2.1556 0.9992 0.0000
vt 2.4850 0.9992 0.0000
vt 2.8143 0.9992 0.0000
vt 3.1433 0.9992 0.0000
vt 3.4718 0.9992 0.0000
vt 3.7998 0.9992 0.0000
vt 4.1269 0.9992 0.0000
vt 4.4531 0.9992 0.0000
vt 4.7782 0.9992 0.0000
vt 5.1041 0.9992 0.0000
vt 4.6923 0.9992 0.0000
vt 5.0082 0.9992 0.0000
vt 4.3790 0.9992 0.0000
vt 4.0694 0.9992 0.0000
vt 3.7622 0.9992 0.0000
vt 3.4562 0.9992 0.0000
vt 3.1504 0.9992 0.0000
vt 2.8433 0.9992 0.0000
vt 2.5340 0.9992 0.0000
vt 2.2212 0.9992 0.0000
vt 1.9037 0.9992 0.0000
vt 1.5826 0.9992 0.0000
vt 0.1018 0.9992 0.0000
vt 0.5776 0.9992 0.0000
vt 0.6442 0.9994 0.0000
vt 0.0072 0.9994 0.0000
vt 1.8264 0.9994 0.0000
vt 1.4962 0.9994 0.0000
vt 2.1556 0.9994 0.0000
vt 2.4850 0.9994 0.0000
vt 2.8142 0.9994 0.0000
vt 3.1432 0.9994 0.0000
vt 3.4718 0.9994 0.0000
vt 3.7997 0.9994 0.0000
vt 4.1268 0.9994 0.0000
vt 4.4530 0.9994 0.0000
vt 4.7780 0.9994 0.0000
vt 5.1028 0.9994 0.0000
vt 4.6925 0.9994 0.0000
vt 5.0095 0.9994 0.0000
vt 4.3792 0.9994 0.0000
vt 4.0695 0.9994 0.0000
vt 3.7623 0.9994 0.0000
vt 3.4563 0.9994 0.0000
vt 3.1504 0.9994 0.0000
vt 2.8434 0.9994 0.0000
vt 2.5340 0.9994 0.0000
vt 2.2212 0.9994 0.0000
vt 1.9036 0.9994 0.0000
vt 1.5814 0.9994 0.0000
vt 0.1005 0.9994 0.0000
vt 0.5785 0.9994 0.0000
vt 0.6432 0.9995 0.0000
vt 0.0086 0.9995 0.0000
vt 1.8264 0.9995 0.0000
vt 1.4975 0.9995 0.0000
vt 2.1557 0.9995 0.0000
vt 2.4850 0.9995 0.0000
vt 2.8142 0.9995 0.0000
vt 3.1432 0.9995 0.0000
vt 3.4717 0.9995 0.0000
vt 3.7996 0.9995 0.0000
vt 4.1267 0.9995 0.0000
vt 4.4528 0.9995 0.0000
vt 4.7777 0.9995 0.0000
vt 5.1014 0.9995 0.0000
vt 4.6927 0.9995 0.0000
vt 5.0108 0.9995 0.0000
vt 4.3794 0.9995 0.0000
vt 4.0697 0.9995 0.0000
vt 3.7624 0.9995 0.0000
vt 3.4564 0.9995 0.0000
vt 3.1505 0.9995 0.0000
vt 2.8434 0.9995 0.0000
vt 2.5340 0.9995 0.0000
vt 2.2211 0.9995 0.0000
vt 1.9036 0.9995 0.0000
vt 1.5801 0.9995 0.0000
vt 0.0991 0.9995 0.0000
vt 0.5795 0.9995 0.0000
vt 2.4512 0.0005 0.0000
vt 2.4521 0.0006 0.0000
vt 0.7057 0.0006 0.0000
vt 0.7071 0.0005 0.0000
vt 0.7229 0.0005 0.0000
vt 0.7220 0.0006 0.0000
vt 2.3921 0.0005 0.0000
vt 2.3912 0.0006 0.0000
vt 2.3922 0.0005 0.0000
vt 2.4529 0.0008 0.0000
vt 0.7045 0.0008 0.0000
vt 0.7212 0.0008 0.0000
vt 2.3903 0.0008 0.0000
vt 2.3904 0.0008 0.0000
vt 2.4537 0.0011 0.0000
vt 0.7034 0.0011 0.0000
vt 0.7205 0.0011 0.0000
vt 2.3896 0.0011 0.0000
vt 2.4543 0.0015 0.0000
vt 0.7024 0.0015 0.0000
vt 0.7198 0.0015 0.0000
vt 2.3890 0.0015 0.0000
vt 2.4548 0.0021 0.0000
vt 0.7017 0.0021 0.0000
vt 2.4547 0.0021 0.0000
vt 0.7194 0.0021 0.0000
vt 2.3885 0.0021 0.0000
vt 2.4551 0.0026 0.0000
vt 0.7012 0.0026 0.0000
vt 2.4550 0.0026 0.0000
vt 0.7191 0.0026 0.0000
vt 2.3882 0.0026 0.0000
vt 2.4552 0.0033 0.0000
vt 0.7011 0.0033 0.0000
vt 0.7190 0.0033 0.0000
vt 2.3881 0.0033 0.0000
vt 2.4552 0.9967 0.0000
vt 0.7011 0.9967 0.0000
vt 0.7190 0.9967 0.0000
vt 2.3881 0.9967 0.0000
vt 2.4551 0.9974 0.0000
vt 0.7012 0.9974 0.0000
vt 2.4550 0.9974 0.0000
vt 0.7191 0.9974 0.0000
vt 2.3882 0.9974 0.0000
vt 2.4548 0.9979 0.0000
vt 0.7017 0.9979 0.0000
vt 2.4547 0.9979 0.0000
vt 0.7194 0.9979 0.0000
vt 2.3885 0.9979 0.0000
vt 2.4543 0.9985 0.0000
vt 0.7024 0.9985 0.0000
vt 0.7198 0.9985 0.0000
vt 2.3890 0.9985 0.0000
vt 2.4537 0.9989 0.0000
vt 0.7034 0.9989 0.0000
vt 0.7205 0.9989 0.0000
vt 2.3896 0.9989 0.0000
vt 2.4529 0.9992 0.0000
vt 0.7045 0.9992 0.0000
vt 0.7212 0.9992 0.0000
vt 2.3903 0.9992 0.0000
vt 2.3904 0.9992 0.0000
vt 2.4521 0.9994 0.0000
vt 0.7057 0.9994 0.0000
vt 0.7220 0.9994 0.0000
vt 2.3912 0.9994 0.0000
vt 2.4512 0.9995 0.0000
vt 0.7071 0.9995 0.0000
vt 0.7229 0.9995 0.0000
vt 2.3921 0.9995 0.0000
vt 2.3922 0.9995 0.0000
vt 1.2623 0.3253 0.0000
vt 1.2620 0.3247 0.0000
vt 1.2847 0.0760 0.0000
vt 1.2850 0.0766 0.0000
vt 1.0266 0.2762 0.0000
vt 1.0270 0.2757 0.0000
vt 1.0392 0.0254 0.0000
vt 1.0396 0.0248 0.0000
vt 1.0028 0.3106 0.0000
vt 1.0025 0.3111 0.0000
vt 1.0151 0.0604 0.0000
vt 1.0154 0.0598 0.0000
vt 1.2806 0.3685 0.0000
vt 1.2809 0.3691 0.0000
vt 1.3033 0.1198 0.0000
vt 1.3036 0.1205 0.0000
vt 1.2618 0.3241 0.0000
vt 1.2844 0.0753 0.0000
vt 1.0273 0.2752 0.0000
vt 1.0399 0.0244 0.0000
vt 1.0021 0.3116 0.0000
vt 1.0147 0.0608 0.0000
vt 1.2811 0.3697 0.0000
vt 1.3038 0.1211 0.0000
vt 1.2615 0.3236 0.0000
vt 1.2842 0.0748 0.0000
vt 1.0276 0.2748 0.0000
vt 1.0402 0.0239 0.0000
vt 1.0019 0.3120 0.0000
vt 1.0144 0.0613 0.0000
vt 1.2813 0.3702 0.0000
vt 1.3041 0.1217 0.0000
vt 1.2613 0.3232 0.0000
vt 1.2840 0.0743 0.0000
vt 1.0279 0.2745 0.0000
vt 1.0405 0.0236 0.0000
vt 1.0016 0.3123 0.0000
vt 1.0142 0.0616 0.0000
vt 1.2815 0.3707 0.0000
vt 1.3042 0.1221 0.0000
vt 1.2612 0.3228 0.0000
vt 1.2839 0.0740 0.0000
vt 0.4421 0.0015 0.0000
vt 0.4419 0.0021 0.0000
vt 0.2088 0.0021 0.0000
vt 0.2087 0.0015 0.0000
vt 1.0407 0.0233 0.0000
vt 1.0281 0.2742 0.0000
vt 1.0014 0.3126 0.0000
vt 1.0140 0.0619 0.0000
vt 1.2815 0.0015 0.0000
vt 1.2817 0.0021 0.0000
vt 1.0014 0.0021 0.0000
vt 1.0016 0.0015 0.0000
vt 1.3044 0.1225 0.0000
vt 1.2817 0.3710 0.0000
vt 1.2611 0.3226 0.0000
vt 1.2838 0.0738 0.0000
vt 0.4418 0.0026 0.0000
vt 0.2089 0.0026 0.0000
vt 1.4358 0.0021 0.0000
vt 1.4360 0.0026 0.0000
vt 1.0671 0.0026 0.0000
vt 1.0669 0.0021 0.0000
vt 0.4595 0.0021 0.0000
vt 0.4597 0.0026 0.0000
vt 0.0913 0.0026 0.0000
vt 0.0910 0.0021 0.0000
vt 1.2818 0.0026 0.0000
vt 1.0013 0.0026 0.0000
vt 1.3045 0.1227 0.0000
vt 1.2818 0.3712 0.0000
vt 0.4743 0.0026 0.0000
vt 0.4742 0.0033 0.0000
vt 0.1083 0.0033 0.0000
vt 0.1084 0.0026 0.0000
vt 0.4418 0.0033 0.0000
vt 0.2089 0.0033 0.0000
vt 1.4361 0.0033 0.0000
vt 1.0672 0.0033 0.0000
vt 0.4598 0.0033 0.0000
vt 0.0914 0.0033 0.0000
vt 1.2818 0.0033 0.0000
vt 1.0013 0.0033 0.0000
vt 1.2897 0.0026 0.0000
vt 1.2895 0.0033 0.0000
vt 0.9242 0.0033 0.0000
vt 0.9243 0.0026 0.0000
vt 0.4742 0.9967 0.0000
vt 0.1083 0.9967 0.0000
vt 0.4418 0.9967 0.0000
vt 0.2089 0.9967 0.0000
vt 1.4361 0.9967 0.0000
vt 1.0672 0.9967 0.0000
vt 0.4598 0.9967 0.0000
vt 0.0914 0.9967 0.0000
vt 1.2895 0.9967 0.0000
vt 0.9242 0.9967 0.0000
vt 0.4743 0.9974 0.0000
vt 0.1084 0.9974 0.0000
vt 0.4418 0.9974 0.0000
vt 0.2089 0.9974 0.0000
vt 1.4360 0.9974 0.0000
vt 1.0671 0.9974 0.0000
vt 0.4597 0.9974 0.0000
vt 0.0913 0.9974 0.0000
vt 1.2818 0.9967 0.0000
vt 1.2818 0.9974 0.0000
vt 1.0013 0.9974 0.0000
vt 1.0013 0.9967 0.0000
vt 1.2897 0.9974 0.0000
vt 0.9243 0.9974 0.0000
vt 0.2089 0.3226 0.0000
vt 0.2088 0.3228 0.0000
vt 0.1861 0.0740 0.0000
vt 0.1862 0.0738 0.0000
vt 0.4419 0.9979 0.0000
vt 0.2088 0.9979 0.0000
vt 1.4358 0.9979 0.0000
vt 1.0669 0.9979 0.0000
vt 0.4687 0.3127 0.0000
vt 0.4686 0.3126 0.0000
vt 0.4560 0.0619 0.0000
vt 0.4561 0.0621 0.0000
vt 1.2817 0.9979 0.0000
vt 1.0014 0.9979 0.0000
vt 0.1655 0.1227 0.0000
vt 0.1656 0.1225 0.0000
vt 0.1883 0.3710 0.0000
vt 0.1882 0.3712 0.0000
vt 0.2087 0.3232 0.0000
vt 0.1860 0.0743 0.0000
vt 0.4421 0.9985 0.0000
vt 0.2087 0.9985 0.0000
vt 0.4293 0.0233 0.0000
vt 0.4295 0.0236 0.0000
vt 0.4421 0.2745 0.0000
vt 0.4419 0.2742 0.0000
vt 0.4684 0.3123 0.0000
vt 0.4558 0.0616 0.0000
vt 1.2815 0.9985 0.0000
vt 1.0016 0.9985 0.0000
vt 0.1658 0.1221 0.0000
vt 0.1885 0.3707 0.0000
vt 0.2085 0.3236 0.0000
vt 0.1858 0.0748 0.0000
vt 0.4424 0.2748 0.0000
vt 0.4298 0.0239 0.0000
vt 0.4681 0.3120 0.0000
vt 0.4556 0.0613 0.0000
vt 0.1887 0.3702 0.0000
vt 0.1659 0.1217 0.0000
vt 0.2082 0.3241 0.0000
vt 0.1856 0.0753 0.0000
vt 0.4427 0.2752 0.0000
vt 0.4301 0.0244 0.0000
vt 0.4679 0.3116 0.0000
vt 0.4553 0.0608 0.0000
vt 0.1889 0.3697 0.0000
vt 0.1662 0.1211 0.0000
vt 0.2080 0.3247 0.0000
vt 0.1853 0.0760 0.0000
vt 0.4430 0.2757 0.0000
vt 0.4304 0.0248 0.0000
vt 0.4675 0.3111 0.0000
vt 0.4549 0.0604 0.0000
vt 0.1891 0.3691 0.0000
vt 0.1664 0.1205 0.0000
vt 0.2077 0.3253 0.0000
vt 0.1850 0.0766 0.0000
vt 0.4434 0.2762 0.0000
vt 0.4308 0.0254 0.0000
vt 0.4672 0.3106 0.0000
vt 0.4546 0.0598 0.0000
vt 0.1894 0.3685 0.0000
vt 0.1667 0.1198 0.0000
vt 0.0285 0.1635 0.0000
vt 0.1299 0.9887 0.0000
vt 0.1084 0.9965 0.0000
vt 0.0025 0.1343 0.0000
vt 0.5476 0.0480 0.0000
vt 0.6390 0.0403 0.0000
vt 0.7290 0.0368 0.0000
vt 0.8180 0.0375 0.0000
vt 0.8096 0.0043 0.0000
vt 0.6201 0.0061 0.0000
vt 0.5254 0.0136 0.0000
vt 0.7149 0.0030 0.0000
vt 0.9063 0.0424 0.0000
vt 0.9943 0.0517 0.0000
vt 1.0823 0.0652 0.0000
vt 1.1707 0.0832 0.0000
vt 1.4675 0.1343 0.0000
vt 1.1871 0.0527 0.0000
vt 0.9987 0.0198 0.0000
vt 0.9042 0.0099 0.0000
vt 1.0930 0.0341 0.0000
vt 1.3744 0.1028 0.0000
vt 1.2809 0.0756 0.0000
vt 1.2598 0.1055 0.0000
vt 1.3500 0.1323 0.0000
vt 1.4415 0.1636 0.0000
vt 1.3400 0.9887 0.0000
vt 1.3615 0.9965 0.0000
vt 0.0285 0.1636 0.0000
vt 0.1300 0.9887 0.0000
vt 0.1085 0.9965 0.0000
vt 0.1200 0.1323 0.0000
vt 0.2102 0.1055 0.0000
vt 0.2993 0.0832 0.0000
vt 0.3877 0.0652 0.0000
vt 0.3770 0.0341 0.0000
vt 0.1891 0.0756 0.0000
vt 0.0956 0.1028 0.0000
vt 0.2829 0.0527 0.0000
vt 0.4757 0.0517 0.0000
vt 0.5637 0.0424 0.0000
vt 0.6520 0.0375 0.0000
vt 0.7410 0.0368 0.0000
vt 0.7551 0.0030 0.0000
vt 0.5658 0.0099 0.0000
vt 0.4713 0.0198 0.0000
vt 0.6604 0.0043 0.0000
vt 0.9446 0.0136 0.0000
vt 0.8499 0.0061 0.0000
vt 0.8310 0.0403 0.0000
vt 0.9224 0.0480 0.0000
vt 1.4415 0.1635 0.0000
vt 1.3401 0.9887 0.0000
vt 1.3616 0.9965 0.0000
vt 0.0005 0.0005 0.0000
vt 0.0005 0.9995 0.0000
vt 0.9995 0.9995 0.0000
vt 0.9995 0.0005 0.0000
# 754 texture coords

g Archmodels_vol_89_001_7
usemtl wire_127127127
s off
f 955/1246/1059 956/1247/1060 957/1248/1060 958/1249/1059 
f 959/1250/1061 960/1251/1062 961/1252/1063 962/1253/1064 
f 963/1254/1065 964/1255/1066 960/1251/1062 959/1250/1061 
f 965/1256/1067 966/1257/1068 964/1255/1066 963/1254/1065 
f 967/1258/1069 968/1259/1070 966/1257/1068 965/1256/1067 
f 969/1260/1071 970/1261/1072 968/1259/1070 967/1258/1069 
f 971/1262/1073 972/1263/1074 970/1261/1072 969/1260/1071 
f 973/1264/1075 974/1265/1076 972/1263/1074 971/1262/1073 
f 975/1266/1077 976/1267/1078 974/1265/1076 973/1264/1075 
f 977/1268/1079 978/1269/1080 976/1267/1078 975/1266/1077 
f 979/1270/1081 980/1271/1082 978/1269/1080 977/1268/1079 
f 981/1272/1083 982/1273/1084 980/1271/1082 979/1270/1081 
f 983/1274/1085 984/1275/1086 985/1276/1087 986/1277/1088 
f 987/1278/1089 988/1279/1090 984/1275/1086 983/1274/1085 
f 989/1280/1091 990/1281/1092 988/1279/1090 987/1278/1089 
f 991/1282/1093 992/1283/1094 990/1281/1092 989/1280/1091 
f 993/1284/1095 994/1285/1096 992/1283/1094 991/1282/1093 
f 995/1286/1097 996/1287/1098 994/1285/1096 993/1284/1095 
f 997/1288/1099 998/1289/1100 996/1287/1098 995/1286/1097 
f 999/1290/1101 1000/1291/1102 998/1289/1100 997/1288/1099 
f 1001/1292/1103 1002/1293/1104 1000/1291/1102 999/1290/1101 
f 1003/1294/1105 1004/1295/1106 1002/1293/1104 1001/1292/1103 
f 1005/1296/1107 1006/1297/1108 1004/1295/1106 1003/1294/1105 
f 1007/1298/1109 1008/1299/1110 1009/1300/1110 1010/1301/1109 
f 956/1247/1060 1011/1302/1111 1012/1303/1111 957/1248/1060 
f 960/1251/1062 1013/1304/1112 1014/1305/1113 961/1252/1063 
f 964/1255/1066 1015/1306/1114 1013/1304/1112 960/1251/1062 
f 966/1257/1068 1016/1307/1115 1015/1306/1114 964/1255/1066 
f 968/1259/1070 1017/1308/1116 1016/1307/1115 966/1257/1068 
f 970/1261/1072 1018/1309/1117 1017/1308/1116 968/1259/1070 
f 972/1263/1074 1019/1310/1118 1018/1309/1117 970/1261/1072 
f 974/1265/1076 1020/1311/1119 1019/1310/1118 972/1263/1074 
f 976/1267/1078 1021/1312/1120 1020/1311/1119 974/1265/1076 
f 978/1269/1080 1022/1313/1121 1021/1312/1120 976/1267/1078 
f 980/1271/1082 1023/1314/1122 1022/1313/1121 978/1269/1080 
f 982/1273/1084 1024/1315/1123 1023/1314/1122 980/1271/1082 
f 984/1275/1086 1025/1316/1124 1026/1317/1125 985/1276/1087 
f 988/1279/1090 1027/1318/1126 1025/1316/1124 984/1275/1086 
f 990/1281/1092 1028/1319/1127 1027/1318/1126 988/1279/1090 
f 992/1283/1094 1029/1320/1128 1028/1319/1127 990/1281/1092 
f 994/1285/1096 1030/1321/1129 1029/1320/1128 992/1283/1094 
f 996/1287/1098 1031/1322/1130 1030/1321/1129 994/1285/1096 
f 998/1289/1100 1032/1323/1131 1031/1322/1130 996/1287/1098 
f 1000/1291/1102 1033/1324/1132 1032/1323/1131 998/1289/1100 
f 1002/1293/1104 1034/1325/1133 1033/1324/1132 1000/1291/1102 
f 1004/1295/1106 1035/1326/1134 1034/1325/1133 1002/1293/1104 
f 1006/1297/1108 1036/1327/1135 1035/1326/1134 1004/1295/1106 
f 1008/1299/1110 1037/1328/1136 1038/1329/1136 1009/1300/1110 
f 1011/1302/1111 1039/1330/1137 1040/1331/1137 1012/1303/1111 
f 1013/1304/1112 1041/1332/1138 1042/1333/1139 1014/1305/1113 
f 1015/1306/1114 1043/1334/1140 1041/1332/1138 1013/1304/1112 
f 1016/1307/1115 1044/1335/1141 1043/1334/1140 1015/1306/1114 
f 1017/1308/1116 1045/1336/1142 1044/1335/1141 1016/1307/1115 
f 1018/1309/1117 1046/1337/1143 1045/1336/1142 1017/1308/1116 
f 1019/1310/1118 1047/1338/1144 1046/1337/1143 1018/1309/1117 
f 1020/1311/1119 1048/1339/1145 1047/1338/1144 1019/1310/1118 
f 1021/1312/1120 1049/1340/1146 1048/1339/1145 1020/1311/1119 
f 1022/1313/1121 1050/1341/1147 1049/1340/1146 1021/1312/1120 
f 1023/1314/1122 1051/1342/1148 1050/1341/1147 1022/1313/1121 
f 1024/1315/1123 1052/1343/1149 1051/1342/1148 1023/1314/1122 
f 1025/1316/1124 1053/1344/1150 1054/1345/1151 1026/1317/1125 
f 1027/1318/1126 1055/1346/1152 1053/1344/1150 1025/1316/1124 
f 1028/1319/1127 1056/1347/1153 1055/1346/1152 1027/1318/1126 
f 1029/1320/1128 1057/1348/1154 1056/1347/1153 1028/1319/1127 
f 1030/1321/1129 1058/1349/1155 1057/1348/1154 1029/1320/1128 
f 1031/1322/1130 1059/1350/1156 1058/1349/1155 1030/1321/1129 
f 1032/1323/1131 1060/1351/1157 1059/1350/1156 1031/1322/1130 
f 1033/1324/1132 1061/1352/1158 1060/1351/1157 1032/1323/1131 
f 1034/1325/1133 1062/1353/1159 1061/1352/1158 1033/1324/1132 
f 1035/1326/1134 1063/1354/1160 1062/1353/1159 1034/1325/1133 
f 1036/1327/1135 1064/1355/1161 1063/1354/1160 1035/1326/1134 
f 1037/1328/1136 1065/1356/1162 1066/1357/1162 1038/1329/1136 
f 1039/1330/1137 1067/1358/1163 1068/1359/1163 1040/1331/1137 
f 1041/1332/1138 1069/1360/1164 1070/1361/1165 1042/1333/1139 
f 1043/1334/1140 1071/1362/1166 1069/1360/1164 1041/1332/1138 
f 1044/1335/1141 1072/1363/1167 1071/1362/1166 1043/1334/1140 
f 1045/1336/1142 1073/1364/1168 1072/1363/1167 1044/1335/1141 
f 1046/1337/1143 1074/1365/1169 1073/1364/1168 1045/1336/1142 
f 1047/1338/1144 1075/1366/1170 1074/1365/1169 1046/1337/1143 
f 1048/1339/1145 1076/1367/1171 1075/1366/1170 1047/1338/1144 
f 1049/1340/1146 1077/1368/1172 1076/1367/1171 1048/1339/1145 
f 1050/1341/1147 1078/1369/1173 1077/1368/1172 1049/1340/1146 
f 1051/1342/1148 1079/1370/1174 1078/1369/1173 1050/1341/1147 
f 1052/1343/1149 1080/1371/1175 1079/1370/1174 1051/1342/1148 
f 1053/1344/1150 1081/1372/1176 1082/1373/1177 1054/1345/1151 
f 1055/1346/1152 1083/1374/1178 1081/1372/1176 1053/1344/1150 
f 1056/1347/1153 1084/1375/1179 1083/1374/1178 1055/1346/1152 
f 1057/1348/1154 1085/1376/1180 1084/1375/1179 1056/1347/1153 
f 1058/1349/1155 1086/1377/1181 1085/1376/1180 1057/1348/1154 
f 1059/1350/1156 1087/1378/1182 1086/1377/1181 1058/1349/1155 
f 1060/1351/1157 1088/1379/1183 1087/1378/1182 1059/1350/1156 
f 1061/1352/1158 1089/1380/1184 1088/1379/1183 1060/1351/1157 
f 1062/1353/1159 1090/1381/1185 1089/1380/1184 1061/1352/1158 
f 1063/1354/1160 1091/1382/1186 1090/1381/1185 1062/1353/1159 
f 1064/1355/1161 1092/1383/1187 1091/1382/1186 1063/1354/1160 
f 1065/1356/1162 1093/1384/1188 1094/1385/1188 1066/1357/1162 
f 1067/1358/1163 1095/1386/1189 1096/1387/1189 1068/1359/1163 
f 1069/1360/1164 1097/1388/1190 1098/1389/1191 1070/1361/1165 
f 1071/1362/1166 1099/1390/1192 1097/1388/1190 1069/1360/1164 
f 1072/1363/1167 1100/1391/1193 1099/1390/1192 1071/1362/1166 
f 1073/1364/1168 1101/1392/1194 1100/1391/1193 1072/1363/1167 
f 1074/1365/1169 1102/1393/1195 1101/1392/1194 1073/1364/1168 
f 1075/1366/1170 1103/1394/1196 1102/1393/1195 1074/1365/1169 
f 1076/1367/1171 1104/1395/1197 1103/1394/1196 1075/1366/1170 
f 1077/1368/1172 1105/1396/1198 1104/1395/1197 1076/1367/1171 
f 1078/1369/1173 1106/1397/1199 1105/1396/1198 1077/1368/1172 
f 1079/1370/1174 1107/1398/1200 1106/1397/1199 1078/1369/1173 
f 1080/1371/1175 1108/1399/1201 1107/1398/1200 1079/1370/1174 
f 1081/1372/1176 1109/1400/1202 1110/1401/1203 1082/1373/1177 
f 1083/1374/1178 1111/1402/1204 1109/1400/1202 1081/1372/1176 
f 1084/1375/1179 1112/1403/1205 1111/1402/1204 1083/1374/1178 
f 1085/1376/1180 1113/1404/1206 1112/1403/1205 1084/1375/1179 
f 1086/1377/1181 1114/1405/1207 1113/1404/1206 1085/1376/1180 
f 1087/1378/1182 1115/1406/1208 1114/1405/1207 1086/1377/1181 
f 1088/1379/1183 1116/1407/1209 1115/1406/1208 1087/1378/1182 
f 1089/1380/1184 1117/1408/1210 1116/1407/1209 1088/1379/1183 
f 1090/1381/1185 1118/1409/1211 1117/1408/1210 1089/1380/1184 
f 1091/1382/1186 1119/1410/1212 1118/1409/1211 1090/1381/1185 
f 1092/1383/1187 1120/1411/1213 1119/1410/1212 1091/1382/1186 
f 1093/1384/1188 1121/1412/1214 1122/1413/1214 1094/1385/1188 
f 1095/1386/1189 1123/1414/1215 1124/1415/1215 1096/1387/1189 
f 1097/1388/1190 1125/1416/1216 1126/1417/1217 1098/1389/1191 
f 1099/1390/1192 1127/1418/1218 1125/1416/1216 1097/1388/1190 
f 1100/1391/1193 1128/1419/1219 1127/1418/1218 1099/1390/1192 
f 1101/1392/1194 1129/1420/1220 1128/1419/1219 1100/1391/1193 
f 1102/1393/1195 1130/1421/1221 1129/1420/1220 1101/1392/1194 
f 1103/1394/1196 1131/1422/1222 1130/1421/1221 1102/1393/1195 
f 1104/1395/1197 1132/1423/1223 1131/1422/1222 1103/1394/1196 
f 1105/1396/1198 1133/1424/1224 1132/1423/1223 1104/1395/1197 
f 1106/1397/1199 1134/1425/1225 1133/1424/1224 1105/1396/1198 
f 1107/1398/1200 1135/1426/1226 1134/1425/1225 1106/1397/1199 
f 1108/1399/1201 1136/1427/1227 1135/1426/1226 1107/1398/1200 
f 1109/1400/1202 1137/1428/1228 1138/1429/1229 1110/1401/1203 
f 1111/1402/1204 1139/1430/1230 1137/1428/1228 1109/1400/1202 
f 1112/1403/1205 1140/1431/1231 1139/1430/1230 1111/1402/1204 
f 1113/1404/1206 1141/1432/1232 1140/1431/1231 1112/1403/1205 
f 1114/1405/1207 1142/1433/1233 1141/1432/1232 1113/1404/1206 
f 1115/1406/1208 1143/1434/1234 1142/1433/1233 1114/1405/1207 
f 1116/1407/1209 1144/1435/1235 1143/1434/1234 1115/1406/1208 
f 1117/1408/1210 1145/1436/1236 1144/1435/1235 1116/1407/1209 
f 1118/1409/1211 1146/1437/1237 1145/1436/1236 1117/1408/1210 
f 1119/1410/1212 1147/1438/1238 1146/1437/1237 1118/1409/1211 
f 1120/1411/1213 1148/1439/1239 1147/1438/1238 1119/1410/1212 
f 1121/1412/1214 1149/1440/1240 1150/1441/1240 1122/1413/1214 
f 1123/1414/1215 1151/1442/1241 1152/1443/1241 1124/1415/1215 
f 1125/1416/1216 1153/1444/1242 1154/1445/1243 1126/1417/1217 
f 1127/1418/1218 1155/1446/1244 1153/1444/1242 1125/1416/1216 
f 1128/1419/1219 1156/1447/1245 1155/1446/1244 1127/1418/1218 
f 1129/1420/1220 1157/1448/1246 1156/1447/1245 1128/1419/1219 
f 1130/1421/1221 1158/1449/1247 1157/1448/1246 1129/1420/1220 
f 1131/1422/1222 1159/1450/1248 1158/1449/1247 1130/1421/1221 
f 1132/1423/1223 1160/1451/1249 1159/1450/1248 1131/1422/1222 
f 1133/1424/1224 1161/1452/1250 1160/1451/1249 1132/1423/1223 
f 1134/1425/1225 1162/1453/1251 1161/1452/1250 1133/1424/1224 
f 1135/1426/1226 1163/1454/1252 1162/1453/1251 1134/1425/1225 
f 1136/1427/1227 1164/1455/1253 1163/1454/1252 1135/1426/1226 
f 1137/1428/1228 1165/1456/1254 1166/1457/1255 1138/1429/1229 
f 1139/1430/1230 1167/1458/1256 1165/1456/1254 1137/1428/1228 
f 1140/1431/1231 1168/1459/1257 1167/1458/1256 1139/1430/1230 
f 1141/1432/1232 1169/1460/1258 1168/1459/1257 1140/1431/1231 
f 1142/1433/1233 1170/1461/1259 1169/1460/1258 1141/1432/1232 
f 1143/1434/1234 1171/1462/1260 1170/1461/1259 1142/1433/1233 
f 1144/1435/1235 1172/1463/1261 1171/1462/1260 1143/1434/1234 
f 1145/1436/1236 1173/1464/1262 1172/1463/1261 1144/1435/1235 
f 1146/1437/1237 1174/1465/1263 1173/1464/1262 1145/1436/1236 
f 1147/1438/1238 1175/1466/1264 1174/1465/1263 1146/1437/1237 
f 1148/1439/1239 1176/1467/1265 1175/1466/1264 1147/1438/1238 
f 1149/1440/1240 1177/1468/1266 1178/1469/1266 1150/1441/1240 
f 1151/1442/1267 1179/1470/1267 1180/1471/1267 1152/1443/1267 
f 1153/1444/1268 1181/1472/1268 1182/1473/1269 1154/1445/1269 
f 1155/1446/1270 1183/1474/1270 1181/1472/1268 1153/1444/1268 
f 1156/1447/1271 1184/1475/1271 1183/1474/1270 1155/1446/1270 
f 1157/1448/1272 1185/1476/1272 1184/1475/1271 1156/1447/1271 
f 1158/1449/1273 1186/1477/1273 1185/1476/1272 1157/1448/1272 
f 1159/1450/1274 1187/1478/1274 1186/1477/1273 1158/1449/1273 
f 1160/1451/1275 1188/1479/1275 1187/1478/1274 1159/1450/1274 
f 1161/1452/1276 1189/1480/1276 1188/1479/1275 1160/1451/1275 
f 1162/1453/1277 1190/1481/1277 1189/1480/1276 1161/1452/1276 
f 1163/1454/1278 1191/1482/1278 1190/1481/1277 1162/1453/1277 
f 1164/1455/1279 1192/1483/1279 1191/1482/1278 1163/1454/1278 
f 1165/1456/1280 1193/1484/1280 1194/1485/1281 1166/1457/1281 
f 1167/1458/1282 1195/1486/1282 1193/1484/1280 1165/1456/1280 
f 1168/1459/1283 1196/1487/1283 1195/1486/1282 1167/1458/1282 
f 1169/1460/1284 1197/1488/1284 1196/1487/1283 1168/1459/1283 
f 1170/1461/1285 1198/1489/1285 1197/1488/1284 1169/1460/1284 
f 1171/1462/1286 1199/1490/1286 1198/1489/1285 1170/1461/1285 
f 1172/1463/1287 1200/1491/1287 1199/1490/1286 1171/1462/1286 
f 1173/1464/1288 1201/1492/1288 1200/1491/1287 1172/1463/1287 
f 1174/1465/1289 1202/1493/1289 1201/1492/1288 1173/1464/1288 
f 1175/1466/1290 1203/1494/1290 1202/1493/1289 1174/1465/1289 
f 1176/1467/1291 1204/1495/1291 1203/1494/1290 1175/1466/1290 
f 1177/1468/1292 1205/1496/1292 1206/1497/1292 1178/1469/1292 
f 1179/1470/1293 1207/1498/1294 1208/1499/1294 1180/1471/1293 
f 1181/1472/1295 1209/1500/1296 1210/1501/1297 1182/1473/1298 
f 1183/1474/1299 1211/1502/1300 1209/1500/1296 1181/1472/1295 
f 1184/1475/1301 1212/1503/1302 1211/1502/1300 1183/1474/1299 
f 1185/1476/1303 1213/1504/1304 1212/1503/1302 1184/1475/1301 
f 1186/1477/1305 1214/1505/1306 1213/1504/1304 1185/1476/1303 
f 1187/1478/1307 1215/1506/1308 1214/1505/1306 1186/1477/1305 
f 1188/1479/1309 1216/1507/1310 1215/1506/1308 1187/1478/1307 
f 1189/1480/1311 1217/1508/1312 1216/1507/1310 1188/1479/1309 
f 1190/1481/1313 1218/1509/1314 1217/1508/1312 1189/1480/1311 
f 1191/1482/1315 1219/1510/1316 1218/1509/1314 1190/1481/1313 
f 1192/1483/1317 1220/1511/1318 1219/1510/1316 1191/1482/1315 
f 1193/1484/1319 1221/1512/1320 1222/1513/1321 1194/1485/1322 
f 1195/1486/1323 1223/1514/1324 1221/1512/1320 1193/1484/1319 
f 1196/1487/1325 1224/1515/1326 1223/1514/1324 1195/1486/1323 
f 1197/1488/1327 1225/1516/1328 1224/1515/1326 1196/1487/1325 
f 1198/1489/1329 1226/1517/1330 1225/1516/1328 1197/1488/1327 
f 1199/1490/1331 1227/1518/1332 1226/1517/1330 1198/1489/1329 
f 1200/1491/1333 1228/1519/1334 1227/1518/1332 1199/1490/1331 
f 1201/1492/1335 1229/1520/1336 1228/1519/1334 1200/1491/1333 
f 1202/1493/1337 1230/1521/1338 1229/1520/1336 1201/1492/1335 
f 1203/1494/1339 1231/1522/1340 1230/1521/1338 1202/1493/1337 
f 1204/1495/1341 1232/1523/1342 1231/1522/1340 1203/1494/1339 
f 1205/1496/1343 1233/1524/1344 1234/1525/1344 1206/1497/1343 
f 1207/1498/1294 1235/1526/1345 1236/1527/1345 1208/1499/1294 
f 1209/1500/1296 1237/1528/1346 1238/1529/1347 1210/1501/1297 
f 1211/1502/1300 1239/1530/1348 1237/1528/1346 1209/1500/1296 
f 1212/1503/1302 1240/1531/1349 1239/1530/1348 1211/1502/1300 
f 1213/1504/1304 1241/1532/1350 1240/1531/1349 1212/1503/1302 
f 1214/1505/1306 1242/1533/1351 1241/1532/1350 1213/1504/1304 
f 1215/1506/1308 1243/1534/1352 1242/1533/1351 1214/1505/1306 
f 1216/1507/1310 1244/1535/1353 1243/1534/1352 1215/1506/1308 
f 1217/1508/1312 1245/1536/1354 1244/1535/1353 1216/1507/1310 
f 1218/1509/1314 1246/1537/1355 1245/1536/1354 1217/1508/1312 
f 1219/1510/1316 1247/1538/1356 1246/1537/1355 1218/1509/1314 
f 1220/1511/1318 1248/1539/1357 1247/1538/1356 1219/1510/1316 
f 1221/1512/1320 1249/1540/1358 1250/1541/1359 1222/1513/1321 
f 1223/1514/1324 1251/1542/1360 1249/1540/1358 1221/1512/1320 
f 1224/1515/1326 1252/1543/1361 1251/1542/1360 1223/1514/1324 
f 1225/1516/1328 1253/1544/1362 1252/1543/1361 1224/1515/1326 
f 1226/1517/1330 1254/1545/1363 1253/1544/1362 1225/1516/1328 
f 1227/1518/1332 1255/1546/1364 1254/1545/1363 1226/1517/1330 
f 1228/1519/1334 1256/1547/1365 1255/1546/1364 1227/1518/1332 
f 1229/1520/1336 1257/1548/1366 1256/1547/1365 1228/1519/1334 
f 1230/1521/1338 1258/1549/1367 1257/1548/1366 1229/1520/1336 
f 1231/1522/1340 1259/1550/1368 1258/1549/1367 1230/1521/1338 
f 1232/1523/1342 1260/1551/1369 1259/1550/1368 1231/1522/1340 
f 1233/1524/1344 1261/1552/1370 1262/1553/1370 1234/1525/1344 
f 1235/1526/1345 1263/1554/1371 1264/1555/1371 1236/1527/1345 
f 1237/1528/1346 1265/1556/1372 1266/1557/1373 1238/1529/1347 
f 1239/1530/1348 1267/1558/1374 1265/1556/1372 1237/1528/1346 
f 1240/1531/1349 1268/1559/1375 1267/1558/1374 1239/1530/1348 
f 1241/1532/1350 1269/1560/1376 1268/1559/1375 1240/1531/1349 
f 1242/1533/1351 1270/1561/1377 1269/1560/1376 1241/1532/1350 
f 1243/1534/1352 1271/1562/1378 1270/1561/1377 1242/1533/1351 
f 1244/1535/1353 1272/1563/1379 1271/1562/1378 1243/1534/1352 
f 1245/1536/1354 1273/1564/1380 1272/1563/1379 1244/1535/1353 
f 1246/1537/1355 1274/1565/1381 1273/1564/1380 1245/1536/1354 
f 1247/1538/1356 1275/1566/1382 1274/1565/1381 1246/1537/1355 
f 1248/1539/1357 1276/1567/1383 1275/1566/1382 1247/1538/1356 
f 1249/1540/1358 1277/1568/1384 1278/1569/1385 1250/1541/1359 
f 1251/1542/1360 1279/1570/1386 1277/1568/1384 1249/1540/1358 
f 1252/1543/1361 1280/1571/1387 1279/1570/1386 1251/1542/1360 
f 1253/1544/1362 1281/1572/1388 1280/1571/1387 1252/1543/1361 
f 1254/1545/1363 1282/1573/1389 1281/1572/1388 1253/1544/1362 
f 1255/1546/1364 1283/1574/1390 1282/1573/1389 1254/1545/1363 
f 1256/1547/1365 1284/1575/1391 1283/1574/1390 1255/1546/1364 
f 1257/1548/1366 1285/1576/1392 1284/1575/1391 1256/1547/1365 
f 1258/1549/1367 1286/1577/1393 1285/1576/1392 1257/1548/1366 
f 1259/1550/1368 1287/1578/1394 1286/1577/1393 1258/1549/1367 
f 1260/1551/1369 1288/1579/1395 1287/1578/1394 1259/1550/1368 
f 1261/1552/1370 1289/1580/1396 1290/1581/1396 1262/1553/1370 
f 1263/1554/1371 1291/1582/1397 1292/1583/1398 1264/1555/1371 
f 1265/1556/1372 1293/1584/1399 1294/1585/1400 1266/1557/1373 
f 1267/1558/1374 1295/1586/1401 1293/1584/1399 1265/1556/1372 
f 1268/1559/1375 1296/1587/1402 1295/1586/1401 1267/1558/1374 
f 1269/1560/1376 1297/1588/1403 1296/1587/1402 1268/1559/1375 
f 1270/1561/1377 1298/1589/1404 1297/1588/1403 1269/1560/1376 
f 1271/1562/1378 1299/1590/1405 1298/1589/1404 1270/1561/1377 
f 1272/1563/1379 1300/1591/1406 1299/1590/1405 1271/1562/1378 
f 1273/1564/1380 1301/1592/1407 1300/1591/1406 1272/1563/1379 
f 1274/1565/1381 1302/1593/1408 1301/1592/1407 1273/1564/1380 
f 1275/1566/1382 1303/1594/1409 1302/1593/1408 1274/1565/1381 
f 1276/1567/1383 1304/1595/1410 1303/1594/1409 1275/1566/1382 
f 1277/1568/1384 1305/1596/1411 1306/1597/1412 1278/1569/1385 
f 1279/1570/1386 1307/1598/1413 1305/1596/1411 1277/1568/1384 
f 1280/1571/1387 1308/1599/1414 1307/1598/1413 1279/1570/1386 
f 1281/1572/1388 1309/1600/1415 1308/1599/1414 1280/1571/1387 
f 1282/1573/1389 1310/1601/1416 1309/1600/1415 1281/1572/1388 
f 1283/1574/1390 1311/1602/1417 1310/1601/1416 1282/1573/1389 
f 1284/1575/1391 1312/1603/1418 1311/1602/1417 1283/1574/1390 
f 1285/1576/1392 1313/1604/1419 1312/1603/1418 1284/1575/1391 
f 1286/1577/1393 1314/1605/1420 1313/1604/1419 1285/1576/1392 
f 1287/1578/1394 1315/1606/1421 1314/1605/1420 1286/1577/1393 
f 1288/1579/1395 1316/1607/1422 1315/1606/1421 1287/1578/1394 
f 1289/1580/1396 1317/1608/1423 1318/1609/1423 1290/1581/1396 
f 1291/1582/1397 1319/1610/1424 1320/1611/1424 1292/1583/1398 
f 1293/1584/1399 1321/1612/1425 1322/1613/1426 1294/1585/1400 
f 1295/1586/1401 1323/1614/1427 1321/1612/1425 1293/1584/1399 
f 1296/1587/1402 1324/1615/1428 1323/1614/1427 1295/1586/1401 
f 1297/1588/1403 1325/1616/1429 1324/1615/1428 1296/1587/1402 
f 1298/1589/1404 1326/1617/1430 1325/1616/1429 1297/1588/1403 
f 1299/1590/1405 1327/1618/1431 1326/1617/1430 1298/1589/1404 
f 1300/1591/1406 1328/1619/1432 1327/1618/1431 1299/1590/1405 
f 1301/1592/1407 1329/1620/1433 1328/1619/1432 1300/1591/1406 
f 1302/1593/1408 1330/1621/1434 1329/1620/1433 1301/1592/1407 
f 1303/1594/1409 1331/1622/1435 1330/1621/1434 1302/1593/1408 
f 1304/1595/1410 1332/1623/1436 1331/1622/1435 1303/1594/1409 
f 1305/1596/1411 1333/1624/1437 1334/1625/1438 1306/1597/1412 
f 1307/1598/1413 1335/1626/1439 1333/1624/1437 1305/1596/1411 
f 1308/1599/1414 1336/1627/1440 1335/1626/1439 1307/1598/1413 
f 1309/1600/1415 1337/1628/1441 1336/1627/1440 1308/1599/1414 
f 1310/1601/1416 1338/1629/1442 1337/1628/1441 1309/1600/1415 
f 1311/1602/1417 1339/1630/1443 1338/1629/1442 1310/1601/1416 
f 1312/1603/1418 1340/1631/1444 1339/1630/1443 1311/1602/1417 
f 1313/1604/1419 1341/1632/1445 1340/1631/1444 1312/1603/1418 
f 1314/1605/1420 1342/1633/1446 1341/1632/1445 1313/1604/1419 
f 1315/1606/1421 1343/1634/1447 1342/1633/1446 1314/1605/1420 
f 1316/1607/1422 1344/1635/1448 1343/1634/1447 1315/1606/1421 
f 1317/1608/1423 1345/1636/1449 1346/1637/1449 1318/1609/1423 
f 1319/1610/1424 1347/1638/1450 1348/1639/1450 1320/1611/1424 
f 1321/1612/1425 1349/1640/1451 1350/1641/1452 1322/1613/1426 
f 1323/1614/1427 1351/1642/1453 1349/1640/1451 1321/1612/1425 
f 1324/1615/1428 1352/1643/1454 1351/1642/1453 1323/1614/1427 
f 1325/1616/1429 1353/1644/1455 1352/1643/1454 1324/1615/1428 
f 1326/1617/1430 1354/1645/1456 1353/1644/1455 1325/1616/1429 
f 1327/1618/1431 1355/1646/1457 1354/1645/1456 1326/1617/1430 
f 1328/1619/1432 1356/1647/1458 1355/1646/1457 1327/1618/1431 
f 1329/1620/1433 1357/1648/1459 1356/1647/1458 1328/1619/1432 
f 1330/1621/1434 1358/1649/1460 1357/1648/1459 1329/1620/1433 
f 1331/1622/1435 1359/1650/1461 1358/1649/1460 1330/1621/1434 
f 1332/1623/1436 1360/1651/1462 1359/1650/1461 1331/1622/1435 
f 1333/1624/1437 1361/1652/1463 1362/1653/1464 1334/1625/1438 
f 1335/1626/1439 1363/1654/1465 1361/1652/1463 1333/1624/1437 
f 1336/1627/1440 1364/1655/1466 1363/1654/1465 1335/1626/1439 
f 1337/1628/1441 1365/1656/1467 1364/1655/1466 1336/1627/1440 
f 1338/1629/1442 1366/1657/1468 1365/1656/1467 1337/1628/1441 
f 1339/1630/1443 1367/1658/1469 1366/1657/1468 1338/1629/1442 
f 1340/1631/1444 1368/1659/1470 1367/1658/1469 1339/1630/1443 
f 1341/1632/1445 1369/1660/1471 1368/1659/1470 1340/1631/1444 
f 1342/1633/1446 1370/1661/1472 1369/1660/1471 1341/1632/1445 
f 1343/1634/1447 1371/1662/1473 1370/1661/1472 1342/1633/1446 
f 1344/1635/1448 1372/1663/1474 1371/1662/1473 1343/1634/1447 
f 1345/1636/1449 1373/1664/1475 1374/1665/1475 1346/1637/1449 
f 1347/1638/1450 1375/1666/1476 1376/1667/1476 1348/1639/1450 
f 1349/1640/1451 1377/1668/1477 1378/1669/1478 1350/1641/1452 
f 1351/1642/1453 1379/1670/1479 1377/1668/1477 1349/1640/1451 
f 1352/1643/1454 1380/1671/1480 1379/1670/1479 1351/1642/1453 
f 1353/1644/1455 1381/1672/1481 1380/1671/1480 1352/1643/1454 
f 1354/1645/1456 1382/1673/1482 1381/1672/1481 1353/1644/1455 
f 1355/1646/1457 1383/1674/1483 1382/1673/1482 1354/1645/1456 
f 1356/1647/1458 1384/1675/1484 1383/1674/1483 1355/1646/1457 
f 1357/1648/1459 1385/1676/1485 1384/1675/1484 1356/1647/1458 
f 1358/1649/1460 1386/1677/1486 1385/1676/1485 1357/1648/1459 
f 1359/1650/1461 1387/1678/1487 1386/1677/1486 1358/1649/1460 
f 1360/1651/1462 1388/1679/1488 1387/1678/1487 1359/1650/1461 
f 1361/1652/1463 1389/1680/1489 1390/1681/1490 1362/1653/1464 
f 1363/1654/1465 1391/1682/1491 1389/1680/1489 1361/1652/1463 
f 1364/1655/1466 1392/1683/1492 1391/1682/1491 1363/1654/1465 
f 1365/1656/1467 1393/1684/1493 1392/1683/1492 1364/1655/1466 
f 1366/1657/1468 1394/1685/1494 1393/1684/1493 1365/1656/1467 
f 1367/1658/1469 1395/1686/1495 1394/1685/1494 1366/1657/1468 
f 1368/1659/1470 1396/1687/1496 1395/1686/1495 1367/1658/1469 
f 1369/1660/1471 1397/1688/1497 1396/1687/1496 1368/1659/1470 
f 1370/1661/1472 1398/1689/1498 1397/1688/1497 1369/1660/1471 
f 1371/1662/1473 1399/1690/1499 1398/1689/1498 1370/1661/1472 
f 1372/1663/1474 1400/1691/1500 1399/1690/1499 1371/1662/1473 
f 1373/1664/1475 1401/1692/1501 1402/1693/1501 1374/1665/1475 
f 958/1694/1502 957/1695/1503 1403/1696/1504 1404/1697/1502 
f 1405/1697/1505 1406/1696/1506 982/1695/1507 981/1694/1505 
f 1407/1698/1508 1408/1699/1509 1406/1696/1509 1405/1697/1508 
f 986/1700/1510 985/1701/1511 1408/1699/1512 1407/1698/1510 
f 1409/1698/1513 1410/1699/1514 1008/1701/1515 1007/1702/1513 
f 1404/1697/1516 1403/1696/1517 1410/1699/1517 1409/1698/1516 
f 957/1695/1503 1012/1703/1518 1411/1704/1519 1403/1696/1504 
f 1406/1696/1506 1412/1704/1520 1024/1703/1521 982/1695/1507 
f 1408/1699/1509 1413/1705/1522 1412/1704/1522 1406/1696/1509 
f 985/1701/1511 1026/1706/1523 1413/1705/1524 1408/1699/1512 
f 1410/1699/1514 1414/1705/1525 1037/1707/1526 1008/1701/1515 
f 1403/1696/1517 1411/1704/1527 1414/1705/1527 1410/1699/1517 
f 1012/1703/1518 1040/1708/1528 1415/1709/1529 1411/1704/1519 
f 1412/1704/1520 1416/1709/1530 1052/1708/1531 1024/1703/1521 
f 1413/1705/1522 1417/1710/1532 1416/1709/1532 1412/1704/1522 
f 1026/1706/1523 1054/1711/1533 1417/1710/1534 1413/1705/1524 
f 1414/1705/1525 1418/1710/1535 1065/1711/1536 1037/1707/1526 
f 1411/1704/1527 1415/1709/1537 1418/1710/1537 1414/1705/1527 
f 1040/1708/1528 1068/1712/1538 1419/1713/1539 1415/1709/1529 
f 1416/1709/1530 1420/1713/1540 1080/1712/1541 1052/1708/1531 
f 1417/1710/1532 1421/1714/1542 1420/1713/1542 1416/1709/1532 
f 1054/1711/1533 1082/1715/1543 1421/1714/1544 1417/1710/1534 
f 1418/1710/1535 1422/1714/1545 1093/1715/1546 1065/1711/1536 
f 1415/1709/1537 1419/1713/1547 1422/1714/1547 1418/1710/1537 
f 1068/1712/1538 1096/1716/1548 1423/1717/1549 1419/1713/1539 
f 1420/1713/1540 1424/1717/1550 1108/1718/1551 1080/1712/1541 
f 1421/1714/1542 1425/1719/1552 1424/1717/1552 1420/1713/1542 
f 1082/1715/1543 1110/1720/1553 1425/1719/1554 1421/1714/1544 
f 1422/1714/1545 1426/1719/1555 1121/1720/1556 1093/1715/1546 
f 1419/1713/1547 1423/1717/1557 1426/1719/1557 1422/1714/1547 
f 1096/1716/1548 1124/1721/1558 1427/1722/1559 1423/1717/1549 
f 1424/1717/1550 1428/1722/1560 1136/1723/1561 1108/1718/1551 
f 1425/1719/1552 1429/1724/1562 1428/1722/1562 1424/1717/1552 
f 1110/1720/1553 1138/1725/1563 1429/1724/1564 1425/1719/1554 
f 1426/1719/1555 1430/1724/1565 1149/1725/1566 1121/1720/1556 
f 1423/1717/1557 1427/1722/1567 1430/1724/1567 1426/1719/1557 
f 1124/1721/1558 1152/1726/1568 1431/1727/1568 1427/1722/1559 
f 1428/1722/1560 1432/1727/1569 1164/1726/1569 1136/1723/1561 
f 1429/1724/1562 1433/1728/1570 1432/1727/1570 1428/1722/1562 
f 1138/1725/1563 1166/1729/1571 1433/1728/1571 1429/1724/1564 
f 1430/1724/1565 1434/1728/1572 1177/1729/1572 1149/1725/1566 
f 1427/1722/1567 1431/1727/1573 1434/1728/1573 1430/1724/1567 
f 1152/1726/1574 1180/1730/1574 1435/1731/1574 1431/1727/1574 
f 1432/1727/1575 1436/1731/1575 1192/1730/1575 1164/1726/1575 
f 1433/1728/1576 1437/1732/1576 1436/1731/1576 1432/1727/1576 
f 1166/1729/1577 1194/1733/1577 1437/1732/1577 1433/1728/1577 
f 1434/1728/1578 1438/1732/1578 1205/1733/1578 1177/1729/1578 
f 1431/1727/1579 1435/1731/1579 1438/1732/1579 1434/1728/1579 
f 1180/1730/1580 1208/1734/1581 1439/1735/1582 1435/1731/1580 
f 1436/1731/1583 1440/1735/1584 1220/1736/1585 1192/1730/1583 
f 1437/1732/1586 1441/1737/1587 1440/1735/1587 1436/1731/1586 
f 1194/1733/1588 1222/1738/1589 1441/1737/1590 1437/1732/1588 
f 1438/1732/1591 1442/1737/1592 1233/1738/1593 1205/1733/1591 
f 1435/1731/1594 1439/1735/1595 1442/1737/1595 1438/1732/1594 
f 1208/1734/1581 1236/1739/1596 1443/1740/1597 1439/1735/1582 
f 1440/1735/1584 1444/1740/1598 1248/1741/1599 1220/1736/1585 
f 1441/1737/1587 1445/1742/1600 1444/1740/1600 1440/1735/1587 
f 1222/1738/1589 1250/1743/1601 1445/1742/1602 1441/1737/1590 
f 1442/1737/1592 1446/1742/1603 1261/1743/1604 1233/1738/1593 
f 1439/1735/1595 1443/1740/1605 1446/1742/1606 1442/1737/1595 
f 1236/1739/1596 1264/1744/1607 1447/1745/1608 1443/1740/1597 
f 1444/1740/1598 1448/1745/1609 1276/1744/1610 1248/1741/1599 
f 1445/1742/1600 1449/1746/1611 1448/1745/1611 1444/1740/1600 
f 1250/1743/1601 1278/1747/1612 1449/1746/1613 1445/1742/1602 
f 1446/1742/1603 1450/1746/1614 1289/1747/1615 1261/1743/1604 
f 1443/1740/1605 1447/1745/1616 1450/1746/1616 1446/1742/1606 
f 1264/1744/1607 1292/1748/1617 1451/1749/1618 1447/1745/1608 
f 1448/1745/1609 1452/1749/1619 1304/1748/1620 1276/1744/1610 
f 1449/1746/1611 1453/1750/1621 1452/1749/1621 1448/1745/1611 
f 1278/1747/1612 1306/1751/1622 1453/1750/1623 1449/1746/1613 
f 1450/1746/1614 1454/1750/1624 1317/1751/1625 1289/1747/1615 
f 1447/1745/1616 1451/1749/1626 1454/1750/1626 1450/1746/1616 
f 1292/1748/1617 1320/1752/1627 1455/1753/1628 1451/1749/1618 
f 1452/1749/1619 1456/1753/1629 1332/1752/1630 1304/1748/1620 
f 1453/1750/1621 1457/1754/1631 1456/1753/1631 1452/1749/1621 
f 1306/1751/1622 1334/1755/1632 1457/1754/1633 1453/1750/1623 
f 1454/1750/1624 1458/1754/1634 1345/1756/1635 1317/1751/1625 
f 1451/1749/1626 1455/1753/1636 1458/1754/1636 1454/1750/1626 
f 1320/1752/1627 1348/1757/1637 1459/1758/1638 1455/1753/1628 
f 1456/1753/1629 1460/1758/1639 1360/1757/1640 1332/1752/1630 
f 1457/1754/1631 1461/1759/1641 1460/1758/1641 1456/1753/1631 
f 1334/1755/1632 1362/1760/1642 1461/1759/1643 1457/1754/1633 
f 1458/1754/1634 1462/1759/1644 1373/1760/1645 1345/1756/1635 
f 1455/1753/1636 1459/1758/1646 1462/1759/1646 1458/1754/1636 
f 1348/1757/1637 1376/1761/1647 1463/1762/1647 1459/1758/1638 
f 1460/1758/1639 1464/1762/1648 1388/1761/1648 1360/1757/1640 
f 1461/1759/1641 1465/1763/1649 1464/1762/1649 1460/1758/1641 
f 1362/1760/1642 1390/1764/1650 1465/1763/1650 1461/1759/1643 
f 1462/1759/1644 1466/1763/1651 1401/1765/1651 1373/1760/1645 
f 1459/1758/1646 1463/1762/1652 1466/1763/1652 1462/1759/1646 
f 1467/1766/1653 1468/1767/1654 956/1768/1655 955/1769/1653 
f 1469/1770/1656 1470/1771/1657 1468/1767/1657 1467/1766/1656 
f 962/1772/1658 961/1773/1659 1470/1771/1660 1469/1770/1658 
f 1471/1774/1661 1472/1775/1662 1006/1776/1663 1005/1777/1661 
f 1473/1778/1664 1474/1779/1665 1472/1775/1666 1471/1774/1664 
f 1010/1780/1667 1009/1781/1668 1474/1779/1669 1473/1778/1667 
f 1468/1767/1654 1475/1782/1670 1011/1783/1671 956/1768/1655 
f 1470/1771/1657 1476/1784/1672 1475/1782/1672 1468/1767/1657 
f 961/1773/1659 1014/1785/1673 1476/1784/1674 1470/1771/1660 
f 1472/1775/1662 1477/1786/1675 1036/1787/1676 1006/1776/1663 
f 1474/1779/1665 1478/1788/1677 1477/1786/1677 1472/1775/1666 
f 1009/1781/1668 1038/1789/1678 1478/1788/1679 1474/1779/1669 
f 1475/1782/1670 1479/1790/1680 1039/1791/1681 1011/1783/1671 
f 1476/1784/1672 1480/1792/1682 1479/1790/1682 1475/1782/1672 
f 1014/1785/1673 1042/1793/1683 1480/1792/1684 1476/1784/1674 
f 1477/1786/1675 1481/1794/1685 1064/1795/1686 1036/1787/1676 
f 1478/1788/1677 1482/1796/1687 1481/1794/1687 1477/1786/1677 
f 1038/1789/1678 1066/1797/1688 1482/1796/1689 1478/1788/1679 
f 1479/1790/1680 1483/1798/1690 1067/1799/1691 1039/1791/1681 
f 1480/1792/1682 1484/1800/1692 1483/1798/1692 1479/1790/1682 
f 1042/1793/1683 1070/1801/1693 1484/1800/1694 1480/1792/1684 
f 1481/1794/1685 1485/1802/1695 1092/1803/1696 1064/1795/1686 
f 1482/1796/1687 1486/1804/1697 1485/1802/1697 1481/1794/1687 
f 1066/1797/1688 1094/1805/1698 1486/1804/1699 1482/1796/1689 
f 1483/1798/1690 1487/1806/1700 1095/1807/1701 1067/1799/1691 
f 1484/1808/1692 1488/1809/1702 1487/1810/1702 1483/1811/1692 
f 1070/1801/1693 1098/1812/1703 1488/1813/1704 1484/1800/1694 
f 1485/1802/1695 1489/1814/1705 1120/1815/1706 1092/1803/1696 
f 1486/1816/1697 1490/1817/1707 1489/1818/1707 1485/1819/1697 
f 1094/1805/1698 1122/1820/1708 1490/1821/1709 1486/1804/1699 
f 1487/1806/1700 1491/1822/1710 1123/1823/1711 1095/1807/1701 
f 1488/1809/1702 1492/1824/1712 1491/1825/1712 1487/1810/1702 
f 1098/1826/1703 1126/1827/1713 1492/1828/1714 1488/1829/1704 
f 1489/1830/1705 1493/1831/1715 1148/1832/1716 1120/1833/1706 
f 1490/1817/1707 1494/1834/1717 1493/1835/1717 1489/1818/1707 
f 1122/1820/1708 1150/1836/1718 1494/1837/1719 1490/1821/1709 
f 1491/1838/1710 1495/1839/1720 1151/1840/1720 1123/1841/1711 
f 1492/1824/1712 1496/1842/1721 1495/1843/1721 1491/1825/1712 
f 1126/1827/1713 1154/1844/1722 1496/1845/1722 1492/1828/1714 
f 1493/1831/1715 1497/1846/1723 1176/1847/1723 1148/1832/1716 
f 1494/1834/1717 1498/1848/1724 1497/1849/1724 1493/1835/1717 
f 1150/1850/1718 1178/1851/1725 1498/1852/1725 1494/1853/1719 
f 1495/1839/1726 1499/1854/1726 1179/1855/1726 1151/1840/1726 
f 1496/1842/1727 1500/1856/1727 1499/1857/1727 1495/1843/1727 
f 1154/1844/1728 1182/1858/1728 1500/1859/1728 1496/1845/1728 
f 1497/1846/1729 1501/1860/1729 1204/1861/1729 1176/1847/1729 
f 1178/1851/1730 1206/1862/1730 1502/1863/1730 1498/1852/1730 
f 1499/1854/1731 1503/1864/1732 1207/1865/1733 1179/1855/1731 
f 1500/1856/1734 1504/1866/1735 1503/1867/1735 1499/1857/1734 
f 1182/1858/1736 1210/1868/1737 1504/1869/1738 1500/1859/1736 
f 1501/1860/1739 1505/1870/1740 1232/1871/1741 1204/1861/1739 
f 1502/1872/1742 1506/1873/1743 1505/1874/1743 1501/1875/1742 
f 1206/1862/1744 1234/1876/1745 1506/1877/1746 1502/1863/1744 
f 1503/1878/1732 1507/1879/1747 1235/1880/1748 1207/1881/1733 
f 1504/1866/1735 1508/1882/1749 1507/1883/1749 1503/1867/1735 
f 1210/1868/1737 1238/1884/1750 1508/1885/1751 1504/1869/1738 
f 1505/1886/1740 1509/1887/1752 1260/1888/1753 1232/1889/1741 
f 1506/1873/1743 1510/1890/1754 1509/1891/1754 1505/1874/1743 
f 1234/1892/1745 1262/1893/1755 1510/1894/1756 1506/1895/1746 
f 1507/1879/1747 1511/1896/1757 1263/1897/1758 1235/1880/1748 
f 1508/1882/1749 1512/1898/1759 1511/1899/1759 1507/1883/1749 
f 1238/1900/1750 1266/1901/1760 1512/1902/1761 1508/1903/1751 
f 1509/1887/1752 1513/1904/1762 1288/1905/1763 1260/1888/1753 
f 1510/1890/1754 1514/1906/1764 1513/1907/1765 1509/1891/1754 
f 1262/1893/1755 1290/1908/1766 1514/1909/1767 1510/1894/1756 
f 1511/1896/1757 1515/1910/1768 1291/1911/1769 1263/1897/1758 
f 1512/1902/1759 1516/1912/1770 1515/1910/1770 1511/1896/1759 
f 1266/1901/1760 1294/1913/1771 1516/1912/1772 1512/1902/1761 
f 1513/1904/1762 1517/1914/1773 1316/1915/1774 1288/1905/1763 
f 1514/1909/1764 1518/1916/1775 1517/1914/1775 1513/1904/1765 
f 1290/1908/1766 1318/1917/1776 1518/1916/1777 1514/1909/1767 
f 1515/1910/1768 1519/1918/1778 1319/1919/1779 1291/1911/1769 
f 1516/1912/1770 1520/1920/1780 1519/1918/1780 1515/1910/1770 
f 1294/1913/1771 1322/1921/1781 1520/1920/1782 1516/1912/1772 
f 1517/1914/1773 1521/1922/1783 1344/1923/1784 1316/1915/1774 
f 1518/1916/1775 1522/1924/1785 1521/1922/1785 1517/1914/1775 
f 1318/1917/1776 1346/1925/1786 1522/1924/1787 1518/1916/1777 
f 1519/1918/1778 1523/1926/1788 1347/1927/1789 1319/1919/1779 
f 1520/1920/1780 1524/1928/1790 1523/1926/1790 1519/1918/1780 
f 1322/1921/1781 1350/1929/1791 1524/1928/1792 1520/1920/1782 
f 1521/1922/1783 1525/1930/1793 1372/1931/1794 1344/1923/1784 
f 1522/1924/1785 1526/1932/1795 1525/1930/1795 1521/1922/1785 
f 1346/1925/1786 1374/1933/1796 1526/1932/1797 1522/1924/1787 
f 1523/1926/1788 1527/1934/1798 1375/1935/1798 1347/1927/1789 
f 1524/1928/1790 1528/1936/1799 1527/1934/1799 1523/1926/1790 
f 1350/1929/1791 1378/1937/1800 1528/1936/1800 1524/1928/1792 
f 1525/1930/1793 1529/1938/1801 1400/1939/1801 1372/1931/1794 
f 1526/1932/1795 1530/1940/1802 1529/1938/1802 1525/1930/1795 
f 1374/1933/1796 1402/1941/1803 1530/1940/1803 1526/1932/1797 
f 1401/1942/1804 1466/1943/1804 1463/1944/1804 1376/1945/1804 
f 1402/1941/1804 1401/1942/1804 1376/1945/1804 1375/1935/1804 
f 1530/1940/1804 1402/1941/1804 1375/1935/1804 1527/1934/1804 
f 1529/1938/1804 1530/1940/1804 1527/1934/1804 1528/1936/1804 
f 1400/1939/1804 1529/1938/1804 1528/1936/1804 1378/1937/1804 
f 1399/1946/1804 1400/1939/1804 1378/1937/1804 1398/1947/1804 
f 1397/1948/1804 1398/1947/1804 1378/1937/1804 1396/1949/1804 
f 1381/1950/1804 1396/1949/1804 1378/1937/1804 1379/1951/1804 
f 1378/1937/1804 1377/1952/1804 1379/1951/1804 
f 1379/1951/1804 1380/1953/1804 1381/1950/1804 
f 1395/1954/1804 1396/1949/1804 1381/1950/1804 1394/1955/1804 
f 1393/1956/1804 1394/1955/1804 1381/1950/1804 1392/1957/1804 
f 1388/1958/1804 1392/1957/1804 1381/1950/1804 1385/1959/1804 
f 1383/1960/1804 1385/1959/1804 1381/1950/1804 1382/1961/1804 
f 1383/1960/1804 1384/1962/1804 1385/1959/1804 
f 1387/1963/1804 1388/1958/1804 1385/1959/1804 1386/1964/1804 
f 1391/1965/1804 1392/1957/1804 1388/1958/1804 1389/1966/1804 
f 1390/1967/1804 1389/1966/1804 1388/1958/1804 1465/1968/1804 
f 1464/1969/1804 1465/1968/1804 1388/1958/1804 
f 986/1970/1805 1407/1971/1805 1405/1972/1805 981/1945/1805 
f 983/1973/1805 986/1970/1805 981/1945/1805 987/1974/1805 
f 989/1975/1805 987/1974/1805 981/1945/1805 991/1976/1805 
f 973/1977/1805 991/1976/1805 981/1945/1805 977/1978/1805 
f 981/1945/1805 979/1979/1805 977/1978/1805 
f 977/1978/1805 975/1980/1805 973/1977/1805 
f 993/1981/1805 991/1976/1805 973/1977/1805 995/1982/1805 
f 997/1983/1805 995/1982/1805 973/1977/1805 999/1984/1805 
f 962/1772/1805 999/1984/1805 973/1977/1805 965/1985/1805 
f 969/1986/1805 965/1985/1805 973/1977/1805 971/1987/1805 
f 969/1986/1805 967/1988/1805 965/1985/1805 
f 959/1989/1805 962/1772/1805 965/1985/1805 963/1990/1805 
f 1001/1991/1805 999/1984/1805 962/1772/1805 1003/1992/1805 
f 1005/1777/1805 1003/1992/1805 962/1772/1805 1471/1774/1805 
f 1471/1774/1805 962/1772/1805 1469/1770/1805 1473/1778/1805 
f 1473/1778/1805 1469/1770/1805 1467/1766/1805 1010/1780/1805 
f 1010/1780/1805 1467/1766/1805 955/1769/1805 1007/1993/1805 
f 1007/1993/1805 955/1769/1805 958/1958/1805 1409/1994/1805 
f 958/1958/1805 1404/1995/1805 1409/1994/1805 
f 1498/1996/1806 1502/1997/1806 1501/1998/1806 1497/1999/1806 
# 570 polygons - 8 triangles

#
# object Archmodels_vol_89_001_8
#

v  -32.4058 74.5000 16.1827
v  -34.0091 74.5000 36.3077
v  -21.1493 74.5000 37.2555
v  4.8422 74.5000 38.1022
v  -8.1552 74.5000 37.8535
v  56.7254 74.5000 35.6116
v  30.8189 74.5000 37.5531
v  17.8359 74.5000 38.0019
v  43.7844 74.5000 36.7562
v  62.4809 74.5000 -36.2427
v  108.1057 74.5000 27.5649
v  82.5062 74.5000 32.2811
v  69.6350 74.5000 34.1198
v  95.3321 74.5000 30.0960
v  78.0607 74.5000 -38.6282
v  93.5647 74.5000 -41.6102
v  -64.7386 74.5000 12.2403
v  46.8422 74.5000 -34.4535
v  31.1613 74.5000 -33.2607
v  15.4552 74.5000 -32.6643
v  -92.8943 74.5000 27.5649
v  -0.2594 74.5000 -32.6643
v  -15.9655 74.5000 -33.2607
v  -31.6464 74.5000 -34.4535
v  -47.2851 74.5000 -36.2427
v  -62.8649 74.5000 -38.6282
v  -78.3689 74.5000 -41.6102
v  -67.5015 74.5000 32.1957
v  -64.7386 72.0000 12.2403
v  -67.5015 72.0000 32.1957
v  -92.8943 72.0000 27.5649
v  -62.8649 72.0000 -38.6282
v  -78.3689 72.0000 -41.6102
v  -32.4058 72.0000 16.1827
v  4.8422 72.0000 38.1022
v  108.1057 72.0000 27.5649
v  -47.2851 72.0000 -36.2427
v  -31.6464 72.0000 -34.4535
v  -15.9655 72.0000 -33.2607
v  -0.2594 72.0000 -32.6643
v  15.4552 72.0000 -32.6643
v  31.1613 72.0000 -33.2607
v  46.8422 72.0000 -34.4535
v  62.4809 72.0000 -36.2427
v  78.0607 72.0000 -38.6282
v  93.5647 72.0000 -41.6102
v  56.7254 72.0000 35.6116
v  82.5062 72.0000 32.2811
v  95.3321 72.0000 30.0960
v  69.6350 72.0000 34.1198
v  30.8189 72.0000 37.5531
v  43.7844 72.0000 36.7562
v  17.8359 72.0000 38.0019
v  -21.1493 72.0000 37.2555
v  -8.1552 72.0000 37.8535
v  -34.0091 72.0000 36.3077
v  -92.9354 72.0040 27.5926
v  -78.3957 72.0040 -41.6507
v  93.5914 72.0040 -41.6507
v  108.1468 72.0040 27.5922
v  -92.9731 72.0153 27.6180
v  -78.4203 72.0153 -41.6879
v  93.6161 72.0153 -41.6879
v  108.1844 72.0153 27.6172
v  -93.0065 72.0330 27.6405
v  -78.4420 72.0330 -41.7207
v  93.6378 72.0330 -41.7207
v  108.2177 72.0330 27.6393
v  -93.0343 72.0562 27.6592
v  -78.4601 72.0562 -41.7481
v  93.6559 72.0562 -41.7481
v  108.2454 72.0562 27.6577
v  -93.0555 72.0841 27.6735
v  -78.4739 72.0841 -41.7690
v  93.6697 72.0841 -41.7690
v  108.2666 72.0841 27.6717
v  -93.0690 72.1156 27.6826
v  -78.4827 72.1156 -41.7823
v  93.6785 72.1156 -41.7823
v  108.2801 72.1156 27.6807
v  -93.0737 72.1500 27.6858
v  -78.4858 72.1500 -41.7870
v  93.6816 72.1500 -41.7870
v  108.2848 72.1500 27.6838
v  -93.0737 74.3500 27.6858
v  -78.4858 74.3500 -41.7870
v  93.6816 74.3500 -41.7870
v  108.2848 74.3500 27.6838
v  -93.0690 74.3844 27.6826
v  -78.4827 74.3844 -41.7823
v  93.6785 74.3844 -41.7823
v  108.2801 74.3844 27.6807
v  -93.0555 74.4159 27.6735
v  -78.4739 74.4159 -41.7690
v  93.6697 74.4159 -41.7690
v  108.2666 74.4159 27.6717
v  -93.0343 74.4438 27.6592
v  -78.4601 74.4438 -41.7481
v  93.6559 74.4438 -41.7481
v  108.2454 74.4438 27.6577
v  -93.0065 74.4670 27.6405
v  -78.4420 74.4670 -41.7207
v  93.6378 74.4670 -41.7207
v  108.2177 74.4670 27.6393
v  -92.9731 74.4847 27.6180
v  -78.4203 74.4847 -41.6879
v  93.6161 74.4847 -41.6879
v  108.1844 74.4847 27.6172
v  -92.9354 74.4960 27.5926
v  -78.3957 74.4960 -41.6507
v  93.5914 74.4960 -41.6507
v  108.1468 74.4960 27.5922
v  -67.4729 72.0040 32.2363
v  -64.7096 72.0040 12.2788
v  -32.4431 72.0040 16.2131
v  -34.0465 72.0040 36.3398
v  -21.1513 72.0040 37.2902
v  -8.1563 72.0040 37.8882
v  4.8420 72.0040 38.1369
v  17.8366 72.0040 38.0366
v  30.8206 72.0040 37.5878
v  43.7870 72.0040 36.7908
v  56.7289 72.0040 35.6462
v  69.6394 72.0040 34.1542
v  82.5115 72.0040 32.3154
v  95.3383 72.0040 30.1302
v  78.0548 72.0040 -38.6625
v  62.4764 72.0040 -36.2771
v  46.8389 72.0040 -34.4881
v  31.1593 72.0040 -33.2954
v  15.4545 72.0040 -32.6990
v  -0.2587 72.0040 -32.6990
v  -15.9636 72.0040 -33.2954
v  -31.6431 72.0040 -34.4881
v  -47.2806 72.0040 -36.2771
v  -62.8591 72.0040 -38.6625
v  -67.4466 72.0153 32.2736
v  -64.6830 72.0153 12.3142
v  -32.4773 72.0153 16.2411
v  -34.0809 72.0153 36.3693
v  -21.1532 72.0153 37.3220
v  -8.1573 72.0153 37.9201
v  4.8418 72.0153 38.1688
v  17.8372 72.0153 38.0685
v  30.8221 72.0153 37.6196
v  43.7893 72.0153 36.8226
v  56.7321 72.0153 35.6779
v  69.6434 72.0153 34.1859
v  82.5164 72.0153 32.3469
v  95.3440 72.0153 30.1615
v  78.0495 72.0153 -38.6939
v  62.4722 72.0153 -36.3087
v  46.8359 72.0153 -34.5198
v  31.1575 72.0153 -33.3272
v  15.4539 72.0153 -32.7309
v  -0.2581 72.0153 -32.7309
v  -15.9618 72.0153 -33.3272
v  -31.6401 72.0153 -34.5198
v  -47.2764 72.0153 -36.3087
v  -62.8537 72.0153 -38.6939
v  -67.4234 72.0330 32.3065
v  -64.6595 72.0330 12.3454
v  -32.5075 72.0330 16.2657
v  -34.1112 72.0330 36.3953
v  -21.1548 72.0330 37.3501
v  -8.1582 72.0330 37.9482
v  4.8416 72.0330 38.1969
v  17.8378 72.0330 38.0966
v  30.8234 72.0330 37.6477
v  43.7914 72.0330 36.8507
v  56.7349 72.0330 35.7059
v  69.6470 72.0330 34.2138
v  82.5207 72.0330 32.3747
v  95.3491 72.0330 30.1892
v  78.0447 72.0330 -38.7216
v  62.4685 72.0330 -36.3366
v  46.8333 72.0330 -34.5478
v  31.1560 72.0330 -33.3553
v  15.4534 72.0330 -32.7590
v  -0.2576 72.0330 -32.7590
v  -15.9602 72.0330 -33.3553
v  -31.6375 72.0330 -34.5478
v  -47.2727 72.0330 -36.3366
v  -62.8489 72.0330 -38.7216
v  -67.4040 72.0562 32.3339
v  -64.6399 72.0562 12.3714
v  -32.5328 72.0562 16.2863
v  -34.1365 72.0562 36.4169
v  -21.1562 72.0562 37.3735
v  -8.1590 72.0562 37.9717
v  4.8415 72.0562 38.2204
v  17.8383 72.0562 38.1201
v  30.8245 72.0562 37.6712
v  43.7931 72.0562 36.8741
v  56.7373 72.0562 35.7292
v  69.6500 72.0562 34.2370
v  82.5243 72.0562 32.3979
v  95.3533 72.0562 30.2123
v  78.0408 72.0562 -38.7448
v  62.4654 72.0562 -36.3598
v  46.8311 72.0562 -34.5712
v  31.1546 72.0562 -33.3787
v  15.4529 72.0562 -32.7825
v  -0.2572 72.0562 -32.7825
v  -15.9589 72.0562 -33.3787
v  -31.6353 72.0562 -34.5712
v  -47.2696 72.0562 -36.3598
v  -62.8450 72.0562 -38.7448
v  -67.3893 72.0841 32.3549
v  -64.6250 72.0841 12.3913
v  -32.5520 72.0841 16.3020
v  -34.1558 72.0841 36.4335
v  -21.1573 72.0841 37.3914
v  -8.1596 72.0841 37.9895
v  4.8414 72.0841 38.2383
v  17.8387 72.0841 38.1380
v  30.8254 72.0841 37.6890
v  43.7945 72.0841 36.8919
v  56.7391 72.0841 35.7470
v  69.6522 72.0841 34.2548
v  82.5270 72.0841 32.4156
v  95.3565 72.0841 30.2299
v  78.0378 72.0841 -38.7624
v  62.4630 72.0841 -36.3776
v  46.8294 72.0841 -34.5890
v  31.1536 72.0841 -33.3966
v  15.4526 72.0841 -32.8004
v  -0.2568 72.0841 -32.8004
v  -15.9578 72.0841 -33.3966
v  -31.6336 72.0841 -34.5890
v  -47.2673 72.0841 -36.3776
v  -62.8420 72.0841 -38.7624
v  -67.3798 72.1156 32.3682
v  -64.6155 72.1156 12.4039
v  -32.5642 72.1156 16.3120
v  -34.1681 72.1156 36.4440
v  -21.1579 72.1156 37.4027
v  -8.1599 72.1156 38.0009
v  4.8413 72.1156 38.2497
v  17.8389 72.1156 38.1494
v  30.8259 72.1156 37.7004
v  43.7953 72.1156 36.9033
v  56.7402 72.1156 35.7584
v  69.6537 72.1156 34.2661
v  82.5288 72.1156 32.4269
v  95.3585 72.1156 30.2411
v  78.0358 72.1156 -38.7736
v  62.4615 72.1156 -36.3889
v  46.8283 72.1156 -34.6003
v  31.1530 72.1156 -33.4080
v  15.4524 72.1156 -32.8118
v  -0.2566 72.1156 -32.8118
v  -15.9572 72.1156 -33.4080
v  -31.6325 72.1156 -34.6003
v  -47.2658 72.1156 -36.3889
v  -62.8400 72.1156 -38.7736
v  -67.3765 72.1500 32.3729
v  -64.6121 72.1500 12.4084
v  -32.5685 72.1500 16.3155
v  -34.1724 72.1500 36.4477
v  -21.1582 72.1500 37.4067
v  -8.1601 72.1500 38.0049
v  4.8413 72.1500 38.2537
v  17.8390 72.1500 38.1534
v  30.8261 72.1500 37.7044
v  43.7956 72.1500 36.9073
v  56.7406 72.1500 35.7624
v  69.6542 72.1500 34.2701
v  82.5294 72.1500 32.4308
v  95.3593 72.1500 30.2451
v  78.0351 72.1500 -38.7776
v  62.4610 72.1500 -36.3929
v  46.8280 72.1500 -34.6043
v  31.1528 72.1500 -33.4120
v  15.4523 72.1500 -32.8158
v  -0.2565 72.1500 -32.8158
v  -15.9570 72.1500 -33.4120
v  -31.6322 72.1500 -34.6043
v  -47.2652 72.1500 -36.3929
v  -62.8394 72.1500 -38.7776
v  -67.3765 74.3500 32.3729
v  -64.6121 74.3500 12.4084
v  -32.5685 74.3500 16.3155
v  -34.1724 74.3500 36.4477
v  -21.1582 74.3500 37.4067
v  -8.1601 74.3500 38.0049
v  4.8413 74.3500 38.2537
v  17.8390 74.3500 38.1534
v  30.8261 74.3500 37.7044
v  43.7956 74.3500 36.9073
v  56.7406 74.3500 35.7624
v  69.6542 74.3500 34.2701
v  82.5294 74.3500 32.4308
v  95.3593 74.3500 30.2451
v  78.0351 74.3500 -38.7776
v  62.4610 74.3500 -36.3929
v  46.8280 74.3500 -34.6043
v  31.1528 74.3500 -33.4120
v  15.4523 74.3500 -32.8158
v  -0.2565 74.3500 -32.8158
v  -15.9570 74.3500 -33.4120
v  -31.6322 74.3500 -34.6043
v  -47.2652 74.3500 -36.3929
v  -62.8394 74.3500 -38.7776
v  -67.3798 74.3844 32.3682
v  -64.6155 74.3844 12.4039
v  -32.5642 74.3844 16.3120
v  -34.1681 74.3844 36.4440
v  -21.1579 74.3844 37.4027
v  -8.1599 74.3844 38.0009
v  4.8413 74.3844 38.2497
v  17.8389 74.3844 38.1494
v  30.8259 74.3844 37.7004
v  43.7953 74.3844 36.9033
v  56.7402 74.3844 35.7584
v  69.6537 74.3844 34.2661
v  82.5288 74.3844 32.4269
v  95.3585 74.3844 30.2411
v  78.0358 74.3844 -38.7736
v  62.4615 74.3844 -36.3889
v  46.8283 74.3844 -34.6003
v  31.1530 74.3844 -33.4080
v  15.4524 74.3844 -32.8118
v  -0.2566 74.3844 -32.8118
v  -15.9572 74.3844 -33.4080
v  -31.6325 74.3844 -34.6003
v  -47.2658 74.3844 -36.3889
v  -62.8400 74.3844 -38.7736
v  -67.3893 74.4159 32.3549
v  -64.6250 74.4159 12.3913
v  -32.5520 74.4159 16.3020
v  -34.1558 74.4159 36.4335
v  -21.1573 74.4159 37.3914
v  -8.1596 74.4159 37.9895
v  4.8414 74.4159 38.2383
v  17.8387 74.4159 38.1380
v  30.8254 74.4159 37.6890
v  43.7945 74.4159 36.8919
v  56.7391 74.4159 35.7470
v  69.6522 74.4159 34.2548
v  82.5270 74.4159 32.4156
v  95.3565 74.4159 30.2299
v  78.0378 74.4159 -38.7624
v  62.4630 74.4159 -36.3776
v  46.8294 74.4159 -34.5890
v  31.1536 74.4159 -33.3966
v  15.4526 74.4159 -32.8004
v  -0.2568 74.4159 -32.8004
v  -15.9578 74.4159 -33.3966
v  -31.6336 74.4159 -34.5890
v  -47.2673 74.4159 -36.3776
v  -62.8420 74.4159 -38.7624
v  -67.4040 74.4438 32.3339
v  -64.6399 74.4438 12.3714
v  -32.5328 74.4438 16.2863
v  -34.1365 74.4438 36.4169
v  -21.1562 74.4438 37.3735
v  -8.1590 74.4438 37.9717
v  4.8415 74.4438 38.2204
v  17.8383 74.4438 38.1201
v  30.8245 74.4438 37.6712
v  43.7931 74.4438 36.8741
v  56.7373 74.4438 35.7292
v  69.6500 74.4438 34.2370
v  82.5243 74.4438 32.3979
v  95.3533 74.4438 30.2123
v  78.0408 74.4438 -38.7448
v  62.4654 74.4438 -36.3598
v  46.8311 74.4438 -34.5712
v  31.1546 74.4438 -33.3787
v  15.4529 74.4438 -32.7825
v  -0.2572 74.4438 -32.7825
v  -15.9589 74.4438 -33.3787
v  -31.6353 74.4438 -34.5712
v  -47.2696 74.4438 -36.3598
v  -62.8450 74.4438 -38.7448
v  -67.4234 74.4670 32.3065
v  -64.6595 74.4670 12.3454
v  -32.5075 74.4670 16.2657
v  -34.1112 74.4670 36.3953
v  -21.1548 74.4670 37.3501
v  -8.1582 74.4670 37.9482
v  4.8416 74.4670 38.1969
v  17.8378 74.4670 38.0966
v  30.8234 74.4670 37.6477
v  43.7914 74.4670 36.8507
v  56.7349 74.4670 35.7059
v  69.6470 74.4670 34.2138
v  82.5207 74.4670 32.3747
v  95.3491 74.4670 30.1892
v  78.0447 74.4670 -38.7216
v  62.4685 74.4670 -36.3366
v  46.8333 74.4670 -34.5478
v  31.1560 74.4670 -33.3553
v  15.4534 74.4670 -32.7590
v  -0.2576 74.4670 -32.7590
v  -15.9602 74.4670 -33.3553
v  -31.6375 74.4670 -34.5478
v  -47.2727 74.4670 -36.3366
v  -62.8489 74.4670 -38.7216
v  -67.4466 74.4847 32.2736
v  -64.6830 74.4847 12.3142
v  -32.4773 74.4847 16.2411
v  -34.0809 74.4847 36.3693
v  -21.1532 74.4847 37.3220
v  -8.1573 74.4847 37.9201
v  4.8418 74.4847 38.1688
v  17.8372 74.4847 38.0685
v  30.8221 74.4847 37.6196
v  43.7893 74.4847 36.8226
v  56.7321 74.4847 35.6779
v  69.6434 74.4847 34.1859
v  82.5164 74.4847 32.3469
v  95.3440 74.4847 30.1615
v  78.0495 74.4847 -38.6939
v  62.4722 74.4847 -36.3087
v  46.8359 74.4847 -34.5198
v  31.1575 74.4847 -33.3272
v  15.4539 74.4847 -32.7309
v  -0.2581 74.4847 -32.7309
v  -15.9618 74.4847 -33.3272
v  -31.6401 74.4847 -34.5198
v  -47.2764 74.4847 -36.3087
v  -62.8537 74.4847 -38.6939
v  -67.4729 74.4960 32.2363
v  -64.7096 74.4960 12.2788
v  -32.4431 74.4960 16.2131
v  -34.0465 74.4960 36.3398
v  -21.1513 74.4960 37.2902
v  -8.1563 74.4960 37.8882
v  4.8420 74.4960 38.1369
v  17.8366 74.4960 38.0366
v  30.8206 74.4960 37.5878
v  43.7870 74.4960 36.7908
v  56.7289 74.4960 35.6462
v  69.6394 74.4960 34.1542
v  82.5115 74.4960 32.3154
v  95.3383 74.4960 30.1302
v  78.0548 74.4960 -38.6625
v  62.4764 74.4960 -36.2771
v  46.8389 74.4960 -34.4881
v  31.1593 74.4960 -33.2954
v  15.4545 74.4960 -32.6990
v  -0.2587 74.4960 -32.6990
v  -15.9636 74.4960 -33.2954
v  -31.6431 74.4960 -34.4881
v  -47.2806 74.4960 -36.2771
v  -62.8591 74.4960 -38.6625
# 448 vertices

vn 0.0000 1.0000 0.0000
vn 0.0000 -1.0000 -0.0000
vn -0.1121 -0.9934 -0.0237
vn -0.2768 -0.9591 -0.0584
vn -0.2753 -0.9596 -0.0581
vn 0.1122 -0.9934 -0.0237
vn 0.2753 -0.9596 -0.0582
vn 0.2764 -0.9593 -0.0584
vn -0.4766 -0.8734 -0.1006
vn -0.4752 -0.8742 -0.1003
vn 0.4752 -0.8741 -0.1004
vn 0.4762 -0.8735 -0.1006
vn -0.6482 -0.7490 -0.1368
vn -0.6471 -0.7501 -0.1366
vn 0.6471 -0.7501 -0.1367
vn 0.6479 -0.7493 -0.1369
vn -0.7879 -0.5930 -0.1663
vn -0.7870 -0.5942 -0.1661
vn 0.7869 -0.5943 -0.1662
vn 0.7875 -0.5934 -0.1664
vn -0.8920 -0.4110 -0.1882
vn -0.8915 -0.4121 -0.1881
vn 0.8914 -0.4122 -0.1883
vn 0.8918 -0.4113 -0.1884
vn -0.9566 -0.2100 -0.2019
vn -0.9565 -0.2107 -0.2018
vn 0.9564 -0.2108 -0.2020
vn 0.9565 -0.2102 -0.2021
vn -0.9720 -0.1147 -0.2051
vn 0.9720 -0.1147 -0.2053
vn -0.9785 0.0000 -0.2065
vn 0.9784 0.0000 -0.2067
vn -0.9720 0.1147 -0.2051
vn -0.9566 0.2100 -0.2019
vn -0.9565 0.2107 -0.2018
vn 0.9720 0.1147 -0.2053
vn 0.9564 0.2108 -0.2020
vn 0.9565 0.2102 -0.2021
vn -0.8920 0.4110 -0.1882
vn -0.8915 0.4121 -0.1881
vn 0.8914 0.4122 -0.1883
vn 0.8918 0.4113 -0.1884
vn -0.7879 0.5930 -0.1663
vn -0.7870 0.5942 -0.1661
vn 0.7869 0.5943 -0.1662
vn 0.7875 0.5934 -0.1664
vn -0.6482 0.7490 -0.1368
vn -0.6471 0.7501 -0.1366
vn 0.6471 0.7501 -0.1367
vn 0.6479 0.7493 -0.1369
vn -0.4766 0.8734 -0.1006
vn -0.4752 0.8742 -0.1003
vn 0.4752 0.8741 -0.1004
vn 0.4762 0.8736 -0.1006
vn -0.2768 0.9591 -0.0584
vn -0.2753 0.9596 -0.0581
vn 0.2753 0.9596 -0.0582
vn 0.2764 0.9593 -0.0584
vn -0.1121 0.9934 -0.0237
vn 0.1122 0.9934 -0.0237
vn -0.0205 -0.9934 0.1128
vn -0.0505 -0.9592 0.2782
vn -0.0505 -0.9591 0.2785
vn 0.1155 -0.9932 0.0161
vn 0.1739 -0.9845 0.0242
vn 0.2858 -0.9575 0.0398
vn -0.0138 -0.9934 0.1138
vn -0.0209 -0.9848 0.1727
vn -0.0209 -0.9848 0.1726
vn -0.1136 -0.9935 -0.0091
vn -0.2796 -0.9598 -0.0224
vn -0.1728 -0.9849 -0.0138
vn -0.0068 -0.9934 0.1144
vn -0.0136 -0.9736 0.2277
vn -0.0206 -0.9593 0.2816
vn -0.0084 -0.9934 0.1143
vn -0.0037 -0.9934 0.1145
vn -0.0074 -0.9736 0.2280
vn -0.0007 -0.9934 0.1146
vn -0.0013 -0.9736 0.2281
vn 0.0024 -0.9934 0.1146
vn 0.0048 -0.9736 0.2281
vn 0.0055 -0.9934 0.1145
vn 0.0109 -0.9736 0.2279
vn 0.0085 -0.9934 0.1143
vn 0.0170 -0.9736 0.2275
vn 0.0116 -0.9934 0.1140
vn 0.0230 -0.9736 0.2270
vn 0.0146 -0.9934 0.1137
vn 0.0291 -0.9736 0.2263
vn 0.0176 -0.9934 0.1132
vn 0.0351 -0.9736 0.2254
vn 0.0207 -0.9934 0.1127
vn 0.0411 -0.9736 0.2244
vn 0.0222 -0.9934 0.1125
vn 0.0546 -0.9593 0.2771
vn -0.0194 -0.9934 -0.1129
vn -0.0383 -0.9742 -0.2226
vn -0.0529 -0.9596 -0.2763
vn -0.0215 -0.9934 -0.1126
vn -0.0151 -0.9934 -0.1136
vn -0.0298 -0.9742 -0.2239
vn -0.0108 -0.9934 -0.1141
vn -0.0213 -0.9742 -0.2249
vn -0.0065 -0.9934 -0.1144
vn -0.0128 -0.9742 -0.2255
vn -0.0022 -0.9934 -0.1146
vn -0.0043 -0.9742 -0.2259
vn 0.0022 -0.9934 -0.1146
vn 0.0043 -0.9742 -0.2259
vn 0.0065 -0.9934 -0.1144
vn 0.0128 -0.9742 -0.2255
vn 0.0108 -0.9934 -0.1141
vn 0.0213 -0.9742 -0.2249
vn 0.0151 -0.9934 -0.1136
vn 0.0298 -0.9742 -0.2239
vn 0.0194 -0.9934 -0.1129
vn 0.0383 -0.9742 -0.2226
vn 0.0215 -0.9934 -0.1126
vn 0.0529 -0.9596 -0.2763
vn -0.0870 -0.8734 0.4792
vn -0.0870 -0.8733 0.4794
vn 0.3952 -0.9170 0.0550
vn 0.4897 -0.8692 0.0681
vn -0.0475 -0.9190 0.3914
vn -0.4826 -0.8750 -0.0386
vn -0.3914 -0.9197 -0.0313
vn -0.0262 -0.8979 0.4395
vn -0.0356 -0.8736 0.4853
vn -0.0143 -0.8979 0.4400
vn -0.0025 -0.8979 0.4403
vn 0.0093 -0.8979 0.4402
vn 0.0210 -0.8979 0.4398
vn 0.0327 -0.8979 0.4390
vn 0.0445 -0.8979 0.4380
vn 0.0561 -0.8979 0.4367
vn 0.0678 -0.8979 0.4350
vn 0.0794 -0.8979 0.4331
vn 0.0942 -0.8736 0.4775
vn -0.0742 -0.8988 -0.4321
vn -0.0913 -0.8741 -0.4770
vn -0.0578 -0.8988 -0.4346
vn -0.0413 -0.8988 -0.4364
vn -0.0248 -0.8988 -0.4377
vn -0.0083 -0.8988 -0.4383
vn 0.0083 -0.8988 -0.4383
vn 0.0248 -0.8988 -0.4377
vn 0.0413 -0.8988 -0.4365
vn 0.0578 -0.8988 -0.4346
vn 0.0742 -0.8988 -0.4321
vn 0.0913 -0.8741 -0.4770
vn -0.1183 -0.7491 0.6518
vn -0.1183 -0.7490 0.6520
vn 0.5911 -0.8024 0.0823
vn 0.6632 -0.7427 0.0923
vn -0.0712 -0.8067 0.5867
vn -0.6576 -0.7515 -0.0526
vn -0.5871 -0.8082 -0.0470
vn -0.0372 -0.7797 0.6250
vn -0.0484 -0.7495 0.6603
vn -0.0203 -0.7797 0.6259
vn -0.0036 -0.7797 0.6262
vn 0.0132 -0.7797 0.6261
vn 0.0299 -0.7797 0.6255
vn 0.0466 -0.7797 0.6245
vn 0.0632 -0.7797 0.6230
vn 0.0798 -0.7797 0.6211
vn 0.0964 -0.7797 0.6187
vn 0.1129 -0.7797 0.6159
vn 0.1281 -0.7493 0.6497
vn -0.1058 -0.7808 -0.6158
vn -0.1243 -0.7501 -0.6495
vn -0.0824 -0.7808 -0.6193
vn -0.0589 -0.7808 -0.6220
vn -0.0354 -0.7808 -0.6238
vn -0.0118 -0.7808 -0.6247
vn 0.0118 -0.7808 -0.6247
vn 0.0354 -0.7808 -0.6238
vn 0.0589 -0.7808 -0.6220
vn 0.0824 -0.7808 -0.6193
vn 0.1058 -0.7808 -0.6158
vn 0.1243 -0.7501 -0.6495
vn -0.1438 -0.5931 0.7922
vn -0.1438 -0.5929 0.7923
vn 0.7547 -0.6477 0.1050
vn 0.8027 -0.5858 0.1117
vn -0.0912 -0.6535 0.7514
vn -0.8005 -0.5959 -0.0641
vn -0.7527 -0.6556 -0.0603
vn -0.0464 -0.6253 0.7790
vn -0.0589 -0.5935 0.8027
vn -0.0253 -0.6253 0.7800
vn -0.0044 -0.6253 0.7804
vn 0.0164 -0.6253 0.7802
vn 0.0372 -0.6252 0.7795
vn 0.0580 -0.6252 0.7783
vn 0.0788 -0.6252 0.7765
vn 0.0995 -0.6252 0.7741
vn 0.1201 -0.6252 0.7711
vn 0.1407 -0.6252 0.7676
vn 0.1557 -0.5934 0.7897
vn -0.1320 -0.6264 -0.7683
vn -0.1512 -0.5942 -0.7900
vn -0.1028 -0.6264 -0.7727
vn -0.0735 -0.6264 -0.7761
vn -0.0441 -0.6264 -0.7783
vn -0.0147 -0.6264 -0.7794
vn 0.0147 -0.6264 -0.7794
vn 0.0441 -0.6264 -0.7783
vn 0.0735 -0.6264 -0.7761
vn 0.1028 -0.6264 -0.7727
vn 0.1320 -0.6264 -0.7683
vn 0.1512 -0.5942 -0.7900
vn -0.1628 -0.4111 0.8969
vn -0.1628 -0.4110 0.8970
vn 0.8806 -0.4578 0.1225
vn 0.9057 -0.4047 0.1260
vn -0.1067 -0.4635 0.8796
vn -0.9076 -0.4135 -0.0727
vn -0.8822 -0.4655 -0.0706
vn -0.0534 -0.4393 0.8968
vn -0.0667 -0.4115 0.9090
vn -0.0291 -0.4392 0.8979
vn -0.0051 -0.4392 0.8984
vn 0.0189 -0.4392 0.8982
vn 0.0429 -0.4392 0.8974
vn 0.0668 -0.4392 0.8959
vn 0.0907 -0.4392 0.8938
vn 0.1145 -0.4392 0.8911
vn 0.1383 -0.4392 0.8877
vn 0.1620 -0.4392 0.8837
vn 0.1763 -0.4113 0.8943
vn -0.1520 -0.4401 -0.8850
vn -0.1713 -0.4122 -0.8949
vn -0.1184 -0.4401 -0.8901
vn -0.0847 -0.4401 -0.8939
vn -0.0508 -0.4401 -0.8965
vn -0.0170 -0.4401 -0.8978
vn 0.0170 -0.4401 -0.8978
vn 0.0508 -0.4401 -0.8965
vn 0.0847 -0.4401 -0.8939
vn 0.1184 -0.4401 -0.8901
vn 0.1520 -0.4401 -0.8850
vn 0.1713 -0.4122 -0.8949
vn -0.1746 -0.2101 0.9620
vn -0.1746 -0.2100 0.9620
vn 0.9620 -0.2378 0.1339
vn 0.9691 -0.2063 0.1349
vn -0.1169 -0.2414 0.9634
vn -0.9743 -0.2115 -0.0780
vn -0.9670 -0.2427 -0.0774
vn -0.0579 -0.2271 0.9722
vn -0.0715 -0.2103 0.9750
vn -0.0315 -0.2270 0.9734
vn -0.0055 -0.2270 0.9739
vn 0.0205 -0.2270 0.9737
vn 0.0465 -0.2270 0.9728
vn 0.0724 -0.2271 0.9712
vn 0.0983 -0.2271 0.9689
vn 0.1242 -0.2270 0.9659
vn 0.1499 -0.2270 0.9623
vn 0.1756 -0.2270 0.9579
vn 0.1891 -0.2102 0.9592
vn -0.1649 -0.2276 -0.9597
vn -0.1837 -0.2108 -0.9601
vn -0.1284 -0.2276 -0.9653
vn -0.0918 -0.2276 -0.9694
vn -0.0551 -0.2276 -0.9722
vn -0.0184 -0.2276 -0.9736
vn 0.0184 -0.2276 -0.9736
vn 0.0551 -0.2276 -0.9722
vn 0.0918 -0.2276 -0.9694
vn 0.1284 -0.2276 -0.9653
vn 0.1649 -0.2276 -0.9597
vn 0.1837 -0.2108 -0.9601
vn -0.1774 -0.1147 0.9774
vn 0.9841 -0.1128 0.1369
vn -0.1197 -0.1146 0.9862
vn -0.9902 -0.1153 -0.0793
vn -0.0591 -0.1147 0.9916
vn -0.0726 -0.1147 0.9907
vn -0.0322 -0.1146 0.9929
vn -0.0056 -0.1146 0.9934
vn 0.0209 -0.1146 0.9932
vn 0.0474 -0.1146 0.9923
vn 0.0739 -0.1146 0.9907
vn 0.1003 -0.1146 0.9883
vn 0.1267 -0.1146 0.9853
vn 0.1529 -0.1147 0.9816
vn 0.1791 -0.1147 0.9771
vn 0.1922 -0.1146 0.9746
vn -0.1682 -0.1146 -0.9791
vn -0.1867 -0.1146 -0.9757
vn -0.1310 -0.1146 -0.9847
vn -0.0937 -0.1146 -0.9890
vn -0.0563 -0.1146 -0.9918
vn -0.0188 -0.1146 -0.9932
vn 0.0188 -0.1146 -0.9932
vn 0.0563 -0.1146 -0.9918
vn 0.0937 -0.1146 -0.9890
vn 0.1310 -0.1147 -0.9847
vn 0.1682 -0.1147 -0.9791
vn 0.1867 -0.1146 -0.9757
vn -0.1786 0.0000 0.9839
vn 0.9905 0.0000 0.1378
vn -0.1204 0.0000 0.9927
vn -0.9968 0.0000 -0.0798
vn -0.0594 0.0000 0.9982
vn -0.0731 0.0000 0.9973
vn -0.0324 0.0000 0.9995
vn -0.0057 0.0000 1.0000
vn 0.0210 0.0000 0.9998
vn 0.0477 0.0000 0.9989
vn 0.0744 0.0000 0.9972
vn 0.1010 0.0000 0.9949
vn 0.1275 0.0000 0.9918
vn 0.1539 0.0000 0.9881
vn 0.1803 0.0000 0.9836
vn 0.1934 0.0000 0.9811
vn -0.1693 0.0000 -0.9856
vn -0.1880 0.0000 -0.9822
vn -0.1319 0.0000 -0.9913
vn -0.0943 0.0000 -0.9955
vn -0.0566 0.0000 -0.9984
vn -0.0189 0.0000 -0.9998
vn 0.0189 0.0000 -0.9998
vn 0.0566 0.0000 -0.9984
vn 0.0943 0.0000 -0.9955
vn 0.1319 0.0000 -0.9913
vn 0.1693 0.0000 -0.9856
vn 0.1880 0.0000 -0.9822
vn -0.1774 0.1147 0.9774
vn -0.1746 0.2101 0.9620
vn -0.1746 0.2100 0.9620
vn 0.9841 0.1128 0.1369
vn 0.9620 0.2378 0.1339
vn 0.9691 0.2063 0.1349
vn -0.1197 0.1146 0.9862
vn -0.1169 0.2414 0.9634
vn -0.9902 0.1153 -0.0793
vn -0.9743 0.2115 -0.0780
vn -0.9670 0.2427 -0.0774
vn -0.0591 0.1147 0.9916
vn -0.0579 0.2271 0.9722
vn -0.0715 0.2103 0.9750
vn -0.0726 0.1147 0.9907
vn -0.0322 0.1146 0.9929
vn -0.0315 0.2270 0.9734
vn -0.0056 0.1146 0.9934
vn -0.0055 0.2270 0.9739
vn 0.0209 0.1146 0.9932
vn 0.0205 0.2270 0.9737
vn 0.0474 0.1146 0.9923
vn 0.0465 0.2270 0.9728
vn 0.0739 0.1146 0.9907
vn 0.0724 0.2271 0.9712
vn 0.1003 0.1146 0.9883
vn 0.0983 0.2271 0.9689
vn 0.1267 0.1146 0.9853
vn 0.1242 0.2270 0.9659
vn 0.1529 0.1146 0.9816
vn 0.1499 0.2270 0.9623
vn 0.1791 0.1147 0.9771
vn 0.1756 0.2270 0.9579
vn 0.1922 0.1146 0.9746
vn 0.1891 0.2102 0.9592
vn -0.1682 0.1146 -0.9791
vn -0.1649 0.2276 -0.9597
vn -0.1837 0.2108 -0.9601
vn -0.1867 0.1146 -0.9757
vn -0.1310 0.1146 -0.9847
vn -0.1284 0.2276 -0.9653
vn -0.0937 0.1146 -0.9890
vn -0.0918 0.2276 -0.9694
vn -0.0563 0.1146 -0.9918
vn -0.0551 0.2276 -0.9722
vn -0.0188 0.1146 -0.9932
vn -0.0184 0.2276 -0.9736
vn 0.0188 0.1146 -0.9932
vn 0.0184 0.2276 -0.9736
vn 0.0563 0.1146 -0.9918
vn 0.0551 0.2276 -0.9722
vn 0.0937 0.1146 -0.9890
vn 0.0918 0.2276 -0.9694
vn 0.1310 0.1147 -0.9847
vn 0.1284 0.2276 -0.9653
vn 0.1682 0.1147 -0.9791
vn 0.1649 0.2276 -0.9597
vn 0.1867 0.1146 -0.9757
vn 0.1837 0.2108 -0.9601
vn -0.1628 0.4111 0.8969
vn -0.1628 0.4110 0.8970
vn 0.8806 0.4578 0.1225
vn 0.9057 0.4047 0.1260
vn -0.1067 0.4635 0.8796
vn -0.9076 0.4135 -0.0727
vn -0.8822 0.4655 -0.0706
vn -0.0534 0.4393 0.8968
vn -0.0667 0.4115 0.9090
vn -0.0291 0.4392 0.8979
vn -0.0051 0.4392 0.8984
vn 0.0189 0.4392 0.8982
vn 0.0429 0.4392 0.8974
vn 0.0668 0.4392 0.8959
vn 0.0907 0.4392 0.8938
vn 0.1145 0.4392 0.8911
vn 0.1383 0.4392 0.8877
vn 0.1620 0.4392 0.8837
vn 0.1763 0.4113 0.8943
vn -0.1520 0.4401 -0.8850
vn -0.1713 0.4122 -0.8949
vn -0.1184 0.4401 -0.8901
vn -0.0847 0.4401 -0.8939
vn -0.0508 0.4401 -0.8965
vn -0.0170 0.4401 -0.8978
vn 0.0170 0.4401 -0.8978
vn 0.0508 0.4401 -0.8965
vn 0.0847 0.4401 -0.8939
vn 0.1184 0.4401 -0.8901
vn 0.1520 0.4401 -0.8850
vn 0.1713 0.4122 -0.8949
vn -0.1438 0.5931 0.7922
vn -0.1438 0.5929 0.7923
vn 0.7547 0.6477 0.1050
vn 0.8027 0.5858 0.1117
vn -0.0912 0.6535 0.7514
vn -0.8005 0.5959 -0.0641
vn -0.7527 0.6556 -0.0603
vn -0.0464 0.6253 0.7790
vn -0.0589 0.5935 0.8027
vn -0.0253 0.6253 0.7800
vn -0.0044 0.6253 0.7804
vn 0.0164 0.6253 0.7802
vn 0.0372 0.6252 0.7795
vn 0.0580 0.6252 0.7783
vn 0.0788 0.6252 0.7765
vn 0.0995 0.6252 0.7741
vn 0.1201 0.6252 0.7711
vn 0.1407 0.6252 0.7676
vn 0.1557 0.5934 0.7897
vn -0.1320 0.6264 -0.7683
vn -0.1512 0.5942 -0.7900
vn -0.1028 0.6264 -0.7727
vn -0.0735 0.6264 -0.7761
vn -0.0441 0.6264 -0.7783
vn -0.0147 0.6264 -0.7794
vn 0.0147 0.6264 -0.7794
vn 0.0441 0.6264 -0.7783
vn 0.0735 0.6264 -0.7761
vn 0.1028 0.6264 -0.7727
vn 0.1320 0.6264 -0.7683
vn 0.1512 0.5942 -0.7900
vn -0.1183 0.7491 0.6518
vn -0.1183 0.7490 0.6520
vn 0.5911 0.8024 0.0823
vn 0.6632 0.7427 0.0923
vn -0.0712 0.8067 0.5867
vn -0.6576 0.7515 -0.0526
vn -0.5871 0.8082 -0.0470
vn -0.0372 0.7797 0.6250
vn -0.0484 0.7495 0.6603
vn -0.0203 0.7797 0.6259
vn -0.0036 0.7797 0.6262
vn 0.0132 0.7797 0.6261
vn 0.0299 0.7797 0.6255
vn 0.0466 0.7797 0.6245
vn 0.0632 0.7797 0.6230
vn 0.0798 0.7797 0.6211
vn 0.0964 0.7797 0.6187
vn 0.1129 0.7797 0.6159
vn 0.1281 0.7493 0.6497
vn -0.1058 0.7808 -0.6158
vn -0.1243 0.7501 -0.6495
vn -0.0824 0.7808 -0.6193
vn -0.0589 0.7808 -0.6220
vn -0.0354 0.7808 -0.6238
vn -0.0118 0.7808 -0.6247
vn 0.0118 0.7808 -0.6247
vn 0.0354 0.7808 -0.6238
vn 0.0589 0.7808 -0.6220
vn 0.0824 0.7808 -0.6193
vn 0.1058 0.7808 -0.6158
vn 0.1243 0.7501 -0.6495
vn -0.0870 0.8734 0.4792
vn -0.0870 0.8733 0.4794
vn 0.3952 0.9169 0.0550
vn 0.4897 0.8692 0.0681
vn -0.0475 0.9190 0.3914
vn -0.4826 0.8750 -0.0386
vn -0.3915 0.9197 -0.0313
vn -0.0262 0.8979 0.4395
vn -0.0356 0.8736 0.4853
vn -0.0143 0.8979 0.4400
vn -0.0025 0.8979 0.4403
vn 0.0093 0.8979 0.4402
vn 0.0210 0.8979 0.4398
vn 0.0327 0.8979 0.4390
vn 0.0445 0.8979 0.4380
vn 0.0561 0.8979 0.4367
vn 0.0678 0.8979 0.4350
vn 0.0794 0.8979 0.4331
vn 0.0942 0.8736 0.4775
vn -0.0742 0.8988 -0.4321
vn -0.0913 0.8741 -0.4770
vn -0.0578 0.8988 -0.4346
vn -0.0413 0.8988 -0.4364
vn -0.0248 0.8988 -0.4377
vn -0.0083 0.8988 -0.4383
vn 0.0083 0.8988 -0.4383
vn 0.0248 0.8988 -0.4377
vn 0.0413 0.8988 -0.4365
vn 0.0578 0.8988 -0.4346
vn 0.0742 0.8988 -0.4321
vn 0.0913 0.8741 -0.4770
vn -0.0505 0.9592 0.2782
vn -0.0505 0.9591 0.2785
vn 0.1739 0.9845 0.0242
vn 0.2858 0.9575 0.0398
vn -0.0209 0.9848 0.1727
vn -0.2796 0.9598 -0.0224
vn -0.1728 0.9849 -0.0138
vn -0.0136 0.9736 0.2277
vn -0.0206 0.9593 0.2816
vn -0.0074 0.9736 0.2280
vn -0.0013 0.9736 0.2281
vn 0.0048 0.9736 0.2281
vn 0.0109 0.9736 0.2279
vn 0.0170 0.9736 0.2275
vn 0.0230 0.9736 0.2270
vn 0.0291 0.9736 0.2263
vn 0.0351 0.9736 0.2254
vn 0.0411 0.9736 0.2244
vn 0.0546 0.9593 0.2771
vn -0.0383 0.9742 -0.2226
vn -0.0529 0.9596 -0.2763
vn -0.0298 0.9742 -0.2239
vn -0.0213 0.9741 -0.2249
vn -0.0128 0.9741 -0.2255
vn -0.0043 0.9741 -0.2259
vn 0.0043 0.9741 -0.2259
vn 0.0128 0.9742 -0.2255
vn 0.0213 0.9741 -0.2249
vn 0.0298 0.9741 -0.2239
vn 0.0383 0.9741 -0.2226
vn 0.0529 0.9596 -0.2763
vn -0.0205 0.9934 0.1128
vn 0.1155 0.9932 0.0161
vn -0.0138 0.9934 0.1138
vn -0.1136 0.9935 -0.0091
vn -0.0068 0.9934 0.1144
vn -0.0084 0.9934 0.1143
vn -0.0037 0.9934 0.1145
vn -0.0007 0.9934 0.1146
vn 0.0024 0.9934 0.1146
vn 0.0055 0.9934 0.1145
vn 0.0085 0.9934 0.1143
vn 0.0116 0.9934 0.1140
vn 0.0146 0.9934 0.1137
vn 0.0176 0.9934 0.1132
vn 0.0207 0.9934 0.1127
vn 0.0222 0.9934 0.1125
vn -0.0194 0.9934 -0.1129
vn -0.0215 0.9934 -0.1126
vn -0.0151 0.9934 -0.1136
vn -0.0108 0.9934 -0.1141
vn -0.0065 0.9934 -0.1144
vn -0.0022 0.9934 -0.1146
vn 0.0022 0.9934 -0.1146
vn 0.0065 0.9934 -0.1144
vn 0.0108 0.9934 -0.1141
vn 0.0151 0.9934 -0.1136
vn 0.0194 0.9934 -0.1129
vn 0.0215 0.9934 -0.1126
# 573 vertex normals

vt 2.1642 0.3591 0.0000
vt 2.6716 0.3530 0.0000
vt 2.6955 0.3987 0.0000
vt 2.7168 0.4903 0.0000
vt 2.7105 0.4445 0.0000
vt 2.6540 0.6730 0.0000
vt 2.7030 0.5818 0.0000
vt 2.7143 0.5360 0.0000
vt 2.6829 0.6274 0.0000
vt 0.8424 0.6933 0.0000
vt 2.4512 0.8540 0.0000
vt 2.5701 0.7638 0.0000
vt 2.6164 0.7185 0.0000
vt 2.5150 0.8090 0.0000
vt 0.7823 0.7481 0.0000
vt 0.7071 0.8027 0.0000
vt 2.0648 0.2452 0.0000
vt 0.8876 0.6382 0.0000
vt 0.9176 0.5830 0.0000
vt 0.9327 0.5276 0.0000
vt 2.4512 0.1460 0.0000
vt 0.9327 0.4723 0.0000
vt 0.9176 0.4170 0.0000
vt 0.8876 0.3618 0.0000
vt 0.8424 0.3067 0.0000
vt 0.7823 0.2518 0.0000
vt 0.7071 0.1972 0.0000
vt 2.5679 0.2343 0.0000
vt 3.2126 0.4434 0.0000
vt 3.2125 0.4438 0.0000
vt 3.2125 -0.5074 0.0000
vt 3.2126 -0.5069 0.0000
vt 3.2122 0.4441 0.0000
vt 3.2122 -0.5080 0.0000
vt 3.2117 0.4445 0.0000
vt 3.2117 -0.5084 0.0000
vt 3.2117 0.4444 0.0000
vt 3.2111 0.4447 0.0000
vt 3.2111 -0.5088 0.0000
vt 3.2104 0.4449 0.0000
vt 3.2104 -0.5091 0.0000
vt 3.2096 0.4450 0.0000
vt 3.2096 -0.5093 0.0000
vt 3.2087 0.4451 0.0000
vt 3.2087 -0.5093 0.0000
vt 3.2087 0.4450 0.0000
vt 3.1527 0.4451 0.0000
vt 3.1527 -0.5093 0.0000
vt 3.1527 0.4450 0.0000
vt 3.1518 0.4450 0.0000
vt 3.1518 -0.5093 0.0000
vt 3.1510 0.4449 0.0000
vt 3.1510 -0.5091 0.0000
vt 3.1503 0.4447 0.0000
vt 3.1503 -0.5088 0.0000
vt 3.1497 0.4445 0.0000
vt 3.1497 -0.5084 0.0000
vt 3.1497 0.4444 0.0000
vt 3.1493 0.4441 0.0000
vt 3.1493 -0.5080 0.0000
vt 3.1490 0.4438 0.0000
vt 3.1490 -0.5074 0.0000
vt 3.1489 0.4434 0.0000
vt 3.1489 -0.5069 0.0000
vt 3.1097 0.1345 0.0000
vt 3.1096 0.1346 0.0000
vt 3.1096 0.0130 0.0000
vt 3.1097 0.0132 0.0000
vt 3.1097 0.1496 0.0000
vt 3.1096 0.1497 0.0000
vt 3.1097 0.3062 0.0000
vt 3.1096 0.3060 0.0000
vt 3.1097 0.2978 0.0000
vt 3.1096 0.2976 0.0000
vt 3.1097 0.3607 0.0000
vt 3.1096 0.3607 0.0000
vt 3.1097 0.4237 0.0000
vt 3.1096 0.4236 0.0000
vt 3.1097 0.4866 0.0000
vt 3.1096 0.4866 0.0000
vt 3.1097 0.5496 0.0000
vt 3.1096 0.5496 0.0000
vt 3.1097 0.6125 0.0000
vt 3.1096 0.6125 0.0000
vt 3.1097 0.6753 0.0000
vt 3.1096 0.6753 0.0000
vt 3.1097 0.7379 0.0000
vt 3.1096 0.7380 0.0000
vt 3.1097 0.8005 0.0000
vt 3.1096 0.8005 0.0000
vt 3.1097 0.8628 0.0000
vt 3.1096 0.8629 0.0000
vt 3.1097 0.9250 0.0000
vt 3.1096 0.9250 0.0000
vt 3.1097 0.9868 0.0000
vt 3.1096 0.9870 0.0000
vt 3.1097 0.8413 0.0000
vt 3.1096 0.8413 0.0000
vt 3.1096 0.9165 0.0000
vt 3.1097 0.9164 0.0000
vt 3.1097 0.7658 0.0000
vt 3.1096 0.7658 0.0000
vt 3.1097 0.6901 0.0000
vt 3.1096 0.6901 0.0000
vt 3.1097 0.6141 0.0000
vt 3.1096 0.6141 0.0000
vt 3.1097 0.5380 0.0000
vt 3.1096 0.5380 0.0000
vt 3.1097 0.4619 0.0000
vt 3.1096 0.4619 0.0000
vt 3.1097 0.3858 0.0000
vt 3.1096 0.3858 0.0000
vt 3.1097 0.3099 0.0000
vt 3.1096 0.3099 0.0000
vt 3.1097 0.2341 0.0000
vt 3.1096 0.2341 0.0000
vt 3.1097 0.1586 0.0000
vt 3.1096 0.1587 0.0000
vt 3.1097 0.0835 0.0000
vt 3.1096 0.0834 0.0000
vt 3.1093 0.1348 0.0000
vt 3.1093 0.0128 0.0000
vt 3.1093 0.1498 0.0000
vt 3.1093 0.3058 0.0000
vt 3.1093 0.2975 0.0000
vt 3.1093 0.3607 0.0000
vt 3.1093 0.4236 0.0000
vt 3.1093 0.4866 0.0000
vt 3.1093 0.5496 0.0000
vt 3.1093 0.6125 0.0000
vt 3.1093 0.6753 0.0000
vt 3.1093 0.7380 0.0000
vt 3.1093 0.8005 0.0000
vt 3.1093 0.8629 0.0000
vt 3.1093 0.9250 0.0000
vt 3.1093 0.9872 0.0000
vt 3.1093 0.8412 0.0000
vt 3.1093 0.9167 0.0000
vt 3.1093 0.7658 0.0000
vt 3.1093 0.6900 0.0000
vt 3.1093 0.6141 0.0000
vt 3.1093 0.5380 0.0000
vt 3.1093 0.4619 0.0000
vt 3.1093 0.3858 0.0000
vt 3.1093 0.3099 0.0000
vt 3.1093 0.2341 0.0000
vt 3.1093 0.1587 0.0000
vt 3.1093 0.0833 0.0000
vt 3.1089 0.1349 0.0000
vt 3.1089 0.0126 0.0000
vt 3.1089 0.1499 0.0000
vt 3.1089 0.3057 0.0000
vt 3.1089 0.2973 0.0000
vt 3.1089 0.3607 0.0000
vt 3.1089 0.4236 0.0000
vt 3.1089 0.4866 0.0000
vt 3.1089 0.5496 0.0000
vt 3.1089 0.6125 0.0000
vt 3.1089 0.6753 0.0000
vt 3.1089 0.7380 0.0000
vt 3.1089 0.8005 0.0000
vt 3.1089 0.8629 0.0000
vt 3.1089 0.9250 0.0000
vt 3.1089 0.9874 0.0000
vt 3.1089 0.8412 0.0000
vt 3.1089 0.9168 0.0000
vt 3.1089 0.7658 0.0000
vt 3.1089 0.6900 0.0000
vt 3.1089 0.6141 0.0000
vt 3.1089 0.5380 0.0000
vt 3.1089 0.4619 0.0000
vt 3.1089 0.3858 0.0000
vt 3.1089 0.3099 0.0000
vt 3.1089 0.2342 0.0000
vt 3.1089 0.1587 0.0000
vt 3.1089 0.0832 0.0000
vt 3.1083 0.1350 0.0000
vt 3.1083 0.0125 0.0000
vt 3.1083 0.1500 0.0000
vt 3.1083 0.3056 0.0000
vt 3.1083 0.2972 0.0000
vt 3.1083 0.3607 0.0000
vt 3.1083 0.4236 0.0000
vt 3.1083 0.4866 0.0000
vt 3.1083 0.5496 0.0000
vt 3.1083 0.6125 0.0000
vt 3.1083 0.6753 0.0000
vt 3.1083 0.7380 0.0000
vt 3.1083 0.8006 0.0000
vt 3.1083 0.8629 0.0000
vt 3.1083 0.9251 0.0000
vt 3.1083 0.9875 0.0000
vt 3.1083 0.8412 0.0000
vt 3.1083 0.9168 0.0000
vt 3.1083 0.7658 0.0000
vt 3.1083 0.6900 0.0000
vt 3.1083 0.6141 0.0000
vt 3.1083 0.5380 0.0000
vt 3.1083 0.4619 0.0000
vt 3.1083 0.3858 0.0000
vt 3.1083 0.3099 0.0000
vt 3.1083 0.2342 0.0000
vt 3.1083 0.1587 0.0000
vt 3.1083 0.0831 0.0000
vt 3.1076 0.1350 0.0000
vt 3.1076 0.0124 0.0000
vt 3.1076 0.1501 0.0000
vt 3.1076 0.3055 0.0000
vt 3.1076 0.2971 0.0000
vt 3.1076 0.3607 0.0000
vt 3.1076 0.4236 0.0000
vt 3.1076 0.4866 0.0000
vt 3.1076 0.5496 0.0000
vt 3.1076 0.6125 0.0000
vt 3.1076 0.6753 0.0000
vt 3.1076 0.7380 0.0000
vt 3.1076 0.8006 0.0000
vt 3.1076 0.8629 0.0000
vt 3.1076 0.9251 0.0000
vt 3.1076 0.9876 0.0000
vt 3.1076 0.8412 0.0000
vt 3.1076 0.9169 0.0000
vt 3.1076 0.7657 0.0000
vt 3.1076 0.6900 0.0000
vt 3.1076 0.6141 0.0000
vt 3.1076 0.5380 0.0000
vt 3.1076 0.4619 0.0000
vt 3.1076 0.3859 0.0000
vt 3.1076 0.3099 0.0000
vt 3.1076 0.2342 0.0000
vt 3.1076 0.1587 0.0000
vt 3.1076 0.0830 0.0000
vt 3.1067 0.1351 0.0000
vt 3.1067 0.0123 0.0000
vt 3.1067 0.1501 0.0000
vt 3.1067 0.3054 0.0000
vt 3.1067 0.2970 0.0000
vt 3.1067 0.3607 0.0000
vt 3.1067 0.4236 0.0000
vt 3.1067 0.4866 0.0000
vt 3.1067 0.5496 0.0000
vt 3.1067 0.6125 0.0000
vt 3.1067 0.6753 0.0000
vt 3.1067 0.7380 0.0000
vt 3.1067 0.8006 0.0000
vt 3.1067 0.8629 0.0000
vt 3.1067 0.9251 0.0000
vt 3.1067 0.9877 0.0000
vt 3.1067 0.8412 0.0000
vt 3.1067 0.9170 0.0000
vt 3.1067 0.7657 0.0000
vt 3.1067 0.6900 0.0000
vt 3.1067 0.6141 0.0000
vt 3.1067 0.5380 0.0000
vt 3.1067 0.4619 0.0000
vt 3.1067 0.3859 0.0000
vt 3.1067 0.3099 0.0000
vt 3.1067 0.2342 0.0000
vt 3.1067 0.1587 0.0000
vt 3.1067 0.0830 0.0000
vt 3.1059 0.1351 0.0000
vt 3.1059 0.0123 0.0000
vt 3.1059 0.1502 0.0000
vt 3.1059 0.3054 0.0000
vt 3.1059 0.2970 0.0000
vt 3.1059 0.3607 0.0000
vt 3.1059 0.4236 0.0000
vt 3.1059 0.4866 0.0000
vt 3.1059 0.5496 0.0000
vt 3.1059 0.6125 0.0000
vt 3.1059 0.6753 0.0000
vt 3.1059 0.7380 0.0000
vt 3.1059 0.8006 0.0000
vt 3.1059 0.8629 0.0000
vt 3.1059 0.9251 0.0000
vt 3.1059 0.9877 0.0000
vt 3.1059 0.8412 0.0000
vt 3.1059 0.9170 0.0000
vt 3.1059 0.7657 0.0000
vt 3.1059 0.6900 0.0000
vt 3.1059 0.6141 0.0000
vt 3.1059 0.5380 0.0000
vt 3.1059 0.4619 0.0000
vt 3.1059 0.3859 0.0000
vt 3.1059 0.3099 0.0000
vt 3.1059 0.2342 0.0000
vt 3.1059 0.1588 0.0000
vt 3.1059 0.0830 0.0000
vt 3.0499 0.1351 0.0000
vt 3.0499 0.0123 0.0000
vt 3.0499 0.1502 0.0000
vt 3.0499 0.3054 0.0000
vt 3.0499 0.2970 0.0000
vt 3.0499 0.3607 0.0000
vt 3.0499 0.4236 0.0000
vt 3.0499 0.4866 0.0000
vt 3.0499 0.5496 0.0000
vt 3.0499 0.6125 0.0000
vt 3.0499 0.6753 0.0000
vt 3.0499 0.7380 0.0000
vt 3.0499 0.8006 0.0000
vt 3.0499 0.8629 0.0000
vt 3.0499 0.9251 0.0000
vt 3.0499 0.9877 0.0000
vt 3.0499 0.8412 0.0000
vt 3.0499 0.9170 0.0000
vt 3.0499 0.7657 0.0000
vt 3.0499 0.6900 0.0000
vt 3.0499 0.6141 0.0000
vt 3.0499 0.5380 0.0000
vt 3.0499 0.4619 0.0000
vt 3.0499 0.3859 0.0000
vt 3.0499 0.3099 0.0000
vt 3.0499 0.2342 0.0000
vt 3.0499 0.1588 0.0000
vt 3.0499 0.0830 0.0000
vt 3.0490 0.1351 0.0000
vt 3.0490 0.0123 0.0000
vt 3.0490 0.1501 0.0000
vt 3.0490 0.3054 0.0000
vt 3.0490 0.2970 0.0000
vt 3.0490 0.3607 0.0000
vt 3.0490 0.4236 0.0000
vt 3.0490 0.4866 0.0000
vt 3.0490 0.5496 0.0000
vt 3.0490 0.6125 0.0000
vt 3.0490 0.6753 0.0000
vt 3.0490 0.7380 0.0000
vt 3.0490 0.8006 0.0000
vt 3.0490 0.8629 0.0000
vt 3.0490 0.9251 0.0000
vt 3.0490 0.9877 0.0000
vt 3.0490 0.8412 0.0000
vt 3.0490 0.9170 0.0000
vt 3.0490 0.7657 0.0000
vt 3.0490 0.6900 0.0000
vt 3.0490 0.6141 0.0000
vt 3.0490 0.5380 0.0000
vt 3.0490 0.4619 0.0000
vt 3.0490 0.3859 0.0000
vt 3.0490 0.3099 0.0000
vt 3.0490 0.2342 0.0000
vt 3.0490 0.1587 0.0000
vt 3.0490 0.0830 0.0000
vt 3.0482 0.1350 0.0000
vt 3.0482 0.0124 0.0000
vt 3.0482 0.1501 0.0000
vt 3.0482 0.3055 0.0000
vt 3.0482 0.2971 0.0000
vt 3.0482 0.3607 0.0000
vt 3.0482 0.4236 0.0000
vt 3.0482 0.4866 0.0000
vt 3.0482 0.5496 0.0000
vt 3.0482 0.6125 0.0000
vt 3.0482 0.6753 0.0000
vt 3.0482 0.7380 0.0000
vt 3.0482 0.8006 0.0000
vt 3.0482 0.8629 0.0000
vt 3.0482 0.9251 0.0000
vt 3.0482 0.9876 0.0000
vt 3.0482 0.8412 0.0000
vt 3.0482 0.9169 0.0000
vt 3.0482 0.7657 0.0000
vt 3.0482 0.6900 0.0000
vt 3.0482 0.6141 0.0000
vt 3.0482 0.5380 0.0000
vt 3.0482 0.4619 0.0000
vt 3.0482 0.3859 0.0000
vt 3.0482 0.3099 0.0000
vt 3.0482 0.2342 0.0000
vt 3.0482 0.1587 0.0000
vt 3.0482 0.0830 0.0000
vt 3.0475 0.1350 0.0000
vt 3.0475 0.0125 0.0000
vt 3.0475 0.1500 0.0000
vt 3.0475 0.3056 0.0000
vt 3.0475 0.2972 0.0000
vt 3.0475 0.3607 0.0000
vt 3.0475 0.4236 0.0000
vt 3.0475 0.4866 0.0000
vt 3.0475 0.5496 0.0000
vt 3.0475 0.6125 0.0000
vt 3.0475 0.6753 0.0000
vt 3.0475 0.7380 0.0000
vt 3.0475 0.8006 0.0000
vt 3.0475 0.8629 0.0000
vt 3.0475 0.9251 0.0000
vt 3.0475 0.9875 0.0000
vt 3.0475 0.8412 0.0000
vt 3.0475 0.9168 0.0000
vt 3.0475 0.7658 0.0000
vt 3.0475 0.6900 0.0000
vt 3.0475 0.6141 0.0000
vt 3.0475 0.5380 0.0000
vt 3.0475 0.4619 0.0000
vt 3.0475 0.3858 0.0000
vt 3.0475 0.3099 0.0000
vt 3.0475 0.2342 0.0000
vt 3.0475 0.1587 0.0000
vt 3.0475 0.0831 0.0000
vt 3.0469 0.1349 0.0000
vt 3.0469 0.0126 0.0000
vt 3.0469 0.1499 0.0000
vt 3.0469 0.3057 0.0000
vt 3.0469 0.2973 0.0000
vt 3.0469 0.3607 0.0000
vt 3.0469 0.4236 0.0000
vt 3.0469 0.4866 0.0000
vt 3.0469 0.5496 0.0000
vt 3.0469 0.6125 0.0000
vt 3.0469 0.6753 0.0000
vt 3.0469 0.7380 0.0000
vt 3.0469 0.8005 0.0000
vt 3.0469 0.8629 0.0000
vt 3.0469 0.9250 0.0000
vt 3.0469 0.9874 0.0000
vt 3.0469 0.8412 0.0000
vt 3.0469 0.9168 0.0000
vt 3.0469 0.7658 0.0000
vt 3.0469 0.6900 0.0000
vt 3.0469 0.6141 0.0000
vt 3.0469 0.5380 0.0000
vt 3.0469 0.4619 0.0000
vt 3.0469 0.3858 0.0000
vt 3.0469 0.3099 0.0000
vt 3.0469 0.2342 0.0000
vt 3.0469 0.1587 0.0000
vt 3.0469 0.0832 0.0000
vt 3.0464 0.1348 0.0000
vt 3.0464 0.0128 0.0000
vt 3.0464 0.1498 0.0000
vt 3.0464 0.3058 0.0000
vt 3.0464 0.2975 0.0000
vt 3.0464 0.3607 0.0000
vt 3.0464 0.4236 0.0000
vt 3.0464 0.4866 0.0000
vt 3.0464 0.5496 0.0000
vt 3.0464 0.6125 0.0000
vt 3.0464 0.6753 0.0000
vt 3.0464 0.7380 0.0000
vt 3.0464 0.8005 0.0000
vt 3.0464 0.8629 0.0000
vt 3.0464 0.9250 0.0000
vt 3.0464 0.9872 0.0000
vt 3.0464 0.8412 0.0000
vt 3.0464 0.9167 0.0000
vt 3.0464 0.7658 0.0000
vt 3.0464 0.6900 0.0000
vt 3.0464 0.6141 0.0000
vt 3.0464 0.5380 0.0000
vt 3.0464 0.4619 0.0000
vt 3.0464 0.3858 0.0000
vt 3.0464 0.3099 0.0000
vt 3.0464 0.2341 0.0000
vt 3.0464 0.1587 0.0000
vt 3.0464 0.0833 0.0000
vt 3.0461 0.1346 0.0000
vt 3.0461 0.0130 0.0000
vt 3.0461 0.1497 0.0000
vt 3.0461 0.3060 0.0000
vt 3.0461 0.2976 0.0000
vt 3.0461 0.3607 0.0000
vt 3.0461 0.4236 0.0000
vt 3.0461 0.4866 0.0000
vt 3.0461 0.5496 0.0000
vt 3.0461 0.6125 0.0000
vt 3.0461 0.6753 0.0000
vt 3.0461 0.7380 0.0000
vt 3.0461 0.8005 0.0000
vt 3.0461 0.8629 0.0000
vt 3.0461 0.9250 0.0000
vt 3.0461 0.9870 0.0000
vt 3.0461 0.8413 0.0000
vt 3.0461 0.9165 0.0000
vt 3.0461 0.7658 0.0000
vt 3.0461 0.6901 0.0000
vt 3.0461 0.6141 0.0000
vt 3.0461 0.5380 0.0000
vt 3.0461 0.4619 0.0000
vt 3.0461 0.3858 0.0000
vt 3.0461 0.3099 0.0000
vt 3.0461 0.2341 0.0000
vt 3.0461 0.1587 0.0000
vt 3.0461 0.0834 0.0000
vt 3.0460 0.1345 0.0000
vt 3.0460 0.0132 0.0000
vt 3.0460 0.1496 0.0000
vt 3.0460 0.3062 0.0000
vt 3.0460 0.2978 0.0000
vt 3.0460 0.3607 0.0000
vt 3.0460 0.4237 0.0000
vt 3.0460 0.4866 0.0000
vt 3.0460 0.5496 0.0000
vt 3.0460 0.6125 0.0000
vt 3.0460 0.6753 0.0000
vt 3.0460 0.7379 0.0000
vt 3.0460 0.8005 0.0000
vt 3.0460 0.8628 0.0000
vt 3.0460 0.9250 0.0000
vt 3.0460 0.9868 0.0000
vt 3.0460 0.8413 0.0000
vt 3.0460 0.9164 0.0000
vt 3.0460 0.7658 0.0000
vt 3.0460 0.6901 0.0000
vt 3.0460 0.6141 0.0000
vt 3.0460 0.5380 0.0000
vt 3.0460 0.4619 0.0000
vt 3.0460 0.3858 0.0000
vt 3.0460 0.3099 0.0000
vt 3.0460 0.2341 0.0000
vt 3.0460 0.1586 0.0000
vt 3.0460 0.0835 0.0000
# 512 texture coords

g Archmodels_vol_89_001_8
usemtl wire_127127127
s off
f 1531/2000/1807 1532/2001/1807 1533/2002/1807 1534/2003/1807 
f 1533/2002/1807 1535/2004/1807 1534/2003/1807 
f 1536/2005/1807 1531/2000/1807 1534/2003/1807 1537/2006/1807 
f 1534/2003/1807 1538/2007/1807 1537/2006/1807 
f 1537/2006/1807 1539/2008/1807 1536/2005/1807 
f 1540/2009/1807 1531/2000/1807 1536/2005/1807 1541/2010/1807 
f 1542/2011/1807 1541/2010/1807 1536/2005/1807 1543/2012/1807 
f 1542/2011/1807 1544/2013/1807 1541/2010/1807 
f 1545/2014/1807 1540/2009/1807 1541/2010/1807 1546/2015/1807 
f 1547/2016/1807 1531/2000/1807 1540/2009/1807 1548/2017/1807 
f 1547/2016/1807 1548/2017/1807 1549/2018/1807 1550/2019/1807 
f 1551/2020/1807 1547/2016/1807 1550/2019/1807 1552/2021/1807 
f 1551/2020/1807 1552/2021/1807 1553/2022/1807 1554/2023/1807 
f 1551/2020/1807 1554/2023/1807 1555/2024/1807 1556/2025/1807 
f 1556/2025/1807 1557/2026/1807 1551/2020/1807 
f 1551/2020/1807 1558/2027/1807 1547/2016/1807 
f 1559/2016/1808 1560/2027/1808 1561/2020/1808 1562/2025/1808 
f 1561/2020/1808 1563/2026/1808 1562/2025/1808 
f 1564/2000/1808 1559/2016/1808 1562/2025/1808 1565/2003/1808 
f 1566/2010/1808 1565/2003/1808 1562/2025/1808 1567/2024/1808 
f 1566/2010/1808 1567/2024/1808 1568/2023/1808 1569/2022/1808 
f 1566/2010/1808 1569/2022/1808 1570/2021/1808 1571/2019/1808 
f 1566/2010/1808 1571/2019/1808 1572/2018/1808 1573/2017/1808 
f 1566/2010/1808 1573/2017/1808 1574/2009/1808 1575/2014/1808 
f 1575/2014/1808 1576/2015/1808 1566/2010/1808 
f 1577/2005/1808 1565/2003/1808 1566/2010/1808 1578/2011/1808 
f 1566/2010/1808 1579/2013/1808 1578/2011/1808 
f 1578/2011/1808 1580/2012/1808 1577/2005/1808 
f 1581/2006/1808 1565/2003/1808 1577/2005/1808 1582/2008/1808 
f 1581/2006/1808 1583/2007/1808 1565/2003/1808 
f 1584/2002/1808 1564/2000/1808 1565/2003/1808 1585/2004/1808 
f 1584/2002/1808 1586/2001/1808 1564/2000/1808 
f 1561/2028/1809 1587/2029/1810 1588/2030/1811 1563/2031/1809 
f 1576/2031/1812 1589/2030/1813 1590/2029/1814 1566/2028/1812 
f 1587/2029/1810 1591/2032/1815 1592/2033/1816 1588/2030/1811 
f 1589/2030/1813 1593/2033/1817 1594/2032/1818 1590/2029/1814 
f 1591/2032/1815 1595/2034/1819 1596/2035/1820 1592/2033/1816 
f 1593/2033/1817 1597/2035/1821 1598/2036/1822 1594/2032/1818 
f 1595/2034/1819 1599/2037/1823 1600/2038/1824 1596/2035/1820 
f 1597/2035/1821 1601/2038/1825 1602/2037/1826 1598/2036/1822 
f 1599/2037/1823 1603/2039/1827 1604/2040/1828 1600/2038/1824 
f 1601/2038/1825 1605/2040/1829 1606/2039/1830 1602/2037/1826 
f 1603/2039/1827 1607/2041/1831 1608/2042/1832 1604/2040/1828 
f 1605/2040/1829 1609/2042/1833 1610/2041/1834 1606/2039/1830 
f 1607/2041/1831 1611/2043/1835 1612/2044/1835 1608/2042/1832 
f 1609/2042/1833 1613/2044/1836 1614/2045/1836 1610/2041/1834 
f 1611/2043/1837 1615/2046/1837 1616/2047/1837 1612/2044/1837 
f 1613/2044/1838 1617/2047/1838 1618/2048/1838 1614/2045/1838 
f 1615/2046/1839 1619/2049/1840 1620/2050/1841 1616/2047/1839 
f 1617/2047/1842 1621/2050/1843 1622/2049/1844 1618/2048/1842 
f 1619/2049/1840 1623/2051/1845 1624/2052/1846 1620/2050/1841 
f 1621/2050/1843 1625/2052/1847 1626/2051/1848 1622/2049/1844 
f 1623/2051/1845 1627/2053/1849 1628/2054/1850 1624/2052/1846 
f 1625/2052/1847 1629/2054/1851 1630/2053/1852 1626/2051/1848 
f 1627/2053/1849 1631/2055/1853 1632/2056/1854 1628/2054/1850 
f 1629/2054/1851 1633/2056/1855 1634/2057/1856 1630/2053/1852 
f 1631/2055/1853 1635/2058/1857 1636/2059/1858 1632/2056/1854 
f 1633/2056/1855 1637/2059/1859 1638/2058/1860 1634/2057/1856 
f 1635/2058/1857 1639/2060/1861 1640/2061/1862 1636/2059/1858 
f 1637/2059/1859 1641/2061/1863 1642/2060/1864 1638/2058/1860 
f 1639/2060/1861 1551/2062/1865 1557/2063/1865 1640/2061/1862 
f 1641/2061/1863 1546/2063/1866 1541/2062/1866 1642/2060/1864 
f 1560/2064/1867 1643/2065/1868 1587/2066/1869 1561/2067/1867 
f 1559/2068/1870 1644/2069/1871 1643/2065/1872 1560/2064/1870 
f 1564/2070/1873 1645/2071/1874 1644/2069/1875 1559/2068/1873 
f 1586/2072/1876 1646/2073/1877 1645/2071/1878 1564/2070/1876 
f 1584/2074/1879 1647/2075/1880 1646/2073/1881 1586/2072/1882 
f 1585/2076/1883 1648/2077/1884 1647/2075/1880 1584/2074/1879 
f 1565/2078/1885 1649/2079/1886 1648/2077/1884 1585/2076/1883 
f 1583/2080/1887 1650/2081/1888 1649/2079/1886 1565/2078/1885 
f 1581/2082/1889 1651/2083/1890 1650/2081/1888 1583/2080/1887 
f 1582/2084/1891 1652/2085/1892 1651/2083/1890 1581/2082/1889 
f 1577/2086/1893 1653/2087/1894 1652/2085/1892 1582/2084/1891 
f 1580/2088/1895 1654/2089/1896 1653/2087/1894 1577/2086/1893 
f 1578/2090/1897 1655/2091/1898 1654/2089/1896 1580/2088/1895 
f 1579/2092/1899 1656/2093/1900 1655/2091/1898 1578/2090/1897 
f 1566/2094/1901 1590/2095/1902 1656/2093/1900 1579/2092/1899 
f 1575/2096/1903 1657/2097/1904 1589/2098/1905 1576/2099/1906 
f 1574/2100/1907 1658/2101/1908 1657/2097/1904 1575/2096/1903 
f 1573/2102/1909 1659/2103/1910 1658/2101/1908 1574/2100/1907 
f 1572/2104/1911 1660/2105/1912 1659/2103/1910 1573/2102/1909 
f 1571/2106/1913 1661/2107/1914 1660/2105/1912 1572/2104/1911 
f 1570/2108/1915 1662/2109/1916 1661/2107/1914 1571/2106/1913 
f 1569/2110/1917 1663/2111/1918 1662/2109/1916 1570/2108/1915 
f 1568/2112/1919 1664/2113/1920 1663/2111/1918 1569/2110/1917 
f 1567/2114/1921 1665/2115/1922 1664/2113/1920 1568/2112/1919 
f 1562/2116/1923 1666/2117/1924 1665/2115/1922 1567/2114/1921 
f 1563/2118/1925 1588/2119/1926 1666/2117/1924 1562/2116/1923 
f 1643/2065/1868 1667/2120/1927 1591/2121/1928 1587/2066/1869 
f 1644/2069/1871 1668/2122/1929 1667/2120/1930 1643/2065/1872 
f 1645/2071/1874 1669/2123/1931 1668/2122/1931 1644/2069/1875 
f 1646/2073/1877 1670/2124/1932 1669/2123/1933 1645/2071/1878 
f 1647/2075/1880 1671/2125/1934 1670/2124/1935 1646/2073/1881 
f 1648/2077/1884 1672/2126/1936 1671/2125/1934 1647/2075/1880 
f 1649/2079/1886 1673/2127/1937 1672/2126/1936 1648/2077/1884 
f 1650/2081/1888 1674/2128/1938 1673/2127/1937 1649/2079/1886 
f 1651/2083/1890 1675/2129/1939 1674/2128/1938 1650/2081/1888 
f 1652/2085/1892 1676/2130/1940 1675/2129/1939 1651/2083/1890 
f 1653/2087/1894 1677/2131/1941 1676/2130/1940 1652/2085/1892 
f 1654/2089/1896 1678/2132/1942 1677/2131/1941 1653/2087/1894 
f 1655/2091/1898 1679/2133/1943 1678/2132/1942 1654/2089/1896 
f 1656/2093/1900 1680/2134/1944 1679/2133/1943 1655/2091/1898 
f 1590/2095/1902 1594/2135/1945 1680/2134/1944 1656/2093/1900 
f 1657/2097/1904 1681/2136/1946 1593/2137/1947 1589/2098/1905 
f 1658/2101/1908 1682/2138/1948 1681/2136/1946 1657/2097/1904 
f 1659/2103/1910 1683/2139/1949 1682/2138/1948 1658/2101/1908 
f 1660/2105/1912 1684/2140/1950 1683/2139/1949 1659/2103/1910 
f 1661/2107/1914 1685/2141/1951 1684/2140/1950 1660/2105/1912 
f 1662/2109/1916 1686/2142/1952 1685/2141/1951 1661/2107/1914 
f 1663/2111/1918 1687/2143/1953 1686/2142/1952 1662/2109/1916 
f 1664/2113/1920 1688/2144/1954 1687/2143/1953 1663/2111/1918 
f 1665/2115/1922 1689/2145/1955 1688/2144/1954 1664/2113/1920 
f 1666/2117/1924 1690/2146/1956 1689/2145/1955 1665/2115/1922 
f 1588/2119/1926 1592/2147/1957 1690/2146/1956 1666/2117/1924 
f 1667/2120/1927 1691/2148/1958 1595/2149/1959 1591/2121/1928 
f 1668/2122/1929 1692/2150/1960 1691/2148/1961 1667/2120/1930 
f 1669/2123/1931 1693/2151/1962 1692/2150/1962 1668/2122/1931 
f 1670/2124/1932 1694/2152/1963 1693/2151/1964 1669/2123/1933 
f 1671/2125/1934 1695/2153/1965 1694/2152/1966 1670/2124/1935 
f 1672/2126/1936 1696/2154/1967 1695/2153/1965 1671/2125/1934 
f 1673/2127/1937 1697/2155/1968 1696/2154/1967 1672/2126/1936 
f 1674/2128/1938 1698/2156/1969 1697/2155/1968 1673/2127/1937 
f 1675/2129/1939 1699/2157/1970 1698/2156/1969 1674/2128/1938 
f 1676/2130/1940 1700/2158/1971 1699/2157/1970 1675/2129/1939 
f 1677/2131/1941 1701/2159/1972 1700/2158/1971 1676/2130/1940 
f 1678/2132/1942 1702/2160/1973 1701/2159/1972 1677/2131/1941 
f 1679/2133/1943 1703/2161/1974 1702/2160/1973 1678/2132/1942 
f 1680/2134/1944 1704/2162/1975 1703/2161/1974 1679/2133/1943 
f 1594/2135/1945 1598/2163/1976 1704/2162/1975 1680/2134/1944 
f 1681/2136/1946 1705/2164/1977 1597/2165/1978 1593/2137/1947 
f 1682/2138/1948 1706/2166/1979 1705/2164/1977 1681/2136/1946 
f 1683/2139/1949 1707/2167/1980 1706/2166/1979 1682/2138/1948 
f 1684/2140/1950 1708/2168/1981 1707/2167/1980 1683/2139/1949 
f 1685/2141/1951 1709/2169/1982 1708/2168/1981 1684/2140/1950 
f 1686/2142/1952 1710/2170/1983 1709/2169/1982 1685/2141/1951 
f 1687/2143/1953 1711/2171/1984 1710/2170/1983 1686/2142/1952 
f 1688/2144/1954 1712/2172/1985 1711/2171/1984 1687/2143/1953 
f 1689/2145/1955 1713/2173/1986 1712/2172/1985 1688/2144/1954 
f 1690/2146/1956 1714/2174/1987 1713/2173/1986 1689/2145/1955 
f 1592/2147/1957 1596/2175/1988 1714/2174/1987 1690/2146/1956 
f 1691/2148/1958 1715/2176/1989 1599/2177/1990 1595/2149/1959 
f 1692/2150/1960 1716/2178/1991 1715/2176/1992 1691/2148/1961 
f 1693/2151/1962 1717/2179/1993 1716/2178/1993 1692/2150/1962 
f 1694/2152/1963 1718/2180/1994 1717/2179/1995 1693/2151/1964 
f 1695/2153/1965 1719/2181/1996 1718/2180/1997 1694/2152/1966 
f 1696/2154/1967 1720/2182/1998 1719/2181/1996 1695/2153/1965 
f 1697/2155/1968 1721/2183/1999 1720/2182/1998 1696/2154/1967 
f 1698/2156/1969 1722/2184/2000 1721/2183/1999 1697/2155/1968 
f 1699/2157/1970 1723/2185/2001 1722/2184/2000 1698/2156/1969 
f 1700/2158/1971 1724/2186/2002 1723/2185/2001 1699/2157/1970 
f 1701/2159/1972 1725/2187/2003 1724/2186/2002 1700/2158/1971 
f 1702/2160/1973 1726/2188/2004 1725/2187/2003 1701/2159/1972 
f 1703/2161/1974 1727/2189/2005 1726/2188/2004 1702/2160/1973 
f 1704/2162/1975 1728/2190/2006 1727/2189/2005 1703/2161/1974 
f 1598/2163/1976 1602/2191/2007 1728/2190/2006 1704/2162/1975 
f 1705/2164/1977 1729/2192/2008 1601/2193/2009 1597/2165/1978 
f 1706/2166/1979 1730/2194/2010 1729/2192/2008 1705/2164/1977 
f 1707/2167/1980 1731/2195/2011 1730/2194/2010 1706/2166/1979 
f 1708/2168/1981 1732/2196/2012 1731/2195/2011 1707/2167/1980 
f 1709/2169/1982 1733/2197/2013 1732/2196/2012 1708/2168/1981 
f 1710/2170/1983 1734/2198/2014 1733/2197/2013 1709/2169/1982 
f 1711/2171/1984 1735/2199/2015 1734/2198/2014 1710/2170/1983 
f 1712/2172/1985 1736/2200/2016 1735/2199/2015 1711/2171/1984 
f 1713/2173/1986 1737/2201/2017 1736/2200/2016 1712/2172/1985 
f 1714/2174/1987 1738/2202/2018 1737/2201/2017 1713/2173/1986 
f 1596/2175/1988 1600/2203/2019 1738/2202/2018 1714/2174/1987 
f 1715/2176/1989 1739/2204/2020 1603/2205/2021 1599/2177/1990 
f 1716/2178/1991 1740/2206/2022 1739/2204/2023 1715/2176/1992 
f 1717/2179/1993 1741/2207/2024 1740/2206/2024 1716/2178/1993 
f 1718/2180/1994 1742/2208/2025 1741/2207/2026 1717/2179/1995 
f 1719/2181/1996 1743/2209/2027 1742/2208/2028 1718/2180/1997 
f 1720/2182/1998 1744/2210/2029 1743/2209/2027 1719/2181/1996 
f 1721/2183/1999 1745/2211/2030 1744/2210/2029 1720/2182/1998 
f 1722/2184/2000 1746/2212/2031 1745/2211/2030 1721/2183/1999 
f 1723/2185/2001 1747/2213/2032 1746/2212/2031 1722/2184/2000 
f 1724/2186/2002 1748/2214/2033 1747/2213/2032 1723/2185/2001 
f 1725/2187/2003 1749/2215/2034 1748/2214/2033 1724/2186/2002 
f 1726/2188/2004 1750/2216/2035 1749/2215/2034 1725/2187/2003 
f 1727/2189/2005 1751/2217/2036 1750/2216/2035 1726/2188/2004 
f 1728/2190/2006 1752/2218/2037 1751/2217/2036 1727/2189/2005 
f 1602/2191/2007 1606/2219/2038 1752/2218/2037 1728/2190/2006 
f 1729/2192/2008 1753/2220/2039 1605/2221/2040 1601/2193/2009 
f 1730/2194/2010 1754/2222/2041 1753/2220/2039 1729/2192/2008 
f 1731/2195/2011 1755/2223/2042 1754/2222/2041 1730/2194/2010 
f 1732/2196/2012 1756/2224/2043 1755/2223/2042 1731/2195/2011 
f 1733/2197/2013 1757/2225/2044 1756/2224/2043 1732/2196/2012 
f 1734/2198/2014 1758/2226/2045 1757/2225/2044 1733/2197/2013 
f 1735/2199/2015 1759/2227/2046 1758/2226/2045 1734/2198/2014 
f 1736/2200/2016 1760/2228/2047 1759/2227/2046 1735/2199/2015 
f 1737/2201/2017 1761/2229/2048 1760/2228/2047 1736/2200/2016 
f 1738/2202/2018 1762/2230/2049 1761/2229/2048 1737/2201/2017 
f 1600/2203/2019 1604/2231/2050 1762/2230/2049 1738/2202/2018 
f 1739/2204/2020 1763/2232/2051 1607/2233/2052 1603/2205/2021 
f 1740/2206/2022 1764/2234/2053 1763/2232/2054 1739/2204/2023 
f 1741/2207/2024 1765/2235/2055 1764/2234/2055 1740/2206/2024 
f 1742/2208/2025 1766/2236/2056 1765/2235/2057 1741/2207/2026 
f 1743/2209/2027 1767/2237/2058 1766/2236/2059 1742/2208/2028 
f 1744/2210/2029 1768/2238/2060 1767/2237/2058 1743/2209/2027 
f 1745/2211/2030 1769/2239/2061 1768/2238/2060 1744/2210/2029 
f 1746/2212/2031 1770/2240/2062 1769/2239/2061 1745/2211/2030 
f 1747/2213/2032 1771/2241/2063 1770/2240/2062 1746/2212/2031 
f 1748/2214/2033 1772/2242/2064 1771/2241/2063 1747/2213/2032 
f 1749/2215/2034 1773/2243/2065 1772/2242/2064 1748/2214/2033 
f 1750/2216/2035 1774/2244/2066 1773/2243/2065 1749/2215/2034 
f 1751/2217/2036 1775/2245/2067 1774/2244/2066 1750/2216/2035 
f 1752/2218/2037 1776/2246/2068 1775/2245/2067 1751/2217/2036 
f 1606/2219/2038 1610/2247/2069 1776/2246/2068 1752/2218/2037 
f 1753/2220/2039 1777/2248/2070 1609/2249/2071 1605/2221/2040 
f 1754/2222/2041 1778/2250/2072 1777/2248/2070 1753/2220/2039 
f 1755/2223/2042 1779/2251/2073 1778/2250/2072 1754/2222/2041 
f 1756/2224/2043 1780/2252/2074 1779/2251/2073 1755/2223/2042 
f 1757/2225/2044 1781/2253/2075 1780/2252/2074 1756/2224/2043 
f 1758/2226/2045 1782/2254/2076 1781/2253/2075 1757/2225/2044 
f 1759/2227/2046 1783/2255/2077 1782/2254/2076 1758/2226/2045 
f 1760/2228/2047 1784/2256/2078 1783/2255/2077 1759/2227/2046 
f 1761/2229/2048 1785/2257/2079 1784/2256/2078 1760/2228/2047 
f 1762/2230/2049 1786/2258/2080 1785/2257/2079 1761/2229/2048 
f 1604/2231/2050 1608/2259/2081 1786/2258/2080 1762/2230/2049 
f 1763/2232/2051 1787/2260/2082 1611/2261/2082 1607/2233/2052 
f 1764/2234/2053 1788/2262/2083 1787/2260/2083 1763/2232/2054 
f 1765/2235/2055 1789/2263/2084 1788/2262/2084 1764/2234/2055 
f 1766/2236/2056 1790/2264/2085 1789/2263/2085 1765/2235/2057 
f 1767/2237/2058 1791/2265/2086 1790/2264/2087 1766/2236/2059 
f 1768/2238/2060 1792/2266/2088 1791/2265/2086 1767/2237/2058 
f 1769/2239/2061 1793/2267/2089 1792/2266/2088 1768/2238/2060 
f 1770/2240/2062 1794/2268/2090 1793/2267/2089 1769/2239/2061 
f 1771/2241/2063 1795/2269/2091 1794/2268/2090 1770/2240/2062 
f 1772/2242/2064 1796/2270/2092 1795/2269/2091 1771/2241/2063 
f 1773/2243/2065 1797/2271/2093 1796/2270/2092 1772/2242/2064 
f 1774/2244/2066 1798/2272/2094 1797/2271/2093 1773/2243/2065 
f 1775/2245/2067 1799/2273/2095 1798/2272/2094 1774/2244/2066 
f 1776/2246/2068 1800/2274/2096 1799/2273/2095 1775/2245/2067 
f 1610/2247/2069 1614/2275/2097 1800/2274/2096 1776/2246/2068 
f 1777/2248/2070 1801/2276/2098 1613/2277/2099 1609/2249/2071 
f 1778/2250/2072 1802/2278/2100 1801/2276/2098 1777/2248/2070 
f 1779/2251/2073 1803/2279/2101 1802/2278/2100 1778/2250/2072 
f 1780/2252/2074 1804/2280/2102 1803/2279/2101 1779/2251/2073 
f 1781/2253/2075 1805/2281/2103 1804/2280/2102 1780/2252/2074 
f 1782/2254/2076 1806/2282/2104 1805/2281/2103 1781/2253/2075 
f 1783/2255/2077 1807/2283/2105 1806/2282/2104 1782/2254/2076 
f 1784/2256/2078 1808/2284/2106 1807/2283/2105 1783/2255/2077 
f 1785/2257/2079 1809/2285/2107 1808/2284/2106 1784/2256/2078 
f 1786/2258/2080 1810/2286/2108 1809/2285/2107 1785/2257/2079 
f 1608/2259/2081 1612/2287/2109 1810/2286/2108 1786/2258/2080 
f 1787/2260/2110 1811/2288/2110 1615/2289/2110 1611/2261/2110 
f 1788/2262/2111 1812/2290/2111 1811/2288/2111 1787/2260/2111 
f 1789/2263/2112 1813/2291/2112 1812/2290/2112 1788/2262/2112 
f 1790/2264/2113 1814/2292/2113 1813/2291/2113 1789/2263/2113 
f 1791/2265/2114 1815/2293/2114 1814/2292/2115 1790/2264/2115 
f 1792/2266/2116 1816/2294/2116 1815/2293/2114 1791/2265/2114 
f 1793/2267/2117 1817/2295/2117 1816/2294/2116 1792/2266/2116 
f 1794/2268/2118 1818/2296/2118 1817/2295/2117 1793/2267/2117 
f 1795/2269/2119 1819/2297/2119 1818/2296/2118 1794/2268/2118 
f 1796/2270/2120 1820/2298/2120 1819/2297/2119 1795/2269/2119 
f 1797/2271/2121 1821/2299/2121 1820/2298/2120 1796/2270/2120 
f 1798/2272/2122 1822/2300/2122 1821/2299/2121 1797/2271/2121 
f 1799/2273/2123 1823/2301/2123 1822/2300/2122 1798/2272/2122 
f 1800/2274/2124 1824/2302/2124 1823/2301/2123 1799/2273/2123 
f 1614/2275/2125 1618/2303/2125 1824/2302/2124 1800/2274/2124 
f 1801/2276/2126 1825/2304/2126 1617/2305/2127 1613/2277/2127 
f 1802/2278/2128 1826/2306/2128 1825/2304/2126 1801/2276/2126 
f 1803/2279/2129 1827/2307/2129 1826/2306/2128 1802/2278/2128 
f 1804/2280/2130 1828/2308/2130 1827/2307/2129 1803/2279/2129 
f 1805/2281/2131 1829/2309/2131 1828/2308/2130 1804/2280/2130 
f 1806/2282/2132 1830/2310/2132 1829/2309/2131 1805/2281/2131 
f 1807/2283/2133 1831/2311/2133 1830/2310/2132 1806/2282/2132 
f 1808/2284/2134 1832/2312/2134 1831/2311/2133 1807/2283/2133 
f 1809/2285/2135 1833/2313/2135 1832/2312/2134 1808/2284/2134 
f 1810/2286/2136 1834/2314/2136 1833/2313/2135 1809/2285/2135 
f 1612/2287/2137 1616/2315/2137 1834/2314/2136 1810/2286/2136 
f 1811/2288/2138 1835/2316/2139 1619/2317/2140 1615/2289/2138 
f 1812/2290/2141 1836/2318/2142 1835/2316/2143 1811/2288/2141 
f 1813/2291/2144 1837/2319/2145 1836/2318/2145 1812/2290/2144 
f 1814/2292/2146 1838/2320/2147 1837/2319/2148 1813/2291/2146 
f 1815/2293/2149 1839/2321/2150 1838/2320/2151 1814/2292/2152 
f 1816/2294/2153 1840/2322/2154 1839/2321/2150 1815/2293/2149 
f 1817/2295/2155 1841/2323/2156 1840/2322/2154 1816/2294/2153 
f 1818/2296/2157 1842/2324/2158 1841/2323/2156 1817/2295/2155 
f 1819/2297/2159 1843/2325/2160 1842/2324/2158 1818/2296/2157 
f 1820/2298/2161 1844/2326/2162 1843/2325/2160 1819/2297/2159 
f 1821/2299/2163 1845/2327/2164 1844/2326/2162 1820/2298/2161 
f 1822/2300/2165 1846/2328/2166 1845/2327/2164 1821/2299/2163 
f 1823/2301/2167 1847/2329/2168 1846/2328/2166 1822/2300/2165 
f 1824/2302/2169 1848/2330/2170 1847/2329/2168 1823/2301/2167 
f 1618/2303/2171 1622/2331/2172 1848/2330/2170 1824/2302/2169 
f 1825/2304/2173 1849/2332/2174 1621/2333/2175 1617/2305/2176 
f 1826/2306/2177 1850/2334/2178 1849/2332/2174 1825/2304/2173 
f 1827/2307/2179 1851/2335/2180 1850/2334/2178 1826/2306/2177 
f 1828/2308/2181 1852/2336/2182 1851/2335/2180 1827/2307/2179 
f 1829/2309/2183 1853/2337/2184 1852/2336/2182 1828/2308/2181 
f 1830/2310/2185 1854/2338/2186 1853/2337/2184 1829/2309/2183 
f 1831/2311/2187 1855/2339/2188 1854/2338/2186 1830/2310/2185 
f 1832/2312/2189 1856/2340/2190 1855/2339/2188 1831/2311/2187 
f 1833/2313/2191 1857/2341/2192 1856/2340/2190 1832/2312/2189 
f 1834/2314/2193 1858/2342/2194 1857/2341/2192 1833/2313/2191 
f 1616/2315/2195 1620/2343/2196 1858/2342/2194 1834/2314/2193 
f 1835/2316/2139 1859/2344/2197 1623/2345/2198 1619/2317/2140 
f 1836/2318/2142 1860/2346/2199 1859/2344/2200 1835/2316/2143 
f 1837/2319/2145 1861/2347/2201 1860/2346/2201 1836/2318/2145 
f 1838/2320/2147 1862/2348/2202 1861/2347/2203 1837/2319/2148 
f 1839/2321/2150 1863/2349/2204 1862/2348/2205 1838/2320/2151 
f 1840/2322/2154 1864/2350/2206 1863/2349/2204 1839/2321/2150 
f 1841/2323/2156 1865/2351/2207 1864/2350/2206 1840/2322/2154 
f 1842/2324/2158 1866/2352/2208 1865/2351/2207 1841/2323/2156 
f 1843/2325/2160 1867/2353/2209 1866/2352/2208 1842/2324/2158 
f 1844/2326/2162 1868/2354/2210 1867/2353/2209 1843/2325/2160 
f 1845/2327/2164 1869/2355/2211 1868/2354/2210 1844/2326/2162 
f 1846/2328/2166 1870/2356/2212 1869/2355/2211 1845/2327/2164 
f 1847/2329/2168 1871/2357/2213 1870/2356/2212 1846/2328/2166 
f 1848/2330/2170 1872/2358/2214 1871/2357/2213 1847/2329/2168 
f 1622/2331/2172 1626/2359/2215 1872/2358/2214 1848/2330/2170 
f 1849/2332/2174 1873/2360/2216 1625/2361/2217 1621/2333/2175 
f 1850/2334/2178 1874/2362/2218 1873/2360/2216 1849/2332/2174 
f 1851/2335/2180 1875/2363/2219 1874/2362/2218 1850/2334/2178 
f 1852/2336/2182 1876/2364/2220 1875/2363/2219 1851/2335/2180 
f 1853/2337/2184 1877/2365/2221 1876/2364/2220 1852/2336/2182 
f 1854/2338/2186 1878/2366/2222 1877/2365/2221 1853/2337/2184 
f 1855/2339/2188 1879/2367/2223 1878/2366/2222 1854/2338/2186 
f 1856/2340/2190 1880/2368/2224 1879/2367/2223 1855/2339/2188 
f 1857/2341/2192 1881/2369/2225 1880/2368/2224 1856/2340/2190 
f 1858/2342/2194 1882/2370/2226 1881/2369/2225 1857/2341/2192 
f 1620/2343/2196 1624/2371/2227 1882/2370/2226 1858/2342/2194 
f 1859/2344/2197 1883/2372/2228 1627/2373/2229 1623/2345/2198 
f 1860/2346/2199 1884/2374/2230 1883/2372/2231 1859/2344/2200 
f 1861/2347/2201 1885/2375/2232 1884/2374/2232 1860/2346/2201 
f 1862/2348/2202 1886/2376/2233 1885/2375/2234 1861/2347/2203 
f 1863/2349/2204 1887/2377/2235 1886/2376/2236 1862/2348/2205 
f 1864/2350/2206 1888/2378/2237 1887/2377/2235 1863/2349/2204 
f 1865/2351/2207 1889/2379/2238 1888/2378/2237 1864/2350/2206 
f 1866/2352/2208 1890/2380/2239 1889/2379/2238 1865/2351/2207 
f 1867/2353/2209 1891/2381/2240 1890/2380/2239 1866/2352/2208 
f 1868/2354/2210 1892/2382/2241 1891/2381/2240 1867/2353/2209 
f 1869/2355/2211 1893/2383/2242 1892/2382/2241 1868/2354/2210 
f 1870/2356/2212 1894/2384/2243 1893/2383/2242 1869/2355/2211 
f 1871/2357/2213 1895/2385/2244 1894/2384/2243 1870/2356/2212 
f 1872/2358/2214 1896/2386/2245 1895/2385/2244 1871/2357/2213 
f 1626/2359/2215 1630/2387/2246 1896/2386/2245 1872/2358/2214 
f 1873/2360/2216 1897/2388/2247 1629/2389/2248 1625/2361/2217 
f 1874/2362/2218 1898/2390/2249 1897/2388/2247 1873/2360/2216 
f 1875/2363/2219 1899/2391/2250 1898/2390/2249 1874/2362/2218 
f 1876/2364/2220 1900/2392/2251 1899/2391/2250 1875/2363/2219 
f 1877/2365/2221 1901/2393/2252 1900/2392/2251 1876/2364/2220 
f 1878/2366/2222 1902/2394/2253 1901/2393/2252 1877/2365/2221 
f 1879/2367/2223 1903/2395/2254 1902/2394/2253 1878/2366/2222 
f 1880/2368/2224 1904/2396/2255 1903/2395/2254 1879/2367/2223 
f 1881/2369/2225 1905/2397/2256 1904/2396/2255 1880/2368/2224 
f 1882/2370/2226 1906/2398/2257 1905/2397/2256 1881/2369/2225 
f 1624/2371/2227 1628/2399/2258 1906/2398/2257 1882/2370/2226 
f 1883/2372/2228 1907/2400/2259 1631/2401/2260 1627/2373/2229 
f 1884/2374/2230 1908/2402/2261 1907/2400/2262 1883/2372/2231 
f 1885/2375/2232 1909/2403/2263 1908/2402/2263 1884/2374/2232 
f 1886/2376/2233 1910/2404/2264 1909/2403/2265 1885/2375/2234 
f 1887/2377/2235 1911/2405/2266 1910/2404/2267 1886/2376/2236 
f 1888/2378/2237 1912/2406/2268 1911/2405/2266 1887/2377/2235 
f 1889/2379/2238 1913/2407/2269 1912/2406/2268 1888/2378/2237 
f 1890/2380/2239 1914/2408/2270 1913/2407/2269 1889/2379/2238 
f 1891/2381/2240 1915/2409/2271 1914/2408/2270 1890/2380/2239 
f 1892/2382/2241 1916/2410/2272 1915/2409/2271 1891/2381/2240 
f 1893/2383/2242 1917/2411/2273 1916/2410/2272 1892/2382/2241 
f 1894/2384/2243 1918/2412/2274 1917/2411/2273 1893/2383/2242 
f 1895/2385/2244 1919/2413/2275 1918/2412/2274 1894/2384/2243 
f 1896/2386/2245 1920/2414/2276 1919/2413/2275 1895/2385/2244 
f 1630/2387/2246 1634/2415/2277 1920/2414/2276 1896/2386/2245 
f 1897/2388/2247 1921/2416/2278 1633/2417/2279 1629/2389/2248 
f 1898/2390/2249 1922/2418/2280 1921/2416/2278 1897/2388/2247 
f 1899/2391/2250 1923/2419/2281 1922/2418/2280 1898/2390/2249 
f 1900/2392/2251 1924/2420/2282 1923/2419/2281 1899/2391/2250 
f 1901/2393/2252 1925/2421/2283 1924/2420/2282 1900/2392/2251 
f 1902/2394/2253 1926/2422/2284 1925/2421/2283 1901/2393/2252 
f 1903/2395/2254 1927/2423/2285 1926/2422/2284 1902/2394/2253 
f 1904/2396/2255 1928/2424/2286 1927/2423/2285 1903/2395/2254 
f 1905/2397/2256 1929/2425/2287 1928/2424/2286 1904/2396/2255 
f 1906/2398/2257 1930/2426/2288 1929/2425/2287 1905/2397/2256 
f 1628/2399/2258 1632/2427/2289 1930/2426/2288 1906/2398/2257 
f 1907/2400/2259 1931/2428/2290 1635/2429/2291 1631/2401/2260 
f 1908/2402/2261 1932/2430/2292 1931/2428/2293 1907/2400/2262 
f 1909/2403/2263 1933/2431/2294 1932/2430/2294 1908/2402/2263 
f 1910/2404/2264 1934/2432/2295 1933/2431/2296 1909/2403/2265 
f 1911/2405/2266 1935/2433/2297 1934/2432/2298 1910/2404/2267 
f 1912/2406/2268 1936/2434/2299 1935/2433/2297 1911/2405/2266 
f 1913/2407/2269 1937/2435/2300 1936/2434/2299 1912/2406/2268 
f 1914/2408/2270 1938/2436/2301 1937/2435/2300 1913/2407/2269 
f 1915/2409/2271 1939/2437/2302 1938/2436/2301 1914/2408/2270 
f 1916/2410/2272 1940/2438/2303 1939/2437/2302 1915/2409/2271 
f 1917/2411/2273 1941/2439/2304 1940/2438/2303 1916/2410/2272 
f 1918/2412/2274 1942/2440/2305 1941/2439/2304 1917/2411/2273 
f 1919/2413/2275 1943/2441/2306 1942/2440/2305 1918/2412/2274 
f 1920/2414/2276 1944/2442/2307 1943/2441/2306 1919/2413/2275 
f 1634/2415/2277 1638/2443/2308 1944/2442/2307 1920/2414/2276 
f 1921/2416/2278 1945/2444/2309 1637/2445/2310 1633/2417/2279 
f 1922/2418/2280 1946/2446/2311 1945/2444/2309 1921/2416/2278 
f 1923/2419/2281 1947/2447/2312 1946/2446/2311 1922/2418/2280 
f 1924/2420/2282 1948/2448/2313 1947/2447/2312 1923/2419/2281 
f 1925/2421/2283 1949/2449/2314 1948/2448/2313 1924/2420/2282 
f 1926/2422/2284 1950/2450/2315 1949/2449/2314 1925/2421/2283 
f 1927/2423/2285 1951/2451/2316 1950/2450/2315 1926/2422/2284 
f 1928/2424/2286 1952/2452/2317 1951/2451/2316 1927/2423/2285 
f 1929/2425/2287 1953/2453/2318 1952/2452/2317 1928/2424/2286 
f 1930/2426/2288 1954/2454/2319 1953/2453/2318 1929/2425/2287 
f 1632/2427/2289 1636/2455/2320 1954/2454/2319 1930/2426/2288 
f 1931/2428/2290 1955/2456/2321 1639/2457/2322 1635/2429/2291 
f 1932/2430/2292 1956/2458/2323 1955/2456/2324 1931/2428/2293 
f 1933/2431/2294 1957/2459/2325 1956/2458/2325 1932/2430/2294 
f 1934/2432/2295 1958/2460/2326 1957/2459/2327 1933/2431/2296 
f 1935/2433/2297 1959/2461/2328 1958/2460/2329 1934/2432/2298 
f 1936/2434/2299 1960/2462/2330 1959/2461/2328 1935/2433/2297 
f 1937/2435/2300 1961/2463/2331 1960/2462/2330 1936/2434/2299 
f 1938/2436/2301 1962/2464/2332 1961/2463/2331 1937/2435/2300 
f 1939/2437/2302 1963/2465/2333 1962/2464/2332 1938/2436/2301 
f 1940/2438/2303 1964/2466/2334 1963/2465/2333 1939/2437/2302 
f 1941/2439/2304 1965/2467/2335 1964/2466/2334 1940/2438/2303 
f 1942/2440/2305 1966/2468/2336 1965/2467/2335 1941/2439/2304 
f 1943/2441/2306 1967/2469/2337 1966/2468/2336 1942/2440/2305 
f 1944/2442/2307 1968/2470/2338 1967/2469/2337 1943/2441/2306 
f 1638/2443/2308 1642/2471/2339 1968/2470/2338 1944/2442/2307 
f 1945/2444/2309 1969/2472/2340 1641/2473/2341 1637/2445/2310 
f 1946/2446/2311 1970/2474/2342 1969/2472/2340 1945/2444/2309 
f 1947/2447/2312 1971/2475/2343 1970/2474/2342 1946/2446/2311 
f 1948/2448/2313 1972/2476/2344 1971/2475/2343 1947/2447/2312 
f 1949/2449/2314 1973/2477/2345 1972/2476/2344 1948/2448/2313 
f 1950/2450/2315 1974/2478/2346 1973/2477/2345 1949/2449/2314 
f 1951/2451/2316 1975/2479/2347 1974/2478/2346 1950/2450/2315 
f 1952/2452/2317 1976/2480/2348 1975/2479/2347 1951/2451/2316 
f 1953/2453/2318 1977/2481/2349 1976/2480/2348 1952/2452/2317 
f 1954/2454/2319 1978/2482/2350 1977/2481/2349 1953/2453/2318 
f 1636/2455/2320 1640/2483/2351 1978/2482/2350 1954/2454/2319 
f 1955/2456/2321 1558/2484/2352 1551/2485/2352 1639/2457/2322 
f 1956/2458/2323 1547/2486/2353 1558/2484/2353 1955/2456/2324 
f 1957/2459/2325 1531/2487/2354 1547/2486/2354 1956/2458/2325 
f 1958/2460/2326 1532/2488/2355 1531/2487/2355 1957/2459/2327 
f 1959/2461/2328 1533/2489/2356 1532/2488/2357 1958/2460/2329 
f 1960/2462/2330 1535/2490/2358 1533/2489/2356 1959/2461/2328 
f 1961/2463/2331 1534/2491/2359 1535/2490/2358 1960/2462/2330 
f 1962/2464/2332 1538/2492/2360 1534/2491/2359 1961/2463/2331 
f 1963/2465/2333 1537/2493/2361 1538/2492/2360 1962/2464/2332 
f 1964/2466/2334 1539/2494/2362 1537/2493/2361 1963/2465/2333 
f 1965/2467/2335 1536/2495/2363 1539/2494/2362 1964/2466/2334 
f 1966/2468/2336 1543/2496/2364 1536/2495/2363 1965/2467/2335 
f 1967/2469/2337 1542/2497/2365 1543/2496/2364 1966/2468/2336 
f 1968/2470/2338 1544/2498/2366 1542/2497/2365 1967/2469/2337 
f 1642/2471/2339 1541/2499/2367 1544/2498/2366 1968/2470/2338 
f 1969/2472/2340 1545/2500/2368 1546/2501/2369 1641/2473/2341 
f 1970/2474/2342 1540/2502/2370 1545/2500/2368 1969/2472/2340 
f 1971/2475/2343 1548/2503/2371 1540/2502/2370 1970/2474/2342 
f 1972/2476/2344 1549/2504/2372 1548/2503/2371 1971/2475/2343 
f 1973/2477/2345 1550/2505/2373 1549/2504/2372 1972/2476/2344 
f 1974/2478/2346 1552/2506/2374 1550/2505/2373 1973/2477/2345 
f 1975/2479/2347 1553/2507/2375 1552/2506/2374 1974/2478/2346 
f 1976/2480/2348 1554/2508/2376 1553/2507/2375 1975/2479/2347 
f 1977/2481/2349 1555/2509/2377 1554/2508/2376 1976/2480/2348 
f 1978/2482/2350 1556/2510/2378 1555/2509/2377 1977/2481/2349 
f 1640/2483/2351 1557/2511/2379 1556/2510/2378 1978/2482/2350 
# 440 polygons - 12 triangles

#
# object Archmodels_vol_89_001_9
#

v  -67.3964 0.0000 34.0845
v  -67.4488 0.0053 34.1228
v  -64.0723 0.0053 12.5035
v  -64.0338 0.0000 12.5543
v  -64.7494 0.0000 34.4857
v  -64.7562 0.0053 34.5310
v  -61.7107 0.0000 34.9332
v  -61.7172 0.0053 34.9786
v  -58.6691 0.0000 35.3614
v  -58.6753 0.0053 35.4068
v  -55.6246 0.0000 35.7703
v  -55.6306 0.0053 35.8158
v  -52.5773 0.0000 36.1599
v  -52.5829 0.0053 36.2054
v  -49.5272 0.0000 36.5301
v  -49.5326 0.0053 36.5756
v  -46.4745 0.0000 36.8809
v  -46.4795 0.0053 36.9265
v  -43.4191 0.0000 37.2124
v  -43.4239 0.0053 37.2579
v  -40.3612 0.0000 37.5244
v  -40.3657 0.0053 37.5700
v  -37.3009 0.0000 37.8170
v  -37.3051 0.0053 37.8626
v  -34.5134 0.0000 38.0441
v  -34.4717 0.0053 38.0938
v  -32.6484 0.0000 16.3763
v  -32.5989 0.0053 16.3362
v  -67.4969 0.0203 34.1580
v  -64.1075 0.0203 12.4568
v  -64.7625 0.0203 34.5726
v  -61.7232 0.0203 35.0202
v  -58.6811 0.0203 35.4485
v  -55.6360 0.0203 35.8575
v  -52.5881 0.0203 36.2471
v  -49.5375 0.0203 36.6174
v  -46.4842 0.0203 36.9683
v  -43.4283 0.0203 37.2998
v  -40.3699 0.0203 37.6119
v  -37.3090 0.0203 37.9045
v  -34.4334 0.0203 38.1395
v  -32.5535 0.0203 16.2993
v  -67.5393 0.0440 34.1890
v  -64.1387 0.0440 12.4157
v  -64.7680 0.0440 34.6093
v  -61.7285 0.0440 35.0570
v  -58.6861 0.0440 35.4853
v  -55.6408 0.0440 35.8943
v  -52.5927 0.0440 36.2840
v  -49.5419 0.0440 36.6543
v  -46.4883 0.0440 37.0052
v  -43.4322 0.0440 37.3367
v  -40.3735 0.0440 37.6488
v  -37.3124 0.0440 37.9415
v  -34.3996 0.0440 38.1798
v  -32.5134 0.0440 16.2667
v  -67.5747 0.0750 34.2149
v  -64.1647 0.0750 12.3813
v  -64.7726 0.0750 34.6399
v  -61.7330 0.0750 35.0876
v  -58.6904 0.0750 35.5160
v  -55.6449 0.0750 35.9250
v  -52.5966 0.0750 36.3147
v  -49.5455 0.0750 36.6851
v  -46.4918 0.0750 37.0360
v  -43.4354 0.0750 37.3675
v  -40.3766 0.0750 37.6797
v  -37.3152 0.0750 37.9723
v  -34.3714 0.0750 38.2134
v  -32.4800 0.0750 16.2396
v  -67.6017 0.1121 34.2347
v  -64.1845 0.1121 12.3551
v  -64.7761 0.1121 34.6633
v  -61.7363 0.1121 35.1110
v  -58.6936 0.1121 35.5394
v  -55.6479 0.1121 35.9485
v  -52.5995 0.1121 36.3382
v  -49.5483 0.1121 36.7085
v  -46.4944 0.1121 37.0595
v  -43.4379 0.1121 37.3910
v  -40.3789 0.1121 37.7032
v  -37.3174 0.1121 37.9959
v  -34.3499 0.1121 38.2390
v  -32.4545 0.1121 16.2189
v  -67.6189 0.1542 34.2473
v  -64.1971 0.1542 12.3384
v  -64.7784 0.1542 34.6782
v  -61.7385 0.1542 35.1259
v  -58.6956 0.1542 35.5543
v  -55.6499 0.1542 35.9634
v  -52.6013 0.1542 36.3531
v  -49.5500 0.1542 36.7235
v  -46.4961 0.1542 37.0744
v  -43.4395 0.1542 37.4060
v  -40.3804 0.1542 37.7182
v  -37.3188 0.1542 38.0109
v  -34.3362 0.1542 38.2554
v  -32.4382 0.1542 16.2057
v  -67.6250 0.2000 34.2517
v  -64.2015 0.2000 12.3325
v  -64.7791 0.2000 34.6834
v  -61.7392 0.2000 35.1311
v  -58.6964 0.2000 35.5596
v  -55.6506 0.2000 35.9686
v  -52.6020 0.2000 36.3584
v  -49.5507 0.2000 36.7287
v  -46.4967 0.2000 37.0797
v  -43.4400 0.2000 37.4113
v  -40.3809 0.2000 37.7234
v  -37.3193 0.2000 38.0161
v  -34.3314 0.2000 38.2611
v  -32.4325 0.2000 16.2011
v  -64.7791 86.8000 34.6834
v  -67.6250 86.8000 34.2517
v  -61.7392 86.8000 35.1311
v  -58.6964 86.8000 35.5596
v  -55.6506 86.8000 35.9686
v  -52.6020 86.8000 36.3584
v  -49.5507 86.8000 36.7287
v  -46.4967 86.8000 37.0797
v  -43.4400 86.8000 37.4113
v  -40.3809 86.8000 37.7234
v  -37.3193 86.8000 38.0161
v  -34.3314 86.8000 38.2611
v  -64.2015 86.8000 12.3325
v  -32.4325 86.8000 16.2011
v  -64.7784 86.8458 34.6782
v  -67.6189 86.8458 34.2473
v  -61.7385 86.8458 35.1259
v  -58.6956 86.8458 35.5543
v  -55.6499 86.8458 35.9634
v  -52.6013 86.8458 36.3531
v  -49.5500 86.8458 36.7235
v  -46.4961 86.8458 37.0744
v  -43.4395 86.8458 37.4060
v  -40.3804 86.8458 37.7182
v  -37.3188 86.8458 38.0109
v  -34.3362 86.8458 38.2554
v  -64.1971 86.8458 12.3384
v  -32.4382 86.8458 16.2057
v  -64.7761 86.8879 34.6633
v  -67.6017 86.8879 34.2347
v  -61.7363 86.8879 35.1110
v  -58.6936 86.8879 35.5394
v  -55.6479 86.8879 35.9485
v  -52.5995 86.8879 36.3382
v  -49.5483 86.8879 36.7085
v  -46.4944 86.8879 37.0595
v  -43.4379 86.8879 37.3910
v  -40.3789 86.8879 37.7032
v  -37.3174 86.8879 37.9959
v  -34.3499 86.8879 38.2390
v  -64.1845 86.8879 12.3551
v  -32.4545 86.8879 16.2189
v  -64.7726 86.9250 34.6399
v  -67.5747 86.9250 34.2149
v  -61.7330 86.9250 35.0876
v  -58.6904 86.9250 35.5160
v  -55.6449 86.9250 35.9250
v  -52.5966 86.9250 36.3147
v  -49.5455 86.9250 36.6851
v  -46.4918 86.9250 37.0360
v  -43.4354 86.9250 37.3675
v  -40.3766 86.9250 37.6797
v  -37.3152 86.9250 37.9723
v  -34.3714 86.9250 38.2134
v  -64.1647 86.9250 12.3813
v  -32.4800 86.9250 16.2396
v  -64.7680 86.9560 34.6093
v  -67.5393 86.9560 34.1890
v  -61.7285 86.9560 35.0570
v  -58.6861 86.9560 35.4853
v  -55.6408 86.9560 35.8943
v  -52.5927 86.9560 36.2840
v  -49.5419 86.9560 36.6543
v  -46.4883 86.9560 37.0052
v  -43.4322 86.9560 37.3367
v  -40.3735 86.9560 37.6488
v  -37.3124 86.9560 37.9415
v  -34.3996 86.9560 38.1798
v  -64.1387 86.9560 12.4157
v  -32.5134 86.9560 16.2667
v  -64.7625 86.9797 34.5726
v  -67.4969 86.9797 34.1580
v  -61.7232 86.9797 35.0202
v  -58.6811 86.9797 35.4485
v  -55.6360 86.9797 35.8575
v  -52.5881 86.9797 36.2471
v  -49.5375 86.9797 36.6174
v  -46.4842 86.9797 36.9683
v  -43.4283 86.9797 37.2998
v  -40.3699 86.9797 37.6119
v  -37.3090 86.9797 37.9045
v  -34.4334 86.9797 38.1395
v  -64.1075 86.9797 12.4568
v  -32.5535 86.9797 16.2993
v  -64.7562 86.9947 34.5310
v  -67.4488 86.9947 34.1228
v  -61.7172 86.9947 34.9786
v  -58.6753 86.9947 35.4068
v  -55.6306 86.9947 35.8158
v  -52.5829 86.9947 36.2054
v  -49.5326 86.9947 36.5756
v  -46.4795 86.9947 36.9265
v  -43.4239 86.9947 37.2579
v  -40.3657 86.9947 37.5700
v  -37.3051 86.9947 37.8626
v  -34.4717 86.9947 38.0938
v  -64.0723 86.9947 12.5035
v  -32.5989 86.9947 16.3362
v  -64.7494 87.0000 34.4857
v  -67.3964 87.0000 34.0845
v  -61.7107 87.0000 34.9332
v  -58.6691 87.0000 35.3614
v  -55.6246 87.0000 35.7703
v  -52.5773 87.0000 36.1599
v  -49.5272 87.0000 36.5301
v  -46.4745 87.0000 36.8809
v  -43.4191 87.0000 37.2124
v  -40.3612 87.0000 37.5244
v  -37.3009 87.0000 37.8170
v  -34.5134 87.0000 38.0441
v  -64.0338 87.0000 12.5543
v  -32.6484 87.0000 16.3763
# 224 vertices

vn -0.1131 -0.9934 -0.0177
vn -0.2786 -0.9594 -0.0435
vn -0.2773 -0.9598 -0.0433
vn -0.0169 -0.9934 0.1133
vn -0.0336 -0.9738 0.2249
vn -0.0423 -0.9593 0.2792
vn -0.0172 -0.9934 0.1133
vn -0.0163 -0.9934 0.1133
vn -0.0324 -0.9738 0.2250
vn -0.0156 -0.9934 0.1134
vn -0.0310 -0.9738 0.2252
vn -0.0149 -0.9934 0.1135
vn -0.0295 -0.9738 0.2254
vn -0.0142 -0.9934 0.1136
vn -0.0281 -0.9738 0.2256
vn -0.0134 -0.9934 0.1137
vn -0.0267 -0.9738 0.2258
vn -0.0127 -0.9934 0.1137
vn -0.0252 -0.9738 0.2259
vn -0.0120 -0.9934 0.1138
vn -0.0238 -0.9738 0.2261
vn -0.0113 -0.9934 0.1139
vn -0.0224 -0.9738 0.2262
vn -0.0101 -0.9935 0.1138
vn -0.0201 -0.9739 0.2263
vn -0.0093 -0.9935 0.1136
vn -0.0228 -0.9598 0.2796
vn 0.1140 -0.9934 0.0098
vn 0.2796 -0.9598 0.0241
vn 0.2810 -0.9594 0.0242
vn 0.0138 -0.9934 -0.1136
vn 0.0339 -0.9598 -0.2786
vn -0.4807 -0.8737 -0.0751
vn -0.4795 -0.8743 -0.0749
vn -0.0650 -0.8980 0.4351
vn -0.0730 -0.8734 0.4815
vn -0.0627 -0.8981 0.4353
vn -0.0599 -0.8981 0.4357
vn -0.0572 -0.8981 0.4361
vn -0.0544 -0.8981 0.4364
vn -0.0516 -0.8981 0.4368
vn -0.0488 -0.8981 0.4371
vn -0.0460 -0.8981 0.4374
vn -0.0432 -0.8981 0.4377
vn -0.0388 -0.8983 0.4376
vn -0.0395 -0.8746 0.4832
vn 0.4835 -0.8743 0.0416
vn 0.4847 -0.8737 0.0417
vn 0.0587 -0.8743 -0.4818
vn -0.6540 -0.7495 -0.1022
vn -0.6531 -0.7504 -0.1020
vn -0.0926 -0.7798 0.6192
vn -0.0993 -0.7491 0.6550
vn -0.0892 -0.7799 0.6195
vn -0.0853 -0.7799 0.6201
vn -0.0813 -0.7799 0.6206
vn -0.0774 -0.7799 0.6211
vn -0.0734 -0.7799 0.6216
vn -0.0695 -0.7799 0.6220
vn -0.0655 -0.7799 0.6225
vn -0.0616 -0.7799 0.6229
vn -0.0553 -0.7803 0.6229
vn -0.0539 -0.7510 0.6582
vn 0.6586 -0.7504 0.0567
vn 0.6596 -0.7495 0.0568
vn 0.0799 -0.7504 -0.6562
vn 0.0799 -0.7504 -0.6561
vn -0.7951 -0.5937 -0.1242
vn -0.7944 -0.5946 -0.1241
vn -0.1154 -0.6254 0.7718
vn -0.1207 -0.5932 0.7960
vn -0.1112 -0.6255 0.7722
vn -0.1063 -0.6255 0.7729
vn -0.1014 -0.6255 0.7736
vn -0.0965 -0.6255 0.7742
vn -0.0915 -0.6255 0.7748
vn -0.0866 -0.6255 0.7754
vn -0.0817 -0.6255 0.7759
vn -0.0767 -0.6255 0.7764
vn -0.0689 -0.6261 0.7767
vn -0.0656 -0.5953 0.8008
vn 0.8010 -0.5946 0.0690
vn 0.8018 -0.5936 0.0690
vn 0.0972 -0.5946 -0.7981
vn -0.9004 -0.4116 -0.1406
vn -0.9000 -0.4126 -0.1406
vn -0.1328 -0.4393 0.8885
vn -0.1367 -0.4112 0.9012
vn -0.1281 -0.4395 0.8891
vn -0.1224 -0.4395 0.8899
vn -0.1167 -0.4395 0.8906
vn -0.1111 -0.4395 0.8914
vn -0.1054 -0.4395 0.8921
vn -0.0997 -0.4394 0.8927
vn -0.0940 -0.4395 0.8933
vn -0.0883 -0.4394 0.8939
vn -0.0794 -0.4400 0.8945
vn -0.0744 -0.4130 0.9077
vn 0.9076 -0.4126 0.0781
vn 0.9080 -0.4116 0.0782
vn 0.1101 -0.4126 -0.9042
vn -0.9659 -0.2104 -0.1509
vn -0.9658 -0.2110 -0.1508
vn -0.1440 -0.2271 0.9632
vn -0.1466 -0.2102 0.9666
vn -0.1388 -0.2272 0.9639
vn -0.1327 -0.2272 0.9648
vn -0.1266 -0.2272 0.9656
vn -0.1204 -0.2272 0.9664
vn -0.1143 -0.2272 0.9671
vn -0.1081 -0.2272 0.9678
vn -0.1019 -0.2272 0.9685
vn -0.0958 -0.2272 0.9691
vn -0.0861 -0.2275 0.9700
vn -0.0799 -0.2112 0.9742
vn 0.9739 -0.2110 0.0838
vn 0.9740 -0.2104 0.0838
vn 0.1182 -0.2110 -0.9703
vn -0.9815 -0.1146 -0.1533
vn -0.1469 -0.1146 0.9825
vn -0.1490 -0.1145 0.9822
vn -0.1416 -0.1146 0.9833
vn -0.1354 -0.1146 0.9841
vn -0.1291 -0.1146 0.9850
vn -0.1228 -0.1146 0.9858
vn -0.1166 -0.1146 0.9865
vn -0.1103 -0.1146 0.9873
vn -0.1040 -0.1146 0.9880
vn -0.0977 -0.1146 0.9886
vn -0.0879 -0.1148 0.9895
vn -0.0812 -0.1150 0.9900
vn 0.9897 -0.1146 0.0852
vn 0.1201 -0.1146 -0.9861
vn -0.1479 0.0000 0.9890
vn -0.1500 0.0000 0.9887
vn -0.1426 0.0000 0.9898
vn -0.1363 0.0000 0.9907
vn -0.1300 0.0000 0.9915
vn -0.1236 0.0000 0.9923
vn -0.1173 0.0000 0.9931
vn -0.1110 0.0000 0.9938
vn -0.1047 0.0000 0.9945
vn -0.0983 0.0000 0.9952
vn -0.0884 0.0000 0.9961
vn -0.0817 0.0000 0.9967
vn 0.1209 0.0000 -0.9927
vn -0.1469 0.1146 0.9825
vn -0.1440 0.2271 0.9632
vn -0.1466 0.2102 0.9666
vn -0.1490 0.1145 0.9822
vn -0.1416 0.1146 0.9833
vn -0.1388 0.2272 0.9639
vn -0.1354 0.1146 0.9841
vn -0.1327 0.2272 0.9648
vn -0.1291 0.1146 0.9850
vn -0.1266 0.2272 0.9656
vn -0.1228 0.1146 0.9858
vn -0.1204 0.2272 0.9664
vn -0.1166 0.1146 0.9865
vn -0.1143 0.2272 0.9671
vn -0.1103 0.1146 0.9873
vn -0.1081 0.2272 0.9678
vn -0.1040 0.1146 0.9880
vn -0.1019 0.2272 0.9685
vn -0.0977 0.1146 0.9886
vn -0.0958 0.2272 0.9691
vn -0.0879 0.1149 0.9895
vn -0.0861 0.2275 0.9700
vn -0.0812 0.1150 0.9900
vn -0.0799 0.2112 0.9742
vn 0.1201 0.1146 -0.9861
vn 0.1182 0.2110 -0.9703
vn -0.1328 0.4393 0.8885
vn -0.1367 0.4112 0.9012
vn -0.1281 0.4394 0.8891
vn -0.1224 0.4394 0.8899
vn -0.1167 0.4394 0.8907
vn -0.1111 0.4394 0.8914
vn -0.1054 0.4394 0.8921
vn -0.0997 0.4394 0.8927
vn -0.0940 0.4394 0.8933
vn -0.0883 0.4394 0.8939
vn -0.0794 0.4400 0.8945
vn -0.0744 0.4130 0.9077
vn 0.1101 0.4126 -0.9042
vn -0.1154 0.6254 0.7718
vn -0.1207 0.5932 0.7960
vn -0.1112 0.6255 0.7722
vn -0.1063 0.6255 0.7729
vn -0.1014 0.6255 0.7736
vn -0.0965 0.6255 0.7742
vn -0.0915 0.6255 0.7748
vn -0.0866 0.6255 0.7754
vn -0.0817 0.6255 0.7759
vn -0.0767 0.6255 0.7764
vn -0.0689 0.6261 0.7767
vn -0.0656 0.5952 0.8009
vn 0.0972 0.5946 -0.7981
vn -0.0925 0.7798 0.6191
vn -0.0993 0.7491 0.6549
vn -0.0892 0.7800 0.6194
vn -0.0853 0.7800 0.6200
vn -0.0813 0.7800 0.6205
vn -0.0774 0.7800 0.6210
vn -0.0734 0.7800 0.6215
vn -0.0695 0.7800 0.6219
vn -0.0655 0.7800 0.6224
vn -0.0615 0.7800 0.6228
vn -0.0553 0.7804 0.6228
vn -0.0538 0.7510 0.6581
vn 0.0799 0.7504 -0.6561
vn -0.0650 0.8981 0.4350
vn -0.0730 0.8735 0.4814
vn -0.0627 0.8981 0.4352
vn -0.0599 0.8981 0.4356
vn -0.0571 0.8981 0.4360
vn -0.0544 0.8981 0.4363
vn -0.0516 0.8981 0.4367
vn -0.0488 0.8981 0.4370
vn -0.0460 0.8981 0.4373
vn -0.0432 0.8981 0.4376
vn -0.0388 0.8983 0.4376
vn -0.0395 0.8747 0.4830
vn 0.0587 0.8744 -0.4817
vn 0.0586 0.8744 -0.4816
vn -0.0336 0.9738 0.2250
vn -0.0423 0.9593 0.2793
vn -0.0324 0.9738 0.2252
vn -0.0310 0.9738 0.2254
vn -0.0296 0.9738 0.2256
vn -0.0281 0.9738 0.2257
vn -0.0267 0.9738 0.2259
vn -0.0253 0.9738 0.2261
vn -0.0238 0.9738 0.2262
vn -0.0224 0.9738 0.2264
vn -0.0201 0.9738 0.2265
vn -0.0228 0.9598 0.2797
vn 0.0339 0.9598 -0.2788
vn 0.0339 0.9598 -0.2787
vn -0.0170 0.9934 0.1135
vn -0.0172 0.9934 0.1135
vn -0.0163 0.9934 0.1135
vn -0.0156 0.9934 0.1136
vn -0.0149 0.9934 0.1137
vn -0.0142 0.9934 0.1138
vn -0.0135 0.9934 0.1139
vn -0.0127 0.9934 0.1140
vn -0.0120 0.9934 0.1141
vn -0.0113 0.9934 0.1141
vn -0.0101 0.9934 0.1140
vn -0.0093 0.9935 0.1139
vn 0.0139 0.9934 -0.1138
vn 0.0000 -1.0000 -0.0000
vn -0.0000 1.0000 -0.0000
vn -0.9880 0.0000 -0.1543
vn 0.9963 0.0000 0.0858
vn -0.9815 0.1146 -0.1533
vn -0.9659 0.2104 -0.1509
vn -0.9658 0.2110 -0.1508
vn 0.9897 0.1146 0.0852
vn 0.9739 0.2111 0.0838
vn 0.9740 0.2104 0.0838
vn -0.9004 0.4116 -0.1406
vn -0.9000 0.4126 -0.1406
vn 0.9076 0.4126 0.0781
vn 0.9080 0.4116 0.0782
vn -0.7951 0.5936 -0.1242
vn -0.7944 0.5946 -0.1241
vn 0.8011 0.5946 0.0690
vn 0.8018 0.5936 0.0690
vn -0.6540 0.7496 -0.1021
vn -0.6531 0.7504 -0.1020
vn 0.6585 0.7504 0.0567
vn 0.6595 0.7495 0.0568
vn -0.4805 0.8738 -0.0750
vn -0.4794 0.8744 -0.0749
vn 0.4834 0.8744 0.0416
vn 0.4846 0.8737 0.0417
vn -0.2787 0.9594 -0.0435
vn -0.2775 0.9598 -0.0433
vn 0.2797 0.9598 0.0241
vn 0.2811 0.9594 0.0242
vn -0.1133 0.9934 -0.0177
vn 0.1143 0.9934 0.0098
# 284 vertex normals

vt 0.0110 0.0005 0.0000
vt 0.0086 0.0006 0.0000
vt 0.1591 0.0006 0.0000
vt 0.1608 0.0005 0.0000
vt 0.1289 0.0005 0.0000
vt 0.1286 0.0006 0.0000
vt 0.2644 0.0005 0.0000
vt 0.2641 0.0006 0.0000
vt 0.3999 0.0005 0.0000
vt 0.3996 0.0006 0.0000
vt 0.5356 0.0005 0.0000
vt 0.5353 0.0006 0.0000
vt 0.6714 0.0005 0.0000
vt 0.6712 0.0006 0.0000
vt 0.8074 0.0005 0.0000
vt 0.8071 0.0006 0.0000
vt 0.9434 0.0005 0.0000
vt 0.9432 0.0006 0.0000
vt 1.0796 0.0005 0.0000
vt 1.0794 0.0006 0.0000
vt 1.2159 0.0005 0.0000
vt 1.2157 0.0006 0.0000
vt 1.3522 0.0005 0.0000
vt 1.3521 0.0006 0.0000
vt 1.4765 0.0005 0.0000
vt 1.4783 0.0006 0.0000
vt 1.5596 0.0005 0.0000
vt 1.5618 0.0006 0.0000
vt 0.0065 0.0007 0.0000
vt 0.1575 0.0007 0.0000
vt 0.1284 0.0007 0.0000
vt 0.2638 0.0007 0.0000
vt 0.3994 0.0007 0.0000
vt 0.5351 0.0007 0.0000
vt 0.6709 0.0007 0.0000
vt 0.8069 0.0007 0.0000
vt 0.9430 0.0007 0.0000
vt 1.0792 0.0007 0.0000
vt 1.2155 0.0007 0.0000
vt 1.3519 0.0007 0.0000
vt 1.4800 0.0007 0.0000
vt 1.5638 0.0007 0.0000
vt 0.0046 0.0010 0.0000
vt 0.1562 0.0010 0.0000
vt 0.1281 0.0010 0.0000
vt 0.2636 0.0010 0.0000
vt 0.3992 0.0010 0.0000
vt 0.5349 0.0010 0.0000
vt 0.6707 0.0010 0.0000
vt 0.8067 0.0010 0.0000
vt 0.9428 0.0010 0.0000
vt 1.0790 0.0010 0.0000
vt 1.2153 0.0010 0.0000
vt 1.3517 0.0010 0.0000
vt 1.4815 0.0010 0.0000
vt 1.5656 0.0010 0.0000
vt 0.0030 0.0014 0.0000
vt 0.1550 0.0014 0.0000
vt 0.1279 0.0014 0.0000
vt 0.2634 0.0014 0.0000
vt 0.3990 0.0014 0.0000
vt 0.5347 0.0014 0.0000
vt 0.6706 0.0014 0.0000
vt 0.8065 0.0014 0.0000
vt 0.9426 0.0014 0.0000
vt 1.0788 0.0014 0.0000
vt 1.2152 0.0014 0.0000
vt 1.3516 0.0014 0.0000
vt 1.4828 0.0014 0.0000
vt 1.5671 0.0014 0.0000
vt 0.0018 0.0018 0.0000
vt 0.1541 0.0018 0.0000
vt 0.1278 0.0018 0.0000
vt 0.2632 0.0018 0.0000
vt 0.3988 0.0018 0.0000
vt 0.5346 0.0018 0.0000
vt 0.6704 0.0018 0.0000
vt 0.8064 0.0018 0.0000
vt 0.9425 0.0018 0.0000
vt 1.0787 0.0018 0.0000
vt 1.2151 0.0018 0.0000
vt 1.3515 0.0018 0.0000
vt 1.4838 0.0018 0.0000
vt 1.5682 0.0018 0.0000
vt 0.0011 0.0023 0.0000
vt 0.1536 0.0023 0.0000
vt 0.1277 0.0023 0.0000
vt 0.2631 0.0023 0.0000
vt 0.3987 0.0023 0.0000
vt 0.5345 0.0023 0.0000
vt 0.6703 0.0023 0.0000
vt 0.8063 0.0023 0.0000
vt 0.9424 0.0023 0.0000
vt 1.0787 0.0023 0.0000
vt 1.2150 0.0023 0.0000
vt 1.3514 0.0023 0.0000
vt 1.4844 0.0023 0.0000
vt 1.5690 0.0023 0.0000
vt 0.0008 0.0028 0.0000
vt 0.1534 0.0028 0.0000
vt 0.1276 0.0028 0.0000
vt 0.2631 0.0028 0.0000
vt 0.3987 0.0028 0.0000
vt 0.5345 0.0028 0.0000
vt 0.6703 0.0028 0.0000
vt 0.8063 0.0028 0.0000
vt 0.9424 0.0028 0.0000
vt 1.0786 0.0028 0.0000
vt 1.2150 0.0028 0.0000
vt 1.3514 0.0028 0.0000
vt 1.4846 0.0028 0.0000
vt 1.5692 0.0028 0.0000
vt 0.1276 0.9972 0.0000
vt 0.0008 0.9972 0.0000
vt 0.2631 0.9972 0.0000
vt 0.3987 0.9972 0.0000
vt 0.5345 0.9972 0.0000
vt 0.6703 0.9972 0.0000
vt 0.8063 0.9972 0.0000
vt 0.9424 0.9972 0.0000
vt 1.0786 0.9972 0.0000
vt 1.2150 0.9972 0.0000
vt 1.3514 0.9972 0.0000
vt 1.4846 0.9972 0.0000
vt 0.1534 0.9972 0.0000
vt 1.5692 0.9972 0.0000
vt 0.1277 0.9977 0.0000
vt 0.0011 0.9977 0.0000
vt 0.2631 0.9977 0.0000
vt 0.3987 0.9977 0.0000
vt 0.5345 0.9977 0.0000
vt 0.6703 0.9977 0.0000
vt 0.8063 0.9977 0.0000
vt 0.9424 0.9977 0.0000
vt 1.0787 0.9977 0.0000
vt 1.2150 0.9977 0.0000
vt 1.3514 0.9977 0.0000
vt 1.4844 0.9977 0.0000
vt 0.1536 0.9977 0.0000
vt 1.5690 0.9977 0.0000
vt 0.1278 0.9982 0.0000
vt 0.0018 0.9982 0.0000
vt 0.2632 0.9982 0.0000
vt 0.3988 0.9982 0.0000
vt 0.5346 0.9982 0.0000
vt 0.6704 0.9982 0.0000
vt 0.8064 0.9982 0.0000
vt 0.9425 0.9982 0.0000
vt 1.0787 0.9982 0.0000
vt 1.2151 0.9982 0.0000
vt 1.3515 0.9982 0.0000
vt 1.4838 0.9982 0.0000
vt 0.1541 0.9982 0.0000
vt 1.5682 0.9982 0.0000
vt 0.1279 0.9986 0.0000
vt 0.0030 0.9986 0.0000
vt 0.2634 0.9986 0.0000
vt 0.3990 0.9986 0.0000
vt 0.5347 0.9986 0.0000
vt 0.6706 0.9986 0.0000
vt 0.8065 0.9986 0.0000
vt 0.9426 0.9986 0.0000
vt 1.0788 0.9986 0.0000
vt 1.2152 0.9986 0.0000
vt 1.3516 0.9986 0.0000
vt 1.4828 0.9986 0.0000
vt 0.1550 0.9986 0.0000
vt 1.5671 0.9986 0.0000
vt 0.1281 0.9990 0.0000
vt 0.0046 0.9990 0.0000
vt 0.2636 0.9990 0.0000
vt 0.3992 0.9990 0.0000
vt 0.5349 0.9990 0.0000
vt 0.6707 0.9990 0.0000
vt 0.8067 0.9990 0.0000
vt 0.9428 0.9990 0.0000
vt 1.0790 0.9990 0.0000
vt 1.2153 0.9990 0.0000
vt 1.3517 0.9990 0.0000
vt 1.4815 0.9990 0.0000
vt 0.1562 0.9990 0.0000
vt 1.5656 0.9990 0.0000
vt 0.1284 0.9993 0.0000
vt 0.0065 0.9993 0.0000
vt 0.2638 0.9993 0.0000
vt 0.3994 0.9993 0.0000
vt 0.5351 0.9993 0.0000
vt 0.6709 0.9993 0.0000
vt 0.8069 0.9993 0.0000
vt 0.9430 0.9993 0.0000
vt 1.0792 0.9993 0.0000
vt 1.2155 0.9993 0.0000
vt 1.3519 0.9993 0.0000
vt 1.4800 0.9993 0.0000
vt 0.1575 0.9993 0.0000
vt 1.5638 0.9993 0.0000
vt 0.1286 0.9994 0.0000
vt 0.0086 0.9994 0.0000
vt 0.2641 0.9994 0.0000
vt 0.3996 0.9994 0.0000
vt 0.5353 0.9994 0.0000
vt 0.6712 0.9994 0.0000
vt 0.8071 0.9994 0.0000
vt 0.9432 0.9994 0.0000
vt 1.0794 0.9994 0.0000
vt 1.2157 0.9994 0.0000
vt 1.3521 0.9994 0.0000
vt 1.4783 0.9994 0.0000
vt 0.1591 0.9994 0.0000
vt 1.5618 0.9994 0.0000
vt 0.1289 0.9995 0.0000
vt 0.0110 0.9995 0.0000
vt 0.2644 0.9995 0.0000
vt 0.3999 0.9995 0.0000
vt 0.5356 0.9995 0.0000
vt 0.6714 0.9995 0.0000
vt 0.8074 0.9995 0.0000
vt 0.9434 0.9995 0.0000
vt 1.0796 0.9995 0.0000
vt 1.2159 0.9995 0.0000
vt 1.3522 0.9995 0.0000
vt 1.4765 0.9995 0.0000
vt 0.1608 0.9995 0.0000
vt 1.5596 0.9995 0.0000
vt 0.1289 0.3945 0.0000
vt 0.2644 0.3893 0.0000
vt 0.3999 0.3844 0.0000
vt 0.5356 0.3797 0.0000
vt 0.6714 0.3753 0.0000
vt 0.8074 0.3710 0.0000
vt 0.9434 0.3670 0.0000
vt 1.0796 0.3632 0.0000
vt 1.2159 0.3596 0.0000
vt 1.3522 0.3562 0.0000
vt 1.4765 0.3536 0.0000
vt 1.5596 0.6024 0.0000
vt 0.1608 0.6463 0.0000
vt 0.0110 0.3991 0.0000
vt 1.1841 0.0028 0.0000
vt 1.1841 0.9972 0.0000
vt 0.2072 0.9972 0.0000
vt 0.2072 0.0028 0.0000
vt 0.3796 0.0028 0.0000
vt 0.3796 0.9972 0.0000
vt 1.3628 0.9972 0.0000
vt 1.3628 0.0028 0.0000
vt 1.1839 0.9977 0.0000
vt 0.2075 0.9977 0.0000
vt 0.3798 0.9977 0.0000
vt 1.3625 0.9977 0.0000
vt 1.1833 0.9982 0.0000
vt 0.2082 0.9982 0.0000
vt 0.3804 0.9982 0.0000
vt 1.3618 0.9982 0.0000
vt 1.1825 0.9986 0.0000
vt 0.2094 0.9986 0.0000
vt 0.3813 0.9986 0.0000
vt 1.3607 0.9986 0.0000
vt 1.1813 0.9990 0.0000
vt 0.2109 0.9990 0.0000
vt 0.3826 0.9990 0.0000
vt 1.3592 0.9990 0.0000
vt 1.1799 0.9993 0.0000
vt 0.2128 0.9993 0.0000
vt 0.3840 0.9993 0.0000
vt 1.3574 0.9993 0.0000
vt 1.1783 0.9994 0.0000
vt 0.2148 0.9994 0.0000
vt 0.3856 0.9994 0.0000
vt 1.3553 0.9994 0.0000
vt 1.1766 0.9995 0.0000
vt 0.2171 0.9995 0.0000
vt 0.3874 0.9995 0.0000
vt 1.3531 0.9995 0.0000
# 274 texture coords

g Archmodels_vol_89_001_9
usemtl wire_127127127
s off
f 1979/2512/2380 1980/2513/2381 1981/2514/2382 1982/2515/2380 
f 1983/2516/2383 1984/2517/2384 1980/2513/2385 1979/2512/2386 
f 1985/2518/2387 1986/2519/2388 1984/2517/2384 1983/2516/2383 
f 1987/2520/2389 1988/2521/2390 1986/2519/2388 1985/2518/2387 
f 1989/2522/2391 1990/2523/2392 1988/2521/2390 1987/2520/2389 
f 1991/2524/2393 1992/2525/2394 1990/2523/2392 1989/2522/2391 
f 1993/2526/2395 1994/2527/2396 1992/2525/2394 1991/2524/2393 
f 1995/2528/2397 1996/2529/2398 1994/2527/2396 1993/2526/2395 
f 1997/2530/2399 1998/2531/2400 1996/2529/2398 1995/2528/2397 
f 1999/2532/2401 2000/2533/2402 1998/2531/2400 1997/2530/2399 
f 2001/2534/2403 2002/2535/2404 2000/2533/2402 1999/2532/2401 
f 2003/2536/2405 2004/2537/2406 2002/2535/2404 2001/2534/2403 
f 2005/2538/2407 2006/2539/2408 2004/2537/2409 2003/2536/2407 
f 1982/2515/2410 1981/2514/2411 2006/2539/2411 2005/2538/2410 
f 1980/2513/2381 2007/2540/2412 2008/2541/2413 1981/2514/2382 
f 1984/2517/2384 2009/2542/2414 2007/2540/2415 1980/2513/2385 
f 1986/2519/2388 2010/2543/2416 2009/2542/2414 1984/2517/2384 
f 1988/2521/2390 2011/2544/2417 2010/2543/2416 1986/2519/2388 
f 1990/2523/2392 2012/2545/2418 2011/2544/2417 1988/2521/2390 
f 1992/2525/2394 2013/2546/2419 2012/2545/2418 1990/2523/2392 
f 1994/2527/2396 2014/2547/2420 2013/2546/2419 1992/2525/2394 
f 1996/2529/2398 2015/2548/2421 2014/2547/2420 1994/2527/2396 
f 1998/2531/2400 2016/2549/2422 2015/2548/2421 1996/2529/2398 
f 2000/2533/2402 2017/2550/2423 2016/2549/2422 1998/2531/2400 
f 2002/2535/2404 2018/2551/2424 2017/2550/2423 2000/2533/2402 
f 2004/2537/2406 2019/2552/2425 2018/2551/2424 2002/2535/2404 
f 2006/2539/2408 2020/2553/2426 2019/2552/2427 2004/2537/2409 
f 1981/2514/2411 2008/2541/2428 2020/2553/2428 2006/2539/2411 
f 2007/2540/2412 2021/2554/2429 2022/2555/2430 2008/2541/2413 
f 2009/2542/2414 2023/2556/2431 2021/2554/2432 2007/2540/2415 
f 2010/2543/2416 2024/2557/2433 2023/2556/2431 2009/2542/2414 
f 2011/2544/2417 2025/2558/2434 2024/2557/2433 2010/2543/2416 
f 2012/2545/2418 2026/2559/2435 2025/2558/2434 2011/2544/2417 
f 2013/2546/2419 2027/2560/2436 2026/2559/2435 2012/2545/2418 
f 2014/2547/2420 2028/2561/2437 2027/2560/2436 2013/2546/2419 
f 2015/2548/2421 2029/2562/2438 2028/2561/2437 2014/2547/2420 
f 2016/2549/2422 2030/2563/2439 2029/2562/2438 2015/2548/2421 
f 2017/2550/2423 2031/2564/2440 2030/2563/2439 2016/2549/2422 
f 2018/2551/2424 2032/2565/2441 2031/2564/2440 2017/2550/2423 
f 2019/2552/2425 2033/2566/2442 2032/2565/2441 2018/2551/2424 
f 2020/2553/2426 2034/2567/2443 2033/2566/2444 2019/2552/2427 
f 2008/2541/2428 2022/2555/2445 2034/2567/2446 2020/2553/2428 
f 2021/2554/2429 2035/2568/2447 2036/2569/2448 2022/2555/2430 
f 2023/2556/2431 2037/2570/2449 2035/2568/2450 2021/2554/2432 
f 2024/2557/2433 2038/2571/2451 2037/2570/2449 2023/2556/2431 
f 2025/2558/2434 2039/2572/2452 2038/2571/2451 2024/2557/2433 
f 2026/2559/2435 2040/2573/2453 2039/2572/2452 2025/2558/2434 
f 2027/2560/2436 2041/2574/2454 2040/2573/2453 2026/2559/2435 
f 2028/2561/2437 2042/2575/2455 2041/2574/2454 2027/2560/2436 
f 2029/2562/2438 2043/2576/2456 2042/2575/2455 2028/2561/2437 
f 2030/2563/2439 2044/2577/2457 2043/2576/2456 2029/2562/2438 
f 2031/2564/2440 2045/2578/2458 2044/2577/2457 2030/2563/2439 
f 2032/2565/2441 2046/2579/2459 2045/2578/2458 2031/2564/2440 
f 2033/2566/2442 2047/2580/2460 2046/2579/2459 2032/2565/2441 
f 2034/2567/2443 2048/2581/2461 2047/2580/2462 2033/2566/2444 
f 2022/2555/2445 2036/2569/2463 2048/2581/2463 2034/2567/2446 
f 2035/2568/2447 2049/2582/2464 2050/2583/2465 2036/2569/2448 
f 2037/2570/2449 2051/2584/2466 2049/2582/2467 2035/2568/2450 
f 2038/2571/2451 2052/2585/2468 2051/2584/2466 2037/2570/2449 
f 2039/2572/2452 2053/2586/2469 2052/2585/2468 2038/2571/2451 
f 2040/2573/2453 2054/2587/2470 2053/2586/2469 2039/2572/2452 
f 2041/2574/2454 2055/2588/2471 2054/2587/2470 2040/2573/2453 
f 2042/2575/2455 2056/2589/2472 2055/2588/2471 2041/2574/2454 
f 2043/2576/2456 2057/2590/2473 2056/2589/2472 2042/2575/2455 
f 2044/2577/2457 2058/2591/2474 2057/2590/2473 2043/2576/2456 
f 2045/2578/2458 2059/2592/2475 2058/2591/2474 2044/2577/2457 
f 2046/2579/2459 2060/2593/2476 2059/2592/2475 2045/2578/2458 
f 2047/2580/2460 2061/2594/2477 2060/2593/2476 2046/2579/2459 
f 2048/2581/2461 2062/2595/2478 2061/2594/2479 2047/2580/2462 
f 2036/2569/2463 2050/2583/2480 2062/2595/2480 2048/2581/2463 
f 2049/2582/2464 2063/2596/2481 2064/2597/2482 2050/2583/2465 
f 2051/2584/2466 2065/2598/2483 2063/2596/2484 2049/2582/2467 
f 2052/2585/2468 2066/2599/2485 2065/2598/2483 2051/2584/2466 
f 2053/2586/2469 2067/2600/2486 2066/2599/2485 2052/2585/2468 
f 2054/2587/2470 2068/2601/2487 2067/2600/2486 2053/2586/2469 
f 2055/2588/2471 2069/2602/2488 2068/2601/2487 2054/2587/2470 
f 2056/2589/2472 2070/2603/2489 2069/2602/2488 2055/2588/2471 
f 2057/2590/2473 2071/2604/2490 2070/2603/2489 2056/2589/2472 
f 2058/2591/2474 2072/2605/2491 2071/2604/2490 2057/2590/2473 
f 2059/2592/2475 2073/2606/2492 2072/2605/2491 2058/2591/2474 
f 2060/2593/2476 2074/2607/2493 2073/2606/2492 2059/2592/2475 
f 2061/2594/2477 2075/2608/2494 2074/2607/2493 2060/2593/2476 
f 2062/2595/2478 2076/2609/2495 2075/2608/2496 2061/2594/2479 
f 2050/2583/2480 2064/2597/2497 2076/2609/2497 2062/2595/2480 
f 2063/2596/2481 2077/2610/2498 2078/2611/2498 2064/2597/2482 
f 2065/2598/2483 2079/2612/2499 2077/2610/2500 2063/2596/2484 
f 2066/2599/2485 2080/2613/2501 2079/2612/2499 2065/2598/2483 
f 2067/2600/2486 2081/2614/2502 2080/2613/2501 2066/2599/2485 
f 2068/2601/2487 2082/2615/2503 2081/2614/2502 2067/2600/2486 
f 2069/2602/2488 2083/2616/2504 2082/2615/2503 2068/2601/2487 
f 2070/2603/2489 2084/2617/2505 2083/2616/2504 2069/2602/2488 
f 2071/2604/2490 2085/2618/2506 2084/2617/2505 2070/2603/2489 
f 2072/2605/2491 2086/2619/2507 2085/2618/2506 2071/2604/2490 
f 2073/2606/2492 2087/2620/2508 2086/2619/2507 2072/2605/2491 
f 2074/2607/2493 2088/2621/2509 2087/2620/2508 2073/2606/2492 
f 2075/2608/2494 2089/2622/2510 2088/2621/2509 2074/2607/2493 
f 2076/2609/2495 2090/2623/2511 2089/2622/2511 2075/2608/2496 
f 2064/2597/2497 2078/2611/2512 2090/2623/2512 2076/2609/2497 
f 2079/2612/2513 2091/2624/2513 2092/2625/2514 2077/2610/2514 
f 2080/2613/2515 2093/2626/2515 2091/2624/2513 2079/2612/2513 
f 2081/2614/2516 2094/2627/2516 2093/2626/2515 2080/2613/2515 
f 2082/2615/2517 2095/2628/2517 2094/2627/2516 2081/2614/2516 
f 2083/2616/2518 2096/2629/2518 2095/2628/2517 2082/2615/2517 
f 2084/2617/2519 2097/2630/2519 2096/2629/2518 2083/2616/2518 
f 2085/2618/2520 2098/2631/2520 2097/2630/2519 2084/2617/2519 
f 2086/2619/2521 2099/2632/2521 2098/2631/2520 2085/2618/2520 
f 2087/2620/2522 2100/2633/2522 2099/2632/2521 2086/2619/2521 
f 2088/2621/2523 2101/2634/2523 2100/2633/2522 2087/2620/2522 
f 2089/2622/2524 2102/2635/2524 2101/2634/2523 2088/2621/2523 
f 2078/2611/2525 2103/2636/2525 2104/2637/2525 2090/2623/2525 
f 2091/2624/2526 2105/2638/2527 2106/2639/2528 2092/2625/2529 
f 2093/2626/2530 2107/2640/2531 2105/2638/2527 2091/2624/2526 
f 2094/2627/2532 2108/2641/2533 2107/2640/2531 2093/2626/2530 
f 2095/2628/2534 2109/2642/2535 2108/2641/2533 2094/2627/2532 
f 2096/2629/2536 2110/2643/2537 2109/2642/2535 2095/2628/2534 
f 2097/2630/2538 2111/2644/2539 2110/2643/2537 2096/2629/2536 
f 2098/2631/2540 2112/2645/2541 2111/2644/2539 2097/2630/2538 
f 2099/2632/2542 2113/2646/2543 2112/2645/2541 2098/2631/2540 
f 2100/2633/2544 2114/2647/2545 2113/2646/2543 2099/2632/2542 
f 2101/2634/2546 2115/2648/2547 2114/2647/2545 2100/2633/2544 
f 2102/2635/2548 2116/2649/2549 2115/2648/2547 2101/2634/2546 
f 2103/2636/2550 2117/2650/2551 2118/2651/2551 2104/2637/2550 
f 2105/2638/2527 2119/2652/2552 2120/2653/2553 2106/2639/2528 
f 2107/2640/2531 2121/2654/2554 2119/2652/2552 2105/2638/2527 
f 2108/2641/2533 2122/2655/2555 2121/2654/2554 2107/2640/2531 
f 2109/2642/2535 2123/2656/2556 2122/2655/2555 2108/2641/2533 
f 2110/2643/2537 2124/2657/2557 2123/2656/2556 2109/2642/2535 
f 2111/2644/2539 2125/2658/2558 2124/2657/2557 2110/2643/2537 
f 2112/2645/2541 2126/2659/2559 2125/2658/2558 2111/2644/2539 
f 2113/2646/2543 2127/2660/2560 2126/2659/2559 2112/2645/2541 
f 2114/2647/2545 2128/2661/2561 2127/2660/2560 2113/2646/2543 
f 2115/2648/2547 2129/2662/2562 2128/2661/2561 2114/2647/2545 
f 2116/2649/2549 2130/2663/2563 2129/2662/2562 2115/2648/2547 
f 2117/2650/2551 2131/2664/2564 2132/2665/2564 2118/2651/2551 
f 2119/2652/2552 2133/2666/2565 2134/2667/2566 2120/2653/2553 
f 2121/2654/2554 2135/2668/2567 2133/2666/2565 2119/2652/2552 
f 2122/2655/2555 2136/2669/2568 2135/2668/2567 2121/2654/2554 
f 2123/2656/2556 2137/2670/2569 2136/2669/2568 2122/2655/2555 
f 2124/2657/2557 2138/2671/2570 2137/2670/2569 2123/2656/2556 
f 2125/2658/2558 2139/2672/2571 2138/2671/2570 2124/2657/2557 
f 2126/2659/2559 2140/2673/2572 2139/2672/2571 2125/2658/2558 
f 2127/2660/2560 2141/2674/2573 2140/2673/2572 2126/2659/2559 
f 2128/2661/2561 2142/2675/2574 2141/2674/2573 2127/2660/2560 
f 2129/2662/2562 2143/2676/2575 2142/2675/2574 2128/2661/2561 
f 2130/2663/2563 2144/2677/2576 2143/2676/2575 2129/2662/2562 
f 2131/2664/2564 2145/2678/2577 2146/2679/2577 2132/2665/2564 
f 2133/2666/2565 2147/2680/2578 2148/2681/2579 2134/2667/2566 
f 2135/2668/2567 2149/2682/2580 2147/2680/2578 2133/2666/2565 
f 2136/2669/2568 2150/2683/2581 2149/2682/2580 2135/2668/2567 
f 2137/2670/2569 2151/2684/2582 2150/2683/2581 2136/2669/2568 
f 2138/2671/2570 2152/2685/2583 2151/2684/2582 2137/2670/2569 
f 2139/2672/2571 2153/2686/2584 2152/2685/2583 2138/2671/2570 
f 2140/2673/2572 2154/2687/2585 2153/2686/2584 2139/2672/2571 
f 2141/2674/2573 2155/2688/2586 2154/2687/2585 2140/2673/2572 
f 2142/2675/2574 2156/2689/2587 2155/2688/2586 2141/2674/2573 
f 2143/2676/2575 2157/2690/2588 2156/2689/2587 2142/2675/2574 
f 2144/2677/2576 2158/2691/2589 2157/2690/2588 2143/2676/2575 
f 2145/2678/2577 2159/2692/2590 2160/2693/2590 2146/2679/2577 
f 2147/2680/2578 2161/2694/2591 2162/2695/2592 2148/2681/2579 
f 2149/2682/2580 2163/2696/2593 2161/2694/2591 2147/2680/2578 
f 2150/2683/2581 2164/2697/2594 2163/2696/2593 2149/2682/2580 
f 2151/2684/2582 2165/2698/2595 2164/2697/2594 2150/2683/2581 
f 2152/2685/2583 2166/2699/2596 2165/2698/2595 2151/2684/2582 
f 2153/2686/2584 2167/2700/2597 2166/2699/2596 2152/2685/2583 
f 2154/2687/2585 2168/2701/2598 2167/2700/2597 2153/2686/2584 
f 2155/2688/2586 2169/2702/2599 2168/2701/2598 2154/2687/2585 
f 2156/2689/2587 2170/2703/2600 2169/2702/2599 2155/2688/2586 
f 2157/2690/2588 2171/2704/2601 2170/2703/2600 2156/2689/2587 
f 2158/2691/2589 2172/2705/2602 2171/2704/2601 2157/2690/2588 
f 2159/2692/2590 2173/2706/2603 2174/2707/2604 2160/2693/2590 
f 2161/2694/2591 2175/2708/2605 2176/2709/2606 2162/2695/2592 
f 2163/2696/2593 2177/2710/2607 2175/2708/2605 2161/2694/2591 
f 2164/2697/2594 2178/2711/2608 2177/2710/2607 2163/2696/2593 
f 2165/2698/2595 2179/2712/2609 2178/2711/2608 2164/2697/2594 
f 2166/2699/2596 2180/2713/2610 2179/2712/2609 2165/2698/2595 
f 2167/2700/2597 2181/2714/2611 2180/2713/2610 2166/2699/2596 
f 2168/2701/2598 2182/2715/2612 2181/2714/2611 2167/2700/2597 
f 2169/2702/2599 2183/2716/2613 2182/2715/2612 2168/2701/2598 
f 2170/2703/2600 2184/2717/2614 2183/2716/2613 2169/2702/2599 
f 2171/2704/2601 2185/2718/2615 2184/2717/2614 2170/2703/2600 
f 2172/2705/2602 2186/2719/2616 2185/2718/2615 2171/2704/2601 
f 2173/2706/2603 2187/2720/2617 2188/2721/2618 2174/2707/2604 
f 2175/2708/2605 2189/2722/2619 2190/2723/2620 2176/2709/2606 
f 2177/2710/2607 2191/2724/2621 2189/2722/2619 2175/2708/2605 
f 2178/2711/2608 2192/2725/2622 2191/2724/2621 2177/2710/2607 
f 2179/2712/2609 2193/2726/2623 2192/2725/2622 2178/2711/2608 
f 2180/2713/2610 2194/2727/2624 2193/2726/2623 2179/2712/2609 
f 2181/2714/2611 2195/2728/2625 2194/2727/2624 2180/2713/2610 
f 2182/2715/2612 2196/2729/2626 2195/2728/2625 2181/2714/2611 
f 2183/2716/2613 2197/2730/2627 2196/2729/2626 2182/2715/2612 
f 2184/2717/2614 2198/2731/2628 2197/2730/2627 2183/2716/2613 
f 2185/2718/2615 2199/2732/2629 2198/2731/2628 2184/2717/2614 
f 2186/2719/2616 2200/2733/2630 2199/2732/2629 2185/2718/2615 
f 2187/2720/2617 2201/2734/2631 2202/2735/2631 2188/2721/2618 
f 1987/2520/2632 1985/2518/2632 1983/2516/2632 1979/2512/2632 
f 1987/2520/2632 1979/2512/2632 1982/2515/2632 2005/2538/2632 
f 1987/2520/2632 2005/2538/2632 2003/2536/2632 2001/2534/2632 
f 1987/2520/2632 2001/2534/2632 1999/2532/2632 1997/2530/2632 
f 1987/2520/2632 1997/2530/2632 1995/2528/2632 1993/2526/2632 
f 1987/2520/2632 1993/2526/2632 1991/2524/2632 1989/2522/2632 
f 2189/2736/2633 2191/2737/2633 2192/2738/2633 2193/2739/2633 
f 2189/2736/2633 2193/2739/2633 2194/2740/2633 2195/2741/2633 
f 2189/2736/2633 2195/2741/2633 2196/2742/2633 2197/2743/2633 
f 2189/2736/2633 2197/2743/2633 2198/2744/2633 2199/2745/2633 
f 2189/2736/2633 2199/2745/2633 2200/2746/2633 2202/2747/2633 
f 2189/2736/2633 2202/2747/2633 2201/2748/2633 2190/2749/2633 
f 2077/2750/2634 2092/2751/2634 2103/2752/2634 2078/2753/2634 
f 2090/2754/2635 2104/2755/2635 2102/2756/2635 2089/2757/2635 
f 2092/2751/2636 2106/2758/2637 2117/2759/2638 2103/2752/2636 
f 2104/2755/2639 2118/2760/2640 2116/2761/2641 2102/2756/2639 
f 2106/2758/2637 2120/2762/2642 2131/2763/2643 2117/2759/2638 
f 2118/2760/2640 2132/2764/2644 2130/2765/2645 2116/2761/2641 
f 2120/2762/2642 2134/2766/2646 2145/2767/2647 2131/2763/2643 
f 2132/2764/2644 2146/2768/2648 2144/2769/2649 2130/2765/2645 
f 2134/2766/2646 2148/2770/2650 2159/2771/2651 2145/2767/2647 
f 2146/2768/2648 2160/2772/2652 2158/2773/2653 2144/2769/2649 
f 2148/2770/2650 2162/2774/2654 2173/2775/2655 2159/2771/2651 
f 2160/2772/2652 2174/2776/2656 2172/2777/2657 2158/2773/2653 
f 2162/2774/2654 2176/2778/2658 2187/2779/2659 2173/2775/2655 
f 2174/2776/2656 2188/2780/2660 2186/2781/2661 2172/2777/2657 
f 2176/2778/2658 2190/2782/2662 2201/2783/2662 2187/2779/2659 
f 2188/2780/2660 2202/2784/2663 2200/2785/2663 2186/2781/2661 
# 222 polygons

#
# object Archmodels_vol_89_001_10
#

v  107.9455 54.0878 29.6245
v  107.5365 54.0278 27.6668
v  89.5683 51.3825 31.1183
v  71.4435 48.7243 33.8794
v  53.4374 46.0835 37.9419
v  53.2508 46.0562 35.9503
v  35.0096 43.3809 37.3309
v  16.7396 40.7015 38.0212
v  -19.9211 35.3248 39.3281
v  -1.5398 38.0206 38.0212
v  -19.8090 35.3413 37.3309
v  -38.0486 32.6663 35.9503
v  -56.2390 29.9985 33.8794
v  -92.6800 24.6360 29.6245
v  -74.3607 27.3408 31.1183
v  -92.2710 24.6960 27.6668
v  -56.5001 29.9602 35.8626
v  -74.6960 27.2916 33.0901
v  -38.2353 32.6389 37.9419
v  16.7770 40.7069 40.0213
v  -1.5772 38.0152 40.0213
v  35.1217 43.3974 39.3281
v  71.7046 48.7626 35.8626
v  89.9035 51.4316 33.0901
v  89.5683 -0.0000 31.1183
v  107.5365 -0.0000 27.6668
v  107.9455 -0.0000 29.6245
v  71.4435 -0.0000 33.8794
v  35.1217 -0.0000 39.3281
v  71.7046 -0.0000 35.8626
v  89.9035 -0.0000 33.0901
v  53.4374 -0.0000 37.9419
v  53.2508 -0.0000 35.9503
v  35.0096 -0.0000 37.3309
v  16.7396 -0.0000 38.0212
v  -1.5398 -0.0000 38.0212
v  -38.2353 -0.0000 37.9419
v  -1.5772 -0.0000 40.0213
v  16.7770 -0.0000 40.0213
v  -19.9211 -0.0000 39.3281
v  -19.8090 -0.0000 37.3309
v  -38.0486 -0.0000 35.9503
v  -56.2390 -0.0000 33.8794
v  -74.3607 -0.0000 31.1183
v  -74.6960 -0.0000 33.0901
v  -56.5001 -0.0000 35.8626
v  -92.2710 -0.0000 27.6668
v  -92.6800 -0.0000 29.6245
v  -92.7344 0.0033 29.6608
v  -92.3066 0.0033 27.6133
v  107.5722 0.0073 27.6133
v  107.9999 0.0073 29.6608
v  -92.7843 0.0127 29.6941
v  -92.3393 0.0128 27.5642
v  107.6049 0.0279 27.5642
v  108.0498 0.0280 29.6941
v  -92.8284 0.0275 29.7234
v  -92.3682 0.0276 27.5209
v  107.6338 0.0604 27.5209
v  108.0939 0.0604 29.7235
v  -92.8652 0.0469 29.7479
v  -92.3923 0.0470 27.4847
v  107.6579 0.1029 27.4847
v  108.1307 0.1030 29.7480
v  -92.8932 0.0701 29.7666
v  -92.4107 0.0703 27.4571
v  107.6763 0.1539 27.4572
v  108.1587 0.1541 29.7667
v  -92.9111 0.0964 29.7785
v  -92.4224 0.0966 27.4396
v  107.6880 0.2117 27.4396
v  108.1766 0.2120 29.7786
v  -92.9174 0.1250 29.7827
v  -92.4265 0.1254 27.4334
v  107.6921 0.2746 27.4334
v  108.1829 0.2750 29.7827
v  -92.9174 24.4762 29.7827
v  -92.4265 24.5478 27.4334
v  107.6921 53.7760 27.4334
v  108.1829 53.8476 29.7827
v  -92.9111 24.5057 29.7785
v  -92.4224 24.5771 27.4396
v  107.6880 53.8383 27.4396
v  108.1766 53.9097 29.7786
v  -92.8932 24.5347 29.7666
v  -92.4107 24.6052 27.4571
v  107.6763 53.8944 27.4572
v  108.1587 53.9650 29.7667
v  -92.8652 24.5620 29.7479
v  -92.3923 24.6312 27.4847
v  107.6579 53.9427 27.4847
v  108.1307 54.0119 29.7480
v  -92.8284 24.5867 29.7234
v  -92.3682 24.6542 27.5209
v  107.6338 53.9817 27.5209
v  108.0939 54.0491 29.7235
v  -92.7843 24.6080 29.6941
v  -92.3393 24.6732 27.5642
v  107.6049 54.0099 27.5642
v  108.0498 54.0751 29.6941
v  -92.7344 24.6247 29.6608
v  -92.3066 24.6874 27.6133
v  107.5722 54.0258 27.6133
v  107.9999 54.0885 29.6608
v  89.5605 0.0069 31.0731
v  71.4374 0.0065 33.8340
v  53.2464 0.0062 35.9047
v  35.0070 0.0058 37.2851
v  16.7387 0.0055 37.9754
v  -1.5389 0.0051 37.9754
v  -19.8064 0.0047 37.2851
v  -38.0442 0.0044 35.9047
v  -56.2329 0.0040 33.8340
v  -74.3529 0.0037 31.0731
v  -74.7037 0.0037 33.1353
v  -56.5062 0.0040 35.9080
v  -38.2396 0.0044 37.9875
v  -19.9237 0.0047 39.3739
v  -1.5780 0.0051 40.0671
v  16.7778 0.0055 40.0671
v  35.1243 0.0058 39.3739
v  53.4418 0.0062 37.9876
v  71.7106 0.0065 35.9080
v  89.9113 0.0069 33.1353
v  89.5534 0.0266 31.0316
v  71.4319 0.0252 33.7923
v  53.2425 0.0238 35.8628
v  35.0046 0.0224 37.2431
v  16.7380 0.0210 37.9333
v  -1.5381 0.0197 37.9333
v  -19.8040 0.0183 37.2431
v  -38.0403 0.0169 35.8628
v  -56.2274 0.0155 33.7923
v  -74.3458 0.0141 31.0316
v  -74.7109 0.0141 33.1768
v  -56.5117 0.0155 35.9497
v  -38.2436 0.0169 38.0294
v  -19.9261 0.0183 39.4159
v  -1.5788 0.0196 40.1092
v  16.7786 0.0210 40.1092
v  35.1267 0.0224 39.4159
v  53.4457 0.0238 38.0295
v  71.7162 0.0252 35.9497
v  89.9184 0.0266 33.1768
v  89.5471 0.0574 30.9950
v  71.4270 0.0544 33.7555
v  53.2390 0.0514 35.8258
v  35.0025 0.0485 37.2060
v  16.7373 0.0455 37.8961
v  -1.5374 0.0425 37.8961
v  -19.8019 0.0395 37.2060
v  -38.0368 0.0365 35.8258
v  -56.2225 0.0335 33.7555
v  -74.3395 0.0305 30.9950
v  -74.7172 0.0305 33.2134
v  -56.5166 0.0335 35.9865
v  -38.2471 0.0365 38.0664
v  -19.9282 0.0395 39.4530
v  -1.5795 0.0425 40.1463
v  16.7793 0.0455 40.1463
v  35.1288 0.0485 39.4530
v  53.4492 0.0515 38.0664
v  71.7211 0.0545 35.9865
v  89.9247 0.0575 33.2134
v  89.5419 0.0978 30.9645
v  71.4229 0.0928 33.7247
v  53.2360 0.0877 35.7950
v  35.0008 0.0826 37.1751
v  16.7367 0.0775 37.8652
v  -1.5368 0.0724 37.8652
v  -19.8001 0.0673 37.1751
v  -38.0338 0.0622 35.7950
v  -56.2184 0.0571 33.7247
v  -74.3343 0.0521 30.9645
v  -74.7224 0.0520 33.2439
v  -56.5207 0.0570 36.0173
v  -38.2500 0.0621 38.0973
v  -19.9300 0.0673 39.4840
v  -1.5801 0.0724 40.1773
v  16.7799 0.0775 40.1773
v  35.1305 0.0826 39.4840
v  53.4521 0.0878 38.0973
v  71.7252 0.0929 36.0173
v  89.9299 0.0979 33.2439
v  89.5379 0.1463 30.9412
v  71.4198 0.1387 33.7013
v  53.2338 0.1311 35.7714
v  34.9994 0.1235 37.1515
v  16.7362 0.1159 37.8415
v  -1.5364 0.1083 37.8415
v  -19.7988 0.1006 37.1515
v  -38.0316 0.0930 35.7714
v  -56.2153 0.0854 33.7013
v  -74.3303 0.0779 30.9412
v  -74.7264 0.0777 33.2672
v  -56.5238 0.0853 36.0407
v  -38.2523 0.0929 38.1208
v  -19.9313 0.1006 39.5075
v  -1.5806 0.1083 40.2009
v  16.7804 0.1159 40.2009
v  35.1319 0.1236 39.5075
v  53.4544 0.1312 38.1208
v  71.7283 0.1389 36.0407
v  89.9339 0.1465 33.2672
v  89.5353 0.2012 30.9263
v  71.4178 0.1908 33.6864
v  53.2324 0.1804 35.7564
v  34.9986 0.1699 37.1365
v  16.7359 0.1594 37.8265
v  -1.5361 0.1489 37.8265
v  -19.7979 0.1384 37.1365
v  -38.0302 0.1280 35.7564
v  -56.2133 0.1175 33.6864
v  -74.3277 0.1071 30.9263
v  -74.7290 0.1069 33.2820
v  -56.5258 0.1173 36.0556
v  -38.2537 0.1278 38.1358
v  -19.9322 0.1384 39.5226
v  -1.5808 0.1489 40.2160
v  16.7806 0.1594 40.2160
v  35.1327 0.1700 39.5226
v  53.4558 0.1805 38.1358
v  71.7303 0.1910 36.0556
v  89.9365 0.2015 33.2820
v  89.5344 0.2611 30.9211
v  71.4171 0.2476 33.6811
v  53.2319 0.2340 35.7512
v  34.9983 0.2204 37.1312
v  16.7358 0.2068 37.8212
v  -1.5360 0.1932 37.8212
v  -19.7976 0.1796 37.1312
v  -38.0297 0.1660 35.7512
v  -56.2126 0.1524 33.6811
v  -74.3269 0.1389 30.9211
v  -74.7299 0.1386 33.2872
v  -56.5265 0.1522 36.0609
v  -38.2542 0.1658 38.1411
v  -19.9324 0.1795 39.5279
v  -1.5809 0.1932 40.2213
v  16.7807 0.2068 40.2213
v  35.1330 0.2205 39.5279
v  53.4563 0.2342 38.1411
v  71.7309 0.2478 36.0609
v  89.9374 0.2614 33.2873
v  89.5344 51.1165 30.9211
v  71.4171 48.4729 33.6811
v  53.2319 45.8194 35.7512
v  34.9983 43.1589 37.1312
v  16.7358 40.4941 37.8212
v  -1.5360 37.8280 37.8212
v  -19.7976 35.1634 37.1312
v  -38.0297 32.5031 35.7512
v  -56.2126 29.8499 33.6811
v  -74.3269 27.2068 30.9211
v  -74.7299 27.1480 33.2872
v  -56.5265 29.8041 36.0609
v  -38.2542 32.4703 38.1411
v  -19.9324 35.1437 39.5279
v  -1.5809 37.8214 40.2213
v  16.7807 40.5007 40.2213
v  35.1330 43.1785 39.5279
v  53.4563 45.8521 38.1411
v  71.7309 48.5187 36.0609
v  89.9374 51.1752 33.2873
v  89.5353 51.1764 30.9263
v  71.4178 48.5297 33.6864
v  53.2324 45.8731 35.7564
v  34.9986 43.2094 37.1365
v  16.7359 40.5415 37.8265
v  -1.5361 37.8723 37.8265
v  -19.7979 35.2045 37.1365
v  -38.0302 32.5410 35.7564
v  -56.2133 29.8847 33.6864
v  -74.3277 27.2385 30.9263
v  -74.7290 27.1799 33.2820
v  -56.5258 29.8391 36.0556
v  -38.2537 32.5084 38.1358
v  -19.9322 35.1849 39.5226
v  -1.5808 37.8657 40.2160
v  16.7806 40.5480 40.2160
v  35.1327 43.2290 39.5226
v  53.4558 45.9057 38.1358
v  71.7303 48.5753 36.0556
v  89.9365 51.2350 33.2820
v  89.5379 51.2317 30.9412
v  71.4198 48.5821 33.7013
v  53.2338 45.9225 35.7714
v  34.9994 43.2559 37.1515
v  16.7362 40.5851 37.8415
v  -1.5364 37.9129 37.8415
v  -19.7988 35.2421 37.1515
v  -38.0316 32.5757 35.7714
v  -56.2153 29.9165 33.7013
v  -74.3303 27.2674 30.9412
v  -74.7264 27.2094 33.2672
v  -56.5238 29.8714 36.0407
v  -38.2523 32.5435 38.1208
v  -19.9313 35.2228 39.5075
v  -1.5806 37.9064 40.2009
v  16.7804 40.5915 40.2009
v  35.1319 43.2753 39.5075
v  53.4544 45.9548 38.1208
v  71.7283 48.6272 36.0407
v  89.9339 51.2896 33.2672
v  89.5419 51.2808 30.9645
v  71.4229 48.6285 33.7247
v  53.2360 45.9663 35.7950
v  35.0008 43.2970 37.1751
v  16.7367 40.6235 37.8652
v  -1.5368 37.9487 37.8652
v  -19.8001 35.2753 37.1751
v  -38.0338 32.6062 35.7950
v  -56.2184 29.9444 33.7247
v  -74.3343 27.2926 30.9645
v  -74.7224 27.2358 33.2439
v  -56.5207 29.9001 36.0173
v  -38.2500 32.5746 38.0973
v  -19.9300 35.2563 39.4840
v  -1.5801 37.9423 40.1773
v  16.7799 40.6299 40.1773
v  35.1305 43.3160 39.4840
v  53.4521 45.9979 38.0973
v  71.7252 48.6728 36.0173
v  89.9299 51.3376 33.2439
v  89.5471 51.3220 30.9950
v  71.4270 48.6675 33.7555
v  53.2390 46.0030 35.8258
v  35.0025 43.3314 37.2060
v  16.7373 40.6557 37.8961
v  -1.5374 37.9785 37.8961
v  -19.8019 35.3028 37.2060
v  -38.0368 32.6315 35.8258
v  -56.2225 29.9674 33.7555
v  -74.3395 27.3133 30.9950
v  -74.7172 27.2580 33.2134
v  -56.5166 29.9243 35.9865
v  -38.2471 32.6007 38.0664
v  -19.9282 35.2843 39.4530
v  -1.5795 37.9723 40.1463
v  16.7793 40.6618 40.1463
v  35.1288 43.3499 39.4530
v  53.4492 46.0338 38.0664
v  71.7211 48.7105 35.9865
v  89.9247 51.3773 33.2134
v  89.5534 51.3537 31.0316
v  71.4319 48.6974 33.7923
v  53.2425 46.0311 35.8628
v  35.0046 43.3578 37.2431
v  16.7380 40.6802 37.9333
v  -1.5381 38.0012 37.9333
v  -19.8040 35.3237 37.2431
v  -38.0403 32.6506 35.8628
v  -56.2274 29.9847 33.7923
v  -74.3458 27.3288 31.0316
v  -74.7109 27.2753 33.1768
v  -56.5117 29.9430 35.9497
v  -38.2436 32.6208 38.0294
v  -19.9261 35.3058 39.4159
v  -1.5788 37.9953 40.1092
v  16.7786 40.6861 40.1092
v  35.1267 43.3757 39.4159
v  53.4457 46.0609 38.0295
v  71.7162 48.7391 35.9497
v  89.9184 51.4072 33.1768
v  89.5605 51.3744 31.0731
v  71.4374 48.7169 33.8340
v  53.2464 46.0494 35.9047
v  35.0070 43.3747 37.2851
v  16.7387 40.6959 37.9754
v  -1.5389 38.0157 37.9754
v  -19.8064 35.3369 37.2851
v  -38.0442 32.6625 35.9047
v  -56.2329 29.9953 33.8340
v  -74.3529 27.3382 31.0731
v  -74.7037 27.2868 33.1353
v  -56.5062 29.9553 35.9080
v  -38.2396 32.6339 37.9875
v  -19.9237 35.3197 39.3739
v  -1.5780 38.0099 40.0671
v  16.7778 40.7016 40.0671
v  35.1243 43.3919 39.3739
v  53.4418 46.0780 37.9876
v  71.7106 48.7569 35.9080
v  89.9113 51.4259 33.1353
# 384 vertices

vn -0.1452 0.9894 -0.0000
vn 0.0000 -1.0000 -0.0000
vn -0.0706 -0.9974 -0.0147
vn -0.1787 -0.9832 -0.0374
vn -0.1780 -0.9833 -0.0372
vn 0.1532 -0.9877 -0.0320
vn 0.3629 -0.9287 -0.0758
vn 0.3644 -0.9281 -0.0761
vn -0.3254 -0.9431 -0.0680
vn -0.3247 -0.9434 -0.0679
vn 0.5893 -0.7985 -0.1231
vn 0.5904 -0.7976 -0.1233
vn -0.4796 -0.8718 -0.1002
vn -0.4787 -0.8723 -0.1001
vn 0.7501 -0.6425 -0.1567
vn 0.7508 -0.6416 -0.1568
vn -0.6426 -0.7543 -0.1343
vn -0.6417 -0.7551 -0.1341
vn 0.8584 -0.4807 -0.1793
vn 0.8588 -0.4799 -0.1794
vn -0.8047 -0.5694 -0.1682
vn -0.8039 -0.5706 -0.1680
vn 0.9276 -0.3194 -0.1937
vn 0.9278 -0.3188 -0.1938
vn -0.9316 -0.3070 -0.1947
vn -0.9312 -0.3083 -0.1946
vn 0.9664 -0.1592 -0.2019
vn 0.9664 -0.1588 -0.2019
vn -0.9626 -0.1813 -0.2012
vn 0.9754 -0.0836 -0.2038
vn -0.9789 -0.0000 -0.2045
vn 0.9789 0.0000 -0.2045
vn -0.9645 0.1767 -0.1961
vn -0.9381 0.2913 -0.1871
vn -0.9363 0.2974 -0.1866
vn 0.9748 0.0846 -0.2062
vn 0.9650 0.1619 -0.2065
vn 0.9645 0.1649 -0.2065
vn -0.8311 0.5334 -0.1574
vn -0.8290 0.5368 -0.1568
vn 0.9212 0.3323 -0.2026
vn 0.9203 0.3346 -0.2025
vn -0.7000 0.7031 -0.1248
vn -0.6983 0.7050 -0.1243
vn 0.8394 0.5089 -0.1909
vn 0.8385 0.5104 -0.1908
vn -0.5680 0.8177 -0.0937
vn -0.5666 0.8187 -0.0933
vn 0.7067 0.6871 -0.1687
vn 0.7062 0.6876 -0.1686
vn -0.4393 0.8960 -0.0644
vn -0.4381 0.8966 -0.0641
vn 0.5083 0.8509 -0.1322
vn 0.5086 0.8508 -0.1323
vn -0.3111 0.9497 -0.0359
vn -0.3100 0.9501 -0.0357
vn 0.2400 0.9675 -0.0798
vn 0.2413 0.9671 -0.0800
vn -0.2124 0.9771 -0.0144
vn 0.0084 0.9994 -0.0324
vn -0.0253 -0.9889 -0.1467
vn -0.0489 -0.9578 -0.2832
vn -0.0684 -0.9318 -0.3565
vn -0.0288 -0.9883 -0.1500
vn -0.0187 -0.9900 -0.1401
vn -0.0363 -0.9617 -0.2718
vn -0.0127 -0.9910 -0.1331
vn -0.0247 -0.9654 -0.2595
vn -0.0072 -0.9920 -0.1259
vn -0.0141 -0.9690 -0.2466
vn -0.0023 -0.9930 -0.1184
vn -0.0045 -0.9725 -0.2329
vn 0.0020 -0.9938 -0.1107
vn 0.0040 -0.9758 -0.2187
vn 0.0058 -0.9947 -0.1029
vn 0.0115 -0.9789 -0.2040
vn 0.0089 -0.9954 -0.0949
vn 0.0178 -0.9818 -0.1889
vn 0.0115 -0.9962 -0.0868
vn 0.0230 -0.9846 -0.1735
vn 0.0135 -0.9968 -0.0787
vn 0.0271 -0.9871 -0.1578
vn 0.0144 -0.9971 -0.0747
vn 0.0363 -0.9815 -0.1882
vn -0.0135 -0.9968 0.0786
vn -0.0273 -0.9868 0.1594
vn -0.0362 -0.9815 0.1882
vn -0.0143 -0.9971 0.0745
vn -0.0115 -0.9962 0.0867
vn -0.0232 -0.9842 0.1753
vn -0.0089 -0.9955 0.0948
vn -0.0179 -0.9814 0.1910
vn -0.0057 -0.9947 0.1028
vn -0.0115 -0.9784 0.2063
vn -0.0020 -0.9939 0.1107
vn -0.0040 -0.9752 0.2212
vn 0.0023 -0.9930 0.1184
vn 0.0046 -0.9718 0.2356
vn 0.0072 -0.9920 0.1260
vn 0.0143 -0.9683 0.2494
vn 0.0127 -0.9910 0.1332
vn 0.0250 -0.9646 0.2626
vn 0.0187 -0.9899 0.1402
vn 0.0367 -0.9607 0.2750
vn 0.0254 -0.9888 0.1468
vn 0.0495 -0.9568 0.2865
vn 0.0288 -0.9883 0.1500
vn 0.0688 -0.9312 0.3580
vn -0.0907 -0.8454 -0.5264
vn -0.1117 -0.8055 -0.5820
vn -0.0680 -0.8574 -0.5101
vn -0.0467 -0.8694 -0.4918
vn -0.0269 -0.8813 -0.4717
vn -0.0086 -0.8930 -0.4499
vn 0.0079 -0.9045 -0.4264
vn 0.0226 -0.9157 -0.4013
vn 0.0353 -0.9264 -0.3748
vn 0.0460 -0.9367 -0.3471
vn 0.0547 -0.9464 -0.3183
vn 0.0659 -0.9375 -0.3417
vn -0.0547 -0.9460 0.3194
vn -0.0657 -0.9376 0.3414
vn -0.0461 -0.9361 0.3486
vn -0.0353 -0.9257 0.3766
vn -0.0226 -0.9148 0.4032
vn -0.0078 -0.9035 0.4285
vn 0.0088 -0.8919 0.4521
vn 0.0272 -0.8801 0.4741
vn 0.0471 -0.8680 0.4942
vn 0.0684 -0.8559 0.5126
vn 0.0913 -0.8438 0.5289
vn 0.1121 -0.8046 0.5832
vn -0.1222 -0.6939 -0.7096
vn -0.1429 -0.6518 -0.7448
vn -0.0926 -0.7124 -0.6956
vn -0.0644 -0.7314 -0.6789
vn -0.0375 -0.7509 -0.6594
vn -0.0121 -0.7708 -0.6369
vn 0.0114 -0.7911 -0.6116
vn 0.0330 -0.8116 -0.5833
vn 0.0522 -0.8321 -0.5522
vn 0.0688 -0.8525 -0.5182
vn 0.0828 -0.8725 -0.4815
vn 0.0966 -0.8605 -0.5002
vn -0.0827 -0.8721 0.4823
vn -0.0961 -0.8609 0.4996
vn -0.0687 -0.8518 0.5194
vn -0.0520 -0.8312 0.5536
vn -0.0328 -0.8105 0.5848
vn -0.0112 -0.7899 0.6132
vn 0.0124 -0.7695 0.6386
vn 0.0378 -0.7494 0.6610
vn 0.0648 -0.7298 0.6806
vn 0.0931 -0.7107 0.6973
vn 0.1227 -0.6923 0.7111
vn 0.1433 -0.6508 0.7456
vn -0.1442 -0.5265 -0.8379
vn -0.1643 -0.4899 -0.8561
vn -0.1104 -0.5465 -0.8302
vn -0.0776 -0.5677 -0.8196
vn -0.0457 -0.5902 -0.8060
vn -0.0149 -0.6141 -0.7891
vn 0.0145 -0.6395 -0.7687
vn 0.0422 -0.6662 -0.7446
vn 0.0678 -0.6943 -0.7165
vn 0.0909 -0.7236 -0.6842
vn 0.1115 -0.7539 -0.6474
vn 0.1281 -0.7372 -0.6634
vn -0.1112 -0.7535 0.6480
vn -0.1275 -0.7378 0.6629
vn -0.0907 -0.7228 0.6851
vn -0.0675 -0.6933 0.7175
vn -0.0419 -0.6651 0.7456
vn -0.0142 -0.6382 0.7697
vn 0.0153 -0.6128 0.7901
vn 0.0461 -0.5888 0.8069
vn 0.0780 -0.5662 0.8206
vn 0.1108 -0.5450 0.8311
vn 0.1446 -0.5251 0.8387
vn 0.1647 -0.4890 0.8566
vn -0.1586 -0.3533 -0.9220
vn -0.1782 -0.3266 -0.9282
vn -0.1224 -0.3698 -0.9210
vn -0.0868 -0.3877 -0.9177
vn -0.0516 -0.4074 -0.9118
vn -0.0170 -0.4289 -0.9032
vn 0.0169 -0.4525 -0.8916
vn 0.0498 -0.4785 -0.8767
vn 0.0813 -0.5071 -0.8581
vn 0.1112 -0.5385 -0.8353
vn 0.1393 -0.5730 -0.8077
vn 0.1582 -0.5501 -0.8199
vn -0.1389 -0.5725 0.8081
vn -0.1577 -0.5505 0.8198
vn -0.1108 -0.5377 0.8358
vn -0.0810 -0.5062 0.8586
vn -0.0494 -0.4775 0.8772
vn -0.0165 -0.4515 0.8921
vn 0.0173 -0.4278 0.9037
vn 0.0520 -0.4063 0.9123
vn 0.0872 -0.3866 0.9181
vn 0.1228 -0.3687 0.9214
vn 0.1590 -0.3523 0.9223
vn 0.1785 -0.3259 0.9284
vn -0.1669 -0.1772 -0.9699
vn -0.1860 -0.1631 -0.9689
vn -0.1295 -0.1865 -0.9739
vn -0.0924 -0.1967 -0.9761
vn -0.0553 -0.2081 -0.9766
vn -0.0183 -0.2208 -0.9751
vn 0.0184 -0.2352 -0.9718
vn 0.0549 -0.2515 -0.9663
vn 0.0909 -0.2700 -0.9586
vn 0.1263 -0.2912 -0.9483
vn 0.1613 -0.3157 -0.9350
vn 0.1810 -0.2941 -0.9385
vn -0.1610 -0.3153 0.9352
vn -0.1807 -0.2940 0.9386
vn -0.1260 -0.2907 0.9485
vn -0.0906 -0.2694 0.9588
vn -0.0546 -0.2509 0.9665
vn -0.0182 -0.2346 0.9719
vn 0.0186 -0.2202 0.9753
vn 0.0555 -0.2075 0.9767
vn 0.0926 -0.1961 0.9762
vn 0.1297 -0.1859 0.9740
vn 0.1671 -0.1767 0.9700
vn 0.1862 -0.1627 0.9689
vn -0.1689 -0.0881 -0.9817
vn -0.1879 -0.0858 -0.9784
vn -0.1313 -0.0929 -0.9870
vn -0.0938 -0.0982 -0.9907
vn -0.0563 -0.1042 -0.9930
vn -0.0187 -0.1110 -0.9936
vn 0.0188 -0.1188 -0.9927
vn 0.0562 -0.1276 -0.9902
vn 0.0935 -0.1379 -0.9860
vn 0.1305 -0.1499 -0.9800
vn 0.1677 -0.1642 -0.9721
vn 0.1865 -0.1719 -0.9673
vn -0.1675 -0.1646 0.9720
vn -0.1863 -0.1725 0.9672
vn -0.1303 -0.1502 0.9800
vn -0.0933 -0.1381 0.9860
vn -0.0561 -0.1277 0.9902
vn -0.0187 -0.1188 0.9927
vn 0.0189 -0.1110 0.9936
vn 0.0564 -0.1042 0.9930
vn 0.0939 -0.0982 0.9907
vn 0.1314 -0.0928 0.9870
vn 0.1691 -0.0880 0.9817
vn 0.1880 -0.0857 0.9784
vn -0.1696 0.0000 -0.9855
vn -0.1714 0.0000 -0.9852
vn -0.1886 0.0000 -0.9820
vn -0.1319 0.0000 -0.9913
vn -0.1336 0.0000 -0.9910
vn -0.0943 0.0000 -0.9955
vn -0.0960 0.0000 -0.9954
vn -0.0566 0.0000 -0.9984
vn -0.0584 0.0000 -0.9983
vn -0.0189 0.0000 -0.9998
vn -0.0206 0.0000 -0.9998
vn 0.0189 0.0000 -0.9998
vn 0.0171 0.0000 -0.9999
vn 0.0566 0.0000 -0.9984
vn 0.0549 0.0000 -0.9985
vn 0.0943 0.0000 -0.9955
vn 0.0926 0.0000 -0.9957
vn 0.1319 0.0000 -0.9913
vn 0.1302 0.0000 -0.9915
vn 0.1700 -0.0000 -0.9855
vn 0.1682 -0.0000 -0.9858
vn 0.1892 -0.0000 -0.9819
vn -0.1700 0.0000 0.9855
vn -0.1682 0.0000 0.9858
vn -0.1892 0.0000 0.9819
vn -0.1319 0.0000 0.9913
vn -0.1302 0.0000 0.9915
vn -0.0943 0.0000 0.9955
vn -0.0926 0.0000 0.9957
vn -0.0566 0.0000 0.9984
vn -0.0549 0.0000 0.9985
vn -0.0189 0.0000 0.9998
vn -0.0171 0.0000 0.9999
vn 0.0189 0.0000 0.9998
vn 0.0206 0.0000 0.9998
vn 0.0566 -0.0000 0.9984
vn 0.0584 -0.0000 0.9983
vn 0.0943 -0.0000 0.9955
vn 0.0960 -0.0000 0.9954
vn 0.1319 -0.0000 0.9913
vn 0.1336 -0.0000 0.9910
vn 0.1696 -0.0000 0.9855
vn 0.1714 -0.0000 0.9852
vn 0.1886 -0.0000 0.9820
vn -0.1798 0.0881 -0.9798
vn -0.1921 0.1764 -0.9654
vn -0.2099 0.1700 -0.9628
vn -0.2000 0.0856 -0.9760
vn -0.1429 0.0929 -0.9854
vn -0.1563 0.1858 -0.9701
vn -0.1064 0.0983 -0.9895
vn -0.1209 0.1961 -0.9731
vn -0.0698 0.1044 -0.9921
vn -0.0857 0.2077 -0.9744
vn -0.0333 0.1113 -0.9932
vn -0.0508 0.2208 -0.9740
vn 0.0031 0.1192 -0.9929
vn -0.0162 0.2355 -0.9717
vn 0.0392 0.1282 -0.9910
vn 0.0179 0.2522 -0.9675
vn 0.0750 0.1387 -0.9875
vn 0.0512 0.2712 -0.9611
vn 0.1104 0.1509 -0.9824
vn 0.0837 0.2931 -0.9524
vn 0.1457 0.1655 -0.9754
vn 0.1153 0.3186 -0.9409
vn 0.1618 0.1726 -0.9716
vn 0.1411 0.2836 -0.9485
vn -0.1927 0.1646 0.9674
vn -0.2055 0.3125 0.9274
vn -0.2211 0.2789 0.9345
vn -0.2107 0.1716 0.9624
vn -0.1536 0.1503 0.9766
vn -0.1674 0.2888 0.9427
vn -0.1151 0.1383 0.9837
vn -0.1294 0.2683 0.9546
vn -0.0765 0.1280 0.9888
vn -0.0911 0.2503 0.9639
vn -0.0378 0.1191 0.9922
vn -0.0524 0.2345 0.9707
vn 0.0008 0.1114 0.9938
vn -0.0137 0.2205 0.9753
vn 0.0394 0.1046 0.9937
vn 0.0252 0.2080 0.9778
vn 0.0779 0.0985 0.9921
vn 0.0640 0.1968 0.9783
vn 0.1162 0.0932 0.9888
vn 0.1028 0.1868 0.9770
vn 0.1547 0.0884 0.9840
vn 0.1417 0.1777 0.9738
vn 0.1758 0.0859 0.9807
vn 0.1615 0.1714 0.9719
vn -0.2086 0.3499 -0.9133
vn -0.2246 0.3302 -0.9168
vn -0.1754 0.3668 -0.9136
vn -0.1429 0.3852 -0.9117
vn -0.1110 0.4054 -0.9074
vn -0.0798 0.4276 -0.9004
vn -0.0496 0.4521 -0.8906
vn -0.0206 0.4791 -0.8775
vn 0.0068 0.5088 -0.8609
vn 0.0322 0.5416 -0.8400
vn 0.0552 0.5778 -0.8143
vn 0.0795 0.5490 -0.8320
vn -0.2196 0.5638 0.7962
vn -0.2351 0.5363 0.8106
vn -0.1872 0.5312 0.8263
vn -0.1536 0.5016 0.8513
vn -0.1185 0.4746 0.8722
vn -0.0823 0.4500 0.8892
vn -0.0452 0.4275 0.9029
vn -0.0075 0.4069 0.9134
vn 0.0307 0.3881 0.9211
vn 0.0692 0.3708 0.9261
vn 0.1080 0.3549 0.9286
vn 0.1300 0.3351 0.9332
vn -0.2186 0.5190 -0.8263
vn -0.2333 0.4884 -0.8409
vn -0.1884 0.5399 -0.8204
vn -0.1594 0.5620 -0.8116
vn -0.1314 0.5856 -0.7999
vn -0.1046 0.6107 -0.7849
vn -0.0792 0.6374 -0.7664
vn -0.0556 0.6656 -0.7442
vn -0.0342 0.6953 -0.7179
vn -0.0154 0.7263 -0.6872
vn 0.0004 0.7585 -0.6517
vn 0.0204 0.7403 -0.6720
vn -0.2179 0.7399 0.6365
vn -0.2320 0.7214 0.6524
vn -0.1935 0.7118 0.6752
vn -0.1670 0.6849 0.7092
vn -0.1380 0.6591 0.7393
vn -0.1069 0.6345 0.7655
vn -0.0742 0.6111 0.7881
vn -0.0401 0.5889 0.8072
vn -0.0048 0.5679 0.8231
vn 0.0313 0.5481 0.8358
vn 0.0682 0.5294 0.8456
vn 0.0923 0.4985 0.8619
vn -0.2205 0.6818 -0.6975
vn -0.2346 0.6441 -0.7281
vn -0.1943 0.7017 -0.6854
vn -0.1697 0.7222 -0.6705
vn -0.1463 0.7432 -0.6528
vn -0.1244 0.7648 -0.6322
vn -0.1042 0.7867 -0.6085
vn -0.0859 0.8088 -0.5818
vn -0.0699 0.8310 -0.5519
vn -0.0564 0.8529 -0.5190
vn -0.0458 0.8745 -0.4829
vn -0.0301 0.8630 -0.5044
vn -0.2070 0.8561 0.4735
vn -0.2190 0.8432 0.4910
vn -0.1903 0.8380 0.5113
vn -0.1714 0.8198 0.5463
vn -0.1498 0.8016 0.5788
vn -0.1258 0.7835 0.6086
vn -0.0997 0.7655 0.6356
vn -0.0717 0.7478 0.6600
vn -0.0420 0.7305 0.6816
vn -0.0110 0.7137 0.7004
vn 0.0214 0.6972 0.7166
vn 0.0470 0.6598 0.7499
vn -0.2112 0.8296 -0.5168
vn -0.2255 0.7918 -0.5676
vn -0.1908 0.8436 -0.5020
vn -0.1720 0.8573 -0.4852
vn -0.1545 0.8710 -0.4664
vn -0.1384 0.8844 -0.4458
vn -0.1239 0.8974 -0.4234
vn -0.1111 0.9101 -0.3993
vn -0.1001 0.9222 -0.3735
vn -0.0911 0.9337 -0.3464
vn -0.0844 0.9444 -0.3178
vn -0.0722 0.9367 -0.3427
vn -0.1906 0.9301 0.3139
vn -0.2005 0.9204 0.3356
vn -0.1804 0.9217 0.3434
vn -0.1687 0.9130 0.3716
vn -0.1547 0.9039 0.3987
vn -0.1388 0.8947 0.4246
vn -0.1209 0.8853 0.4491
vn -0.1012 0.8757 0.4721
vn -0.0798 0.8660 0.4936
vn -0.0568 0.8563 0.5133
vn -0.0324 0.8465 0.5314
vn -0.0069 0.8108 0.5853
vn -0.1866 0.9421 -0.2785
vn -0.2016 0.9154 -0.3483
vn -0.1748 0.9475 -0.2677
vn -0.1642 0.9526 -0.2562
vn -0.1544 0.9575 -0.2438
vn -0.1456 0.9621 -0.2306
vn -0.1378 0.9664 -0.2169
vn -0.1310 0.9705 -0.2025
vn -0.1253 0.9742 -0.1877
vn -0.1206 0.9776 -0.1726
vn -0.1174 0.9806 -0.1569
vn -0.1080 0.9763 -0.1877
vn -0.1700 0.9729 0.1568
vn -0.1783 0.9664 0.1852
vn -0.1652 0.9710 0.1730
vn -0.1597 0.9690 0.1886
vn -0.1531 0.9669 0.2040
vn -0.1454 0.9648 0.2190
vn -0.1365 0.9627 0.2337
vn -0.1266 0.9605 0.2478
vn -0.1155 0.9583 0.2614
vn -0.1034 0.9561 0.2743
vn -0.0905 0.9538 0.2866
vn -0.0683 0.9312 0.3581
vn -0.1683 0.9750 -0.1449
vn -0.1718 0.9739 -0.1480
vn -0.1618 0.9771 -0.1383
vn -0.1561 0.9789 -0.1316
vn -0.1510 0.9807 -0.1245
vn -0.1464 0.9823 -0.1172
vn -0.1423 0.9837 -0.1096
vn -0.1388 0.9851 -0.1019
vn -0.1358 0.9863 -0.0940
vn -0.1334 0.9873 -0.0861
vn -0.1321 0.9882 -0.0779
vn -0.1317 0.9885 -0.0738
vn -0.1581 0.9844 0.0773
vn -0.1594 0.9845 0.0729
vn -0.1556 0.9841 0.0857
vn -0.1531 0.9838 0.0937
vn -0.1499 0.9835 0.1017
vn -0.1462 0.9832 0.1096
vn -0.1418 0.9829 0.1173
vn -0.1369 0.9827 0.1248
vn -0.1315 0.9825 0.1321
vn -0.1254 0.9823 0.1392
vn -0.1191 0.9821 0.1460
vn -0.1159 0.9820 0.1494
# 488 vertex normals

vt 5.2656 0.5193 0.0000
vt 5.2474 0.5417 0.0000
vt 4.4466 0.4995 0.0000
vt 3.6389 0.4653 0.0000
vt 2.8364 0.4162 0.0000
vt 2.8281 0.4389 0.0000
vt 2.0151 0.4205 0.0000
vt 1.2009 0.4099 0.0000
vt -0.4330 0.3896 0.0000
vt 0.3862 0.4072 0.0000
vt -0.4280 0.4124 0.0000
vt -1.2409 0.4255 0.0000
vt -2.0516 0.4466 0.0000
vt -3.6757 0.4899 0.0000
vt -2.8592 0.4755 0.0000
vt -3.6574 0.5123 0.0000
vt -2.0632 0.4238 0.0000
vt -2.8742 0.4529 0.0000
vt -1.2492 0.4027 0.0000
vt 1.2025 0.3870 0.0000
vt 0.3845 0.3843 0.0000
vt 2.0201 0.3976 0.0000
vt 3.6505 0.4427 0.0000
vt 4.4616 0.4770 0.0000
vt 4.4466 0.4481 0.0000
vt 5.2474 0.4876 0.0000
vt 5.2656 0.4652 0.0000
vt 3.6389 0.4165 0.0000
vt 2.0201 0.3542 0.0000
vt 3.6505 0.3939 0.0000
vt 4.4616 0.4256 0.0000
vt 2.8364 0.3701 0.0000
vt 2.8281 0.3928 0.0000
vt 2.0151 0.3771 0.0000
vt 1.2009 0.3692 0.0000
vt 0.3862 0.3692 0.0000
vt -1.2492 0.3701 0.0000
vt 0.3845 0.3463 0.0000
vt 1.2025 0.3463 0.0000
vt -0.4330 0.3542 0.0000
vt -0.4280 0.3771 0.0000
vt -1.2409 0.3928 0.0000
vt -2.0516 0.4165 0.0000
vt -2.8592 0.4481 0.0000
vt -2.8742 0.4256 0.0000
vt -2.0632 0.3939 0.0000
vt -3.6574 0.4876 0.0000
vt -3.6757 0.4652 0.0000
vt 0.7509 0.0005 0.0000
vt 0.7525 0.0005 0.0000
vt 0.6613 0.0005 0.0000
vt 0.6637 0.0005 0.0000
vt 0.6613 0.0006 0.0000
vt 0.7525 0.0006 0.0000
vt 0.7540 0.0006 0.0000
vt 0.6591 0.0006 0.0000
vt 0.6591 0.0008 0.0000
vt 0.7540 0.0008 0.0000
vt 0.7553 0.0008 0.0000
vt 0.6572 0.0008 0.0000
vt 0.6572 0.0012 0.0000
vt 0.7553 0.0012 0.0000
vt 0.7564 0.0010 0.0000
vt 0.6556 0.0010 0.0000
vt 0.6556 0.0017 0.0000
vt 0.7564 0.0017 0.0000
vt 0.7573 0.0013 0.0000
vt 0.6543 0.0013 0.0000
vt 0.6543 0.0023 0.0000
vt 0.7573 0.0023 0.0000
vt 0.7578 0.0016 0.0000
vt 0.6535 0.0016 0.0000
vt 0.6536 0.0029 0.0000
vt 0.7578 0.0029 0.0000
vt 0.7580 0.0019 0.0000
vt 0.6533 0.0019 0.0000
vt 0.6533 0.0037 0.0000
vt 0.7580 0.0037 0.0000
vt 0.7580 0.2816 0.0000
vt 0.6533 0.2824 0.0000
vt 0.6533 0.6180 0.0000
vt 0.7580 0.6188 0.0000
vt 0.7578 0.2819 0.0000
vt 0.6535 0.2827 0.0000
vt 0.6536 0.6187 0.0000
vt 0.7578 0.6195 0.0000
vt 0.7573 0.2822 0.0000
vt 0.6543 0.2830 0.0000
vt 0.6543 0.6194 0.0000
vt 0.7573 0.6202 0.0000
vt 0.7564 0.2825 0.0000
vt 0.6556 0.2833 0.0000
vt 0.6556 0.6199 0.0000
vt 0.7564 0.6207 0.0000
vt 0.7553 0.2828 0.0000
vt 0.6572 0.2836 0.0000
vt 0.6572 0.6204 0.0000
vt 0.7553 0.6211 0.0000
vt 0.7540 0.2831 0.0000
vt 0.6591 0.2838 0.0000
vt 0.6591 0.6207 0.0000
vt 0.7540 0.6214 0.0000
vt 0.7525 0.2833 0.0000
vt 0.6613 0.2840 0.0000
vt 0.6613 0.6209 0.0000
vt 0.7525 0.6216 0.0000
vt 0.7509 0.2834 0.0000
vt 0.6637 0.2841 0.0000
vt 0.6637 0.6209 0.0000
vt 0.7509 0.6216 0.0000
vt 4.4466 0.0005 0.0000
vt 4.4463 0.0006 0.0000
vt 5.2490 0.0006 0.0000
vt 5.2474 0.0005 0.0000
vt 3.6389 0.0005 0.0000
vt 3.6386 0.0006 0.0000
vt 2.8281 0.0005 0.0000
vt 2.8279 0.0006 0.0000
vt 2.0151 0.0005 0.0000
vt 2.0150 0.0006 0.0000
vt 1.2009 0.0005 0.0000
vt 1.2008 0.0006 0.0000
vt 0.3862 0.0005 0.0000
vt 0.3862 0.0006 0.0000
vt -0.4280 0.0005 0.0000
vt -0.4279 0.0006 0.0000
vt -1.2409 0.0005 0.0000
vt -1.2407 0.0005 0.0000
vt -2.0516 0.0005 0.0000
vt -2.0513 0.0005 0.0000
vt -2.8592 0.0005 0.0000
vt -2.8589 0.0005 0.0000
vt -3.6574 0.0005 0.0000
vt -3.6590 0.0005 0.0000
vt -2.8742 0.0005 0.0000
vt -2.8745 0.0005 0.0000
vt -3.6781 0.0005 0.0000
vt -3.6757 0.0005 0.0000
vt -2.0632 0.0005 0.0000
vt -2.0635 0.0005 0.0000
vt -1.2492 0.0005 0.0000
vt -1.2494 0.0005 0.0000
vt -0.4330 0.0005 0.0000
vt -0.4331 0.0006 0.0000
vt 0.3845 0.0005 0.0000
vt 0.3845 0.0006 0.0000
vt 1.2025 0.0005 0.0000
vt 1.2026 0.0006 0.0000
vt 2.0201 0.0005 0.0000
vt 2.0202 0.0006 0.0000
vt 2.8364 0.0005 0.0000
vt 2.8366 0.0006 0.0000
vt 3.6505 0.0005 0.0000
vt 3.6508 0.0006 0.0000
vt 4.4616 0.0005 0.0000
vt 4.4619 0.0006 0.0000
vt 5.2656 0.0005 0.0000
vt 5.2681 0.0006 0.0000
vt 4.4460 0.0008 0.0000
vt 5.2505 0.0008 0.0000
vt 3.6383 0.0008 0.0000
vt 2.8277 0.0008 0.0000
vt 2.0149 0.0008 0.0000
vt 1.2008 0.0007 0.0000
vt 0.3863 0.0007 0.0000
vt -0.4278 0.0007 0.0000
vt -1.2405 0.0007 0.0000
vt -2.0511 0.0007 0.0000
vt -2.8586 0.0007 0.0000
vt -3.6605 0.0006 0.0000
vt -2.8748 0.0007 0.0000
vt -3.6803 0.0006 0.0000
vt -2.0638 0.0007 0.0000
vt -1.2496 0.0007 0.0000
vt -0.4332 0.0007 0.0000
vt 0.3844 0.0007 0.0000
vt 1.2026 0.0007 0.0000
vt 2.0203 0.0008 0.0000
vt 2.8367 0.0008 0.0000
vt 3.6510 0.0008 0.0000
vt 4.4622 0.0008 0.0000
vt 5.2703 0.0008 0.0000
vt 4.4457 0.0012 0.0000
vt 5.2518 0.0012 0.0000
vt 3.6381 0.0011 0.0000
vt 2.8275 0.0011 0.0000
vt 2.0148 0.0011 0.0000
vt 1.2007 0.0010 0.0000
vt 0.3863 0.0010 0.0000
vt -0.4277 0.0010 0.0000
vt -1.2404 0.0009 0.0000
vt -2.0509 0.0009 0.0000
vt -2.8583 0.0009 0.0000
vt -3.6618 0.0008 0.0000
vt -2.8751 0.0008 0.0000
vt -3.6823 0.0008 0.0000
vt -2.0640 0.0009 0.0000
vt -1.2498 0.0009 0.0000
vt -0.4333 0.0010 0.0000
vt 0.3844 0.0010 0.0000
vt 1.2026 0.0010 0.0000
vt 2.0204 0.0011 0.0000
vt 2.8369 0.0011 0.0000
vt 3.6512 0.0011 0.0000
vt 4.4625 0.0012 0.0000
vt 5.2723 0.0012 0.0000
vt 4.4454 0.0016 0.0000
vt 5.2528 0.0017 0.0000
vt 3.6379 0.0016 0.0000
vt 2.8274 0.0015 0.0000
vt 2.0147 0.0014 0.0000
vt 1.2007 0.0014 0.0000
vt 0.3863 0.0013 0.0000
vt -0.4276 0.0013 0.0000
vt -1.2403 0.0012 0.0000
vt -2.0507 0.0012 0.0000
vt -2.8581 0.0011 0.0000
vt -3.6629 0.0010 0.0000
vt -2.8754 0.0011 0.0000
vt -3.6839 0.0010 0.0000
vt -2.0642 0.0012 0.0000
vt -1.2499 0.0012 0.0000
vt -0.4334 0.0013 0.0000
vt 0.3844 0.0013 0.0000
vt 1.2026 0.0014 0.0000
vt 2.0205 0.0014 0.0000
vt 2.8370 0.0015 0.0000
vt 3.6514 0.0016 0.0000
vt 4.4627 0.0016 0.0000
vt 5.2739 0.0017 0.0000
vt 4.4453 0.0022 0.0000
vt 5.2536 0.0023 0.0000
vt 3.6378 0.0021 0.0000
vt 2.8273 0.0020 0.0000
vt 2.0146 0.0019 0.0000
vt 1.2007 0.0018 0.0000
vt 0.3863 0.0017 0.0000
vt -0.4276 0.0017 0.0000
vt -1.2402 0.0016 0.0000
vt -2.0505 0.0015 0.0000
vt -2.8579 0.0014 0.0000
vt -3.6637 0.0013 0.0000
vt -2.8755 0.0014 0.0000
vt -3.6852 0.0013 0.0000
vt -2.0643 0.0015 0.0000
vt -1.2500 0.0016 0.0000
vt -0.4335 0.0017 0.0000
vt 0.3844 0.0017 0.0000
vt 1.2027 0.0018 0.0000
vt 2.0205 0.0019 0.0000
vt 2.8371 0.0020 0.0000
vt 3.6515 0.0021 0.0000
vt 4.4629 0.0022 0.0000
vt 5.2751 0.0023 0.0000
vt 4.4452 0.0028 0.0000
vt 5.2542 0.0029 0.0000
vt 3.6377 0.0027 0.0000
vt 2.8272 0.0026 0.0000
vt 2.0146 0.0025 0.0000
vt 1.2007 0.0023 0.0000
vt 0.3864 0.0022 0.0000
vt -0.4275 0.0021 0.0000
vt -1.2401 0.0020 0.0000
vt -2.0505 0.0018 0.0000
vt -2.8578 0.0017 0.0000
vt -3.6642 0.0016 0.0000
vt -2.8756 0.0017 0.0000
vt -3.6860 0.0016 0.0000
vt -2.0644 0.0018 0.0000
vt -1.2500 0.0020 0.0000
vt -0.4335 0.0021 0.0000
vt 0.3844 0.0022 0.0000
vt 1.2027 0.0023 0.0000
vt 2.0206 0.0025 0.0000
vt 2.8372 0.0026 0.0000
vt 3.6516 0.0027 0.0000
vt 4.4630 0.0028 0.0000
vt 5.2759 0.0029 0.0000
vt 4.4451 0.0035 0.0000
vt 5.2544 0.0037 0.0000
vt 3.6377 0.0033 0.0000
vt 2.8272 0.0032 0.0000
vt 2.0146 0.0030 0.0000
vt 1.2007 0.0029 0.0000
vt 0.3864 0.0027 0.0000
vt -0.4275 0.0026 0.0000
vt -1.2401 0.0024 0.0000
vt -2.0504 0.0023 0.0000
vt -2.8577 0.0021 0.0000
vt -3.6644 0.0019 0.0000
vt -2.8757 0.0021 0.0000
vt -3.6863 0.0019 0.0000
vt -2.0644 0.0022 0.0000
vt -1.2501 0.0024 0.0000
vt -0.4335 0.0026 0.0000
vt 0.3844 0.0027 0.0000
vt 1.2027 0.0029 0.0000
vt 2.0206 0.0030 0.0000
vt 2.8372 0.0032 0.0000
vt 3.6517 0.0033 0.0000
vt 4.4631 0.0035 0.0000
vt 5.2762 0.0037 0.0000
vt 4.4451 0.5875 0.0000
vt 5.2544 0.6180 0.0000
vt 3.6377 0.5571 0.0000
vt 2.8272 0.5266 0.0000
vt 2.0146 0.4961 0.0000
vt 1.2007 0.4655 0.0000
vt 0.3864 0.4349 0.0000
vt -0.4275 0.4043 0.0000
vt -1.2401 0.3737 0.0000
vt -2.0504 0.3433 0.0000
vt -2.8577 0.3129 0.0000
vt -3.6644 0.2824 0.0000
vt -2.8757 0.3122 0.0000
vt -3.6863 0.2816 0.0000
vt -2.0644 0.3427 0.0000
vt -1.2501 0.3733 0.0000
vt -0.4335 0.4040 0.0000
vt 0.3844 0.4348 0.0000
vt 1.2027 0.4656 0.0000
vt 2.0206 0.4963 0.0000
vt 2.8372 0.5270 0.0000
vt 3.6517 0.5576 0.0000
vt 4.4631 0.5881 0.0000
vt 5.2762 0.6188 0.0000
vt 4.4452 0.5881 0.0000
vt 5.2542 0.6187 0.0000
vt 3.6377 0.5578 0.0000
vt 2.8272 0.5272 0.0000
vt 2.0146 0.4967 0.0000
vt 1.2007 0.4660 0.0000
vt 0.3864 0.4354 0.0000
vt -0.4275 0.4047 0.0000
vt -1.2401 0.3742 0.0000
vt -2.0505 0.3437 0.0000
vt -2.8578 0.3133 0.0000
vt -3.6642 0.2827 0.0000
vt -2.8756 0.3126 0.0000
vt -3.6860 0.2819 0.0000
vt -2.0644 0.3431 0.0000
vt -1.2500 0.3738 0.0000
vt -0.4335 0.4045 0.0000
vt 0.3844 0.4353 0.0000
vt 1.2027 0.4661 0.0000
vt 2.0206 0.4969 0.0000
vt 2.8372 0.5276 0.0000
vt 3.6516 0.5583 0.0000
vt 4.4630 0.5888 0.0000
vt 5.2759 0.6195 0.0000
vt 4.4453 0.5888 0.0000
vt 5.2536 0.6194 0.0000
vt 3.6378 0.5584 0.0000
vt 2.8273 0.5278 0.0000
vt 2.0146 0.4972 0.0000
vt 1.2007 0.4665 0.0000
vt 0.3863 0.4358 0.0000
vt -0.4276 0.4052 0.0000
vt -1.2402 0.3746 0.0000
vt -2.0505 0.3440 0.0000
vt -2.8579 0.3136 0.0000
vt -3.6637 0.2830 0.0000
vt -2.8755 0.3129 0.0000
vt -3.6852 0.2822 0.0000
vt -2.0643 0.3435 0.0000
vt -1.2500 0.3742 0.0000
vt -0.4335 0.4050 0.0000
vt 0.3844 0.4358 0.0000
vt 1.2027 0.4666 0.0000
vt 2.0205 0.4974 0.0000
vt 2.8371 0.5282 0.0000
vt 3.6515 0.5589 0.0000
vt 4.4629 0.5894 0.0000
vt 5.2751 0.6202 0.0000
vt 4.4454 0.5893 0.0000
vt 5.2528 0.6199 0.0000
vt 3.6379 0.5589 0.0000
vt 2.8274 0.5283 0.0000
vt 2.0147 0.4977 0.0000
vt 1.2007 0.4670 0.0000
vt 0.3863 0.4363 0.0000
vt -0.4276 0.4056 0.0000
vt -1.2403 0.3749 0.0000
vt -2.0507 0.3443 0.0000
vt -2.8581 0.3139 0.0000
vt -3.6629 0.2833 0.0000
vt -2.8754 0.3132 0.0000
vt -3.6839 0.2825 0.0000
vt -2.0642 0.3438 0.0000
vt -1.2499 0.3745 0.0000
vt -0.4334 0.4053 0.0000
vt 0.3844 0.4362 0.0000
vt 1.2026 0.4670 0.0000
vt 2.0205 0.4979 0.0000
vt 2.8370 0.5287 0.0000
vt 3.6514 0.5594 0.0000
vt 4.4627 0.5900 0.0000
vt 5.2739 0.6207 0.0000
vt 4.4457 0.5898 0.0000
vt 5.2518 0.6204 0.0000
vt 3.6381 0.5593 0.0000
vt 2.8275 0.5287 0.0000
vt 2.0148 0.4981 0.0000
vt 1.2007 0.4673 0.0000
vt 0.3863 0.4366 0.0000
vt -0.4277 0.4059 0.0000
vt -1.2404 0.3752 0.0000
vt -2.0509 0.3446 0.0000
vt -2.8583 0.3141 0.0000
vt -3.6618 0.2836 0.0000
vt -2.8751 0.3135 0.0000
vt -3.6823 0.2828 0.0000
vt -2.0640 0.3441 0.0000
vt -1.2498 0.3748 0.0000
vt -0.4333 0.4057 0.0000
vt 0.3844 0.4365 0.0000
vt 1.2026 0.4674 0.0000
vt 2.0204 0.4983 0.0000
vt 2.8369 0.5291 0.0000
vt 3.6512 0.5598 0.0000
vt 4.4625 0.5905 0.0000
vt 5.2723 0.6211 0.0000
vt 4.4460 0.5902 0.0000
vt 5.2505 0.6207 0.0000
vt 3.6383 0.5597 0.0000
vt 2.8277 0.5291 0.0000
vt 2.0149 0.4984 0.0000
vt 1.2008 0.4676 0.0000
vt 0.3863 0.4369 0.0000
vt -0.4278 0.4061 0.0000
vt -1.2405 0.3754 0.0000
vt -2.0511 0.3448 0.0000
vt -2.8586 0.3143 0.0000
vt -3.6605 0.2838 0.0000
vt -2.8748 0.3137 0.0000
vt -3.6803 0.2831 0.0000
vt -2.0638 0.3443 0.0000
vt -1.2496 0.3751 0.0000
vt -0.4332 0.4059 0.0000
vt 0.3844 0.4368 0.0000
vt 1.2026 0.4677 0.0000
vt 2.0203 0.4986 0.0000
vt 2.8367 0.5294 0.0000
vt 3.6510 0.5602 0.0000
vt 4.4622 0.5908 0.0000
vt 5.2703 0.6214 0.0000
vt 4.4463 0.5904 0.0000
vt 5.2490 0.6209 0.0000
vt 3.6386 0.5599 0.0000
vt 2.8279 0.5293 0.0000
vt 2.0150 0.4986 0.0000
vt 1.2008 0.4678 0.0000
vt 0.3862 0.4370 0.0000
vt -0.4279 0.4063 0.0000
vt -1.2407 0.3756 0.0000
vt -2.0513 0.3449 0.0000
vt -2.8589 0.3144 0.0000
vt -3.6590 0.2840 0.0000
vt -2.8745 0.3138 0.0000
vt -3.6781 0.2833 0.0000
vt -2.0635 0.3445 0.0000
vt -1.2494 0.3752 0.0000
vt -0.4331 0.4061 0.0000
vt 0.3845 0.4370 0.0000
vt 1.2026 0.4679 0.0000
vt 2.0202 0.4988 0.0000
vt 2.8366 0.5296 0.0000
vt 3.6508 0.5604 0.0000
vt 4.4619 0.5910 0.0000
vt 5.2681 0.6216 0.0000
vt 4.4466 0.5905 0.0000
vt 5.2474 0.6209 0.0000
vt 3.6389 0.5600 0.0000
vt 2.8281 0.5294 0.0000
vt 2.0151 0.4986 0.0000
vt 1.2009 0.4679 0.0000
vt 0.3862 0.4371 0.0000
vt -0.4280 0.4063 0.0000
vt -1.2409 0.3756 0.0000
vt -2.0516 0.3450 0.0000
vt -2.8592 0.3144 0.0000
vt -3.6574 0.2841 0.0000
vt -2.8742 0.3139 0.0000
vt -3.6757 0.2834 0.0000
vt -2.0632 0.3445 0.0000
vt -1.2492 0.3753 0.0000
vt -0.4330 0.4061 0.0000
vt 1.2025 0.4679 0.0000
vt 2.0201 0.4988 0.0000
vt 2.8364 0.5297 0.0000
vt 3.6505 0.5604 0.0000
vt 4.4616 0.5911 0.0000
vt 5.2656 0.6216 0.0000
# 493 texture coords

g Archmodels_vol_89_001_10
usemtl wire_127127127
s off
f 2203/2786/2664 2204/2787/2664 2205/2788/2664 2206/2789/2664 
f 2207/2790/2664 2203/2786/2664 2206/2789/2664 2208/2791/2664 
f 2207/2790/2664 2208/2791/2664 2209/2792/2664 2210/2793/2664 
f 2211/2794/2664 2207/2790/2664 2210/2793/2664 2212/2795/2664 
f 2211/2794/2664 2212/2795/2664 2213/2796/2664 2214/2797/2664 
f 2211/2794/2664 2214/2797/2664 2215/2798/2664 2216/2799/2664 
f 2216/2799/2664 2215/2798/2664 2217/2800/2664 2218/2801/2664 
f 2219/2802/2664 2211/2794/2664 2216/2799/2664 2220/2803/2664 
f 2219/2802/2664 2221/2804/2664 2211/2794/2664 
f 2222/2805/2664 2207/2790/2664 2211/2794/2664 2223/2806/2664 
f 2222/2805/2664 2224/2807/2664 2207/2790/2664 
f 2203/2786/2664 2207/2790/2664 2225/2808/2664 2226/2809/2664 
f 2227/2810/2665 2228/2811/2665 2229/2812/2665 2230/2813/2665 
f 2231/2814/2665 2230/2813/2665 2229/2812/2665 2232/2815/2665 
f 2229/2812/2665 2233/2816/2665 2232/2815/2665 
f 2232/2815/2665 2234/2817/2665 2231/2814/2665 
f 2235/2818/2665 2230/2813/2665 2231/2814/2665 2236/2819/2665 
f 2237/2820/2665 2236/2819/2665 2231/2814/2665 2238/2821/2665 
f 2239/2822/2665 2238/2821/2665 2231/2814/2665 2240/2823/2665 
f 2231/2814/2665 2241/2824/2665 2240/2823/2665 
f 2240/2823/2665 2242/2825/2665 2239/2822/2665 
f 2243/2826/2665 2238/2821/2665 2239/2822/2665 2244/2827/2665 
f 2245/2828/2665 2244/2827/2665 2239/2822/2665 2246/2829/2665 
f 2247/2830/2665 2246/2829/2665 2239/2822/2665 2248/2831/2665 
f 2249/2832/2665 2246/2829/2665 2247/2830/2665 2250/2833/2665 
f 2250/2834/2666 2251/2835/2667 2252/2836/2668 2249/2837/2666 
f 2228/2837/2669 2253/2838/2670 2254/2839/2671 2229/2834/2669 
f 2251/2835/2667 2255/2840/2672 2256/2841/2673 2252/2836/2668 
f 2253/2838/2670 2257/2842/2674 2258/2843/2675 2254/2839/2671 
f 2255/2840/2672 2259/2844/2676 2260/2845/2677 2256/2841/2673 
f 2257/2842/2674 2261/2846/2678 2262/2847/2679 2258/2843/2675 
f 2259/2844/2676 2263/2848/2680 2264/2849/2681 2260/2845/2677 
f 2261/2846/2678 2265/2850/2682 2266/2851/2683 2262/2847/2679 
f 2263/2848/2680 2267/2852/2684 2268/2853/2685 2264/2849/2681 
f 2265/2850/2682 2269/2854/2686 2270/2855/2687 2266/2851/2683 
f 2267/2852/2684 2271/2856/2688 2272/2857/2689 2268/2853/2685 
f 2269/2854/2686 2273/2858/2690 2274/2859/2691 2270/2855/2687 
f 2271/2856/2688 2275/2860/2692 2276/2861/2692 2272/2857/2689 
f 2273/2858/2690 2277/2862/2693 2278/2863/2693 2274/2859/2691 
f 2275/2860/2694 2279/2864/2694 2280/2865/2694 2276/2861/2694 
f 2277/2862/2695 2281/2866/2695 2282/2867/2695 2278/2863/2695 
f 2279/2864/2696 2283/2868/2697 2284/2869/2698 2280/2865/2696 
f 2281/2866/2699 2285/2870/2700 2286/2871/2701 2282/2867/2699 
f 2283/2868/2697 2287/2872/2702 2288/2873/2703 2284/2869/2698 
f 2285/2870/2700 2289/2874/2704 2290/2875/2705 2286/2871/2701 
f 2287/2872/2702 2291/2876/2706 2292/2877/2707 2288/2873/2703 
f 2289/2874/2704 2293/2878/2708 2294/2879/2709 2290/2875/2705 
f 2291/2876/2706 2295/2880/2710 2296/2881/2711 2292/2877/2707 
f 2293/2878/2708 2297/2882/2712 2298/2883/2713 2294/2879/2709 
f 2295/2880/2710 2299/2884/2714 2300/2885/2715 2296/2881/2711 
f 2297/2882/2712 2301/2886/2716 2302/2887/2717 2298/2883/2713 
f 2299/2884/2714 2303/2888/2718 2304/2889/2719 2300/2885/2715 
f 2301/2886/2716 2305/2890/2720 2306/2891/2721 2302/2887/2717 
f 2303/2888/2718 2216/2892/2722 2218/2893/2722 2304/2889/2719 
f 2305/2890/2720 2204/2894/2723 2203/2895/2723 2306/2891/2721 
f 2227/2896/2724 2307/2897/2725 2253/2898/2726 2228/2899/2727 
f 2230/2900/2728 2308/2901/2729 2307/2897/2725 2227/2896/2724 
f 2235/2902/2730 2309/2903/2731 2308/2901/2729 2230/2900/2728 
f 2236/2904/2732 2310/2905/2733 2309/2903/2731 2235/2902/2730 
f 2237/2906/2734 2311/2907/2735 2310/2905/2733 2236/2904/2732 
f 2238/2908/2736 2312/2909/2737 2311/2907/2735 2237/2906/2734 
f 2243/2910/2738 2313/2911/2739 2312/2909/2737 2238/2908/2736 
f 2244/2912/2740 2314/2913/2741 2313/2911/2739 2243/2910/2738 
f 2245/2914/2742 2315/2915/2743 2314/2913/2741 2244/2912/2740 
f 2246/2916/2744 2316/2917/2745 2315/2915/2743 2245/2914/2742 
f 2249/2918/2746 2252/2919/2747 2316/2917/2745 2246/2916/2744 
f 2247/2920/2748 2317/2921/2749 2251/2922/2750 2250/2923/2751 
f 2248/2924/2752 2318/2925/2753 2317/2921/2749 2247/2920/2748 
f 2239/2926/2754 2319/2927/2755 2318/2925/2753 2248/2924/2752 
f 2242/2928/2756 2320/2929/2757 2319/2927/2755 2239/2926/2754 
f 2240/2930/2758 2321/2931/2759 2320/2929/2757 2242/2928/2756 
f 2241/2932/2760 2322/2933/2761 2321/2931/2759 2240/2930/2758 
f 2231/2934/2762 2323/2935/2763 2322/2933/2761 2241/2932/2760 
f 2234/2936/2764 2324/2937/2765 2323/2935/2763 2231/2934/2762 
f 2232/2938/2766 2325/2939/2767 2324/2937/2765 2234/2936/2764 
f 2233/2940/2768 2326/2941/2769 2325/2939/2767 2232/2938/2766 
f 2229/2942/2770 2254/2943/2771 2326/2941/2769 2233/2940/2768 
f 2307/2897/2725 2327/2944/2772 2257/2945/2773 2253/2898/2726 
f 2308/2901/2729 2328/2946/2774 2327/2944/2772 2307/2897/2725 
f 2309/2903/2731 2329/2947/2775 2328/2946/2774 2308/2901/2729 
f 2310/2905/2733 2330/2948/2776 2329/2947/2775 2309/2903/2731 
f 2311/2907/2735 2331/2949/2777 2330/2948/2776 2310/2905/2733 
f 2312/2909/2737 2332/2950/2778 2331/2949/2777 2311/2907/2735 
f 2313/2911/2739 2333/2951/2779 2332/2950/2778 2312/2909/2737 
f 2314/2913/2741 2334/2952/2780 2333/2951/2779 2313/2911/2739 
f 2315/2915/2743 2335/2953/2781 2334/2952/2780 2314/2913/2741 
f 2316/2917/2745 2336/2954/2782 2335/2953/2781 2315/2915/2743 
f 2252/2919/2747 2256/2955/2783 2336/2954/2782 2316/2917/2745 
f 2317/2921/2749 2337/2956/2784 2255/2957/2785 2251/2922/2750 
f 2318/2925/2753 2338/2958/2786 2337/2956/2784 2317/2921/2749 
f 2319/2927/2755 2339/2959/2787 2338/2958/2786 2318/2925/2753 
f 2320/2929/2757 2340/2960/2788 2339/2959/2787 2319/2927/2755 
f 2321/2931/2759 2341/2961/2789 2340/2960/2788 2320/2929/2757 
f 2322/2933/2761 2342/2962/2790 2341/2961/2789 2321/2931/2759 
f 2323/2935/2763 2343/2963/2791 2342/2962/2790 2322/2933/2761 
f 2324/2937/2765 2344/2964/2792 2343/2963/2791 2323/2935/2763 
f 2325/2939/2767 2345/2965/2793 2344/2964/2792 2324/2937/2765 
f 2326/2941/2769 2346/2966/2794 2345/2965/2793 2325/2939/2767 
f 2254/2943/2771 2258/2967/2795 2346/2966/2794 2326/2941/2769 
f 2327/2944/2772 2347/2968/2796 2261/2969/2797 2257/2945/2773 
f 2328/2946/2774 2348/2970/2798 2347/2968/2796 2327/2944/2772 
f 2329/2947/2775 2349/2971/2799 2348/2970/2798 2328/2946/2774 
f 2330/2948/2776 2350/2972/2800 2349/2971/2799 2329/2947/2775 
f 2331/2949/2777 2351/2973/2801 2350/2972/2800 2330/2948/2776 
f 2332/2950/2778 2352/2974/2802 2351/2973/2801 2331/2949/2777 
f 2333/2951/2779 2353/2975/2803 2352/2974/2802 2332/2950/2778 
f 2334/2952/2780 2354/2976/2804 2353/2975/2803 2333/2951/2779 
f 2335/2953/2781 2355/2977/2805 2354/2976/2804 2334/2952/2780 
f 2336/2954/2782 2356/2978/2806 2355/2977/2805 2335/2953/2781 
f 2256/2955/2783 2260/2979/2807 2356/2978/2806 2336/2954/2782 
f 2337/2956/2784 2357/2980/2808 2259/2981/2809 2255/2957/2785 
f 2338/2958/2786 2358/2982/2810 2357/2980/2808 2337/2956/2784 
f 2339/2959/2787 2359/2983/2811 2358/2982/2810 2338/2958/2786 
f 2340/2960/2788 2360/2984/2812 2359/2983/2811 2339/2959/2787 
f 2341/2961/2789 2361/2985/2813 2360/2984/2812 2340/2960/2788 
f 2342/2962/2790 2362/2986/2814 2361/2985/2813 2341/2961/2789 
f 2343/2963/2791 2363/2987/2815 2362/2986/2814 2342/2962/2790 
f 2344/2964/2792 2364/2988/2816 2363/2987/2815 2343/2963/2791 
f 2345/2965/2793 2365/2989/2817 2364/2988/2816 2344/2964/2792 
f 2346/2966/2794 2366/2990/2818 2365/2989/2817 2345/2965/2793 
f 2258/2967/2795 2262/2991/2819 2366/2990/2818 2346/2966/2794 
f 2347/2968/2796 2367/2992/2820 2265/2993/2821 2261/2969/2797 
f 2348/2970/2798 2368/2994/2822 2367/2992/2820 2347/2968/2796 
f 2349/2971/2799 2369/2995/2823 2368/2994/2822 2348/2970/2798 
f 2350/2972/2800 2370/2996/2824 2369/2995/2823 2349/2971/2799 
f 2351/2973/2801 2371/2997/2825 2370/2996/2824 2350/2972/2800 
f 2352/2974/2802 2372/2998/2826 2371/2997/2825 2351/2973/2801 
f 2353/2975/2803 2373/2999/2827 2372/2998/2826 2352/2974/2802 
f 2354/2976/2804 2374/3000/2828 2373/2999/2827 2353/2975/2803 
f 2355/2977/2805 2375/3001/2829 2374/3000/2828 2354/2976/2804 
f 2356/2978/2806 2376/3002/2830 2375/3001/2829 2355/2977/2805 
f 2260/2979/2807 2264/3003/2831 2376/3002/2830 2356/2978/2806 
f 2357/2980/2808 2377/3004/2832 2263/3005/2833 2259/2981/2809 
f 2358/2982/2810 2378/3006/2834 2377/3004/2832 2357/2980/2808 
f 2359/2983/2811 2379/3007/2835 2378/3006/2834 2358/2982/2810 
f 2360/2984/2812 2380/3008/2836 2379/3007/2835 2359/2983/2811 
f 2361/2985/2813 2381/3009/2837 2380/3008/2836 2360/2984/2812 
f 2362/2986/2814 2382/3010/2838 2381/3009/2837 2361/2985/2813 
f 2363/2987/2815 2383/3011/2839 2382/3010/2838 2362/2986/2814 
f 2364/2988/2816 2384/3012/2840 2383/3011/2839 2363/2987/2815 
f 2365/2989/2817 2385/3013/2841 2384/3012/2840 2364/2988/2816 
f 2366/2990/2818 2386/3014/2842 2385/3013/2841 2365/2989/2817 
f 2262/2991/2819 2266/3015/2843 2386/3014/2842 2366/2990/2818 
f 2367/2992/2820 2387/3016/2844 2269/3017/2845 2265/2993/2821 
f 2368/2994/2822 2388/3018/2846 2387/3016/2844 2367/2992/2820 
f 2369/2995/2823 2389/3019/2847 2388/3018/2846 2368/2994/2822 
f 2370/2996/2824 2390/3020/2848 2389/3019/2847 2369/2995/2823 
f 2371/2997/2825 2391/3021/2849 2390/3020/2848 2370/2996/2824 
f 2372/2998/2826 2392/3022/2850 2391/3021/2849 2371/2997/2825 
f 2373/2999/2827 2393/3023/2851 2392/3022/2850 2372/2998/2826 
f 2374/3000/2828 2394/3024/2852 2393/3023/2851 2373/2999/2827 
f 2375/3001/2829 2395/3025/2853 2394/3024/2852 2374/3000/2828 
f 2376/3002/2830 2396/3026/2854 2395/3025/2853 2375/3001/2829 
f 2264/3003/2831 2268/3027/2855 2396/3026/2854 2376/3002/2830 
f 2377/3004/2832 2397/3028/2856 2267/3029/2857 2263/3005/2833 
f 2378/3006/2834 2398/3030/2858 2397/3028/2856 2377/3004/2832 
f 2379/3007/2835 2399/3031/2859 2398/3030/2858 2378/3006/2834 
f 2380/3008/2836 2400/3032/2860 2399/3031/2859 2379/3007/2835 
f 2381/3009/2837 2401/3033/2861 2400/3032/2860 2380/3008/2836 
f 2382/3010/2838 2402/3034/2862 2401/3033/2861 2381/3009/2837 
f 2383/3011/2839 2403/3035/2863 2402/3034/2862 2382/3010/2838 
f 2384/3012/2840 2404/3036/2864 2403/3035/2863 2383/3011/2839 
f 2385/3013/2841 2405/3037/2865 2404/3036/2864 2384/3012/2840 
f 2386/3014/2842 2406/3038/2866 2405/3037/2865 2385/3013/2841 
f 2266/3015/2843 2270/3039/2867 2406/3038/2866 2386/3014/2842 
f 2387/3016/2844 2407/3040/2868 2273/3041/2869 2269/3017/2845 
f 2388/3018/2846 2408/3042/2870 2407/3040/2868 2387/3016/2844 
f 2389/3019/2847 2409/3043/2871 2408/3042/2870 2388/3018/2846 
f 2390/3020/2848 2410/3044/2872 2409/3043/2871 2389/3019/2847 
f 2391/3021/2849 2411/3045/2873 2410/3044/2872 2390/3020/2848 
f 2392/3022/2850 2412/3046/2874 2411/3045/2873 2391/3021/2849 
f 2393/3023/2851 2413/3047/2875 2412/3046/2874 2392/3022/2850 
f 2394/3024/2852 2414/3048/2876 2413/3047/2875 2393/3023/2851 
f 2395/3025/2853 2415/3049/2877 2414/3048/2876 2394/3024/2852 
f 2396/3026/2854 2416/3050/2878 2415/3049/2877 2395/3025/2853 
f 2268/3027/2855 2272/3051/2879 2416/3050/2878 2396/3026/2854 
f 2397/3028/2856 2417/3052/2880 2271/3053/2881 2267/3029/2857 
f 2398/3030/2858 2418/3054/2882 2417/3052/2880 2397/3028/2856 
f 2399/3031/2859 2419/3055/2883 2418/3054/2882 2398/3030/2858 
f 2400/3032/2860 2420/3056/2884 2419/3055/2883 2399/3031/2859 
f 2401/3033/2861 2421/3057/2885 2420/3056/2884 2400/3032/2860 
f 2402/3034/2862 2422/3058/2886 2421/3057/2885 2401/3033/2861 
f 2403/3035/2863 2423/3059/2887 2422/3058/2886 2402/3034/2862 
f 2404/3036/2864 2424/3060/2888 2423/3059/2887 2403/3035/2863 
f 2405/3037/2865 2425/3061/2889 2424/3060/2888 2404/3036/2864 
f 2406/3038/2866 2426/3062/2890 2425/3061/2889 2405/3037/2865 
f 2270/3039/2867 2274/3063/2891 2426/3062/2890 2406/3038/2866 
f 2407/3040/2868 2427/3064/2892 2277/3065/2893 2273/3041/2869 
f 2408/3042/2870 2428/3066/2894 2427/3064/2892 2407/3040/2868 
f 2409/3043/2871 2429/3067/2895 2428/3066/2894 2408/3042/2870 
f 2410/3044/2872 2430/3068/2896 2429/3067/2895 2409/3043/2871 
f 2411/3045/2873 2431/3069/2897 2430/3068/2896 2410/3044/2872 
f 2412/3046/2874 2432/3070/2898 2431/3069/2897 2411/3045/2873 
f 2413/3047/2875 2433/3071/2899 2432/3070/2898 2412/3046/2874 
f 2414/3048/2876 2434/3072/2900 2433/3071/2899 2413/3047/2875 
f 2415/3049/2877 2435/3073/2901 2434/3072/2900 2414/3048/2876 
f 2416/3050/2878 2436/3074/2902 2435/3073/2901 2415/3049/2877 
f 2272/3051/2879 2276/3075/2903 2436/3074/2902 2416/3050/2878 
f 2417/3052/2880 2437/3076/2904 2275/3077/2905 2271/3053/2881 
f 2418/3054/2882 2438/3078/2906 2437/3076/2904 2417/3052/2880 
f 2419/3055/2883 2439/3079/2907 2438/3078/2906 2418/3054/2882 
f 2420/3056/2884 2440/3080/2908 2439/3079/2907 2419/3055/2883 
f 2421/3057/2885 2441/3081/2909 2440/3080/2908 2420/3056/2884 
f 2422/3058/2886 2442/3082/2910 2441/3081/2909 2421/3057/2885 
f 2423/3059/2887 2443/3083/2911 2442/3082/2910 2422/3058/2886 
f 2424/3060/2888 2444/3084/2912 2443/3083/2911 2423/3059/2887 
f 2425/3061/2889 2445/3085/2913 2444/3084/2912 2424/3060/2888 
f 2426/3062/2890 2446/3086/2914 2445/3085/2913 2425/3061/2889 
f 2274/3063/2891 2278/3087/2915 2446/3086/2914 2426/3062/2890 
f 2427/3064/2916 2447/3088/2917 2281/3089/2918 2277/3065/2918 
f 2428/3066/2919 2448/3090/2920 2447/3088/2917 2427/3064/2916 
f 2429/3067/2921 2449/3091/2922 2448/3090/2920 2428/3066/2919 
f 2430/3068/2923 2450/3092/2924 2449/3091/2922 2429/3067/2921 
f 2431/3069/2925 2451/3093/2926 2450/3092/2924 2430/3068/2923 
f 2432/3070/2927 2452/3094/2928 2451/3093/2926 2431/3069/2925 
f 2433/3071/2929 2453/3095/2930 2452/3094/2928 2432/3070/2927 
f 2434/3072/2931 2454/3096/2932 2453/3095/2930 2433/3071/2929 
f 2435/3073/2933 2455/3097/2934 2454/3096/2932 2434/3072/2931 
f 2436/3074/2935 2456/3098/2936 2455/3097/2934 2435/3073/2933 
f 2276/3075/2937 2280/3099/2937 2456/3098/2936 2436/3074/2935 
f 2437/3076/2938 2457/3100/2939 2279/3101/2940 2275/3077/2940 
f 2438/3078/2941 2458/3102/2942 2457/3100/2939 2437/3076/2938 
f 2439/3079/2943 2459/3103/2944 2458/3102/2942 2438/3078/2941 
f 2440/3080/2945 2460/3104/2946 2459/3103/2944 2439/3079/2943 
f 2441/3081/2947 2461/3105/2948 2460/3104/2946 2440/3080/2945 
f 2442/3082/2949 2462/3106/2950 2461/3105/2948 2441/3081/2947 
f 2443/3083/2951 2463/3107/2952 2462/3106/2950 2442/3082/2949 
f 2444/3084/2953 2464/3108/2954 2463/3107/2952 2443/3083/2951 
f 2445/3085/2955 2465/3109/2956 2464/3108/2954 2444/3084/2953 
f 2446/3086/2957 2466/3110/2958 2465/3109/2956 2445/3085/2955 
f 2278/3087/2959 2282/3111/2959 2466/3110/2958 2446/3086/2957 
f 2447/3088/2960 2467/3112/2961 2285/3113/2962 2281/3089/2963 
f 2448/3090/2964 2468/3114/2965 2467/3112/2961 2447/3088/2960 
f 2449/3091/2966 2469/3115/2967 2468/3114/2965 2448/3090/2964 
f 2450/3092/2968 2470/3116/2969 2469/3115/2967 2449/3091/2966 
f 2451/3093/2970 2471/3117/2971 2470/3116/2969 2450/3092/2968 
f 2452/3094/2972 2472/3118/2973 2471/3117/2971 2451/3093/2970 
f 2453/3095/2974 2473/3119/2975 2472/3118/2973 2452/3094/2972 
f 2454/3096/2976 2474/3120/2977 2473/3119/2975 2453/3095/2974 
f 2455/3097/2978 2475/3121/2979 2474/3120/2977 2454/3096/2976 
f 2456/3098/2980 2476/3122/2981 2475/3121/2979 2455/3097/2978 
f 2280/3099/2982 2284/3123/2983 2476/3122/2981 2456/3098/2980 
f 2457/3100/2984 2477/3124/2985 2283/3125/2986 2279/3101/2987 
f 2458/3102/2988 2478/3126/2989 2477/3124/2985 2457/3100/2984 
f 2459/3103/2990 2479/3127/2991 2478/3126/2989 2458/3102/2988 
f 2460/3104/2992 2480/3128/2993 2479/3127/2991 2459/3103/2990 
f 2461/3105/2994 2481/3129/2995 2480/3128/2993 2460/3104/2992 
f 2462/3106/2996 2482/3130/2997 2481/3129/2995 2461/3105/2994 
f 2463/3107/2998 2483/3131/2999 2482/3130/2997 2462/3106/2996 
f 2464/3108/3000 2484/3132/3001 2483/3131/2999 2463/3107/2998 
f 2465/3109/3002 2485/3133/3003 2484/3132/3001 2464/3108/3000 
f 2466/3110/3004 2486/3134/3005 2485/3133/3003 2465/3109/3002 
f 2282/3111/3006 2286/3135/3007 2486/3134/3005 2466/3110/3004 
f 2467/3112/2961 2487/3136/3008 2289/3137/3009 2285/3113/2962 
f 2468/3114/2965 2488/3138/3010 2487/3136/3008 2467/3112/2961 
f 2469/3115/2967 2489/3139/3011 2488/3138/3010 2468/3114/2965 
f 2470/3116/2969 2490/3140/3012 2489/3139/3011 2469/3115/2967 
f 2471/3117/2971 2491/3141/3013 2490/3140/3012 2470/3116/2969 
f 2472/3118/2973 2492/3142/3014 2491/3141/3013 2471/3117/2971 
f 2473/3119/2975 2493/3143/3015 2492/3142/3014 2472/3118/2973 
f 2474/3120/2977 2494/3144/3016 2493/3143/3015 2473/3119/2975 
f 2475/3121/2979 2495/3145/3017 2494/3144/3016 2474/3120/2977 
f 2476/3122/2981 2496/3146/3018 2495/3145/3017 2475/3121/2979 
f 2284/3123/2983 2288/3147/3019 2496/3146/3018 2476/3122/2981 
f 2477/3124/2985 2497/3148/3020 2287/3149/3021 2283/3125/2986 
f 2478/3126/2989 2498/3150/3022 2497/3148/3020 2477/3124/2985 
f 2479/3127/2991 2499/3151/3023 2498/3150/3022 2478/3126/2989 
f 2480/3128/2993 2500/3152/3024 2499/3151/3023 2479/3127/2991 
f 2481/3129/2995 2501/3153/3025 2500/3152/3024 2480/3128/2993 
f 2482/3130/2997 2502/3154/3026 2501/3153/3025 2481/3129/2995 
f 2483/3131/2999 2503/3155/3027 2502/3154/3026 2482/3130/2997 
f 2484/3132/3001 2504/3156/3028 2503/3155/3027 2483/3131/2999 
f 2485/3133/3003 2505/3157/3029 2504/3156/3028 2484/3132/3001 
f 2486/3134/3005 2506/3158/3030 2505/3157/3029 2485/3133/3003 
f 2286/3135/3007 2290/3159/3031 2506/3158/3030 2486/3134/3005 
f 2487/3136/3008 2507/3160/3032 2293/3161/3033 2289/3137/3009 
f 2488/3138/3010 2508/3162/3034 2507/3160/3032 2487/3136/3008 
f 2489/3139/3011 2509/3163/3035 2508/3162/3034 2488/3138/3010 
f 2490/3140/3012 2510/3164/3036 2509/3163/3035 2489/3139/3011 
f 2491/3141/3013 2511/3165/3037 2510/3164/3036 2490/3140/3012 
f 2492/3142/3014 2512/3166/3038 2511/3165/3037 2491/3141/3013 
f 2493/3143/3015 2513/3167/3039 2512/3166/3038 2492/3142/3014 
f 2494/3144/3016 2514/3168/3040 2513/3167/3039 2493/3143/3015 
f 2495/3145/3017 2515/3169/3041 2514/3168/3040 2494/3144/3016 
f 2496/3146/3018 2516/3170/3042 2515/3169/3041 2495/3145/3017 
f 2288/3147/3019 2292/3171/3043 2516/3170/3042 2496/3146/3018 
f 2497/3148/3020 2517/3172/3044 2291/3173/3045 2287/3149/3021 
f 2498/3150/3022 2518/3174/3046 2517/3172/3044 2497/3148/3020 
f 2499/3151/3023 2519/3175/3047 2518/3174/3046 2498/3150/3022 
f 2500/3152/3024 2520/3176/3048 2519/3175/3047 2499/3151/3023 
f 2501/3153/3025 2521/3177/3049 2520/3176/3048 2500/3152/3024 
f 2502/3154/3026 2522/3178/3050 2521/3177/3049 2501/3153/3025 
f 2503/3155/3027 2523/3179/3051 2522/3178/3050 2502/3154/3026 
f 2504/3156/3028 2524/3180/3052 2523/3179/3051 2503/3155/3027 
f 2505/3157/3029 2525/3181/3053 2524/3180/3052 2504/3156/3028 
f 2506/3158/3030 2526/3182/3054 2525/3181/3053 2505/3157/3029 
f 2290/3159/3031 2294/3183/3055 2526/3182/3054 2506/3158/3030 
f 2507/3160/3032 2527/3184/3056 2297/3185/3057 2293/3161/3033 
f 2508/3162/3034 2528/3186/3058 2527/3184/3056 2507/3160/3032 
f 2509/3163/3035 2529/3187/3059 2528/3186/3058 2508/3162/3034 
f 2510/3164/3036 2530/3188/3060 2529/3187/3059 2509/3163/3035 
f 2511/3165/3037 2531/3189/3061 2530/3188/3060 2510/3164/3036 
f 2512/3166/3038 2532/3190/3062 2531/3189/3061 2511/3165/3037 
f 2513/3167/3039 2533/3191/3063 2532/3190/3062 2512/3166/3038 
f 2514/3168/3040 2534/3192/3064 2533/3191/3063 2513/3167/3039 
f 2515/3169/3041 2535/3193/3065 2534/3192/3064 2514/3168/3040 
f 2516/3170/3042 2536/3194/3066 2535/3193/3065 2515/3169/3041 
f 2292/3171/3043 2296/3195/3067 2536/3194/3066 2516/3170/3042 
f 2517/3172/3044 2537/3196/3068 2295/3197/3069 2291/3173/3045 
f 2518/3174/3046 2538/3198/3070 2537/3196/3068 2517/3172/3044 
f 2519/3175/3047 2539/3199/3071 2538/3198/3070 2518/3174/3046 
f 2520/3176/3048 2540/3200/3072 2539/3199/3071 2519/3175/3047 
f 2521/3177/3049 2541/3201/3073 2540/3200/3072 2520/3176/3048 
f 2522/3178/3050 2542/3202/3074 2541/3201/3073 2521/3177/3049 
f 2523/3179/3051 2543/3203/3075 2542/3202/3074 2522/3178/3050 
f 2524/3180/3052 2544/3204/3076 2543/3203/3075 2523/3179/3051 
f 2525/3181/3053 2545/3205/3077 2544/3204/3076 2524/3180/3052 
f 2526/3182/3054 2546/3206/3078 2545/3205/3077 2525/3181/3053 
f 2294/3183/3055 2298/3207/3079 2546/3206/3078 2526/3182/3054 
f 2527/3184/3056 2547/3208/3080 2301/3209/3081 2297/3185/3057 
f 2528/3186/3058 2548/3210/3082 2547/3208/3080 2527/3184/3056 
f 2529/3187/3059 2549/3211/3083 2548/3210/3082 2528/3186/3058 
f 2530/3188/3060 2550/3212/3084 2549/3211/3083 2529/3187/3059 
f 2531/3189/3061 2551/3213/3085 2550/3212/3084 2530/3188/3060 
f 2532/3190/3062 2552/3214/3086 2551/3213/3085 2531/3189/3061 
f 2533/3191/3063 2553/3215/3087 2552/3214/3086 2532/3190/3062 
f 2534/3192/3064 2554/3216/3088 2553/3215/3087 2533/3191/3063 
f 2535/3193/3065 2555/3217/3089 2554/3216/3088 2534/3192/3064 
f 2536/3194/3066 2556/3218/3090 2555/3217/3089 2535/3193/3065 
f 2296/3195/3067 2300/3219/3091 2556/3218/3090 2536/3194/3066 
f 2537/3196/3068 2557/3220/3092 2299/3221/3093 2295/3197/3069 
f 2538/3198/3070 2558/3222/3094 2557/3220/3092 2537/3196/3068 
f 2539/3199/3071 2559/3223/3095 2558/3222/3094 2538/3198/3070 
f 2540/3200/3072 2560/3224/3096 2559/3223/3095 2539/3199/3071 
f 2541/3201/3073 2561/3225/3097 2560/3224/3096 2540/3200/3072 
f 2542/3202/3074 2562/3226/3098 2561/3225/3097 2541/3201/3073 
f 2543/3203/3075 2563/3227/3099 2562/3226/3098 2542/3202/3074 
f 2544/3204/3076 2564/3228/3100 2563/3227/3099 2543/3203/3075 
f 2545/3205/3077 2565/3229/3101 2564/3228/3100 2544/3204/3076 
f 2546/3206/3078 2566/3230/3102 2565/3229/3101 2545/3205/3077 
f 2298/3207/3079 2302/3231/3103 2566/3230/3102 2546/3206/3078 
f 2547/3208/3080 2567/3232/3104 2305/3233/3105 2301/3209/3081 
f 2548/3210/3082 2568/3234/3106 2567/3232/3104 2547/3208/3080 
f 2549/3211/3083 2569/3235/3107 2568/3234/3106 2548/3210/3082 
f 2550/3212/3084 2570/3236/3108 2569/3235/3107 2549/3211/3083 
f 2551/3213/3085 2571/3237/3109 2570/3236/3108 2550/3212/3084 
f 2552/3214/3086 2572/3238/3110 2571/3237/3109 2551/3213/3085 
f 2553/3215/3087 2573/3239/3111 2572/3238/3110 2552/3214/3086 
f 2554/3216/3088 2574/3240/3112 2573/3239/3111 2553/3215/3087 
f 2555/3217/3089 2575/3241/3113 2574/3240/3112 2554/3216/3088 
f 2556/3218/3090 2576/3242/3114 2575/3241/3113 2555/3217/3089 
f 2300/3219/3091 2304/3243/3115 2576/3242/3114 2556/3218/3090 
f 2557/3220/3092 2577/3244/3116 2303/3245/3117 2299/3221/3093 
f 2558/3222/3094 2578/3246/3118 2577/3244/3116 2557/3220/3092 
f 2559/3223/3095 2579/3247/3119 2578/3246/3118 2558/3222/3094 
f 2560/3224/3096 2580/3248/3120 2579/3247/3119 2559/3223/3095 
f 2561/3225/3097 2581/3249/3121 2580/3248/3120 2560/3224/3096 
f 2562/3226/3098 2582/3250/3122 2581/3249/3121 2561/3225/3097 
f 2563/3227/3099 2583/3251/3123 2582/3250/3122 2562/3226/3098 
f 2564/3228/3100 2584/3252/3124 2583/3251/3123 2563/3227/3099 
f 2565/3229/3101 2585/3253/3125 2584/3252/3124 2564/3228/3100 
f 2566/3230/3102 2586/3254/3126 2585/3253/3125 2565/3229/3101 
f 2302/3231/3103 2306/3255/3127 2586/3254/3126 2566/3230/3102 
f 2567/3232/3104 2205/3256/3128 2204/3257/3129 2305/3233/3105 
f 2568/3234/3106 2206/3258/3130 2205/3256/3128 2567/3232/3104 
f 2569/3235/3107 2208/3259/3131 2206/3258/3130 2568/3234/3106 
f 2570/3236/3108 2209/3260/3132 2208/3259/3131 2569/3235/3107 
f 2571/3237/3109 2210/3261/3133 2209/3260/3132 2570/3236/3108 
f 2572/3238/3110 2212/3262/3134 2210/3261/3133 2571/3237/3109 
f 2573/3239/3111 2213/3263/3135 2212/3262/3134 2572/3238/3110 
f 2574/3240/3112 2214/3264/3136 2213/3263/3135 2573/3239/3111 
f 2575/3241/3113 2215/3265/3137 2214/3264/3136 2574/3240/3112 
f 2576/3242/3114 2217/3266/3138 2215/3265/3137 2575/3241/3113 
f 2304/3243/3115 2218/3267/3139 2217/3266/3138 2576/3242/3114 
f 2577/3244/3116 2220/3268/3140 2216/3269/3141 2303/3245/3117 
f 2578/3246/3118 2219/3270/3142 2220/3268/3140 2577/3244/3116 
f 2579/3247/3119 2221/3271/3143 2219/3270/3142 2578/3246/3118 
f 2580/3248/3120 2211/3272/3144 2221/3271/3143 2579/3247/3119 
f 2581/3249/3121 2223/3249/3145 2211/3272/3144 2580/3248/3120 
f 2582/3250/3122 2222/3273/3146 2223/3249/3145 2581/3249/3121 
f 2583/3251/3123 2224/3274/3147 2222/3273/3146 2582/3250/3122 
f 2584/3252/3124 2207/3275/3148 2224/3274/3147 2583/3251/3123 
f 2585/3253/3125 2225/3276/3149 2207/3275/3148 2584/3252/3124 
f 2586/3254/3126 2226/3277/3150 2225/3276/3149 2585/3253/3125 
f 2306/3255/3127 2203/3278/3151 2226/3277/3150 2586/3254/3126 
# 379 polygons - 6 triangles

#
# object Archmodels_vol_89_001_11
#

v  -100.4720 88.2578 22.8718
v  -96.2997 88.2578 23.7770
v  -96.3011 88.2586 23.7838
v  -100.4802 88.2586 22.8770
v  -92.1203 88.2578 24.6465
v  -92.1217 88.2586 24.6532
v  -87.9342 88.2578 25.4801
v  -87.9355 88.2586 25.4868
v  -83.7414 88.2578 26.2779
v  -83.7426 88.2586 26.2846
v  -79.5422 88.2578 27.0396
v  -79.5434 88.2586 27.0463
v  -75.3371 88.2578 27.7654
v  -75.3382 88.2586 27.7722
v  -71.1259 88.2578 28.4552
v  -71.1270 88.2586 28.4620
v  -66.9092 88.2578 29.1092
v  -66.9102 88.2586 29.1159
v  -62.6871 88.2578 29.7269
v  -62.6880 88.2586 29.7337
v  -58.4598 88.2578 30.3085
v  -58.4607 88.2586 30.3154
v  -54.2276 88.2578 30.8541
v  -54.2284 88.2586 30.8609
v  -49.9907 88.2578 31.3635
v  -49.9915 88.2586 31.3703
v  -45.7493 88.2578 31.8367
v  -45.7501 88.2586 31.8436
v  -41.5038 88.2578 32.2737
v  -41.5045 88.2586 32.2805
v  -37.2543 88.2578 32.6743
v  -37.2549 88.2586 32.6812
v  -33.0010 88.2578 33.0388
v  -33.0016 88.2586 33.0457
v  -28.7443 88.2578 33.3669
v  -28.7448 88.2586 33.3737
v  -24.4849 88.2578 33.6585
v  -24.4853 88.2586 33.6654
v  -20.2237 88.2578 33.9138
v  -20.2241 88.2586 33.9206
v  -15.9609 88.2578 34.1325
v  -15.9612 88.2586 34.1394
v  -11.6968 88.2578 34.3148
v  -11.6971 88.2586 34.3217
v  -7.4317 88.2578 34.4605
v  -7.4319 88.2586 34.4674
v  -3.1657 88.2578 34.5701
v  -3.1658 88.2586 34.5769
v  1.1009 88.2578 34.6429
v  1.1009 88.2586 34.6497
v  5.3679 88.2578 34.6794
v  5.3679 88.2586 34.6863
v  9.6350 88.2578 34.6793
v  9.6350 88.2586 34.6862
v  13.9020 88.2578 34.6429
v  13.9021 88.2586 34.6497
v  18.1686 88.2578 34.5699
v  18.1687 88.2586 34.5768
v  22.4346 88.2578 34.4606
v  22.4348 88.2586 34.4674
v  26.6998 88.2578 34.3147
v  26.7000 88.2586 34.3216
v  30.9638 88.2578 34.1324
v  30.9642 88.2586 34.1393
v  35.2266 88.2578 33.9138
v  35.2270 88.2586 33.9206
v  39.4878 88.2578 33.6585
v  39.4882 88.2586 33.6654
v  43.7472 88.2578 33.3669
v  43.7477 88.2586 33.3737
v  48.0039 88.2578 33.0388
v  48.0045 88.2586 33.0457
v  52.2572 88.2578 32.6743
v  52.2578 88.2586 32.6812
v  56.5067 88.2578 32.2737
v  56.5074 88.2586 32.2805
v  60.7523 88.2578 31.8367
v  60.7530 88.2586 31.8436
v  64.9936 88.2578 31.3634
v  64.9944 88.2586 31.3702
v  69.2305 88.2578 30.8541
v  69.2314 88.2586 30.8609
v  73.4627 88.2578 30.3085
v  73.4636 88.2586 30.3153
v  77.6900 88.2578 29.7269
v  77.6910 88.2586 29.7337
v  81.9121 88.2578 29.1091
v  81.9131 88.2586 29.1159
v  86.1289 88.2578 28.4552
v  86.1299 88.2586 28.4620
v  90.3400 88.2578 27.7654
v  90.3411 88.2586 27.7722
v  94.5452 88.2578 27.0396
v  94.5464 88.2586 27.0463
v  98.7443 88.2578 26.2777
v  98.7456 88.2586 26.2845
v  102.9371 88.2578 25.4801
v  102.9384 88.2586 25.4868
v  107.1232 88.2578 24.6465
v  107.1246 88.2586 24.6532
v  111.3026 88.2578 23.7770
v  111.3040 88.2586 23.7838
v  115.4749 88.2578 22.8718
v  115.4831 88.2586 22.8770
v  111.1644 88.2578 3.3418
v  111.1697 88.2586 3.3336
v  107.1577 88.2578 4.2112
v  107.1563 88.2586 4.2044
v  103.1444 88.2578 5.0462
v  103.1431 88.2586 5.0394
v  99.1249 88.2578 5.8466
v  99.1236 88.2586 5.8399
v  95.0991 88.2578 6.6127
v  95.0979 88.2586 6.6059
v  91.0675 88.2578 7.3441
v  91.0663 88.2586 7.3373
v  87.0301 88.2578 8.0411
v  87.0290 88.2586 8.0344
v  82.9871 88.2578 8.7035
v  82.9861 88.2586 8.6967
v  78.9389 88.2578 9.3314
v  78.9378 88.2586 9.3246
v  74.8854 88.2578 9.9245
v  74.8844 88.2586 9.9177
v  70.8270 88.2578 10.4830
v  70.8261 88.2586 10.4762
v  66.7638 88.2578 11.0068
v  66.7629 88.2586 11.0000
v  62.6960 88.2578 11.4960
v  62.6952 88.2586 11.4891
v  58.6239 88.2578 11.9503
v  58.6231 88.2586 11.9435
v  54.5476 88.2578 12.3699
v  54.5469 88.2586 12.3630
v  50.4672 88.2578 12.7547
v  50.4666 88.2586 12.7479
v  46.3831 88.2578 13.1046
v  46.3825 88.2586 13.0977
v  42.2954 88.2578 13.4196
v  42.2949 88.2586 13.4128
v  38.2051 88.2578 13.6997
v  38.2047 88.2586 13.6929
v  34.1137 88.2578 13.9449
v  34.1133 88.2586 13.9380
v  30.0212 88.2578 14.1549
v  30.0208 88.2586 14.1481
v  25.9278 88.2578 14.3299
v  25.9275 88.2586 14.3230
v  21.8336 88.2578 14.4699
v  21.8334 88.2586 14.4630
v  17.7389 88.2578 14.5750
v  17.7388 88.2586 14.5681
v  13.6439 88.2578 14.6450
v  13.6438 88.2586 14.6381
v  9.5485 88.2578 14.6801
v  9.5485 88.2586 14.6732
v  5.4531 88.2578 14.6800
v  5.4532 88.2586 14.6732
v  1.3578 88.2578 14.6450
v  1.3579 88.2586 14.6381
v  -2.7372 88.2578 14.5750
v  -2.7371 88.2586 14.5681
v  -6.8318 88.2578 14.4700
v  -6.8316 88.2586 14.4631
v  -10.9259 88.2578 14.3299
v  -10.9256 88.2586 14.3230
v  -15.0192 88.2578 14.1548
v  -15.0188 88.2586 14.1480
v  -19.1115 88.2578 13.9448
v  -19.1112 88.2586 13.9379
v  -23.2028 88.2578 13.6997
v  -23.2024 88.2586 13.6928
v  -27.2929 88.2578 13.4196
v  -27.2924 88.2586 13.4128
v  -31.3807 88.2578 13.1046
v  -31.3801 88.2586 13.0977
v  -35.4648 88.2578 12.7546
v  -35.4642 88.2586 12.7478
v  -39.5452 88.2578 12.3699
v  -39.5445 88.2586 12.3630
v  -43.6216 88.2578 11.9503
v  -43.6208 88.2586 11.9435
v  -47.6937 88.2578 11.4958
v  -47.6929 88.2586 11.4890
v  -51.7615 88.2578 11.0068
v  -51.7607 88.2586 11.0000
v  -55.8247 88.2578 10.4829
v  -55.8238 88.2586 10.4761
v  -59.8831 88.2578 9.9245
v  -59.8822 88.2586 9.9177
v  -63.9366 88.2578 9.3312
v  -63.9355 88.2586 9.3244
v  -67.9848 88.2578 8.7034
v  -67.9837 88.2586 8.6966
v  -72.0277 88.2578 8.0410
v  -72.0266 88.2586 8.0341
v  -76.0651 88.2578 7.3440
v  -76.0639 88.2586 7.3372
v  -80.0967 88.2578 6.6125
v  -80.0954 88.2586 6.6057
v  -84.1223 88.2578 5.8465
v  -84.1210 88.2586 5.8397
v  -88.1418 88.2578 5.0460
v  -88.1404 88.2586 5.0393
v  -92.1549 88.2578 4.2111
v  -92.1535 88.2586 4.2044
v  -96.1616 88.2578 3.3418
v  -96.1668 88.2586 3.3336
v  -96.3024 88.2609 23.7899
v  -100.4877 88.2609 22.8819
v  -92.1230 88.2609 24.6594
v  -87.9367 88.2609 25.4930
v  -83.7438 88.2609 26.2908
v  -79.5445 88.2609 27.0525
v  -75.3392 88.2609 27.7785
v  -71.1280 88.2609 28.4682
v  -66.9112 88.2609 29.1222
v  -62.6889 88.2609 29.7399
v  -58.4615 88.2609 30.3216
v  -54.2292 88.2609 30.8672
v  -49.9922 88.2609 31.3766
v  -45.7507 88.2609 31.8498
v  -41.5051 88.2609 32.2868
v  -37.2555 88.2609 32.6875
v  -33.0021 88.2609 33.0519
v  -28.7452 88.2609 33.3800
v  -24.4857 88.2609 33.6717
v  -20.2244 88.2609 33.9269
v  -15.9615 88.2609 34.1457
v  -11.6973 88.2609 34.3280
v  -7.4321 88.2609 34.4737
v  -3.1659 88.2609 34.5832
v  1.1008 88.2609 34.6560
v  5.3679 88.2609 34.6926
v  9.6351 88.2609 34.6925
v  13.9021 88.2609 34.6561
v  18.1689 88.2609 34.5831
v  22.4350 88.2609 34.4738
v  26.7003 88.2609 34.3279
v  30.9645 88.2609 34.1456
v  35.2273 88.2609 33.9269
v  39.4886 88.2609 33.6717
v  43.7481 88.2609 33.3800
v  48.0050 88.2609 33.0519
v  52.2584 88.2609 32.6875
v  56.5080 88.2609 32.2868
v  60.7537 88.2609 31.8499
v  64.9951 88.2609 31.3765
v  69.2321 88.2609 30.8672
v  73.4644 88.2609 30.3216
v  77.6919 88.2609 29.7400
v  81.9141 88.2609 29.1221
v  86.1309 88.2609 28.4683
v  90.3421 88.2609 27.7784
v  94.5475 88.2609 27.0526
v  98.7467 88.2609 26.2907
v  102.9396 88.2609 25.4930
v  107.1259 88.2609 24.6594
v  111.3053 88.2609 23.7899
v  115.4906 88.2609 22.8819
v  111.1745 88.2609 3.3261
v  107.1549 88.2609 4.1983
v  103.1418 88.2609 5.0332
v  99.1223 88.2609 5.8337
v  95.0967 88.2609 6.5997
v  91.0652 88.2609 7.3311
v  87.0279 88.2609 8.0281
v  82.9851 88.2609 8.6905
v  78.9369 88.2609 9.3183
v  74.8835 88.2609 9.9114
v  70.8252 88.2609 10.4699
v  66.7622 88.2609 10.9937
v  62.6945 88.2609 11.4828
v  58.6225 88.2609 11.9372
v  54.5463 88.2609 12.3568
v  50.4660 88.2609 12.7415
v  46.3820 88.2609 13.0914
v  42.2944 88.2609 13.4065
v  38.2043 88.2609 13.6866
v  34.1130 88.2609 13.9317
v  30.0206 88.2609 14.1418
v  25.9273 88.2609 14.3167
v  21.8332 88.2609 14.4567
v  17.7387 88.2609 14.5618
v  13.6437 88.2609 14.6318
v  9.5485 88.2609 14.6669
v  5.4532 88.2609 14.6669
v  1.3580 88.2609 14.6318
v  -2.7369 88.2609 14.5618
v  -6.8314 88.2609 14.4568
v  -10.9254 88.2609 14.3167
v  -15.0185 88.2609 14.1417
v  -19.1108 88.2609 13.9316
v  -23.2020 88.2609 13.6865
v  -27.2919 88.2609 13.4064
v  -31.3796 88.2609 13.0914
v  -35.4636 88.2609 12.7415
v  -39.5439 88.2609 12.3567
v  -43.6201 88.2609 11.9372
v  -47.6922 88.2609 11.4828
v  -51.7599 88.2609 10.9937
v  -55.8230 88.2609 10.4698
v  -59.8813 88.2609 9.9114
v  -63.9346 88.2609 9.3181
v  -67.9828 88.2609 8.6904
v  -72.0256 88.2609 8.0279
v  -76.0628 88.2609 7.3310
v  -80.0943 88.2609 6.5995
v  -84.1198 88.2609 5.8336
v  -88.1392 88.2609 5.0331
v  -92.1522 88.2609 4.1982
v  -96.1716 88.2609 3.3261
v  -96.3036 88.2644 23.7954
v  -100.4943 88.2644 22.8861
v  -92.1241 88.2644 24.6649
v  -87.9377 88.2644 25.4985
v  -83.7448 88.2644 26.2963
v  -79.5455 88.2644 27.0580
v  -75.3401 88.2644 27.7840
v  -71.1289 88.2644 28.4737
v  -66.9120 88.2644 29.1277
v  -62.6897 88.2644 29.7455
v  -58.4622 88.2644 30.3271
v  -54.2299 88.2644 30.8727
v  -49.9928 88.2644 31.3821
v  -45.7513 88.2644 31.8553
v  -41.5056 88.2644 32.2923
v  -37.2560 88.2644 32.6931
v  -33.0025 88.2644 33.0575
v  -28.7456 88.2644 33.3856
v  -24.4861 88.2644 33.6772
v  -20.2247 88.2644 33.9325
v  -15.9618 88.2644 34.1512
v  -11.6976 88.2644 34.3336
v  -7.4322 88.2644 34.4792
v  -3.1661 88.2644 34.5888
v  1.1007 88.2644 34.6616
v  5.3678 88.2644 34.6982
v  9.6351 88.2644 34.6981
v  13.9022 88.2644 34.6617
v  18.1690 88.2644 34.5887
v  22.4351 88.2644 34.4793
v  26.7005 88.2644 34.3335
v  30.9647 88.2644 34.1512
v  35.2276 88.2644 33.9325
v  39.4890 88.2644 33.6772
v  43.7486 88.2644 33.3856
v  48.0054 88.2644 33.0575
v  52.2589 88.2644 32.6931
v  56.5085 88.2644 32.2923
v  60.7542 88.2644 31.8554
v  64.9957 88.2644 31.3820
v  69.2328 88.2644 30.8727
v  73.4652 88.2644 30.3271
v  77.6926 88.2644 29.7455
v  81.9149 88.2644 29.1276
v  86.1318 88.2644 28.4737
v  90.3431 88.2644 27.7839
v  94.5485 88.2644 27.0581
v  98.7477 88.2644 26.2961
v  102.9407 88.2644 25.4985
v  107.1270 88.2644 24.6649
v  111.3065 88.2644 23.7954
v  115.4973 88.2644 22.8861
v  111.1787 88.2644 3.3195
v  107.1538 88.2644 4.1928
v  103.1407 88.2644 5.0277
v  99.1213 88.2644 5.8282
v  95.0957 88.2644 6.5942
v  91.0642 88.2644 7.3256
v  87.0270 88.2644 8.0226
v  82.9842 88.2644 8.6850
v  78.9361 88.2644 9.3128
v  74.8827 88.2644 9.9059
v  70.8245 88.2644 10.4644
v  66.7615 88.2644 10.9882
v  62.6939 88.2644 11.4773
v  58.6219 88.2644 11.9316
v  54.5457 88.2644 12.3512
v  50.4655 88.2644 12.7360
v  46.3816 88.2644 13.0859
v  42.2940 88.2644 13.4009
v  38.2039 88.2644 13.6810
v  34.1126 88.2644 13.9261
v  30.0203 88.2644 14.1362
v  25.9270 88.2644 14.3112
v  21.8331 88.2644 14.4512
v  17.7385 88.2644 14.5563
v  13.6436 88.2644 14.6262
v  9.5484 88.2644 14.6613
v  5.4532 88.2644 14.6613
v  1.3581 88.2644 14.6263
v  -2.7368 88.2644 14.5562
v  -6.8313 88.2644 14.4512
v  -10.9252 88.2644 14.3111
v  -15.0183 88.2644 14.1361
v  -19.1105 88.2644 13.9261
v  -23.2016 88.2644 13.6809
v  -27.2915 88.2644 13.4009
v  -31.3791 88.2644 13.0859
v  -35.4631 88.2644 12.7359
v  -39.5434 88.2644 12.3512
v  -43.6196 88.2644 11.9317
v  -47.6916 88.2644 11.4772
v  -51.7592 88.2644 10.9882
v  -55.8222 88.2644 10.4643
v  -59.8805 88.2644 9.9059
v  -63.9338 88.2644 9.3127
v  -67.9819 88.2644 8.6849
v  -72.0246 88.2644 8.0225
v  -76.0618 88.2644 7.3255
v  -80.0933 88.2644 6.5941
v  -84.1187 88.2644 5.8281
v  -88.1381 88.2644 5.0276
v  -92.1510 88.2644 4.1928
v  -96.1758 88.2644 3.3195
v  -96.3046 88.2691 23.7999
v  -100.4999 88.2691 22.8896
v  -92.1250 88.2691 24.6695
v  -87.9386 88.2691 25.5030
v  -83.7457 88.2691 26.3008
v  -79.5463 88.2691 27.0626
v  -75.3409 88.2691 27.7885
v  -71.1296 88.2691 28.4783
v  -66.9127 88.2691 29.1323
v  -62.6904 88.2691 29.7501
v  -58.4629 88.2691 30.3318
v  -54.2305 88.2691 30.8773
v  -49.9934 88.2691 31.3867
v  -45.7518 88.2691 31.8600
v  -41.5061 88.2691 32.2970
v  -37.2564 88.2691 32.6977
v  -33.0029 88.2691 33.0621
v  -28.7460 88.2691 33.3902
v  -24.4864 88.2691 33.6819
v  -20.2250 88.2691 33.9371
v  -15.9620 88.2691 34.1559
v  -11.6977 88.2691 34.3382
v  -7.4324 88.2691 34.4839
v  -3.1662 88.2691 34.5934
v  1.1006 88.2691 34.6663
v  5.3678 88.2691 34.7029
v  9.6351 88.2691 34.7027
v  13.9023 88.2691 34.6663
v  18.1691 88.2691 34.5933
v  22.4353 88.2691 34.4839
v  26.7007 88.2691 34.3381
v  30.9649 88.2691 34.1558
v  35.2279 88.2691 33.9371
v  39.4893 88.2691 33.6819
v  43.7489 88.2691 33.3902
v  48.0058 88.2691 33.0621
v  52.2593 88.2691 32.6977
v  56.5090 88.2691 32.2970
v  60.7547 88.2691 31.8600
v  64.9963 88.2691 31.3867
v  69.2334 88.2691 30.8773
v  73.4658 88.2691 30.3317
v  77.6933 88.2691 29.7501
v  81.9156 88.2691 29.1323
v  86.1325 88.2691 28.4783
v  90.3438 88.2691 27.7885
v  94.5493 88.2691 27.0627
v  98.7486 88.2691 26.3007
v  102.9415 88.2691 25.5030
v  107.1279 88.2691 24.6694
v  111.3075 88.2691 23.7999
v  115.5028 88.2691 22.8896
v  111.1823 88.2691 3.3140
v  107.1528 88.2691 4.1883
v  103.1398 88.2691 5.0232
v  99.1204 88.2691 5.8237
v  95.0949 88.2691 6.5897
v  91.0634 88.2691 7.3210
v  87.0262 88.2691 8.0181
v  82.9835 88.2691 8.6804
v  78.9354 88.2691 9.3082
v  74.8821 88.2691 9.9013
v  70.8239 88.2691 10.4598
v  66.7609 88.2691 10.9836
v  62.6933 88.2691 11.4727
v  58.6214 88.2691 11.9271
v  54.5453 88.2691 12.3466
v  50.4651 88.2691 12.7314
v  46.3812 88.2691 13.0812
v  42.2937 88.2691 13.3963
v  38.2036 88.2691 13.6764
v  34.1124 88.2691 13.9215
v  30.0201 88.2691 14.1316
v  25.9269 88.2691 14.3065
v  21.8329 88.2691 14.4465
v  17.7384 88.2691 14.5516
v  13.6435 88.2691 14.6216
v  9.5484 88.2691 14.6567
v  5.4532 88.2691 14.6566
v  1.3581 88.2691 14.6216
v  -2.7367 88.2691 14.5516
v  -6.8311 88.2691 14.4466
v  -10.9250 88.2691 14.3065
v  -15.0181 88.2691 14.1315
v  -19.1102 88.2691 13.9214
v  -23.2013 88.2691 13.6763
v  -27.2912 88.2691 13.3962
v  -31.3788 88.2691 13.0812
v  -35.4627 88.2691 12.7313
v  -39.5429 88.2691 12.3465
v  -43.6191 88.2691 11.9271
v  -47.6910 88.2691 11.4726
v  -51.7586 88.2691 10.9836
v  -55.8216 88.2691 10.4597
v  -59.8798 88.2691 9.9012
v  -63.9331 88.2691 9.3081
v  -67.9811 88.2691 8.6803
v  -72.0239 88.2691 8.0179
v  -76.0610 88.2691 7.3210
v  -80.0924 88.2691 6.5895
v  -84.1178 88.2691 5.8235
v  -88.1371 88.2691 5.0231
v  -92.1501 88.2691 4.1882
v  -96.1794 88.2691 3.3139
v  -96.3053 88.2747 23.8034
v  -100.5041 88.2747 22.8924
v  -92.1257 88.2747 24.6729
v  -87.9393 88.2747 25.5065
v  -83.7463 88.2747 26.3043
v  -79.5469 88.2747 27.0661
v  -75.3415 88.2747 27.7920
v  -71.1302 88.2747 28.4818
v  -66.9132 88.2747 29.1358
v  -62.6909 88.2747 29.7536
v  -58.4633 88.2747 30.3352
v  -54.2309 88.2747 30.8808
v  -49.9938 88.2747 31.3903
v  -45.7522 88.2747 31.8635
v  -41.5064 88.2747 32.3005
v  -37.2567 88.2747 32.7012
v  -33.0032 88.2747 33.0657
v  -28.7462 88.2747 33.3937
v  -24.4866 88.2747 33.6854
v  -20.2252 88.2747 33.9406
v  -15.9622 88.2747 34.1594
v  -11.6979 88.2747 34.3417
v  -7.4325 88.2747 34.4874
v  -3.1662 88.2747 34.5970
v  1.1006 88.2747 34.6698
v  5.3678 88.2747 34.7064
v  9.6351 88.2747 34.7062
v  13.9023 88.2747 34.6698
v  18.1692 88.2747 34.5968
v  22.4354 88.2747 34.4875
v  26.7008 88.2747 34.3417
v  30.9651 88.2747 34.1594
v  35.2281 88.2747 33.9406
v  39.4895 88.2747 33.6854
v  43.7491 88.2747 33.3937
v  48.0061 88.2747 33.0657
v  52.2596 88.2747 32.7012
v  56.5093 88.2747 32.3005
v  60.7551 88.2747 31.8635
v  64.9967 88.2747 31.3901
v  69.2338 88.2747 30.8808
v  73.4662 88.2747 30.3352
v  77.6938 88.2747 29.7536
v  81.9161 88.2747 29.1357
v  86.1331 88.2747 28.4818
v  90.3444 88.2747 27.7920
v  94.5499 88.2747 27.0661
v  98.7492 88.2747 26.3042
v  102.9422 88.2747 25.5065
v  107.1286 88.2747 24.6729
v  111.3082 88.2747 23.8034
v  115.5070 88.2747 22.8924
v  111.1849 88.2747 3.3098
v  107.1521 88.2747 4.1848
v  103.1391 88.2747 5.0197
v  99.1197 88.2747 5.8202
v  95.0942 88.2747 6.5862
v  91.0628 88.2747 7.3175
v  87.0256 88.2747 8.0146
v  82.9829 88.2747 8.6769
v  78.9348 88.2747 9.3047
v  74.8816 88.2747 9.8978
v  70.8234 88.2747 10.4563
v  66.7605 88.2747 10.9801
v  62.6929 88.2747 11.4692
v  58.6210 88.2747 11.9235
v  54.5449 88.2747 12.3430
v  50.4648 88.2747 12.7278
v  46.3809 88.2747 13.0777
v  42.2934 88.2747 13.3928
v  38.2034 88.2747 13.6729
v  34.1122 88.2747 13.9179
v  30.0199 88.2747 14.1281
v  25.9267 88.2747 14.3030
v  21.8328 88.2747 14.4430
v  17.7384 88.2747 14.5481
v  13.6435 88.2747 14.6180
v  9.5484 88.2747 14.6531
v  5.4532 88.2747 14.6531
v  1.3582 88.2747 14.6181
v  -2.7366 88.2747 14.5481
v  -6.8310 88.2747 14.4430
v  -10.9248 88.2747 14.3029
v  -15.0179 88.2747 14.1279
v  -19.1100 88.2747 13.9179
v  -23.2011 88.2747 13.6728
v  -27.2909 88.2747 13.3927
v  -31.3785 88.2747 13.0777
v  -35.4624 88.2747 12.7278
v  -39.5425 88.2747 12.3430
v  -43.6187 88.2747 11.9236
v  -47.6906 88.2747 11.4691
v  -51.7582 88.2747 10.9801
v  -55.8211 88.2747 10.4562
v  -59.8793 88.2747 9.8978
v  -63.9325 88.2747 9.3045
v  -67.9806 88.2747 8.6768
v  -72.0233 88.2747 8.0143
v  -76.0604 88.2747 7.3174
v  -80.0918 88.2747 6.5860
v  -84.1172 88.2747 5.8201
v  -88.1364 88.2747 5.0196
v  -92.1493 88.2747 4.1848
v  -96.1821 88.2747 3.3097
v  -96.3058 88.2810 23.8056
v  -100.5068 88.2810 22.8941
v  -92.1262 88.2810 24.6752
v  -87.9397 88.2810 25.5088
v  -83.7467 88.2810 26.3065
v  -79.5473 88.2810 27.0683
v  -75.3419 88.2810 27.7943
v  -71.1305 88.2810 28.4840
v  -66.9136 88.2810 29.1380
v  -62.6912 88.2810 29.7558
v  -58.4636 88.2810 30.3375
v  -54.2312 88.2810 30.8831
v  -49.9940 88.2810 31.3925
v  -45.7524 88.2810 31.8657
v  -41.5066 88.2810 32.3028
v  -37.2569 88.2810 32.7035
v  -33.0034 88.2810 33.0679
v  -28.7464 88.2810 33.3960
v  -24.4867 88.2810 33.6877
v  -20.2253 88.2810 33.9429
v  -15.9623 88.2810 34.1617
v  -11.6980 88.2810 34.3440
v  -7.4325 88.2810 34.4897
v  -3.1663 88.2810 34.5992
v  1.1006 88.2810 34.6720
v  5.3678 88.2810 34.7086
v  9.6351 88.2810 34.7085
v  13.9023 88.2810 34.6721
v  18.1692 88.2810 34.5991
v  22.4355 88.2810 34.4897
v  26.7009 88.2810 34.3439
v  30.9652 88.2810 34.1616
v  35.2282 88.2810 33.9429
v  39.4897 88.2810 33.6877
v  43.7493 88.2810 33.3960
v  48.0063 88.2810 33.0679
v  52.2598 88.2810 32.7035
v  56.5096 88.2810 32.3028
v  60.7554 88.2810 31.8658
v  64.9969 88.2810 31.3924
v  69.2341 88.2810 30.8831
v  73.4665 88.2810 30.3374
v  77.6941 88.2810 29.7559
v  81.9165 88.2810 29.1380
v  86.1335 88.2810 28.4840
v  90.3448 88.2810 27.7942
v  94.5503 88.2810 27.0684
v  98.7496 88.2810 26.3065
v  102.9427 88.2810 25.5088
v  107.1291 88.2810 24.6751
v  111.3087 88.2810 23.8056
v  115.5097 88.2810 22.8941
v  111.1867 88.2810 3.3071
v  107.1516 88.2810 4.1826
v  103.1386 88.2810 5.0175
v  99.1193 88.2810 5.8180
v  95.0938 88.2810 6.5840
v  91.0624 88.2810 7.3153
v  87.0253 88.2810 8.0123
v  82.9825 88.2810 8.6747
v  78.9345 88.2810 9.3025
v  74.8813 88.2810 9.8956
v  70.8231 88.2810 10.4541
v  66.7602 88.2810 10.9778
v  62.6927 88.2810 11.4670
v  58.6208 88.2810 11.9213
v  54.5447 88.2810 12.3408
v  50.4646 88.2810 12.7256
v  46.3807 88.2810 13.0754
v  42.2933 88.2810 13.3905
v  38.2033 88.2810 13.6706
v  34.1121 88.2810 13.9157
v  30.0198 88.2810 14.1258
v  25.9266 88.2810 14.3007
v  21.8328 88.2810 14.4407
v  17.7383 88.2810 14.5459
v  13.6435 88.2810 14.6158
v  9.5484 88.2810 14.6509
v  5.4533 88.2810 14.6508
v  1.3582 88.2810 14.6158
v  -2.7366 88.2810 14.5458
v  -6.8310 88.2810 14.4408
v  -10.9248 88.2810 14.3007
v  -15.0178 88.2810 14.1256
v  -19.1099 88.2810 13.9156
v  -23.2010 88.2810 13.6705
v  -27.2908 88.2810 13.3905
v  -31.3783 88.2810 13.0754
v  -35.4622 88.2810 12.7255
v  -39.5423 88.2810 12.3408
v  -43.6184 88.2810 11.9213
v  -47.6904 88.2810 11.4669
v  -51.7579 88.2810 10.9778
v  -55.8208 88.2810 10.4540
v  -59.8790 88.2810 9.8955
v  -63.9322 88.2810 9.3023
v  -67.9802 88.2810 8.6746
v  -72.0229 88.2810 8.0121
v  -76.0600 88.2810 7.3152
v  -80.0913 88.2810 6.5838
v  -84.1167 88.2810 5.8178
v  -88.1360 88.2810 5.0173
v  -92.1488 88.2810 4.1825
v  -96.1838 88.2810 3.3070
v  -96.3059 88.2878 23.8063
v  -100.5078 88.2878 22.8947
v  -92.1263 88.2878 24.6759
v  -87.9399 88.2878 25.5095
v  -83.7469 88.2878 26.3073
v  -79.5475 88.2878 27.0691
v  -75.3420 88.2878 27.7950
v  -71.1306 88.2878 28.4848
v  -66.9137 88.2878 29.1389
v  -62.6913 88.2878 29.7566
v  -58.4637 88.2878 30.3383
v  -54.2313 88.2878 30.8839
v  -49.9941 88.2878 31.3933
v  -45.7525 88.2878 31.8665
v  -41.5067 88.2878 32.3036
v  -37.2570 88.2878 32.7043
v  -33.0034 88.2878 33.0688
v  -28.7464 88.2878 33.3968
v  -24.4868 88.2878 33.6884
v  -20.2253 88.2878 33.9437
v  -15.9623 88.2878 34.1625
v  -11.6980 88.2878 34.3448
v  -7.4326 88.2878 34.4905
v  -3.1663 88.2878 34.6000
v  1.1006 88.2878 34.6729
v  5.3678 88.2878 34.7094
v  9.6351 88.2878 34.7093
v  13.9024 88.2878 34.6729
v  18.1692 88.2878 34.5999
v  22.4355 88.2878 34.4905
v  26.7009 88.2878 34.3447
v  30.9652 88.2878 34.1624
v  35.2283 88.2878 33.9437
v  39.4897 88.2878 33.6884
v  43.7494 88.2878 33.3968
v  48.0064 88.2878 33.0688
v  52.2599 88.2878 32.7043
v  56.5096 88.2878 32.3036
v  60.7555 88.2878 31.8665
v  64.9970 88.2878 31.3932
v  69.2342 88.2878 30.8839
v  73.4667 88.2878 30.3382
v  77.6942 88.2878 29.7566
v  81.9166 88.2878 29.1388
v  86.1336 88.2878 28.4849
v  90.3449 88.2878 27.7950
v  94.5504 88.2878 27.0691
v  98.7498 88.2878 26.3072
v  102.9428 88.2878 25.5095
v  107.1292 88.2878 24.6759
v  111.3089 88.2878 23.8063
v  115.5107 88.2878 22.8947
v  111.1873 88.2878 3.3062
v  107.1514 88.2878 4.1818
v  103.1384 88.2878 5.0168
v  99.1191 88.2878 5.8172
v  95.0937 88.2878 6.5832
v  91.0622 88.2878 7.3145
v  87.0251 88.2878 8.0116
v  82.9824 88.2878 8.6739
v  78.9344 88.2878 9.3017
v  74.8812 88.2878 9.8948
v  70.8230 88.2878 10.4533
v  66.7601 88.2878 10.9771
v  62.6926 88.2878 11.4662
v  58.6207 88.2878 11.9205
v  54.5446 88.2878 12.3400
v  50.4645 88.2878 12.7248
v  46.3807 88.2878 13.0746
v  42.2932 88.2878 13.3897
v  38.2032 88.2878 13.6698
v  34.1120 88.2878 13.9149
v  30.0198 88.2878 14.1250
v  25.9266 88.2878 14.2999
v  21.8327 88.2878 14.4399
v  17.7383 88.2878 14.5450
v  13.6435 88.2878 14.6150
v  9.5484 88.2878 14.6501
v  5.4533 88.2878 14.6500
v  1.3582 88.2878 14.6150
v  -2.7366 88.2878 14.5450
v  -6.8309 88.2878 14.4400
v  -10.9247 88.2878 14.2999
v  -15.0177 88.2878 14.1249
v  -19.1099 88.2878 13.9148
v  -23.2009 88.2878 13.6697
v  -27.2907 88.2878 13.3896
v  -31.3782 88.2878 13.0746
v  -35.4621 88.2878 12.7247
v  -39.5422 88.2878 12.3399
v  -43.6184 88.2878 11.9205
v  -47.6903 88.2878 11.4660
v  -51.7578 88.2878 10.9771
v  -55.8207 88.2878 10.4532
v  -59.8789 88.2878 9.8947
v  -63.9321 88.2878 9.3015
v  -67.9801 88.2878 8.6738
v  -72.0228 88.2878 8.0113
v  -76.0599 88.2878 7.3144
v  -80.0912 88.2878 6.5830
v  -84.1166 88.2878 5.8170
v  -88.1358 88.2878 5.0166
v  -92.1487 88.2878 4.1818
v  -96.1844 88.2878 3.3061
v  -96.3059 89.8532 23.8063
v  -100.5078 89.8532 22.8947
v  -92.1263 89.8532 24.6759
v  -87.9399 89.8532 25.5095
v  -83.7469 89.8532 26.3073
v  -79.5475 89.8532 27.0691
v  -75.3420 89.8532 27.7950
v  -71.1306 89.8532 28.4848
v  -66.9137 89.8532 29.1389
v  -62.6913 89.8532 29.7566
v  -58.4637 89.8532 30.3383
v  -54.2313 89.8532 30.8839
v  -49.9941 89.8532 31.3933
v  -45.7525 89.8532 31.8665
v  -41.5067 89.8532 32.3036
v  -37.2570 89.8532 32.7043
v  -33.0034 89.8532 33.0688
v  -28.7464 89.8532 33.3968
v  -24.4868 89.8532 33.6884
v  -20.2253 89.8532 33.9437
v  -15.9623 89.8532 34.1625
v  -11.6980 89.8532 34.3448
v  -7.4326 89.8532 34.4905
v  -3.1663 89.8532 34.6000
v  1.1006 89.8532 34.6729
v  5.3678 89.8532 34.7094
v  9.6351 89.8532 34.7093
v  13.9024 89.8532 34.6729
v  18.1692 89.8532 34.5999
v  22.4355 89.8532 34.4905
v  26.7009 89.8532 34.3447
v  30.9652 89.8532 34.1624
v  35.2283 89.8532 33.9437
v  39.4897 89.8532 33.6884
v  43.7494 89.8532 33.3968
v  48.0064 89.8532 33.0688
v  52.2599 89.8532 32.7043
v  56.5096 89.8532 32.3036
v  60.7555 89.8532 31.8665
v  64.9970 89.8532 31.3932
v  69.2342 89.8532 30.8839
v  73.4667 89.8532 30.3382
v  77.6942 89.8532 29.7566
v  81.9166 89.8532 29.1388
v  86.1336 89.8532 28.4849
v  90.3449 89.8532 27.7950
v  94.5504 89.8532 27.0691
v  98.7498 89.8532 26.3072
v  102.9428 89.8532 25.5095
v  107.1292 89.8532 24.6759
v  111.3089 89.8532 23.8063
v  115.5107 89.8532 22.8947
v  111.1873 89.8532 3.3062
v  107.1514 89.8532 4.1818
v  103.1384 89.8532 5.0168
v  99.1191 89.8532 5.8172
v  95.0937 89.8532 6.5832
v  91.0622 89.8532 7.3145
v  87.0251 89.8532 8.0116
v  82.9824 89.8532 8.6739
v  78.9344 89.8532 9.3017
v  74.8812 89.8532 9.8948
v  70.8230 89.8532 10.4533
v  66.7601 89.8532 10.9771
v  62.6926 89.8532 11.4662
v  58.6207 89.8532 11.9205
v  54.5446 89.8532 12.3400
v  50.4645 89.8532 12.7248
v  46.3807 89.8532 13.0746
v  42.2932 89.8532 13.3897
v  38.2032 89.8532 13.6698
v  34.1120 89.8532 13.9149
v  30.0198 89.8532 14.1250
v  25.9266 89.8532 14.2999
v  21.8327 89.8532 14.4399
v  17.7383 89.8532 14.5450
v  13.6435 89.8532 14.6150
v  9.5484 89.8532 14.6501
v  5.4533 89.8532 14.6500
v  1.3582 89.8532 14.6150
v  -2.7366 89.8532 14.5450
v  -6.8309 89.8532 14.4400
v  -10.9247 89.8532 14.2999
v  -15.0177 89.8532 14.1249
v  -19.1099 89.8532 13.9148
v  -23.2009 89.8532 13.6697
v  -27.2907 89.8532 13.3896
v  -31.3782 89.8532 13.0746
v  -35.4621 89.8532 12.7247
v  -39.5422 89.8532 12.3399
v  -43.6184 89.8532 11.9205
v  -47.6903 89.8532 11.4660
v  -51.7578 89.8532 10.9771
v  -55.8207 89.8532 10.4532
v  -59.8789 89.8532 9.8947
v  -63.9321 89.8532 9.3015
v  -67.9801 89.8532 8.6738
v  -72.0228 89.8532 8.0113
v  -76.0599 89.8532 7.3144
v  -80.0912 89.8532 6.5830
v  -84.1166 89.8532 5.8170
v  -88.1358 89.8532 5.0166
v  -92.1487 89.8532 4.1818
v  -96.1844 89.8532 3.3061
v  -96.3058 89.8600 23.8056
v  -100.5068 89.8600 22.8941
v  -92.1262 89.8600 24.6752
v  -87.9397 89.8600 25.5088
v  -83.7467 89.8600 26.3065
v  -79.5473 89.8600 27.0683
v  -75.3419 89.8600 27.7943
v  -71.1305 89.8600 28.4840
v  -66.9136 89.8600 29.1380
v  -62.6912 89.8600 29.7558
v  -58.4636 89.8600 30.3375
v  -54.2312 89.8600 30.8831
v  -49.9940 89.8600 31.3925
v  -45.7524 89.8600 31.8657
v  -41.5066 89.8600 32.3028
v  -37.2569 89.8600 32.7035
v  -33.0034 89.8600 33.0679
v  -28.7464 89.8600 33.3960
v  -24.4867 89.8600 33.6877
v  -20.2253 89.8600 33.9429
v  -15.9623 89.8600 34.1617
v  -11.6980 89.8600 34.3440
v  -7.4325 89.8600 34.4897
v  -3.1663 89.8600 34.5992
v  1.1006 89.8600 34.6720
v  5.3678 89.8600 34.7086
v  9.6351 89.8600 34.7085
v  13.9023 89.8600 34.6721
v  18.1692 89.8600 34.5991
v  22.4355 89.8600 34.4897
v  26.7009 89.8600 34.3439
v  30.9652 89.8600 34.1616
v  35.2282 89.8600 33.9429
v  39.4897 89.8600 33.6877
v  43.7493 89.8600 33.3960
v  48.0063 89.8600 33.0679
v  52.2598 89.8600 32.7035
v  56.5096 89.8600 32.3028
v  60.7554 89.8600 31.8658
v  64.9969 89.8600 31.3924
v  69.2341 89.8600 30.8831
v  73.4665 89.8600 30.3374
v  77.6941 89.8600 29.7559
v  81.9165 89.8600 29.1380
v  86.1335 89.8600 28.4840
v  90.3448 89.8600 27.7942
v  94.5503 89.8600 27.0684
v  98.7496 89.8600 26.3065
v  102.9427 89.8600 25.5088
v  107.1291 89.8600 24.6751
v  111.3087 89.8600 23.8056
v  115.5097 89.8600 22.8941
v  111.1867 89.8600 3.3071
v  107.1516 89.8600 4.1826
v  103.1386 89.8600 5.0175
v  99.1193 89.8600 5.8180
v  95.0938 89.8600 6.5840
v  91.0624 89.8600 7.3153
v  87.0253 89.8600 8.0123
v  82.9825 89.8600 8.6747
v  78.9345 89.8600 9.3025
v  74.8813 89.8600 9.8956
v  70.8231 89.8600 10.4541
v  66.7602 89.8600 10.9778
v  62.6927 89.8600 11.4670
v  58.6208 89.8600 11.9213
v  54.5447 89.8600 12.3408
v  50.4646 89.8600 12.7256
v  46.3807 89.8600 13.0754
v  42.2933 89.8600 13.3905
v  38.2033 89.8600 13.6706
v  34.1121 89.8600 13.9157
v  30.0198 89.8600 14.1258
v  25.9266 89.8600 14.3007
v  21.8328 89.8600 14.4407
v  17.7383 89.8600 14.5459
v  13.6435 89.8600 14.6158
v  9.5484 89.8600 14.6509
v  5.4533 89.8600 14.6508
v  1.3582 89.8600 14.6158
v  -2.7366 89.8600 14.5458
v  -6.8310 89.8600 14.4408
v  -10.9248 89.8600 14.3007
v  -15.0178 89.8600 14.1256
v  -19.1099 89.8600 13.9156
v  -23.2010 89.8600 13.6705
v  -27.2908 89.8600 13.3905
v  -31.3783 89.8600 13.0754
v  -35.4622 89.8600 12.7255
v  -39.5423 89.8600 12.3408
v  -43.6184 89.8600 11.9213
v  -47.6904 89.8600 11.4669
v  -51.7579 89.8600 10.9778
v  -55.8208 89.8600 10.4540
v  -59.8790 89.8600 9.8955
v  -63.9322 89.8600 9.3023
v  -67.9802 89.8600 8.6746
v  -72.0229 89.8600 8.0121
v  -76.0600 89.8600 7.3152
v  -80.0913 89.8600 6.5838
v  -84.1167 89.8600 5.8178
v  -88.1360 89.8600 5.0173
v  -92.1488 89.8600 4.1825
v  -96.1838 89.8600 3.3070
v  -96.3053 89.8663 23.8034
v  -100.5041 89.8663 22.8924
v  -92.1257 89.8663 24.6729
v  -87.9393 89.8663 25.5065
v  -83.7463 89.8663 26.3043
v  -79.5469 89.8663 27.0661
v  -75.3415 89.8663 27.7920
v  -71.1302 89.8663 28.4818
v  -66.9132 89.8663 29.1358
v  -62.6909 89.8663 29.7536
v  -58.4633 89.8663 30.3352
v  -54.2309 89.8663 30.8808
v  -49.9938 89.8663 31.3903
v  -45.7522 89.8663 31.8635
v  -41.5064 89.8663 32.3005
v  -37.2567 89.8663 32.7012
v  -33.0032 89.8663 33.0657
v  -28.7462 89.8663 33.3937
v  -24.4866 89.8663 33.6854
v  -20.2252 89.8663 33.9406
v  -15.9622 89.8663 34.1594
v  -11.6979 89.8663 34.3417
v  -7.4325 89.8663 34.4874
v  -3.1662 89.8663 34.5970
v  1.1006 89.8663 34.6698
v  5.3678 89.8663 34.7064
v  9.6351 89.8663 34.7062
v  13.9023 89.8663 34.6698
v  18.1692 89.8663 34.5968
v  22.4354 89.8663 34.4875
v  26.7008 89.8663 34.3417
v  30.9651 89.8663 34.1594
v  35.2281 89.8663 33.9406
v  39.4895 89.8663 33.6854
v  43.7491 89.8663 33.3937
v  48.0061 89.8663 33.0657
v  52.2596 89.8663 32.7012
v  56.5093 89.8663 32.3005
v  60.7551 89.8663 31.8635
v  64.9967 89.8663 31.3901
v  69.2338 89.8663 30.8808
v  73.4662 89.8663 30.3352
v  77.6938 89.8663 29.7536
v  81.9161 89.8663 29.1357
v  86.1331 89.8663 28.4818
v  90.3444 89.8663 27.7920
v  94.5499 89.8663 27.0661
v  98.7492 89.8663 26.3042
v  102.9422 89.8663 25.5065
v  107.1286 89.8663 24.6729
v  111.3082 89.8663 23.8034
v  115.5070 89.8663 22.8924
v  111.1849 89.8663 3.3098
v  107.1521 89.8663 4.1848
v  103.1391 89.8663 5.0197
v  99.1197 89.8663 5.8202
v  95.0942 89.8663 6.5862
v  91.0628 89.8663 7.3175
v  87.0256 89.8663 8.0146
v  82.9829 89.8663 8.6769
v  78.9348 89.8663 9.3047
v  74.8816 89.8663 9.8978
v  70.8234 89.8663 10.4563
v  66.7605 89.8663 10.9801
v  62.6929 89.8663 11.4692
v  58.6210 89.8663 11.9235
v  54.5449 89.8663 12.3430
v  50.4648 89.8663 12.7278
v  46.3809 89.8663 13.0777
v  42.2934 89.8663 13.3928
v  38.2034 89.8663 13.6729
v  34.1122 89.8663 13.9179
v  30.0199 89.8663 14.1281
v  25.9267 89.8663 14.3030
v  21.8328 89.8663 14.4430
v  17.7384 89.8663 14.5481
v  13.6435 89.8663 14.6180
v  9.5484 89.8663 14.6531
v  5.4532 89.8663 14.6531
v  1.3582 89.8663 14.6181
v  -2.7366 89.8663 14.5481
v  -6.8310 89.8663 14.4430
v  -10.9248 89.8663 14.3029
v  -15.0179 89.8663 14.1279
v  -19.1100 89.8663 13.9179
v  -23.2011 89.8663 13.6728
v  -27.2909 89.8663 13.3927
v  -31.3785 89.8663 13.0777
v  -35.4624 89.8663 12.7278
v  -39.5425 89.8663 12.3430
v  -43.6187 89.8663 11.9236
v  -47.6906 89.8663 11.4691
v  -51.7582 89.8663 10.9801
v  -55.8211 89.8663 10.4562
v  -59.8793 89.8663 9.8978
v  -63.9325 89.8663 9.3045
v  -67.9806 89.8663 8.6768
v  -72.0233 89.8663 8.0143
v  -76.0604 89.8663 7.3174
v  -80.0918 89.8663 6.5860
v  -84.1172 89.8663 5.8201
v  -88.1364 89.8663 5.0196
v  -92.1493 89.8663 4.1848
v  -96.1821 89.8663 3.3097
v  -96.3046 89.8719 23.7999
v  -100.4999 89.8719 22.8896
v  -92.1250 89.8719 24.6695
v  -87.9386 89.8719 25.5030
v  -83.7457 89.8719 26.3008
v  -79.5463 89.8719 27.0626
v  -75.3409 89.8719 27.7885
v  -71.1296 89.8719 28.4783
v  -66.9127 89.8719 29.1323
v  -62.6904 89.8719 29.7501
v  -58.4629 89.8719 30.3318
v  -54.2305 89.8719 30.8773
v  -49.9934 89.8719 31.3867
v  -45.7518 89.8719 31.8600
v  -41.5061 89.8719 32.2970
v  -37.2564 89.8719 32.6977
v  -33.0029 89.8719 33.0621
v  -28.7460 89.8719 33.3902
v  -24.4864 89.8719 33.6819
v  -20.2250 89.8719 33.9371
v  -15.9620 89.8719 34.1559
v  -11.6977 89.8719 34.3382
v  -7.4324 89.8719 34.4839
v  -3.1662 89.8719 34.5934
v  1.1006 89.8719 34.6663
v  5.3678 89.8719 34.7029
v  9.6351 89.8719 34.7027
v  13.9023 89.8719 34.6663
v  18.1691 89.8719 34.5933
v  22.4353 89.8719 34.4839
v  26.7007 89.8719 34.3381
v  30.9649 89.8719 34.1558
v  35.2279 89.8719 33.9371
v  39.4893 89.8719 33.6819
v  43.7489 89.8719 33.3902
v  48.0058 89.8719 33.0621
v  52.2593 89.8719 32.6977
v  56.5090 89.8719 32.2970
v  60.7547 89.8719 31.8600
v  64.9963 89.8719 31.3867
v  69.2334 89.8719 30.8773
v  73.4658 89.8719 30.3317
v  77.6933 89.8719 29.7501
v  81.9156 89.8719 29.1323
v  86.1325 89.8719 28.4783
v  90.3438 89.8719 27.7885
v  94.5493 89.8719 27.0627
v  98.7486 89.8719 26.3007
v  102.9415 89.8719 25.5030
v  107.1279 89.8719 24.6694
v  111.3075 89.8719 23.7999
v  115.5028 89.8719 22.8896
v  111.1823 89.8719 3.3140
v  107.1528 89.8719 4.1883
v  103.1398 89.8719 5.0232
v  99.1204 89.8719 5.8237
v  95.0949 89.8719 6.5897
v  91.0634 89.8719 7.3210
v  87.0262 89.8719 8.0181
v  82.9835 89.8719 8.6804
v  78.9354 89.8719 9.3082
v  74.8821 89.8719 9.9013
v  70.8239 89.8719 10.4598
v  66.7609 89.8719 10.9836
v  62.6933 89.8719 11.4727
v  58.6214 89.8719 11.9271
v  54.5453 89.8719 12.3466
v  50.4651 89.8719 12.7314
v  46.3812 89.8719 13.0812
v  42.2937 89.8719 13.3963
v  38.2036 89.8719 13.6764
v  34.1124 89.8719 13.9215
v  30.0201 89.8719 14.1316
v  25.9269 89.8719 14.3065
v  21.8329 89.8719 14.4465
v  17.7384 89.8719 14.5516
v  13.6435 89.8719 14.6216
v  9.5484 89.8719 14.6567
v  5.4532 89.8719 14.6566
v  1.3581 89.8719 14.6216
v  -2.7367 89.8719 14.5516
v  -6.8311 89.8719 14.4466
v  -10.9250 89.8719 14.3065
v  -15.0181 89.8719 14.1315
v  -19.1102 89.8719 13.9214
v  -23.2013 89.8719 13.6763
v  -27.2912 89.8719 13.3962
v  -31.3788 89.8719 13.0812
v  -35.4627 89.8719 12.7313
v  -39.5429 89.8719 12.3465
v  -43.6191 89.8719 11.9271
v  -47.6910 89.8719 11.4726
v  -51.7586 89.8719 10.9836
v  -55.8216 89.8719 10.4597
v  -59.8798 89.8719 9.9012
v  -63.9331 89.8719 9.3081
v  -67.9811 89.8719 8.6803
v  -72.0239 89.8719 8.0179
v  -76.0610 89.8719 7.3210
v  -80.0924 89.8719 6.5895
v  -84.1178 89.8719 5.8235
v  -88.1371 89.8719 5.0231
v  -92.1501 89.8719 4.1882
v  -96.1794 89.8719 3.3139
v  -96.3036 89.8766 23.7954
v  -100.4943 89.8766 22.8861
v  -92.1241 89.8766 24.6649
v  -87.9377 89.8766 25.4985
v  -83.7448 89.8766 26.2963
v  -79.5455 89.8766 27.0580
v  -75.3401 89.8766 27.7840
v  -71.1289 89.8766 28.4737
v  -66.9120 89.8766 29.1277
v  -62.6897 89.8766 29.7455
v  -58.4622 89.8766 30.3271
v  -54.2299 89.8766 30.8727
v  -49.9928 89.8766 31.3821
v  -45.7513 89.8766 31.8553
v  -41.5056 89.8766 32.2923
v  -37.2560 89.8766 32.6931
v  -33.0025 89.8766 33.0575
v  -28.7456 89.8766 33.3856
v  -24.4861 89.8766 33.6772
v  -20.2247 89.8766 33.9325
v  -15.9618 89.8766 34.1512
v  -11.6976 89.8766 34.3336
v  -7.4322 89.8766 34.4792
v  -3.1661 89.8766 34.5888
v  1.1007 89.8766 34.6616
v  5.3678 89.8766 34.6982
v  9.6351 89.8766 34.6981
v  13.9022 89.8766 34.6617
v  18.1690 89.8766 34.5887
v  22.4351 89.8766 34.4793
v  26.7005 89.8766 34.3335
v  30.9647 89.8766 34.1512
v  35.2276 89.8766 33.9325
v  39.4890 89.8766 33.6772
v  43.7486 89.8766 33.3856
v  48.0054 89.8766 33.0575
v  52.2589 89.8766 32.6931
v  56.5085 89.8766 32.2923
v  60.7542 89.8766 31.8554
v  64.9957 89.8766 31.3820
v  69.2328 89.8766 30.8727
v  73.4652 89.8766 30.3271
v  77.6926 89.8766 29.7455
v  81.9149 89.8766 29.1276
v  86.1318 89.8766 28.4737
v  90.3431 89.8766 27.7839
v  94.5485 89.8766 27.0581
v  98.7477 89.8766 26.2961
v  102.9407 89.8766 25.4985
v  107.1270 89.8766 24.6649
v  111.3065 89.8766 23.7954
v  115.4973 89.8766 22.8861
v  111.1787 89.8766 3.3195
v  107.1538 89.8766 4.1928
v  103.1407 89.8766 5.0277
v  99.1213 89.8766 5.8282
v  95.0957 89.8766 6.5942
v  91.0642 89.8766 7.3256
v  87.0270 89.8766 8.0226
v  82.9842 89.8766 8.6850
v  78.9361 89.8766 9.3128
v  74.8827 89.8766 9.9059
v  70.8245 89.8766 10.4644
v  66.7615 89.8766 10.9882
v  62.6939 89.8766 11.4773
v  58.6219 89.8766 11.9316
v  54.5457 89.8766 12.3512
v  50.4655 89.8766 12.7360
v  46.3816 89.8766 13.0859
v  42.2940 89.8766 13.4009
v  38.2039 89.8766 13.6810
v  34.1126 89.8766 13.9261
v  30.0203 89.8766 14.1362
v  25.9270 89.8766 14.3112
v  21.8331 89.8766 14.4512
v  17.7385 89.8766 14.5563
v  13.6436 89.8766 14.6262
v  9.5484 89.8766 14.6613
v  5.4532 89.8766 14.6613
v  1.3581 89.8766 14.6263
v  -2.7368 89.8766 14.5562
v  -6.8313 89.8766 14.4512
v  -10.9252 89.8766 14.3111
v  -15.0183 89.8766 14.1361
v  -19.1105 89.8766 13.9261
v  -23.2016 89.8766 13.6809
v  -27.2915 89.8766 13.4009
v  -31.3791 89.8766 13.0859
v  -35.4631 89.8766 12.7359
v  -39.5434 89.8766 12.3512
v  -43.6196 89.8766 11.9317
v  -47.6916 89.8766 11.4772
v  -51.7592 89.8766 10.9882
v  -55.8222 89.8766 10.4643
v  -59.8805 89.8766 9.9059
v  -63.9338 89.8766 9.3127
v  -67.9819 89.8766 8.6849
v  -72.0246 89.8766 8.0225
v  -76.0618 89.8766 7.3255
v  -80.0933 89.8766 6.5941
v  -84.1187 89.8766 5.8281
v  -88.1381 89.8766 5.0276
v  -92.1510 89.8766 4.1928
v  -96.1758 89.8766 3.3195
v  -96.3024 89.8801 23.7899
v  -100.4877 89.8801 22.8819
v  -92.1230 89.8801 24.6594
v  -87.9367 89.8801 25.4930
v  -83.7438 89.8801 26.2908
v  -79.5445 89.8801 27.0525
v  -75.3392 89.8801 27.7785
v  -71.1280 89.8801 28.4682
v  -66.9112 89.8801 29.1222
v  -62.6889 89.8801 29.7399
v  -58.4615 89.8801 30.3216
v  -54.2292 89.8801 30.8672
v  -49.9922 89.8801 31.3766
v  -45.7507 89.8801 31.8498
v  -41.5051 89.8801 32.2868
v  -37.2555 89.8801 32.6875
v  -33.0021 89.8801 33.0519
v  -28.7452 89.8801 33.3800
v  -24.4857 89.8801 33.6717
v  -20.2244 89.8801 33.9269
v  -15.9615 89.8801 34.1457
v  -11.6973 89.8801 34.3280
v  -7.4321 89.8801 34.4737
v  -3.1659 89.8801 34.5832
v  1.1008 89.8801 34.6560
v  5.3679 89.8801 34.6926
v  9.6351 89.8801 34.6925
v  13.9021 89.8801 34.6561
v  18.1689 89.8801 34.5831
v  22.4350 89.8801 34.4738
v  26.7003 89.8801 34.3279
v  30.9645 89.8801 34.1456
v  35.2273 89.8801 33.9269
v  39.4886 89.8801 33.6717
v  43.7481 89.8801 33.3800
v  48.0050 89.8801 33.0519
v  52.2584 89.8801 32.6875
v  56.5080 89.8801 32.2868
v  60.7537 89.8801 31.8499
v  64.9951 89.8801 31.3765
v  69.2321 89.8801 30.8672
v  73.4644 89.8801 30.3216
v  77.6919 89.8801 29.7400
v  81.9141 89.8801 29.1221
v  86.1309 89.8801 28.4683
v  90.3421 89.8801 27.7784
v  94.5475 89.8801 27.0526
v  98.7467 89.8801 26.2907
v  102.9396 89.8801 25.4930
v  107.1259 89.8801 24.6594
v  111.3053 89.8801 23.7899
v  115.4906 89.8801 22.8819
v  111.1745 89.8801 3.3261
v  107.1549 89.8801 4.1983
v  103.1418 89.8801 5.0332
v  99.1223 89.8801 5.8337
v  95.0967 89.8801 6.5997
v  91.0652 89.8801 7.3311
v  87.0279 89.8801 8.0281
v  82.9851 89.8801 8.6905
v  78.9369 89.8801 9.3183
v  74.8835 89.8801 9.9114
v  70.8252 89.8801 10.4699
v  66.7622 89.8801 10.9937
v  62.6945 89.8801 11.4828
v  58.6225 89.8801 11.9372
v  54.5463 89.8801 12.3568
v  50.4660 89.8801 12.7415
v  46.3820 89.8801 13.0914
v  42.2944 89.8801 13.4065
v  38.2043 89.8801 13.6866
v  34.1130 89.8801 13.9317
v  30.0206 89.8801 14.1418
v  25.9273 89.8801 14.3167
v  21.8332 89.8801 14.4567
v  17.7387 89.8801 14.5618
v  13.6437 89.8801 14.6318
v  9.5485 89.8801 14.6669
v  5.4532 89.8801 14.6669
v  1.3580 89.8801 14.6318
v  -2.7369 89.8801 14.5618
v  -6.8314 89.8801 14.4568
v  -10.9254 89.8801 14.3167
v  -15.0185 89.8801 14.1417
v  -19.1108 89.8801 13.9316
v  -23.2020 89.8801 13.6865
v  -27.2919 89.8801 13.4064
v  -31.3796 89.8801 13.0914
v  -35.4636 89.8801 12.7415
v  -39.5439 89.8801 12.3567
v  -43.6201 89.8801 11.9372
v  -47.6922 89.8801 11.4828
v  -51.7599 89.8801 10.9937
v  -55.8230 89.8801 10.4698
v  -59.8813 89.8801 9.9114
v  -63.9346 89.8801 9.3181
v  -67.9828 89.8801 8.6904
v  -72.0256 89.8801 8.0279
v  -76.0628 89.8801 7.3310
v  -80.0943 89.8801 6.5995
v  -84.1198 89.8801 5.8336
v  -88.1392 89.8801 5.0331
v  -92.1522 89.8801 4.1982
v  -96.1716 89.8801 3.3261
v  -96.3011 89.8824 23.7838
v  -100.4802 89.8824 22.8770
v  -92.1217 89.8824 24.6532
v  -87.9355 89.8824 25.4868
v  -83.7426 89.8824 26.2846
v  -79.5434 89.8824 27.0463
v  -75.3382 89.8824 27.7722
v  -71.1270 89.8824 28.4620
v  -66.9102 89.8824 29.1159
v  -62.6880 89.8824 29.7337
v  -58.4607 89.8824 30.3154
v  -54.2284 89.8824 30.8609
v  -49.9915 89.8824 31.3703
v  -45.7501 89.8824 31.8436
v  -41.5045 89.8824 32.2805
v  -37.2549 89.8824 32.6812
v  -33.0016 89.8824 33.0457
v  -28.7448 89.8824 33.3737
v  -24.4853 89.8824 33.6654
v  -20.2241 89.8824 33.9206
v  -15.9612 89.8824 34.1394
v  -11.6971 89.8824 34.3217
v  -7.4319 89.8824 34.4674
v  -3.1658 89.8824 34.5769
v  1.1009 89.8824 34.6497
v  5.3679 89.8824 34.6863
v  9.6350 89.8824 34.6862
v  13.9021 89.8824 34.6497
v  18.1687 89.8824 34.5768
v  22.4348 89.8824 34.4674
v  26.7000 89.8824 34.3216
v  30.9642 89.8824 34.1393
v  35.2270 89.8824 33.9206
v  39.4882 89.8824 33.6654
v  43.7477 89.8824 33.3737
v  48.0045 89.8824 33.0457
v  52.2578 89.8824 32.6812
v  56.5074 89.8824 32.2805
v  60.7530 89.8824 31.8436
v  64.9944 89.8824 31.3702
v  69.2314 89.8824 30.8609
v  73.4636 89.8824 30.3153
v  77.6910 89.8824 29.7337
v  81.9131 89.8824 29.1159
v  86.1299 89.8824 28.4620
v  90.3411 89.8824 27.7722
v  94.5464 89.8824 27.0463
v  98.7456 89.8824 26.2845
v  102.9384 89.8824 25.4868
v  107.1246 89.8824 24.6532
v  111.3040 89.8824 23.7838
v  115.4831 89.8824 22.8770
v  111.1697 89.8824 3.3336
v  107.1563 89.8824 4.2044
v  103.1431 89.8824 5.0394
v  99.1236 89.8824 5.8399
v  95.0979 89.8824 6.6059
v  91.0663 89.8824 7.3373
v  87.0290 89.8824 8.0344
v  82.9861 89.8824 8.6967
v  78.9378 89.8824 9.3246
v  74.8844 89.8824 9.9177
v  70.8261 89.8824 10.4762
v  66.7629 89.8824 11.0000
v  62.6952 89.8824 11.4891
v  58.6231 89.8824 11.9435
v  54.5469 89.8824 12.3630
v  50.4666 89.8824 12.7479
v  46.3825 89.8824 13.0977
v  42.2949 89.8824 13.4128
v  38.2047 89.8824 13.6929
v  34.1133 89.8824 13.9380
v  30.0208 89.8824 14.1481
v  25.9275 89.8824 14.3230
v  21.8334 89.8824 14.4630
v  17.7388 89.8824 14.5681
v  13.6438 89.8824 14.6381
v  9.5485 89.8824 14.6732
v  5.4532 89.8824 14.6732
v  1.3579 89.8824 14.6381
v  -2.7371 89.8824 14.5681
v  -6.8316 89.8824 14.4631
v  -10.9256 89.8824 14.3230
v  -15.0188 89.8824 14.1480
v  -19.1112 89.8824 13.9379
v  -23.2024 89.8824 13.6928
v  -27.2924 89.8824 13.4128
v  -31.3801 89.8824 13.0977
v  -35.4642 89.8824 12.7478
v  -39.5445 89.8824 12.3630
v  -43.6208 89.8824 11.9435
v  -47.6929 89.8824 11.4890
v  -51.7607 89.8824 11.0000
v  -55.8238 89.8824 10.4761
v  -59.8822 89.8824 9.9177
v  -63.9355 89.8824 9.3244
v  -67.9837 89.8824 8.6966
v  -72.0266 89.8824 8.0341
v  -76.0639 89.8824 7.3372
v  -80.0954 89.8824 6.6057
v  -84.1210 89.8824 5.8397
v  -88.1404 89.8824 5.0393
v  -92.1535 89.8824 4.2044
v  -96.1668 89.8824 3.3336
v  -96.2997 89.8832 23.7770
v  -100.4720 89.8832 22.8718
v  -92.1203 89.8832 24.6465
v  -87.9342 89.8832 25.4801
v  -83.7414 89.8832 26.2779
v  -79.5422 89.8832 27.0396
v  -75.3371 89.8832 27.7654
v  -71.1259 89.8832 28.4552
v  -66.9092 89.8832 29.1092
v  -62.6871 89.8832 29.7269
v  -58.4598 89.8832 30.3085
v  -54.2276 89.8832 30.8541
v  -49.9907 89.8832 31.3635
v  -45.7493 89.8832 31.8367
v  -41.5038 89.8832 32.2737
v  -37.2543 89.8832 32.6743
v  -33.0010 89.8832 33.0388
v  -28.7443 89.8832 33.3669
v  -24.4849 89.8832 33.6585
v  -20.2237 89.8832 33.9138
v  -15.9609 89.8832 34.1325
v  -11.6968 89.8832 34.3148
v  -7.4317 89.8832 34.4605
v  -3.1657 89.8832 34.5701
v  1.1009 89.8832 34.6429
v  5.3679 89.8832 34.6794
v  9.6350 89.8832 34.6793
v  13.9020 89.8832 34.6429
v  18.1686 89.8832 34.5699
v  22.4346 89.8832 34.4606
v  26.6998 89.8832 34.3147
v  30.9638 89.8832 34.1324
v  35.2266 89.8832 33.9138
v  39.4878 89.8832 33.6585
v  43.7472 89.8832 33.3669
v  48.0039 89.8832 33.0388
v  52.2572 89.8832 32.6743
v  56.5067 89.8832 32.2737
v  60.7523 89.8832 31.8367
v  64.9936 89.8832 31.3634
v  69.2305 89.8832 30.8541
v  73.4627 89.8832 30.3085
v  77.6900 89.8832 29.7269
v  81.9121 89.8832 29.1091
v  86.1289 89.8832 28.4552
v  90.3400 89.8832 27.7654
v  94.5452 89.8832 27.0396
v  98.7443 89.8832 26.2777
v  102.9371 89.8832 25.4801
v  107.1232 89.8832 24.6465
v  111.3026 89.8832 23.7770
v  115.4749 89.8832 22.8718
v  111.1644 89.8832 3.3418
v  107.1577 89.8832 4.2112
v  103.1444 89.8832 5.0462
v  99.1249 89.8832 5.8466
v  95.0991 89.8832 6.6127
v  91.0675 89.8832 7.3441
v  87.0301 89.8832 8.0411
v  82.9871 89.8832 8.7035
v  78.9389 89.8832 9.3314
v  74.8854 89.8832 9.9245
v  70.8270 89.8832 10.4830
v  66.7638 89.8832 11.0068
v  62.6960 89.8832 11.4960
v  58.6239 89.8832 11.9503
v  54.5476 89.8832 12.3699
v  50.4672 89.8832 12.7547
v  46.3831 89.8832 13.1046
v  42.2954 89.8832 13.4196
v  38.2051 89.8832 13.6997
v  34.1137 89.8832 13.9449
v  30.0212 89.8832 14.1549
v  25.9278 89.8832 14.3299
v  21.8336 89.8832 14.4699
v  17.7389 89.8832 14.5750
v  13.6439 89.8832 14.6450
v  9.5485 89.8832 14.6801
v  5.4531 89.8832 14.6800
v  1.3578 89.8832 14.6450
v  -2.7372 89.8832 14.5750
v  -6.8318 89.8832 14.4700
v  -10.9259 89.8832 14.3299
v  -15.0192 89.8832 14.1548
v  -19.1115 89.8832 13.9448
v  -23.2028 89.8832 13.6997
v  -27.2929 89.8832 13.4196
v  -31.3807 89.8832 13.1046
v  -35.4648 89.8832 12.7546
v  -39.5452 89.8832 12.3699
v  -43.6216 89.8832 11.9503
v  -47.6937 89.8832 11.4958
v  -51.7615 89.8832 11.0068
v  -55.8247 89.8832 10.4829
v  -59.8831 89.8832 9.9245
v  -63.9366 89.8832 9.3312
v  -67.9848 89.8832 8.7034
v  -72.0277 89.8832 8.0410
v  -76.0651 89.8832 7.3440
v  -80.0967 89.8832 6.6125
v  -84.1223 89.8832 5.8465
v  -88.1418 89.8832 5.0460
v  -92.1549 89.8832 4.2111
v  -96.1616 89.8832 3.3418
# 1664 vertices

vn -0.0244 -0.9934 0.1123
vn -0.0239 -0.9934 0.1123
vn -0.0473 -0.9738 0.2226
vn -0.0598 -0.9594 0.2757
vn -0.0229 -0.9934 0.1123
vn -0.0454 -0.9738 0.2228
vn -0.0219 -0.9934 0.1125
vn -0.0435 -0.9738 0.2232
vn -0.0210 -0.9934 0.1129
vn -0.0416 -0.9738 0.2237
vn -0.0200 -0.9934 0.1131
vn -0.0396 -0.9738 0.2238
vn -0.0190 -0.9934 0.1131
vn -0.0377 -0.9738 0.2241
vn -0.0181 -0.9934 0.1133
vn -0.0358 -0.9738 0.2244
vn -0.0171 -0.9934 0.1134
vn -0.0338 -0.9739 0.2246
vn -0.0161 -0.9934 0.1134
vn -0.0320 -0.9738 0.2252
vn -0.0151 -0.9934 0.1135
vn -0.0301 -0.9737 0.2259
vn -0.0142 -0.9934 0.1137
vn -0.0282 -0.9737 0.2261
vn -0.0132 -0.9934 0.1138
vn -0.0262 -0.9738 0.2260
vn -0.0122 -0.9934 0.1137
vn -0.0242 -0.9738 0.2261
vn -0.0112 -0.9934 0.1139
vn -0.0223 -0.9738 0.2262
vn -0.0103 -0.9934 0.1142
vn -0.0204 -0.9738 0.2264
vn -0.0093 -0.9934 0.1142
vn -0.0185 -0.9737 0.2269
vn -0.0083 -0.9934 0.1142
vn -0.0165 -0.9737 0.2273
vn -0.0073 -0.9934 0.1144
vn -0.0146 -0.9737 0.2273
vn -0.0064 -0.9934 0.1145
vn -0.0126 -0.9738 0.2271
vn -0.0054 -0.9934 0.1146
vn -0.0107 -0.9738 0.2270
vn -0.0044 -0.9934 0.1147
vn -0.0087 -0.9738 0.2272
vn -0.0034 -0.9934 0.1147
vn -0.0068 -0.9738 0.2273
vn -0.0025 -0.9934 0.1148
vn -0.0049 -0.9738 0.2274
vn -0.0015 -0.9934 0.1148
vn -0.0029 -0.9738 0.2275
vn -0.0005 -0.9934 0.1148
vn -0.0010 -0.9738 0.2275
vn 0.0005 -0.9934 0.1148
vn 0.0010 -0.9738 0.2275
vn 0.0015 -0.9934 0.1148
vn 0.0029 -0.9738 0.2275
vn 0.0025 -0.9934 0.1148
vn 0.0049 -0.9738 0.2274
vn 0.0034 -0.9934 0.1146
vn 0.0068 -0.9738 0.2272
vn 0.0044 -0.9934 0.1143
vn 0.0087 -0.9738 0.2270
vn 0.0054 -0.9934 0.1144
vn 0.0107 -0.9738 0.2270
vn 0.0064 -0.9934 0.1145
vn 0.0126 -0.9738 0.2271
vn 0.0073 -0.9934 0.1144
vn 0.0146 -0.9737 0.2273
vn 0.0083 -0.9934 0.1142
vn 0.0165 -0.9737 0.2273
vn 0.0093 -0.9934 0.1142
vn 0.0185 -0.9737 0.2269
vn 0.0103 -0.9934 0.1142
vn 0.0204 -0.9738 0.2264
vn 0.0112 -0.9934 0.1139
vn 0.0223 -0.9738 0.2262
vn 0.0122 -0.9934 0.1137
vn 0.0243 -0.9738 0.2263
vn 0.0132 -0.9934 0.1138
vn 0.0263 -0.9737 0.2265
vn 0.0142 -0.9934 0.1139
vn 0.0282 -0.9737 0.2262
vn 0.0152 -0.9934 0.1138
vn 0.0301 -0.9738 0.2256
vn 0.0161 -0.9934 0.1134
vn 0.0320 -0.9738 0.2252
vn 0.0170 -0.9934 0.1131
vn 0.0339 -0.9738 0.2249
vn 0.0181 -0.9934 0.1133
vn 0.0358 -0.9738 0.2246
vn 0.0191 -0.9934 0.1133
vn 0.0377 -0.9738 0.2241
vn 0.0200 -0.9934 0.1129
vn 0.0396 -0.9738 0.2238
vn 0.0210 -0.9934 0.1127
vn 0.0416 -0.9738 0.2236
vn 0.0219 -0.9934 0.1125
vn 0.0435 -0.9738 0.2233
vn 0.0229 -0.9934 0.1123
vn 0.0454 -0.9738 0.2228
vn 0.0239 -0.9934 0.1123
vn 0.0473 -0.9738 0.2226
vn 0.0244 -0.9934 0.1123
vn 0.0598 -0.9594 0.2757
vn 0.1119 -0.9934 -0.0247
vn 0.2752 -0.9595 -0.0607
vn 0.2753 -0.9594 -0.0608
vn -0.0243 -0.9934 -0.1118
vn -0.0238 -0.9934 -0.1119
vn -0.0471 -0.9739 -0.2218
vn -0.0597 -0.9595 -0.2753
vn -0.0228 -0.9934 -0.1122
vn -0.0452 -0.9740 -0.2222
vn -0.0219 -0.9934 -0.1125
vn -0.0434 -0.9739 -0.2227
vn -0.0210 -0.9934 -0.1129
vn -0.0415 -0.9739 -0.2231
vn -0.0200 -0.9934 -0.1132
vn -0.0395 -0.9739 -0.2233
vn -0.0191 -0.9933 -0.1136
vn -0.0376 -0.9739 -0.2237
vn -0.0181 -0.9933 -0.1137
vn -0.0357 -0.9739 -0.2240
vn -0.0171 -0.9934 -0.1136
vn -0.0338 -0.9740 -0.2241
vn -0.0161 -0.9934 -0.1135
vn -0.0319 -0.9740 -0.2245
vn -0.0152 -0.9934 -0.1138
vn -0.0300 -0.9740 -0.2248
vn -0.0142 -0.9934 -0.1137
vn -0.0280 -0.9739 -0.2251
vn -0.0132 -0.9935 -0.1135
vn -0.0261 -0.9739 -0.2255
vn -0.0122 -0.9935 -0.1135
vn -0.0242 -0.9739 -0.2256
vn -0.0112 -0.9934 -0.1139
vn -0.0223 -0.9740 -0.2256
vn -0.0103 -0.9934 -0.1142
vn -0.0203 -0.9740 -0.2258
vn -0.0093 -0.9934 -0.1141
vn -0.0184 -0.9739 -0.2262
vn -0.0083 -0.9935 -0.1139
vn -0.0165 -0.9739 -0.2266
vn -0.0073 -0.9934 -0.1140
vn -0.0145 -0.9739 -0.2266
vn -0.0063 -0.9934 -0.1142
vn -0.0126 -0.9740 -0.2263
vn -0.0054 -0.9934 -0.1144
vn -0.0106 -0.9740 -0.2264
vn -0.0044 -0.9934 -0.1147
vn -0.0087 -0.9739 -0.2266
vn -0.0034 -0.9934 -0.1146
vn -0.0068 -0.9740 -0.2267
vn -0.0024 -0.9934 -0.1145
vn -0.0048 -0.9740 -0.2267
vn -0.0015 -0.9934 -0.1145
vn -0.0029 -0.9740 -0.2267
vn -0.0005 -0.9934 -0.1145
vn -0.0010 -0.9739 -0.2268
vn 0.0005 -0.9934 -0.1147
vn 0.0010 -0.9739 -0.2268
vn 0.0015 -0.9934 -0.1148
vn 0.0029 -0.9739 -0.2269
vn 0.0024 -0.9934 -0.1146
vn 0.0048 -0.9739 -0.2268
vn 0.0034 -0.9934 -0.1144
vn 0.0068 -0.9740 -0.2266
vn 0.0044 -0.9934 -0.1145
vn 0.0087 -0.9740 -0.2265
vn 0.0054 -0.9934 -0.1146
vn 0.0107 -0.9740 -0.2264
vn 0.0064 -0.9934 -0.1145
vn 0.0126 -0.9740 -0.2263
vn 0.0073 -0.9934 -0.1144
vn 0.0145 -0.9740 -0.2260
vn 0.0083 -0.9934 -0.1142
vn 0.0164 -0.9740 -0.2260
vn 0.0093 -0.9934 -0.1142
vn 0.0184 -0.9739 -0.2263
vn 0.0103 -0.9934 -0.1142
vn 0.0204 -0.9738 -0.2263
vn 0.0112 -0.9934 -0.1140
vn 0.0223 -0.9739 -0.2259
vn 0.0122 -0.9934 -0.1139
vn 0.0242 -0.9739 -0.2258
vn 0.0132 -0.9934 -0.1136
vn 0.0262 -0.9739 -0.2256
vn 0.0142 -0.9934 -0.1137
vn 0.0280 -0.9739 -0.2251
vn 0.0152 -0.9934 -0.1138
vn 0.0299 -0.9740 -0.2245
vn 0.0161 -0.9934 -0.1135
vn 0.0318 -0.9741 -0.2240
vn 0.0171 -0.9934 -0.1134
vn 0.0338 -0.9740 -0.2240
vn 0.0181 -0.9934 -0.1133
vn 0.0358 -0.9739 -0.2243
vn 0.0190 -0.9934 -0.1130
vn 0.0377 -0.9739 -0.2239
vn 0.0200 -0.9934 -0.1128
vn 0.0396 -0.9739 -0.2235
vn 0.0210 -0.9934 -0.1127
vn 0.0415 -0.9738 -0.2235
vn 0.0219 -0.9934 -0.1125
vn 0.0434 -0.9738 -0.2231
vn 0.0229 -0.9934 -0.1123
vn 0.0453 -0.9739 -0.2225
vn 0.0238 -0.9934 -0.1122
vn 0.0472 -0.9739 -0.2220
vn 0.0243 -0.9934 -0.1121
vn 0.0598 -0.9595 -0.2754
vn -0.1119 -0.9934 -0.0247
vn -0.2755 -0.9594 -0.0608
vn -0.2754 -0.9594 -0.0608
vn -0.0913 -0.8983 0.4297
vn -0.1030 -0.8741 0.4747
vn -0.0877 -0.8983 0.4306
vn -0.0840 -0.8981 0.4317
vn -0.0803 -0.8981 0.4324
vn -0.0765 -0.8984 0.4325
vn -0.0729 -0.8983 0.4334
vn -0.0693 -0.8980 0.4346
vn -0.0655 -0.8982 0.4347
vn -0.0617 -0.8984 0.4348
vn -0.0580 -0.8983 0.4356
vn -0.0544 -0.8980 0.4366
vn -0.0507 -0.8977 0.4376
vn -0.0470 -0.8977 0.4382
vn -0.0432 -0.8980 0.4379
vn -0.0394 -0.8983 0.4376
vn -0.0356 -0.8982 0.4381
vn -0.0319 -0.8980 0.4388
vn -0.0282 -0.8980 0.4390
vn -0.0244 -0.8980 0.4394
vn -0.0207 -0.8978 0.4398
vn -0.0169 -0.8978 0.4401
vn -0.0132 -0.8977 0.4404
vn -0.0094 -0.8979 0.4402
vn -0.0056 -0.8982 0.4396
vn -0.0019 -0.8983 0.4393
vn 0.0019 -0.8983 0.4393
vn 0.0056 -0.8982 0.4396
vn 0.0094 -0.8979 0.4402
vn 0.0132 -0.8977 0.4404
vn 0.0169 -0.8979 0.4398
vn 0.0207 -0.8982 0.4391
vn 0.0244 -0.8982 0.4390
vn 0.0282 -0.8980 0.4390
vn 0.0319 -0.8980 0.4388
vn 0.0356 -0.8982 0.4381
vn 0.0394 -0.8983 0.4376
vn 0.0432 -0.8980 0.4379
vn 0.0470 -0.8977 0.4380
vn 0.0507 -0.8979 0.4374
vn 0.0544 -0.8980 0.4366
vn 0.0581 -0.8981 0.4359
vn 0.0618 -0.8982 0.4352
vn 0.0656 -0.8980 0.4351
vn 0.0693 -0.8979 0.4348
vn 0.0729 -0.8983 0.4334
vn 0.0766 -0.8984 0.4325
vn 0.0804 -0.8981 0.4324
vn 0.0841 -0.8979 0.4320
vn 0.0878 -0.8979 0.4313
vn 0.0914 -0.8981 0.4301
vn 0.1030 -0.8741 0.4748
vn 0.4749 -0.8737 -0.1048
vn 0.4752 -0.8736 -0.1049
vn -0.0912 -0.8986 -0.4293
vn -0.1030 -0.8742 -0.4745
vn -0.0876 -0.8984 -0.4304
vn -0.0841 -0.8980 -0.4319
vn -0.0803 -0.8982 -0.4322
vn -0.0765 -0.8986 -0.4320
vn -0.0728 -0.8987 -0.4325
vn -0.0691 -0.8986 -0.4334
vn -0.0654 -0.8984 -0.4342
vn -0.0618 -0.8982 -0.4351
vn -0.0581 -0.8982 -0.4358
vn -0.0544 -0.8981 -0.4363
vn -0.0506 -0.8982 -0.4367
vn -0.0469 -0.8983 -0.4368
vn -0.0431 -0.8984 -0.4371
vn -0.0394 -0.8984 -0.4375
vn -0.0357 -0.8981 -0.4383
vn -0.0319 -0.8981 -0.4387
vn -0.0282 -0.8983 -0.4386
vn -0.0244 -0.8982 -0.4389
vn -0.0207 -0.8981 -0.4394
vn -0.0169 -0.8980 -0.4396
vn -0.0132 -0.8980 -0.4399
vn -0.0094 -0.8981 -0.4397
vn -0.0056 -0.8984 -0.4391
vn -0.0019 -0.8986 -0.4388
vn 0.0019 -0.8986 -0.4388
vn 0.0056 -0.8986 -0.4387
vn 0.0094 -0.8984 -0.4390
vn 0.0132 -0.8981 -0.4395
vn 0.0169 -0.8982 -0.4393
vn 0.0206 -0.8984 -0.4386
vn 0.0244 -0.8983 -0.4387
vn 0.0282 -0.8982 -0.4386
vn 0.0319 -0.8982 -0.4384
vn 0.0356 -0.8983 -0.4379
vn 0.0393 -0.8985 -0.4372
vn 0.0431 -0.8984 -0.4370
vn 0.0469 -0.8983 -0.4368
vn 0.0506 -0.8982 -0.4367
vn 0.0544 -0.8981 -0.4363
vn 0.0581 -0.8983 -0.4356
vn 0.0617 -0.8984 -0.4347
vn 0.0654 -0.8984 -0.4342
vn 0.0692 -0.8982 -0.4341
vn 0.0730 -0.8981 -0.4336
vn 0.0766 -0.8983 -0.4327
vn 0.0803 -0.8981 -0.4323
vn 0.0840 -0.8981 -0.4316
vn 0.0876 -0.8984 -0.4303
vn 0.0913 -0.8984 -0.4296
vn 0.1032 -0.8737 -0.4755
vn -0.4752 -0.8736 -0.1049
vn -0.4749 -0.8738 -0.1048
vn -0.1301 -0.7800 0.6121
vn -0.1405 -0.7488 0.6477
vn -0.1248 -0.7802 0.6130
vn -0.1197 -0.7796 0.6147
vn -0.1144 -0.7797 0.6156
vn -0.1091 -0.7801 0.6161
vn -0.1038 -0.7800 0.6171
vn -0.0986 -0.7796 0.6184
vn -0.0933 -0.7798 0.6191
vn -0.0879 -0.7804 0.6190
vn -0.0825 -0.7806 0.6195
vn -0.0773 -0.7801 0.6209
vn -0.0721 -0.7793 0.6225
vn -0.0668 -0.7793 0.6230
vn -0.0614 -0.7802 0.6225
vn -0.0560 -0.7805 0.6227
vn -0.0507 -0.7802 0.6235
vn -0.0454 -0.7800 0.6242
vn -0.0401 -0.7798 0.6247
vn -0.0348 -0.7797 0.6251
vn -0.0294 -0.7797 0.6255
vn -0.0241 -0.7796 0.6259
vn -0.0187 -0.7795 0.6261
vn -0.0134 -0.7797 0.6261
vn -0.0080 -0.7801 0.6256
vn -0.0027 -0.7803 0.6254
vn 0.0027 -0.7800 0.6258
vn 0.0080 -0.7795 0.6264
vn 0.0134 -0.7793 0.6265
vn 0.0187 -0.7795 0.6261
vn 0.0241 -0.7795 0.6260
vn 0.0294 -0.7795 0.6257
vn 0.0348 -0.7796 0.6253
vn 0.0401 -0.7798 0.6247
vn 0.0454 -0.7800 0.6242
vn 0.0507 -0.7802 0.6235
vn 0.0560 -0.7805 0.6227
vn 0.0614 -0.7802 0.6225
vn 0.0668 -0.7796 0.6227
vn 0.0721 -0.7798 0.6219
vn 0.0773 -0.7801 0.6209
vn 0.0826 -0.7802 0.6201
vn 0.0879 -0.7805 0.6189
vn 0.0932 -0.7801 0.6187
vn 0.0987 -0.7793 0.6188
vn 0.1039 -0.7796 0.6176
vn 0.1091 -0.7801 0.6161
vn 0.1144 -0.7797 0.6156
vn 0.1197 -0.7794 0.6150
vn 0.1249 -0.7796 0.6136
vn 0.1301 -0.7797 0.6124
vn 0.1405 -0.7488 0.6477
vn 0.6458 -0.7501 -0.1425
vn 0.6460 -0.7499 -0.1426
vn -0.1301 -0.7800 -0.6121
vn -0.1405 -0.7491 -0.6474
vn -0.1249 -0.7798 -0.6134
vn -0.1197 -0.7797 -0.6146
vn -0.1143 -0.7801 -0.6152
vn -0.1090 -0.7804 -0.6158
vn -0.1038 -0.7802 -0.6169
vn -0.0986 -0.7798 -0.6183
vn -0.0933 -0.7797 -0.6191
vn -0.0880 -0.7800 -0.6196
vn -0.0827 -0.7800 -0.6203
vn -0.0774 -0.7796 -0.6215
vn -0.0722 -0.7791 -0.6227
vn -0.0668 -0.7794 -0.6230
vn -0.0614 -0.7804 -0.6222
vn -0.0560 -0.7808 -0.6222
vn -0.0507 -0.7806 -0.6230
vn -0.0454 -0.7803 -0.6237
vn -0.0401 -0.7801 -0.6244
vn -0.0348 -0.7800 -0.6248
vn -0.0294 -0.7800 -0.6251
vn -0.0241 -0.7799 -0.6255
vn -0.0187 -0.7798 -0.6258
vn -0.0134 -0.7800 -0.6257
vn -0.0080 -0.7801 -0.6256
vn -0.0027 -0.7800 -0.6258
vn 0.0027 -0.7803 -0.6254
vn 0.0080 -0.7803 -0.6253
vn 0.0134 -0.7798 -0.6259
vn 0.0187 -0.7797 -0.6259
vn 0.0241 -0.7798 -0.6256
vn 0.0294 -0.7798 -0.6253
vn 0.0347 -0.7800 -0.6248
vn 0.0401 -0.7802 -0.6242
vn 0.0454 -0.7804 -0.6236
vn 0.0507 -0.7805 -0.6230
vn 0.0560 -0.7807 -0.6224
vn 0.0613 -0.7807 -0.6219
vn 0.0667 -0.7804 -0.6218
vn 0.0720 -0.7801 -0.6215
vn 0.0774 -0.7799 -0.6211
vn 0.0827 -0.7800 -0.6203
vn 0.0880 -0.7800 -0.6196
vn 0.0933 -0.7797 -0.6191
vn 0.0986 -0.7795 -0.6185
vn 0.1039 -0.7797 -0.6175
vn 0.1091 -0.7801 -0.6161
vn 0.1143 -0.7803 -0.6149
vn 0.1195 -0.7802 -0.6140
vn 0.1248 -0.7801 -0.6131
vn 0.1300 -0.7801 -0.6120
vn 0.1403 -0.7498 -0.6466
vn -0.6462 -0.7497 -0.1426
vn -0.6460 -0.7499 -0.1426
vn -0.1622 -0.6256 0.7631
vn -0.1706 -0.5940 0.7862
vn -0.1557 -0.6254 0.7646
vn -0.1492 -0.6247 0.7664
vn -0.1427 -0.6245 0.7679
vn -0.1361 -0.6249 0.7688
vn -0.1295 -0.6252 0.7696
vn -0.1228 -0.6256 0.7704
vn -0.1163 -0.6256 0.7714
vn -0.1097 -0.6250 0.7728
vn -0.1032 -0.6245 0.7742
vn -0.0965 -0.6246 0.7750
vn -0.0899 -0.6252 0.7753
vn -0.0832 -0.6257 0.7756
vn -0.0765 -0.6262 0.7759
vn -0.0699 -0.6264 0.7764
vn -0.0632 -0.6262 0.7771
vn -0.0566 -0.6260 0.7778
vn -0.0500 -0.6258 0.7784
vn -0.0433 -0.6255 0.7790
vn -0.0367 -0.6252 0.7796
vn -0.0300 -0.6251 0.7800
vn -0.0233 -0.6250 0.7803
vn -0.0167 -0.6249 0.7805
vn -0.0100 -0.6249 0.7807
vn -0.0033 -0.6248 0.7807
vn 0.0033 -0.6249 0.7807
vn 0.0100 -0.6250 0.7805
vn 0.0167 -0.6250 0.7804
vn 0.0233 -0.6250 0.7803
vn 0.0300 -0.6252 0.7799
vn 0.0367 -0.6254 0.7794
vn 0.0433 -0.6256 0.7790
vn 0.0500 -0.6258 0.7784
vn 0.0566 -0.6260 0.7778
vn 0.0632 -0.6262 0.7771
vn 0.0699 -0.6264 0.7764
vn 0.0765 -0.6262 0.7759
vn 0.0832 -0.6253 0.7760
vn 0.0899 -0.6242 0.7760
vn 0.0965 -0.6246 0.7750
vn 0.1030 -0.6255 0.7734
vn 0.1097 -0.6254 0.7725
vn 0.1163 -0.6255 0.7715
vn 0.1228 -0.6261 0.7700
vn 0.1294 -0.6257 0.7692
vn 0.1361 -0.6248 0.7688
vn 0.1426 -0.6250 0.7675
vn 0.1491 -0.6257 0.7657
vn 0.1555 -0.6264 0.7638
vn 0.1621 -0.6261 0.7627
vn 0.1706 -0.5940 0.7862
vn 0.7856 -0.5939 -0.1734
vn 0.7857 -0.5937 -0.1734
vn -0.1621 -0.6261 -0.7627
vn -0.1705 -0.5947 -0.7857
vn -0.1555 -0.6262 -0.7640
vn -0.1490 -0.6264 -0.7652
vn -0.1425 -0.6262 -0.7666
vn -0.1360 -0.6256 -0.7682
vn -0.1295 -0.6251 -0.7697
vn -0.1229 -0.6251 -0.7708
vn -0.1162 -0.6259 -0.7712
vn -0.1095 -0.6268 -0.7715
vn -0.1030 -0.6263 -0.7728
vn -0.0965 -0.6250 -0.7746
vn -0.0899 -0.6243 -0.7760
vn -0.0833 -0.6248 -0.7763
vn -0.0765 -0.6261 -0.7760
vn -0.0698 -0.6266 -0.7762
vn -0.0632 -0.6263 -0.7770
vn -0.0566 -0.6262 -0.7776
vn -0.0500 -0.6260 -0.7782
vn -0.0433 -0.6258 -0.7788
vn -0.0367 -0.6255 -0.7793
vn -0.0300 -0.6254 -0.7797
vn -0.0233 -0.6253 -0.7800
vn -0.0167 -0.6252 -0.7803
vn -0.0100 -0.6252 -0.7804
vn -0.0033 -0.6253 -0.7804
vn 0.0033 -0.6252 -0.7805
vn 0.0100 -0.6252 -0.7804
vn 0.0167 -0.6254 -0.7802
vn 0.0233 -0.6254 -0.7800
vn 0.0300 -0.6255 -0.7797
vn 0.0367 -0.6257 -0.7792
vn 0.0433 -0.6258 -0.7788
vn 0.0500 -0.6259 -0.7783
vn 0.0566 -0.6261 -0.7777
vn 0.0632 -0.6264 -0.7769
vn 0.0698 -0.6268 -0.7761
vn 0.0765 -0.6261 -0.7760
vn 0.0833 -0.6246 -0.7765
vn 0.0900 -0.6240 -0.7762
vn 0.0965 -0.6249 -0.7747
vn 0.1030 -0.6258 -0.7731
vn 0.1096 -0.6258 -0.7722
vn 0.1162 -0.6259 -0.7712
vn 0.1227 -0.6265 -0.7697
vn 0.1293 -0.6265 -0.7686
vn 0.1359 -0.6261 -0.7678
vn 0.1425 -0.6257 -0.7669
vn 0.1491 -0.6254 -0.7659
vn 0.1556 -0.6257 -0.7644
vn 0.1620 -0.6265 -0.7624
vn 0.1704 -0.5951 -0.7854
vn -0.7854 -0.5943 -0.1733
vn -0.1866 -0.4406 0.8781
vn -0.1931 -0.4129 0.8901
vn -0.1791 -0.4408 0.8796
vn -0.1715 -0.4408 0.8810
vn -0.1641 -0.4397 0.8830
vn -0.1566 -0.4391 0.8847
vn -0.1490 -0.4397 0.8857
vn -0.1414 -0.4398 0.8869
vn -0.1339 -0.4393 0.8883
vn -0.1263 -0.4389 0.8896
vn -0.1187 -0.4386 0.8908
vn -0.1111 -0.4388 0.8917
vn -0.1034 -0.4395 0.8923
vn -0.0957 -0.4404 0.8927
vn -0.0881 -0.4407 0.8933
vn -0.0805 -0.4403 0.8942
vn -0.0728 -0.4406 0.8947
vn -0.0651 -0.4410 0.8951
vn -0.0575 -0.4408 0.8957
vn -0.0498 -0.4407 0.8963
vn -0.0422 -0.4400 0.8970
vn -0.0345 -0.4393 0.8977
vn -0.0269 -0.4398 0.8977
vn -0.0192 -0.4397 0.8979
vn -0.0115 -0.4384 0.8987
vn -0.0038 -0.4378 0.8991
vn 0.0038 -0.4384 0.8988
vn 0.0115 -0.4389 0.8984
vn 0.0192 -0.4384 0.8986
vn 0.0269 -0.4379 0.8986
vn 0.0345 -0.4386 0.8980
vn 0.0422 -0.4399 0.8971
vn 0.0498 -0.4407 0.8963
vn 0.0575 -0.4408 0.8957
vn 0.0651 -0.4410 0.8951
vn 0.0728 -0.4406 0.8947
vn 0.0805 -0.4403 0.8942
vn 0.0881 -0.4407 0.8933
vn 0.0958 -0.4404 0.8927
vn 0.1034 -0.4396 0.8922
vn 0.1111 -0.4388 0.8917
vn 0.1187 -0.4385 0.8909
vn 0.1263 -0.4389 0.8896
vn 0.1339 -0.4394 0.8883
vn 0.1414 -0.4397 0.8869
vn 0.1490 -0.4396 0.8857
vn 0.1566 -0.4397 0.8844
vn 0.1640 -0.4408 0.8825
vn 0.1715 -0.4413 0.8808
vn 0.1791 -0.4407 0.8796
vn 0.1866 -0.4405 0.8781
vn 0.1931 -0.4129 0.8901
vn 0.8900 -0.4115 -0.1964
vn 0.8901 -0.4113 -0.1964
vn -0.1867 -0.4400 -0.8784
vn -0.1933 -0.4106 -0.8911
vn -0.1791 -0.4410 -0.8795
vn -0.1716 -0.4404 -0.8813
vn -0.1641 -0.4392 -0.8832
vn -0.1566 -0.4393 -0.8846
vn -0.1490 -0.4400 -0.8856
vn -0.1414 -0.4407 -0.8865
vn -0.1338 -0.4407 -0.8876
vn -0.1263 -0.4396 -0.8893
vn -0.1187 -0.4387 -0.8908
vn -0.1111 -0.4390 -0.8916
vn -0.1034 -0.4398 -0.8921
vn -0.0957 -0.4406 -0.8926
vn -0.0881 -0.4409 -0.8932
vn -0.0805 -0.4400 -0.8944
vn -0.0729 -0.4392 -0.8954
vn -0.0652 -0.4395 -0.8959
vn -0.0575 -0.4399 -0.8962
vn -0.0499 -0.4397 -0.8967
vn -0.0422 -0.4402 -0.8969
vn -0.0345 -0.4407 -0.8970
vn -0.0269 -0.4400 -0.8976
vn -0.0192 -0.4387 -0.8984
vn -0.0115 -0.4386 -0.8986
vn -0.0038 -0.4392 -0.8984
vn 0.0039 -0.4386 -0.8987
vn 0.0115 -0.4386 -0.8986
vn 0.0192 -0.4392 -0.8982
vn 0.0269 -0.4387 -0.8982
vn 0.0346 -0.4388 -0.8979
vn 0.0422 -0.4401 -0.8969
vn 0.0499 -0.4403 -0.8964
vn 0.0575 -0.4393 -0.8965
vn 0.0652 -0.4389 -0.8961
vn 0.0728 -0.4397 -0.8952
vn 0.0805 -0.4405 -0.8941
vn 0.0881 -0.4397 -0.8938
vn 0.0959 -0.4383 -0.8937
vn 0.1035 -0.4381 -0.8929
vn 0.1111 -0.4384 -0.8919
vn 0.1187 -0.4387 -0.8907
vn 0.1263 -0.4391 -0.8895
vn 0.1339 -0.4395 -0.8882
vn 0.1414 -0.4399 -0.8868
vn 0.1490 -0.4404 -0.8853
vn 0.1565 -0.4405 -0.8840
vn 0.1641 -0.4399 -0.8829
vn 0.1716 -0.4405 -0.8812
vn 0.1790 -0.4416 -0.8792
vn 0.1866 -0.4411 -0.8779
vn 0.1932 -0.4121 -0.8904
vn -0.8899 -0.4117 -0.1964
vn -0.8898 -0.4120 -0.1964
vn -0.2024 -0.2269 0.9526
vn -0.2073 -0.2099 0.9555
vn -0.1942 -0.2281 0.9541
vn -0.1860 -0.2291 0.9555
vn -0.1779 -0.2288 0.9571
vn -0.1697 -0.2284 0.9587
vn -0.1615 -0.2281 0.9602
vn -0.1533 -0.2278 0.9616
vn -0.1451 -0.2275 0.9629
vn -0.1369 -0.2273 0.9642
vn -0.1286 -0.2271 0.9654
vn -0.1204 -0.2268 0.9665
vn -0.1121 -0.2273 0.9674
vn -0.1038 -0.2284 0.9680
vn -0.0955 -0.2289 0.9688
vn -0.0872 -0.2287 0.9696
vn -0.0790 -0.2286 0.9703
vn -0.0707 -0.2277 0.9712
vn -0.0624 -0.2269 0.9719
vn -0.0541 -0.2275 0.9723
vn -0.0457 -0.2281 0.9726
vn -0.0374 -0.2280 0.9729
vn -0.0291 -0.2279 0.9732
vn -0.0208 -0.2279 0.9735
vn -0.0125 -0.2279 0.9736
vn -0.0042 -0.2279 0.9737
vn 0.0042 -0.2279 0.9737
vn 0.0125 -0.2279 0.9736
vn 0.0208 -0.2279 0.9735
vn 0.0291 -0.2280 0.9732
vn 0.0374 -0.2274 0.9731
vn 0.0457 -0.2268 0.9729
vn 0.0541 -0.2268 0.9724
vn 0.0624 -0.2269 0.9719
vn 0.0707 -0.2277 0.9712
vn 0.0790 -0.2286 0.9703
vn 0.0872 -0.2287 0.9696
vn 0.0955 -0.2282 0.9689
vn 0.1038 -0.2277 0.9682
vn 0.1121 -0.2279 0.9672
vn 0.1204 -0.2275 0.9663
vn 0.1286 -0.2271 0.9653
vn 0.1369 -0.2273 0.9642
vn 0.1451 -0.2275 0.9629
vn 0.1533 -0.2272 0.9617
vn 0.1615 -0.2268 0.9605
vn 0.1697 -0.2277 0.9588
vn 0.1779 -0.2287 0.9571
vn 0.1860 -0.2284 0.9556
vn 0.1943 -0.2268 0.9544
vn 0.2025 -0.2263 0.9528
vn 0.2073 -0.2100 0.9555
vn 0.9547 -0.2103 -0.2107
vn 0.9547 -0.2099 -0.2107
vn -0.2025 -0.2255 -0.9530
vn -0.2074 -0.2086 -0.9558
vn -0.1943 -0.2269 -0.9543
vn -0.1861 -0.2286 -0.9556
vn -0.1779 -0.2289 -0.9571
vn -0.1697 -0.2286 -0.9586
vn -0.1615 -0.2282 -0.9601
vn -0.1533 -0.2279 -0.9615
vn -0.1451 -0.2276 -0.9629
vn -0.1369 -0.2274 -0.9641
vn -0.1286 -0.2272 -0.9653
vn -0.1204 -0.2276 -0.9663
vn -0.1121 -0.2287 -0.9670
vn -0.1038 -0.2292 -0.9678
vn -0.0955 -0.2290 -0.9687
vn -0.0872 -0.2289 -0.9695
vn -0.0790 -0.2287 -0.9703
vn -0.0707 -0.2279 -0.9711
vn -0.0624 -0.2271 -0.9719
vn -0.0541 -0.2277 -0.9722
vn -0.0457 -0.2282 -0.9725
vn -0.0374 -0.2281 -0.9729
vn -0.0291 -0.2281 -0.9732
vn -0.0208 -0.2281 -0.9734
vn -0.0125 -0.2274 -0.9737
vn -0.0042 -0.2267 -0.9740
vn 0.0042 -0.2274 -0.9738
vn 0.0125 -0.2274 -0.9737
vn 0.0208 -0.2267 -0.9737
vn 0.0291 -0.2274 -0.9734
vn 0.0375 -0.2275 -0.9731
vn 0.0458 -0.2269 -0.9728
vn 0.0541 -0.2276 -0.9722
vn 0.0624 -0.2284 -0.9716
vn 0.0707 -0.2286 -0.9710
vn 0.0790 -0.2280 -0.9704
vn 0.0873 -0.2275 -0.9699
vn 0.0955 -0.2284 -0.9689
vn 0.1038 -0.2292 -0.9678
vn 0.1121 -0.2287 -0.9670
vn 0.1204 -0.2276 -0.9663
vn 0.1287 -0.2272 -0.9653
vn 0.1369 -0.2274 -0.9641
vn 0.1451 -0.2277 -0.9629
vn 0.1533 -0.2280 -0.9615
vn 0.1615 -0.2282 -0.9601
vn 0.1697 -0.2279 -0.9588
vn 0.1779 -0.2276 -0.9574
vn 0.1861 -0.2279 -0.9557
vn 0.1943 -0.2276 -0.9542
vn 0.2024 -0.2268 -0.9527
vn 0.2073 -0.2097 -0.9555
vn -0.9548 -0.2096 -0.2107
vn -0.9547 -0.2100 -0.2107
vn -0.2066 -0.1123 0.9720
vn -0.2107 -0.1127 0.9710
vn -0.1982 -0.1131 0.9736
vn -0.1898 -0.1142 0.9751
vn -0.1815 -0.1153 0.9766
vn -0.1731 -0.1165 0.9780
vn -0.1648 -0.1150 0.9796
vn -0.1564 -0.1148 0.9810
vn -0.1480 -0.1160 0.9822
vn -0.1396 -0.1146 0.9836
vn -0.1312 -0.1131 0.9849
vn -0.1228 -0.1129 0.9860
vn -0.1144 -0.1142 0.9869
vn -0.1059 -0.1155 0.9876
vn -0.0975 -0.1153 0.9885
vn -0.0890 -0.1166 0.9892
vn -0.0806 -0.1166 0.9899
vn -0.0721 -0.1137 0.9909
vn -0.0636 -0.1123 0.9916
vn -0.0552 -0.1122 0.9921
vn -0.0467 -0.1136 0.9924
vn -0.0382 -0.1149 0.9926
vn -0.0297 -0.1135 0.9931
vn -0.0212 -0.1135 0.9933
vn -0.0127 -0.1162 0.9931
vn -0.0042 -0.1176 0.9931
vn 0.0043 -0.1176 0.9931
vn 0.0127 -0.1176 0.9930
vn 0.0212 -0.1176 0.9928
vn 0.0297 -0.1176 0.9926
vn 0.0382 -0.1163 0.9925
vn 0.0467 -0.1136 0.9924
vn 0.0552 -0.1122 0.9921
vn 0.0636 -0.1123 0.9916
vn 0.0721 -0.1137 0.9909
vn 0.0806 -0.1166 0.9899
vn 0.0890 -0.1167 0.9892
vn 0.0975 -0.1140 0.9887
vn 0.1060 -0.1127 0.9880
vn 0.1144 -0.1128 0.9870
vn 0.1228 -0.1143 0.9858
vn 0.1312 -0.1159 0.9846
vn 0.1396 -0.1146 0.9835
vn 0.1480 -0.1147 0.9823
vn 0.1564 -0.1162 0.9808
vn 0.1648 -0.1149 0.9796
vn 0.1732 -0.1137 0.9783
vn 0.1815 -0.1139 0.9768
vn 0.1898 -0.1141 0.9752
vn 0.1982 -0.1131 0.9736
vn 0.2065 -0.1125 0.9719
vn 0.2107 -0.1130 0.9710
vn 0.9701 -0.1142 -0.2141
vn -0.2065 -0.1127 -0.9719
vn -0.2107 -0.1138 -0.9709
vn -0.1982 -0.1130 -0.9736
vn -0.1898 -0.1169 -0.9748
vn -0.1814 -0.1194 -0.9761
vn -0.1731 -0.1178 -0.9778
vn -0.1648 -0.1150 -0.9796
vn -0.1565 -0.1134 -0.9812
vn -0.1480 -0.1146 -0.9823
vn -0.1396 -0.1172 -0.9832
vn -0.1312 -0.1172 -0.9844
vn -0.1228 -0.1157 -0.9857
vn -0.1143 -0.1170 -0.9865
vn -0.1059 -0.1169 -0.9875
vn -0.0975 -0.1154 -0.9885
vn -0.0890 -0.1167 -0.9892
vn -0.0805 -0.1179 -0.9897
vn -0.0721 -0.1165 -0.9906
vn -0.0636 -0.1150 -0.9913
vn -0.0552 -0.1150 -0.9918
vn -0.0467 -0.1136 -0.9924
vn -0.0382 -0.1121 -0.9930
vn -0.0297 -0.1135 -0.9931
vn -0.0212 -0.1162 -0.9930
vn -0.0127 -0.1162 -0.9931
vn -0.0043 -0.1148 -0.9934
vn 0.0043 -0.1162 -0.9932
vn 0.0127 -0.1162 -0.9931
vn 0.0212 -0.1148 -0.9932
vn 0.0297 -0.1163 -0.9928
vn 0.0382 -0.1163 -0.9925
vn 0.0467 -0.1136 -0.9924
vn 0.0552 -0.1136 -0.9920
vn 0.0636 -0.1164 -0.9912
vn 0.0721 -0.1179 -0.9904
vn 0.0806 -0.1166 -0.9899
vn 0.0890 -0.1153 -0.9893
vn 0.0975 -0.1167 -0.9884
vn 0.1059 -0.1182 -0.9873
vn 0.1144 -0.1169 -0.9865
vn 0.1228 -0.1157 -0.9857
vn 0.1312 -0.1158 -0.9846
vn 0.1396 -0.1160 -0.9834
vn 0.1480 -0.1174 -0.9820
vn 0.1564 -0.1189 -0.9805
vn 0.1648 -0.1177 -0.9793
vn 0.1732 -0.1151 -0.9781
vn 0.1815 -0.1140 -0.9768
vn 0.1899 -0.1128 -0.9753
vn 0.1983 -0.1116 -0.9738
vn 0.2065 -0.1127 -0.9719
vn 0.2107 -0.1138 -0.9709
vn -0.9702 -0.1136 -0.2141
vn -0.2120 0.0000 0.9773
vn -0.2079 0.0000 0.9782
vn -0.1995 0.0000 0.9799
vn -0.1911 0.0000 0.9816
vn -0.1827 0.0000 0.9832
vn -0.1743 0.0000 0.9847
vn -0.1659 0.0000 0.9861
vn -0.1574 0.0000 0.9875
vn -0.1490 0.0000 0.9888
vn -0.1405 0.0000 0.9901
vn -0.1321 0.0000 0.9912
vn -0.1236 0.0000 0.9923
vn -0.1151 0.0000 0.9934
vn -0.1066 0.0000 0.9943
vn -0.0981 0.0000 0.9952
vn -0.0896 0.0000 0.9960
vn -0.0811 0.0000 0.9967
vn -0.0726 0.0000 0.9974
vn -0.0641 0.0000 0.9979
vn -0.0555 0.0000 0.9985
vn -0.0470 0.0000 0.9989
vn -0.0384 0.0000 0.9993
vn -0.0299 0.0000 0.9996
vn -0.0214 0.0000 0.9998
vn -0.0128 0.0000 0.9999
vn -0.0043 0.0000 1.0000
vn 0.0043 0.0000 1.0000
vn 0.0128 0.0000 0.9999
vn 0.0214 0.0000 0.9998
vn 0.0299 0.0000 0.9996
vn 0.0384 0.0000 0.9993
vn 0.0470 0.0000 0.9989
vn 0.0555 0.0000 0.9985
vn 0.0641 0.0000 0.9979
vn 0.0726 0.0000 0.9974
vn 0.0811 0.0000 0.9967
vn 0.0896 0.0000 0.9960
vn 0.0981 0.0000 0.9952
vn 0.1066 0.0000 0.9943
vn 0.1151 0.0000 0.9934
vn 0.1236 0.0000 0.9923
vn 0.1321 0.0000 0.9912
vn 0.1405 0.0000 0.9901
vn 0.1490 0.0000 0.9888
vn 0.1574 0.0000 0.9875
vn 0.1659 0.0000 0.9861
vn 0.1743 0.0000 0.9847
vn 0.1827 0.0000 0.9832
vn 0.1911 0.0000 0.9816
vn 0.1995 0.0000 0.9799
vn 0.2079 0.0000 0.9782
vn 0.2120 0.0000 0.9773
vn 0.9765 0.0000 -0.2155
vn -0.2120 0.0000 -0.9773
vn -0.2079 0.0000 -0.9782
vn -0.1995 0.0000 -0.9799
vn -0.1911 0.0000 -0.9816
vn -0.1827 0.0000 -0.9832
vn -0.1743 0.0000 -0.9847
vn -0.1659 0.0000 -0.9861
vn -0.1575 0.0000 -0.9875
vn -0.1490 0.0000 -0.9888
vn -0.1406 0.0000 -0.9901
vn -0.1321 0.0000 -0.9912
vn -0.1236 0.0000 -0.9923
vn -0.1151 0.0000 -0.9933
vn -0.1066 0.0000 -0.9943
vn -0.0981 0.0000 -0.9952
vn -0.0896 0.0000 -0.9960
vn -0.0811 0.0000 -0.9967
vn -0.0726 0.0000 -0.9974
vn -0.0641 0.0000 -0.9979
vn -0.0555 0.0000 -0.9985
vn -0.0470 0.0000 -0.9989
vn -0.0384 0.0000 -0.9993
vn -0.0299 0.0000 -0.9996
vn -0.0214 0.0000 -0.9998
vn -0.0128 0.0000 -0.9999
vn -0.0043 0.0000 -1.0000
vn 0.0043 0.0000 -1.0000
vn 0.0128 0.0000 -0.9999
vn 0.0214 0.0000 -0.9998
vn 0.0299 0.0000 -0.9996
vn 0.0385 0.0000 -0.9993
vn 0.0470 0.0000 -0.9989
vn 0.0555 0.0000 -0.9985
vn 0.0641 0.0000 -0.9979
vn 0.0726 0.0000 -0.9974
vn 0.0811 0.0000 -0.9967
vn 0.0896 0.0000 -0.9960
vn 0.0981 0.0000 -0.9952
vn 0.1066 0.0000 -0.9943
vn 0.1151 0.0000 -0.9933
vn 0.1236 0.0000 -0.9923
vn 0.1321 0.0000 -0.9912
vn 0.1406 0.0000 -0.9901
vn 0.1490 0.0000 -0.9888
vn 0.1575 0.0000 -0.9875
vn 0.1659 0.0000 -0.9861
vn 0.1743 0.0000 -0.9847
vn 0.1827 0.0000 -0.9832
vn 0.1911 0.0000 -0.9816
vn 0.1995 0.0000 -0.9799
vn 0.2079 0.0000 -0.9782
vn 0.2120 0.0000 -0.9773
vn -0.9765 0.0000 -0.2155
vn -0.2107 0.1127 0.9710
vn -0.2066 0.1123 0.9720
vn -0.2024 0.2269 0.9526
vn -0.2073 0.2099 0.9555
vn -0.1982 0.1131 0.9736
vn -0.1942 0.2281 0.9541
vn -0.1898 0.1142 0.9751
vn -0.1860 0.2291 0.9555
vn -0.1815 0.1153 0.9766
vn -0.1779 0.2288 0.9571
vn -0.1731 0.1165 0.9780
vn -0.1697 0.2284 0.9587
vn -0.1648 0.1150 0.9796
vn -0.1615 0.2281 0.9602
vn -0.1564 0.1148 0.9810
vn -0.1533 0.2278 0.9616
vn -0.1480 0.1160 0.9822
vn -0.1451 0.2275 0.9629
vn -0.1396 0.1146 0.9836
vn -0.1369 0.2273 0.9642
vn -0.1312 0.1131 0.9849
vn -0.1286 0.2271 0.9653
vn -0.1228 0.1129 0.9860
vn -0.1204 0.2268 0.9665
vn -0.1144 0.1142 0.9869
vn -0.1121 0.2273 0.9674
vn -0.1059 0.1155 0.9876
vn -0.1038 0.2284 0.9680
vn -0.0975 0.1153 0.9885
vn -0.0955 0.2289 0.9688
vn -0.0890 0.1166 0.9892
vn -0.0872 0.2287 0.9696
vn -0.0806 0.1166 0.9899
vn -0.0790 0.2286 0.9703
vn -0.0721 0.1137 0.9909
vn -0.0707 0.2277 0.9712
vn -0.0636 0.1123 0.9916
vn -0.0624 0.2269 0.9719
vn -0.0552 0.1122 0.9921
vn -0.0541 0.2275 0.9723
vn -0.0467 0.1136 0.9924
vn -0.0457 0.2281 0.9726
vn -0.0382 0.1149 0.9926
vn -0.0374 0.2280 0.9729
vn -0.0297 0.1135 0.9931
vn -0.0291 0.2279 0.9732
vn -0.0212 0.1135 0.9933
vn -0.0208 0.2279 0.9735
vn -0.0127 0.1162 0.9931
vn -0.0125 0.2279 0.9736
vn -0.0042 0.1176 0.9931
vn -0.0042 0.2279 0.9737
vn 0.0043 0.1176 0.9931
vn 0.0042 0.2279 0.9737
vn 0.0127 0.1176 0.9930
vn 0.0125 0.2279 0.9736
vn 0.0212 0.1176 0.9928
vn 0.0208 0.2279 0.9735
vn 0.0297 0.1176 0.9926
vn 0.0291 0.2280 0.9732
vn 0.0382 0.1163 0.9925
vn 0.0374 0.2274 0.9731
vn 0.0467 0.1136 0.9924
vn 0.0457 0.2268 0.9729
vn 0.0552 0.1122 0.9921
vn 0.0541 0.2268 0.9724
vn 0.0636 0.1123 0.9916
vn 0.0624 0.2269 0.9719
vn 0.0721 0.1137 0.9909
vn 0.0707 0.2277 0.9712
vn 0.0806 0.1166 0.9899
vn 0.0790 0.2286 0.9703
vn 0.0890 0.1167 0.9892
vn 0.0872 0.2287 0.9696
vn 0.0975 0.1140 0.9887
vn 0.0955 0.2282 0.9689
vn 0.1060 0.1127 0.9880
vn 0.1038 0.2277 0.9682
vn 0.1144 0.1128 0.9870
vn 0.1121 0.2279 0.9672
vn 0.1228 0.1143 0.9858
vn 0.1204 0.2275 0.9663
vn 0.1312 0.1159 0.9846
vn 0.1286 0.2271 0.9653
vn 0.1396 0.1146 0.9835
vn 0.1369 0.2273 0.9642
vn 0.1480 0.1147 0.9823
vn 0.1451 0.2275 0.9629
vn 0.1564 0.1162 0.9808
vn 0.1533 0.2272 0.9617
vn 0.1648 0.1149 0.9796
vn 0.1615 0.2268 0.9605
vn 0.1732 0.1137 0.9783
vn 0.1697 0.2277 0.9588
vn 0.1815 0.1139 0.9768
vn 0.1779 0.2287 0.9571
vn 0.1898 0.1141 0.9752
vn 0.1860 0.2284 0.9556
vn 0.1982 0.1131 0.9736
vn 0.1943 0.2268 0.9544
vn 0.2065 0.1125 0.9719
vn 0.2025 0.2263 0.9528
vn 0.2107 0.1130 0.9710
vn 0.2073 0.2100 0.9555
vn 0.9701 0.1142 -0.2141
vn 0.9547 0.2103 -0.2107
vn 0.9547 0.2099 -0.2107
vn -0.2107 0.1138 -0.9709
vn -0.2065 0.1127 -0.9719
vn -0.2025 0.2255 -0.9530
vn -0.2074 0.2086 -0.9558
vn -0.1982 0.1130 -0.9736
vn -0.1943 0.2269 -0.9543
vn -0.1898 0.1169 -0.9748
vn -0.1861 0.2286 -0.9556
vn -0.1814 0.1194 -0.9761
vn -0.1779 0.2289 -0.9571
vn -0.1731 0.1178 -0.9778
vn -0.1697 0.2286 -0.9586
vn -0.1648 0.1150 -0.9796
vn -0.1615 0.2282 -0.9601
vn -0.1565 0.1134 -0.9812
vn -0.1533 0.2279 -0.9615
vn -0.1480 0.1146 -0.9823
vn -0.1451 0.2276 -0.9629
vn -0.1396 0.1172 -0.9832
vn -0.1369 0.2274 -0.9641
vn -0.1312 0.1172 -0.9844
vn -0.1286 0.2272 -0.9653
vn -0.1228 0.1157 -0.9857
vn -0.1204 0.2276 -0.9663
vn -0.1143 0.1170 -0.9865
vn -0.1121 0.2287 -0.9670
vn -0.1059 0.1169 -0.9875
vn -0.1038 0.2292 -0.9678
vn -0.0975 0.1154 -0.9885
vn -0.0955 0.2290 -0.9687
vn -0.0890 0.1167 -0.9892
vn -0.0872 0.2289 -0.9695
vn -0.0805 0.1179 -0.9897
vn -0.0790 0.2287 -0.9703
vn -0.0721 0.1165 -0.9906
vn -0.0707 0.2279 -0.9711
vn -0.0636 0.1150 -0.9913
vn -0.0624 0.2271 -0.9719
vn -0.0552 0.1150 -0.9918
vn -0.0541 0.2277 -0.9722
vn -0.0467 0.1136 -0.9924
vn -0.0457 0.2282 -0.9725
vn -0.0382 0.1121 -0.9930
vn -0.0374 0.2281 -0.9729
vn -0.0297 0.1135 -0.9931
vn -0.0291 0.2281 -0.9732
vn -0.0212 0.1162 -0.9930
vn -0.0208 0.2281 -0.9734
vn -0.0127 0.1162 -0.9931
vn -0.0125 0.2274 -0.9737
vn -0.0043 0.1148 -0.9934
vn -0.0042 0.2267 -0.9740
vn 0.0043 0.1162 -0.9932
vn 0.0042 0.2274 -0.9738
vn 0.0127 0.1162 -0.9931
vn 0.0125 0.2274 -0.9737
vn 0.0212 0.1148 -0.9932
vn 0.0208 0.2267 -0.9737
vn 0.0297 0.1163 -0.9928
vn 0.0291 0.2274 -0.9734
vn 0.0382 0.1163 -0.9925
vn 0.0375 0.2275 -0.9731
vn 0.0467 0.1136 -0.9924
vn 0.0458 0.2269 -0.9728
vn 0.0552 0.1136 -0.9920
vn 0.0541 0.2276 -0.9722
vn 0.0636 0.1164 -0.9912
vn 0.0624 0.2284 -0.9716
vn 0.0721 0.1179 -0.9904
vn 0.0707 0.2286 -0.9710
vn 0.0806 0.1166 -0.9899
vn 0.0790 0.2280 -0.9704
vn 0.0890 0.1153 -0.9893
vn 0.0873 0.2275 -0.9699
vn 0.0975 0.1167 -0.9884
vn 0.0955 0.2284 -0.9689
vn 0.1059 0.1182 -0.9873
vn 0.1038 0.2292 -0.9678
vn 0.1144 0.1169 -0.9865
vn 0.1121 0.2287 -0.9670
vn 0.1228 0.1157 -0.9857
vn 0.1204 0.2276 -0.9663
vn 0.1312 0.1158 -0.9846
vn 0.1287 0.2272 -0.9653
vn 0.1396 0.1160 -0.9834
vn 0.1369 0.2274 -0.9641
vn 0.1480 0.1174 -0.9820
vn 0.1451 0.2277 -0.9629
vn 0.1564 0.1189 -0.9805
vn 0.1533 0.2280 -0.9615
vn 0.1648 0.1177 -0.9793
vn 0.1615 0.2282 -0.9601
vn 0.1732 0.1151 -0.9781
vn 0.1697 0.2279 -0.9588
vn 0.1815 0.1140 -0.9768
vn 0.1779 0.2276 -0.9574
vn 0.1899 0.1128 -0.9753
vn 0.1861 0.2279 -0.9557
vn 0.1983 0.1116 -0.9738
vn 0.1943 0.2276 -0.9542
vn 0.2065 0.1127 -0.9719
vn 0.2024 0.2268 -0.9527
vn 0.2107 0.1138 -0.9709
vn 0.2073 0.2097 -0.9555
vn -0.9702 0.1136 -0.2141
vn -0.9548 0.2096 -0.2107
vn -0.9547 0.2100 -0.2107
vn -0.1866 0.4406 0.8781
vn -0.1931 0.4129 0.8901
vn -0.1791 0.4408 0.8796
vn -0.1715 0.4408 0.8810
vn -0.1641 0.4397 0.8830
vn -0.1566 0.4391 0.8847
vn -0.1490 0.4397 0.8857
vn -0.1414 0.4398 0.8869
vn -0.1339 0.4393 0.8883
vn -0.1263 0.4389 0.8896
vn -0.1187 0.4386 0.8908
vn -0.1111 0.4388 0.8917
vn -0.1034 0.4395 0.8923
vn -0.0957 0.4404 0.8927
vn -0.0881 0.4407 0.8933
vn -0.0805 0.4404 0.8942
vn -0.0728 0.4407 0.8947
vn -0.0651 0.4410 0.8951
vn -0.0575 0.4408 0.8957
vn -0.0498 0.4407 0.8963
vn -0.0422 0.4400 0.8970
vn -0.0345 0.4393 0.8977
vn -0.0269 0.4398 0.8977
vn -0.0192 0.4397 0.8979
vn -0.0115 0.4384 0.8987
vn -0.0038 0.4378 0.8991
vn 0.0038 0.4384 0.8988
vn 0.0115 0.4389 0.8984
vn 0.0192 0.4384 0.8986
vn 0.0269 0.4380 0.8986
vn 0.0345 0.4386 0.8980
vn 0.0422 0.4399 0.8971
vn 0.0498 0.4407 0.8963
vn 0.0575 0.4408 0.8957
vn 0.0651 0.4410 0.8951
vn 0.0728 0.4407 0.8947
vn 0.0805 0.4403 0.8942
vn 0.0881 0.4407 0.8933
vn 0.0958 0.4404 0.8927
vn 0.1034 0.4396 0.8922
vn 0.1111 0.4388 0.8917
vn 0.1187 0.4385 0.8909
vn 0.1263 0.4389 0.8896
vn 0.1339 0.4394 0.8883
vn 0.1414 0.4397 0.8869
vn 0.1490 0.4396 0.8857
vn 0.1566 0.4397 0.8844
vn 0.1640 0.4408 0.8825
vn 0.1715 0.4413 0.8808
vn 0.1791 0.4407 0.8796
vn 0.1866 0.4406 0.8781
vn 0.1931 0.4129 0.8901
vn 0.8900 0.4115 -0.1964
vn 0.8901 0.4113 -0.1964
vn -0.1867 0.4400 -0.8784
vn -0.1933 0.4106 -0.8911
vn -0.1791 0.4410 -0.8795
vn -0.1716 0.4404 -0.8812
vn -0.1641 0.4392 -0.8832
vn -0.1566 0.4393 -0.8846
vn -0.1490 0.4400 -0.8856
vn -0.1414 0.4407 -0.8865
vn -0.1338 0.4407 -0.8876
vn -0.1262 0.4397 -0.8892
vn -0.1187 0.4387 -0.8908
vn -0.1111 0.4390 -0.8916
vn -0.1034 0.4398 -0.8921
vn -0.0957 0.4406 -0.8926
vn -0.0881 0.4409 -0.8932
vn -0.0805 0.4400 -0.8944
vn -0.0729 0.4392 -0.8954
vn -0.0652 0.4395 -0.8959
vn -0.0575 0.4399 -0.8962
vn -0.0499 0.4397 -0.8967
vn -0.0422 0.4403 -0.8969
vn -0.0345 0.4407 -0.8970
vn -0.0269 0.4400 -0.8976
vn -0.0192 0.4387 -0.8984
vn -0.0115 0.4386 -0.8986
vn -0.0038 0.4392 -0.8984
vn 0.0039 0.4386 -0.8987
vn 0.0115 0.4386 -0.8986
vn 0.0192 0.4392 -0.8982
vn 0.0269 0.4387 -0.8982
vn 0.0346 0.4389 -0.8979
vn 0.0422 0.4401 -0.8969
vn 0.0499 0.4403 -0.8964
vn 0.0575 0.4394 -0.8965
vn 0.0652 0.4389 -0.8961
vn 0.0728 0.4397 -0.8952
vn 0.0805 0.4405 -0.8941
vn 0.0881 0.4397 -0.8938
vn 0.0959 0.4383 -0.8937
vn 0.1035 0.4381 -0.8929
vn 0.1111 0.4384 -0.8919
vn 0.1187 0.4387 -0.8907
vn 0.1263 0.4391 -0.8895
vn 0.1339 0.4395 -0.8882
vn 0.1414 0.4399 -0.8868
vn 0.1490 0.4404 -0.8853
vn 0.1565 0.4405 -0.8840
vn 0.1641 0.4399 -0.8829
vn 0.1716 0.4405 -0.8812
vn 0.1790 0.4416 -0.8792
vn 0.1866 0.4411 -0.8779
vn 0.1932 0.4121 -0.8904
vn -0.8899 0.4117 -0.1964
vn -0.8898 0.4120 -0.1964
vn -0.1622 0.6256 0.7631
vn -0.1706 0.5940 0.7862
vn -0.1557 0.6254 0.7646
vn -0.1492 0.6247 0.7664
vn -0.1427 0.6245 0.7679
vn -0.1361 0.6249 0.7688
vn -0.1295 0.6252 0.7696
vn -0.1228 0.6256 0.7704
vn -0.1163 0.6256 0.7714
vn -0.1097 0.6250 0.7728
vn -0.1032 0.6245 0.7742
vn -0.0965 0.6246 0.7750
vn -0.0899 0.6252 0.7753
vn -0.0832 0.6257 0.7756
vn -0.0765 0.6262 0.7759
vn -0.0699 0.6264 0.7764
vn -0.0632 0.6262 0.7771
vn -0.0566 0.6260 0.7778
vn -0.0500 0.6258 0.7784
vn -0.0433 0.6255 0.7790
vn -0.0367 0.6252 0.7796
vn -0.0300 0.6251 0.7800
vn -0.0233 0.6250 0.7803
vn -0.0167 0.6249 0.7805
vn -0.0100 0.6249 0.7807
vn -0.0033 0.6248 0.7807
vn 0.0033 0.6249 0.7807
vn 0.0100 0.6250 0.7805
vn 0.0167 0.6250 0.7804
vn 0.0233 0.6250 0.7803
vn 0.0300 0.6252 0.7799
vn 0.0367 0.6254 0.7794
vn 0.0433 0.6256 0.7790
vn 0.0500 0.6258 0.7784
vn 0.0566 0.6260 0.7778
vn 0.0632 0.6262 0.7771
vn 0.0699 0.6264 0.7764
vn 0.0765 0.6262 0.7759
vn 0.0832 0.6253 0.7760
vn 0.0899 0.6242 0.7760
vn 0.0965 0.6246 0.7750
vn 0.1030 0.6255 0.7734
vn 0.1097 0.6254 0.7725
vn 0.1163 0.6255 0.7715
vn 0.1228 0.6261 0.7700
vn 0.1294 0.6257 0.7692
vn 0.1361 0.6248 0.7688
vn 0.1426 0.6250 0.7675
vn 0.1491 0.6257 0.7657
vn 0.1555 0.6264 0.7638
vn 0.1621 0.6261 0.7627
vn 0.1706 0.5940 0.7862
vn 0.7856 0.5939 -0.1734
vn 0.7857 0.5938 -0.1734
vn -0.1621 0.6261 -0.7627
vn -0.1705 0.5947 -0.7857
vn -0.1555 0.6262 -0.7640
vn -0.1490 0.6264 -0.7652
vn -0.1425 0.6262 -0.7666
vn -0.1360 0.6256 -0.7682
vn -0.1295 0.6251 -0.7697
vn -0.1229 0.6251 -0.7708
vn -0.1162 0.6259 -0.7712
vn -0.1095 0.6268 -0.7715
vn -0.1030 0.6263 -0.7728
vn -0.0965 0.6250 -0.7746
vn -0.0899 0.6243 -0.7760
vn -0.0833 0.6248 -0.7763
vn -0.0765 0.6261 -0.7760
vn -0.0698 0.6266 -0.7762
vn -0.0632 0.6263 -0.7770
vn -0.0566 0.6262 -0.7776
vn -0.0500 0.6260 -0.7782
vn -0.0433 0.6258 -0.7788
vn -0.0367 0.6255 -0.7793
vn -0.0300 0.6254 -0.7797
vn -0.0233 0.6253 -0.7800
vn -0.0167 0.6252 -0.7803
vn -0.0100 0.6252 -0.7804
vn -0.0033 0.6253 -0.7804
vn 0.0033 0.6252 -0.7805
vn 0.0100 0.6252 -0.7804
vn 0.0167 0.6254 -0.7802
vn 0.0233 0.6254 -0.7800
vn 0.0300 0.6255 -0.7797
vn 0.0367 0.6257 -0.7792
vn 0.0433 0.6258 -0.7788
vn 0.0500 0.6259 -0.7783
vn 0.0566 0.6261 -0.7777
vn 0.0632 0.6264 -0.7769
vn 0.0698 0.6268 -0.7761
vn 0.0765 0.6261 -0.7760
vn 0.0833 0.6246 -0.7765
vn 0.0900 0.6240 -0.7762
vn 0.0965 0.6249 -0.7747
vn 0.1030 0.6258 -0.7731
vn 0.1096 0.6258 -0.7722
vn 0.1162 0.6259 -0.7712
vn 0.1227 0.6265 -0.7697
vn 0.1293 0.6265 -0.7686
vn 0.1359 0.6261 -0.7678
vn 0.1425 0.6257 -0.7669
vn 0.1491 0.6254 -0.7659
vn 0.1556 0.6257 -0.7644
vn 0.1620 0.6265 -0.7624
vn 0.1704 0.5951 -0.7854
vn -0.7854 0.5943 -0.1733
vn -0.1301 0.7800 0.6121
vn -0.1405 0.7488 0.6477
vn -0.1248 0.7802 0.6130
vn -0.1197 0.7796 0.6147
vn -0.1144 0.7797 0.6156
vn -0.1091 0.7801 0.6161
vn -0.1038 0.7800 0.6171
vn -0.0986 0.7796 0.6184
vn -0.0933 0.7798 0.6191
vn -0.0879 0.7804 0.6190
vn -0.0825 0.7806 0.6195
vn -0.0773 0.7801 0.6209
vn -0.0721 0.7793 0.6225
vn -0.0668 0.7793 0.6230
vn -0.0614 0.7802 0.6225
vn -0.0560 0.7805 0.6227
vn -0.0507 0.7802 0.6235
vn -0.0454 0.7800 0.6242
vn -0.0401 0.7798 0.6247
vn -0.0348 0.7797 0.6252
vn -0.0294 0.7797 0.6255
vn -0.0241 0.7796 0.6259
vn -0.0187 0.7795 0.6261
vn -0.0134 0.7797 0.6261
vn -0.0080 0.7801 0.6256
vn -0.0027 0.7803 0.6254
vn 0.0027 0.7800 0.6258
vn 0.0080 0.7795 0.6264
vn 0.0134 0.7793 0.6265
vn 0.0187 0.7795 0.6261
vn 0.0241 0.7795 0.6260
vn 0.0294 0.7795 0.6257
vn 0.0348 0.7796 0.6253
vn 0.0401 0.7798 0.6247
vn 0.0454 0.7800 0.6242
vn 0.0507 0.7802 0.6235
vn 0.0560 0.7805 0.6227
vn 0.0614 0.7802 0.6225
vn 0.0668 0.7796 0.6227
vn 0.0721 0.7798 0.6219
vn 0.0773 0.7801 0.6209
vn 0.0826 0.7802 0.6201
vn 0.0879 0.7805 0.6189
vn 0.0932 0.7801 0.6187
vn 0.0987 0.7793 0.6188
vn 0.1039 0.7796 0.6176
vn 0.1091 0.7801 0.6161
vn 0.1144 0.7797 0.6156
vn 0.1197 0.7794 0.6150
vn 0.1249 0.7796 0.6136
vn 0.1301 0.7797 0.6124
vn 0.1405 0.7488 0.6477
vn 0.6458 0.7501 -0.1425
vn 0.6460 0.7499 -0.1426
vn -0.1301 0.7800 -0.6121
vn -0.1405 0.7491 -0.6474
vn -0.1249 0.7798 -0.6134
vn -0.1197 0.7797 -0.6146
vn -0.1143 0.7801 -0.6152
vn -0.1090 0.7804 -0.6158
vn -0.1038 0.7802 -0.6169
vn -0.0986 0.7798 -0.6183
vn -0.0933 0.7797 -0.6191
vn -0.0880 0.7800 -0.6196
vn -0.0827 0.7800 -0.6203
vn -0.0774 0.7796 -0.6215
vn -0.0722 0.7791 -0.6227
vn -0.0668 0.7794 -0.6230
vn -0.0614 0.7804 -0.6222
vn -0.0560 0.7808 -0.6222
vn -0.0507 0.7806 -0.6230
vn -0.0454 0.7803 -0.6237
vn -0.0401 0.7801 -0.6244
vn -0.0348 0.7800 -0.6248
vn -0.0294 0.7800 -0.6251
vn -0.0241 0.7799 -0.6255
vn -0.0187 0.7798 -0.6258
vn -0.0134 0.7800 -0.6257
vn -0.0080 0.7801 -0.6256
vn -0.0027 0.7800 -0.6258
vn 0.0027 0.7803 -0.6254
vn 0.0080 0.7803 -0.6253
vn 0.0134 0.7798 -0.6259
vn 0.0187 0.7797 -0.6259
vn 0.0241 0.7798 -0.6256
vn 0.0294 0.7798 -0.6253
vn 0.0347 0.7800 -0.6248
vn 0.0401 0.7802 -0.6242
vn 0.0454 0.7804 -0.6236
vn 0.0507 0.7805 -0.6230
vn 0.0560 0.7807 -0.6224
vn 0.0613 0.7807 -0.6219
vn 0.0667 0.7804 -0.6218
vn 0.0720 0.7801 -0.6215
vn 0.0774 0.7799 -0.6211
vn 0.0827 0.7800 -0.6203
vn 0.0880 0.7800 -0.6196
vn 0.0933 0.7797 -0.6191
vn 0.0986 0.7795 -0.6185
vn 0.1039 0.7797 -0.6175
vn 0.1091 0.7801 -0.6161
vn 0.1143 0.7803 -0.6149
vn 0.1195 0.7802 -0.6140
vn 0.1248 0.7801 -0.6131
vn 0.1300 0.7801 -0.6120
vn 0.1403 0.7498 -0.6466
vn -0.6462 0.7497 -0.1426
vn -0.6460 0.7499 -0.1426
vn -0.0913 0.8983 0.4297
vn -0.1030 0.8741 0.4747
vn -0.0877 0.8983 0.4306
vn -0.0840 0.8981 0.4317
vn -0.0803 0.8981 0.4324
vn -0.0765 0.8984 0.4325
vn -0.0729 0.8983 0.4334
vn -0.0693 0.8980 0.4346
vn -0.0655 0.8982 0.4347
vn -0.0617 0.8984 0.4348
vn -0.0580 0.8983 0.4356
vn -0.0544 0.8980 0.4365
vn -0.0507 0.8977 0.4376
vn -0.0470 0.8977 0.4382
vn -0.0432 0.8980 0.4379
vn -0.0394 0.8983 0.4376
vn -0.0356 0.8982 0.4381
vn -0.0319 0.8980 0.4388
vn -0.0282 0.8980 0.4390
vn -0.0244 0.8980 0.4394
vn -0.0207 0.8978 0.4398
vn -0.0169 0.8978 0.4401
vn -0.0132 0.8977 0.4404
vn -0.0094 0.8979 0.4402
vn -0.0056 0.8982 0.4396
vn -0.0019 0.8983 0.4393
vn 0.0019 0.8984 0.4393
vn 0.0056 0.8982 0.4396
vn 0.0094 0.8979 0.4402
vn 0.0132 0.8977 0.4404
vn 0.0169 0.8980 0.4398
vn 0.0207 0.8982 0.4391
vn 0.0244 0.8982 0.4390
vn 0.0282 0.8980 0.4390
vn 0.0319 0.8980 0.4388
vn 0.0356 0.8982 0.4381
vn 0.0394 0.8983 0.4376
vn 0.0432 0.8980 0.4379
vn 0.0470 0.8977 0.4380
vn 0.0507 0.8979 0.4374
vn 0.0544 0.8980 0.4366
vn 0.0581 0.8981 0.4358
vn 0.0618 0.8982 0.4351
vn 0.0656 0.8980 0.4351
vn 0.0693 0.8979 0.4348
vn 0.0729 0.8983 0.4334
vn 0.0766 0.8984 0.4324
vn 0.0804 0.8981 0.4324
vn 0.0841 0.8979 0.4320
vn 0.0878 0.8979 0.4313
vn 0.0914 0.8981 0.4301
vn 0.1030 0.8741 0.4748
vn 0.4749 0.8738 -0.1048
vn 0.4752 0.8736 -0.1049
vn -0.0912 0.8986 -0.4293
vn -0.1030 0.8742 -0.4745
vn -0.0876 0.8984 -0.4304
vn -0.0841 0.8980 -0.4319
vn -0.0803 0.8982 -0.4322
vn -0.0765 0.8986 -0.4320
vn -0.0728 0.8987 -0.4325
vn -0.0691 0.8986 -0.4334
vn -0.0654 0.8985 -0.4342
vn -0.0618 0.8982 -0.4351
vn -0.0581 0.8982 -0.4358
vn -0.0544 0.8981 -0.4363
vn -0.0506 0.8982 -0.4366
vn -0.0469 0.8983 -0.4368
vn -0.0431 0.8984 -0.4371
vn -0.0394 0.8984 -0.4375
vn -0.0357 0.8981 -0.4383
vn -0.0319 0.8981 -0.4387
vn -0.0282 0.8983 -0.4385
vn -0.0244 0.8982 -0.4389
vn -0.0207 0.8981 -0.4393
vn -0.0169 0.8980 -0.4396
vn -0.0132 0.8980 -0.4399
vn -0.0094 0.8981 -0.4397
vn -0.0056 0.8984 -0.4391
vn -0.0019 0.8986 -0.4388
vn 0.0019 0.8986 -0.4388
vn 0.0056 0.8986 -0.4387
vn 0.0094 0.8985 -0.4390
vn 0.0132 0.8981 -0.4395
vn 0.0169 0.8982 -0.4393
vn 0.0206 0.8984 -0.4386
vn 0.0244 0.8983 -0.4386
vn 0.0282 0.8982 -0.4386
vn 0.0319 0.8982 -0.4384
vn 0.0356 0.8983 -0.4379
vn 0.0393 0.8985 -0.4372
vn 0.0431 0.8985 -0.4369
vn 0.0469 0.8983 -0.4368
vn 0.0506 0.8982 -0.4366
vn 0.0544 0.8981 -0.4363
vn 0.0581 0.8983 -0.4356
vn 0.0617 0.8985 -0.4347
vn 0.0654 0.8985 -0.4342
vn 0.0692 0.8982 -0.4341
vn 0.0730 0.8981 -0.4336
vn 0.0766 0.8983 -0.4327
vn 0.0803 0.8981 -0.4323
vn 0.0840 0.8982 -0.4316
vn 0.0876 0.8984 -0.4303
vn 0.0913 0.8984 -0.4296
vn 0.1032 0.8737 -0.4755
vn -0.4752 0.8736 -0.1049
vn -0.4749 0.8738 -0.1048
vn -0.0473 0.9738 0.2226
vn -0.0598 0.9594 0.2757
vn -0.0454 0.9738 0.2228
vn -0.0435 0.9738 0.2233
vn -0.0416 0.9738 0.2237
vn -0.0396 0.9738 0.2238
vn -0.0377 0.9738 0.2241
vn -0.0358 0.9738 0.2244
vn -0.0338 0.9739 0.2246
vn -0.0320 0.9738 0.2252
vn -0.0301 0.9737 0.2259
vn -0.0282 0.9737 0.2261
vn -0.0262 0.9738 0.2260
vn -0.0242 0.9738 0.2261
vn -0.0223 0.9738 0.2262
vn -0.0204 0.9738 0.2264
vn -0.0185 0.9737 0.2269
vn -0.0165 0.9737 0.2273
vn -0.0146 0.9737 0.2273
vn -0.0126 0.9738 0.2271
vn -0.0107 0.9738 0.2270
vn -0.0087 0.9738 0.2272
vn -0.0068 0.9738 0.2273
vn -0.0049 0.9738 0.2274
vn -0.0029 0.9738 0.2275
vn -0.0010 0.9738 0.2275
vn 0.0010 0.9738 0.2275
vn 0.0029 0.9738 0.2275
vn 0.0049 0.9738 0.2274
vn 0.0068 0.9738 0.2273
vn 0.0087 0.9738 0.2270
vn 0.0107 0.9738 0.2270
vn 0.0126 0.9738 0.2271
vn 0.0146 0.9737 0.2273
vn 0.0165 0.9737 0.2273
vn 0.0185 0.9737 0.2269
vn 0.0204 0.9738 0.2264
vn 0.0223 0.9738 0.2262
vn 0.0243 0.9738 0.2263
vn 0.0263 0.9737 0.2265
vn 0.0282 0.9737 0.2262
vn 0.0301 0.9738 0.2256
vn 0.0320 0.9738 0.2252
vn 0.0339 0.9738 0.2249
vn 0.0358 0.9738 0.2246
vn 0.0377 0.9738 0.2242
vn 0.0396 0.9738 0.2238
vn 0.0416 0.9738 0.2237
vn 0.0435 0.9738 0.2233
vn 0.0454 0.9738 0.2228
vn 0.0473 0.9738 0.2226
vn 0.0598 0.9594 0.2757
vn 0.2752 0.9595 -0.0607
vn 0.2753 0.9594 -0.0608
vn -0.0471 0.9739 -0.2218
vn -0.0597 0.9595 -0.2753
vn -0.0452 0.9740 -0.2222
vn -0.0434 0.9739 -0.2227
vn -0.0415 0.9739 -0.2231
vn -0.0395 0.9739 -0.2233
vn -0.0376 0.9739 -0.2237
vn -0.0357 0.9739 -0.2240
vn -0.0338 0.9740 -0.2241
vn -0.0319 0.9740 -0.2245
vn -0.0300 0.9740 -0.2248
vn -0.0280 0.9739 -0.2251
vn -0.0261 0.9739 -0.2255
vn -0.0242 0.9739 -0.2256
vn -0.0223 0.9740 -0.2256
vn -0.0203 0.9740 -0.2258
vn -0.0184 0.9739 -0.2262
vn -0.0165 0.9739 -0.2266
vn -0.0145 0.9739 -0.2266
vn -0.0126 0.9740 -0.2263
vn -0.0106 0.9740 -0.2264
vn -0.0087 0.9739 -0.2266
vn -0.0068 0.9739 -0.2267
vn -0.0048 0.9740 -0.2267
vn -0.0029 0.9739 -0.2267
vn -0.0010 0.9739 -0.2268
vn 0.0010 0.9739 -0.2269
vn 0.0029 0.9739 -0.2269
vn 0.0048 0.9739 -0.2268
vn 0.0068 0.9740 -0.2266
vn 0.0087 0.9740 -0.2265
vn 0.0107 0.9740 -0.2265
vn 0.0126 0.9740 -0.2263
vn 0.0145 0.9740 -0.2260
vn 0.0164 0.9740 -0.2260
vn 0.0184 0.9739 -0.2263
vn 0.0204 0.9738 -0.2263
vn 0.0223 0.9739 -0.2259
vn 0.0242 0.9739 -0.2258
vn 0.0262 0.9739 -0.2256
vn 0.0280 0.9739 -0.2251
vn 0.0299 0.9740 -0.2245
vn 0.0318 0.9741 -0.2240
vn 0.0338 0.9740 -0.2241
vn 0.0358 0.9739 -0.2243
vn 0.0377 0.9739 -0.2239
vn 0.0396 0.9739 -0.2235
vn 0.0415 0.9738 -0.2235
vn 0.0434 0.9738 -0.2231
vn 0.0453 0.9739 -0.2225
vn 0.0472 0.9739 -0.2220
vn 0.0597 0.9595 -0.2754
vn -0.2755 0.9594 -0.0608
vn -0.2754 0.9594 -0.0608
vn -0.0239 0.9934 0.1123
vn -0.0244 0.9934 0.1124
vn -0.0229 0.9934 0.1123
vn -0.0219 0.9934 0.1126
vn -0.0210 0.9934 0.1129
vn -0.0200 0.9934 0.1131
vn -0.0190 0.9934 0.1131
vn -0.0181 0.9934 0.1133
vn -0.0171 0.9934 0.1134
vn -0.0161 0.9934 0.1134
vn -0.0151 0.9934 0.1135
vn -0.0142 0.9934 0.1137
vn -0.0132 0.9934 0.1138
vn -0.0122 0.9934 0.1137
vn -0.0112 0.9934 0.1139
vn -0.0103 0.9934 0.1143
vn -0.0093 0.9934 0.1143
vn -0.0083 0.9934 0.1143
vn -0.0073 0.9934 0.1144
vn -0.0064 0.9934 0.1145
vn -0.0054 0.9934 0.1146
vn -0.0044 0.9934 0.1147
vn -0.0034 0.9934 0.1148
vn -0.0025 0.9934 0.1148
vn -0.0015 0.9934 0.1148
vn -0.0005 0.9934 0.1149
vn 0.0005 0.9934 0.1149
vn 0.0015 0.9934 0.1148
vn 0.0025 0.9934 0.1148
vn 0.0034 0.9934 0.1146
vn 0.0044 0.9934 0.1144
vn 0.0054 0.9934 0.1144
vn 0.0064 0.9934 0.1145
vn 0.0073 0.9934 0.1144
vn 0.0083 0.9934 0.1143
vn 0.0093 0.9934 0.1143
vn 0.0103 0.9934 0.1143
vn 0.0112 0.9934 0.1139
vn 0.0122 0.9934 0.1137
vn 0.0132 0.9934 0.1138
vn 0.0142 0.9934 0.1139
vn 0.0152 0.9934 0.1138
vn 0.0161 0.9934 0.1134
vn 0.0170 0.9934 0.1131
vn 0.0181 0.9934 0.1133
vn 0.0191 0.9934 0.1133
vn 0.0200 0.9934 0.1130
vn 0.0210 0.9934 0.1128
vn 0.0219 0.9934 0.1126
vn 0.0229 0.9934 0.1124
vn 0.0239 0.9934 0.1123
vn 0.0244 0.9934 0.1124
vn 0.1119 0.9934 -0.0247
vn -0.0238 0.9934 -0.1119
vn -0.0243 0.9934 -0.1118
vn -0.0228 0.9934 -0.1122
vn -0.0219 0.9934 -0.1126
vn -0.0210 0.9934 -0.1129
vn -0.0201 0.9934 -0.1133
vn -0.0191 0.9933 -0.1136
vn -0.0181 0.9933 -0.1138
vn -0.0171 0.9934 -0.1136
vn -0.0161 0.9934 -0.1135
vn -0.0152 0.9934 -0.1138
vn -0.0142 0.9934 -0.1137
vn -0.0132 0.9934 -0.1135
vn -0.0122 0.9935 -0.1136
vn -0.0112 0.9934 -0.1139
vn -0.0103 0.9934 -0.1143
vn -0.0093 0.9934 -0.1141
vn -0.0083 0.9935 -0.1139
vn -0.0073 0.9934 -0.1141
vn -0.0064 0.9934 -0.1142
vn -0.0054 0.9934 -0.1144
vn -0.0044 0.9934 -0.1147
vn -0.0034 0.9934 -0.1146
vn -0.0024 0.9934 -0.1145
vn -0.0015 0.9934 -0.1145
vn -0.0005 0.9934 -0.1145
vn 0.0005 0.9934 -0.1147
vn 0.0015 0.9934 -0.1148
vn 0.0024 0.9934 -0.1146
vn 0.0034 0.9934 -0.1144
vn 0.0044 0.9934 -0.1145
vn 0.0054 0.9934 -0.1146
vn 0.0064 0.9934 -0.1145
vn 0.0073 0.9934 -0.1144
vn 0.0083 0.9934 -0.1143
vn 0.0093 0.9934 -0.1143
vn 0.0103 0.9934 -0.1143
vn 0.0112 0.9934 -0.1141
vn 0.0122 0.9934 -0.1139
vn 0.0132 0.9934 -0.1137
vn 0.0142 0.9934 -0.1137
vn 0.0152 0.9934 -0.1138
vn 0.0161 0.9934 -0.1135
vn 0.0171 0.9934 -0.1134
vn 0.0181 0.9934 -0.1133
vn 0.0190 0.9934 -0.1130
vn 0.0200 0.9934 -0.1128
vn 0.0210 0.9934 -0.1128
vn 0.0219 0.9934 -0.1126
vn 0.0229 0.9934 -0.1123
vn 0.0238 0.9934 -0.1122
vn 0.0243 0.9934 -0.1121
vn -0.1119 0.9934 -0.0247
vn 0.0000 1.0000 -0.0000
vn 0.0000 -1.0000 -0.0000
# 1826 vertex normals

g Archmodels_vol_89_001_11
usemtl wire_127127127
s off
f 2587//3152 2588//3153 2589//3154 2590//3155 
f 2588//3153 2591//3156 2592//3157 2589//3154 
f 2591//3156 2593//3158 2594//3159 2592//3157 
f 2593//3158 2595//3160 2596//3161 2594//3159 
f 2595//3160 2597//3162 2598//3163 2596//3161 
f 2597//3162 2599//3164 2600//3165 2598//3163 
f 2599//3164 2601//3166 2602//3167 2600//3165 
f 2601//3166 2603//3168 2604//3169 2602//3167 
f 2603//3168 2605//3170 2606//3171 2604//3169 
f 2605//3170 2607//3172 2608//3173 2606//3171 
f 2607//3172 2609//3174 2610//3175 2608//3173 
f 2609//3174 2611//3176 2612//3177 2610//3175 
f 2611//3176 2613//3178 2614//3179 2612//3177 
f 2613//3178 2615//3180 2616//3181 2614//3179 
f 2615//3180 2617//3182 2618//3183 2616//3181 
f 2617//3182 2619//3184 2620//3185 2618//3183 
f 2619//3184 2621//3186 2622//3187 2620//3185 
f 2621//3186 2623//3188 2624//3189 2622//3187 
f 2623//3188 2625//3190 2626//3191 2624//3189 
f 2625//3190 2627//3192 2628//3193 2626//3191 
f 2627//3192 2629//3194 2630//3195 2628//3193 
f 2629//3194 2631//3196 2632//3197 2630//3195 
f 2631//3196 2633//3198 2634//3199 2632//3197 
f 2633//3198 2635//3200 2636//3201 2634//3199 
f 2635//3200 2637//3202 2638//3203 2636//3201 
f 2637//3202 2639//3204 2640//3205 2638//3203 
f 2639//3204 2641//3206 2642//3207 2640//3205 
f 2641//3206 2643//3208 2644//3209 2642//3207 
f 2643//3208 2645//3210 2646//3211 2644//3209 
f 2645//3210 2647//3212 2648//3213 2646//3211 
f 2647//3212 2649//3214 2650//3215 2648//3213 
f 2649//3214 2651//3216 2652//3217 2650//3215 
f 2651//3216 2653//3218 2654//3219 2652//3217 
f 2653//3218 2655//3220 2656//3221 2654//3219 
f 2655//3220 2657//3222 2658//3223 2656//3221 
f 2657//3222 2659//3224 2660//3225 2658//3223 
f 2659//3224 2661//3226 2662//3227 2660//3225 
f 2661//3226 2663//3228 2664//3229 2662//3227 
f 2663//3228 2665//3230 2666//3231 2664//3229 
f 2665//3230 2667//3232 2668//3233 2666//3231 
f 2667//3232 2669//3234 2670//3235 2668//3233 
f 2669//3234 2671//3236 2672//3237 2670//3235 
f 2671//3236 2673//3238 2674//3239 2672//3237 
f 2673//3238 2675//3240 2676//3241 2674//3239 
f 2675//3240 2677//3242 2678//3243 2676//3241 
f 2677//3242 2679//3244 2680//3245 2678//3243 
f 2679//3244 2681//3246 2682//3247 2680//3245 
f 2681//3246 2683//3248 2684//3249 2682//3247 
f 2683//3248 2685//3250 2686//3251 2684//3249 
f 2685//3250 2687//3252 2688//3253 2686//3251 
f 2687//3252 2689//3254 2690//3255 2688//3253 
f 2689//3256 2691//3256 2692//3257 2690//3258 
f 2691//3259 2693//3260 2694//3261 2692//3262 
f 2693//3260 2695//3263 2696//3264 2694//3261 
f 2695//3263 2697//3265 2698//3266 2696//3264 
f 2697//3265 2699//3267 2700//3268 2698//3266 
f 2699//3267 2701//3269 2702//3270 2700//3268 
f 2701//3269 2703//3271 2704//3272 2702//3270 
f 2703//3271 2705//3273 2706//3274 2704//3272 
f 2705//3273 2707//3275 2708//3276 2706//3274 
f 2707//3275 2709//3277 2710//3278 2708//3276 
f 2709//3277 2711//3279 2712//3280 2710//3278 
f 2711//3279 2713//3281 2714//3282 2712//3280 
f 2713//3281 2715//3283 2716//3284 2714//3282 
f 2715//3283 2717//3285 2718//3286 2716//3284 
f 2717//3285 2719//3287 2720//3288 2718//3286 
f 2719//3287 2721//3289 2722//3290 2720//3288 
f 2721//3289 2723//3291 2724//3292 2722//3290 
f 2723//3291 2725//3293 2726//3294 2724//3292 
f 2725//3293 2727//3295 2728//3296 2726//3294 
f 2727//3295 2729//3297 2730//3298 2728//3296 
f 2729//3297 2731//3299 2732//3300 2730//3298 
f 2731//3299 2733//3301 2734//3302 2732//3300 
f 2733//3301 2735//3303 2736//3304 2734//3302 
f 2735//3303 2737//3305 2738//3306 2736//3304 
f 2737//3305 2739//3307 2740//3308 2738//3306 
f 2739//3307 2741//3309 2742//3310 2740//3308 
f 2741//3309 2743//3311 2744//3312 2742//3310 
f 2743//3311 2745//3313 2746//3314 2744//3312 
f 2745//3313 2747//3315 2748//3316 2746//3314 
f 2747//3315 2749//3317 2750//3318 2748//3316 
f 2749//3317 2751//3319 2752//3320 2750//3318 
f 2751//3319 2753//3321 2754//3322 2752//3320 
f 2753//3321 2755//3323 2756//3324 2754//3322 
f 2755//3323 2757//3325 2758//3326 2756//3324 
f 2757//3325 2759//3327 2760//3328 2758//3326 
f 2759//3327 2761//3329 2762//3330 2760//3328 
f 2761//3329 2763//3331 2764//3332 2762//3330 
f 2763//3331 2765//3333 2766//3334 2764//3332 
f 2765//3333 2767//3335 2768//3336 2766//3334 
f 2767//3335 2769//3337 2770//3338 2768//3336 
f 2769//3337 2771//3339 2772//3340 2770//3338 
f 2771//3339 2773//3341 2774//3342 2772//3340 
f 2773//3341 2775//3343 2776//3344 2774//3342 
f 2775//3343 2777//3345 2778//3346 2776//3344 
f 2777//3345 2779//3347 2780//3348 2778//3346 
f 2779//3347 2781//3349 2782//3350 2780//3348 
f 2781//3349 2783//3351 2784//3352 2782//3350 
f 2783//3351 2785//3353 2786//3354 2784//3352 
f 2785//3353 2787//3355 2788//3356 2786//3354 
f 2787//3355 2789//3357 2790//3358 2788//3356 
f 2789//3357 2791//3359 2792//3360 2790//3358 
f 2791//3359 2793//3361 2794//3362 2792//3360 
f 2793//3363 2587//3363 2590//3364 2794//3365 
f 2590//3155 2589//3154 2795//3366 2796//3367 
f 2589//3154 2592//3157 2797//3368 2795//3366 
f 2592//3157 2594//3159 2798//3369 2797//3368 
f 2594//3159 2596//3161 2799//3370 2798//3369 
f 2596//3161 2598//3163 2800//3371 2799//3370 
f 2598//3163 2600//3165 2801//3372 2800//3371 
f 2600//3165 2602//3167 2802//3373 2801//3372 
f 2602//3167 2604//3169 2803//3374 2802//3373 
f 2604//3169 2606//3171 2804//3375 2803//3374 
f 2606//3171 2608//3173 2805//3376 2804//3375 
f 2608//3173 2610//3175 2806//3377 2805//3376 
f 2610//3175 2612//3177 2807//3378 2806//3377 
f 2612//3177 2614//3179 2808//3379 2807//3378 
f 2614//3179 2616//3181 2809//3380 2808//3379 
f 2616//3181 2618//3183 2810//3381 2809//3380 
f 2618//3183 2620//3185 2811//3382 2810//3381 
f 2620//3185 2622//3187 2812//3383 2811//3382 
f 2622//3187 2624//3189 2813//3384 2812//3383 
f 2624//3189 2626//3191 2814//3385 2813//3384 
f 2626//3191 2628//3193 2815//3386 2814//3385 
f 2628//3193 2630//3195 2816//3387 2815//3386 
f 2630//3195 2632//3197 2817//3388 2816//3387 
f 2632//3197 2634//3199 2818//3389 2817//3388 
f 2634//3199 2636//3201 2819//3390 2818//3389 
f 2636//3201 2638//3203 2820//3391 2819//3390 
f 2638//3203 2640//3205 2821//3392 2820//3391 
f 2640//3205 2642//3207 2822//3393 2821//3392 
f 2642//3207 2644//3209 2823//3394 2822//3393 
f 2644//3209 2646//3211 2824//3395 2823//3394 
f 2646//3211 2648//3213 2825//3396 2824//3395 
f 2648//3213 2650//3215 2826//3397 2825//3396 
f 2650//3215 2652//3217 2827//3398 2826//3397 
f 2652//3217 2654//3219 2828//3399 2827//3398 
f 2654//3219 2656//3221 2829//3400 2828//3399 
f 2656//3221 2658//3223 2830//3401 2829//3400 
f 2658//3223 2660//3225 2831//3402 2830//3401 
f 2660//3225 2662//3227 2832//3403 2831//3402 
f 2662//3227 2664//3229 2833//3404 2832//3403 
f 2664//3229 2666//3231 2834//3405 2833//3404 
f 2666//3231 2668//3233 2835//3406 2834//3405 
f 2668//3233 2670//3235 2836//3407 2835//3406 
f 2670//3235 2672//3237 2837//3408 2836//3407 
f 2672//3237 2674//3239 2838//3409 2837//3408 
f 2674//3239 2676//3241 2839//3410 2838//3409 
f 2676//3241 2678//3243 2840//3411 2839//3410 
f 2678//3243 2680//3245 2841//3412 2840//3411 
f 2680//3245 2682//3247 2842//3413 2841//3412 
f 2682//3247 2684//3249 2843//3414 2842//3413 
f 2684//3249 2686//3251 2844//3415 2843//3414 
f 2686//3251 2688//3253 2845//3416 2844//3415 
f 2688//3253 2690//3255 2846//3417 2845//3416 
f 2690//3258 2692//3257 2847//3418 2846//3419 
f 2692//3262 2694//3261 2848//3420 2847//3421 
f 2694//3261 2696//3264 2849//3422 2848//3420 
f 2696//3264 2698//3266 2850//3423 2849//3422 
f 2698//3266 2700//3268 2851//3424 2850//3423 
f 2700//3268 2702//3270 2852//3425 2851//3424 
f 2702//3270 2704//3272 2853//3426 2852//3425 
f 2704//3272 2706//3274 2854//3427 2853//3426 
f 2706//3274 2708//3276 2855//3428 2854//3427 
f 2708//3276 2710//3278 2856//3429 2855//3428 
f 2710//3278 2712//3280 2857//3430 2856//3429 
f 2712//3280 2714//3282 2858//3431 2857//3430 
f 2714//3282 2716//3284 2859//3432 2858//3431 
f 2716//3284 2718//3286 2860//3433 2859//3432 
f 2718//3286 2720//3288 2861//3434 2860//3433 
f 2720//3288 2722//3290 2862//3435 2861//3434 
f 2722//3290 2724//3292 2863//3436 2862//3435 
f 2724//3292 2726//3294 2864//3437 2863//3436 
f 2726//3294 2728//3296 2865//3438 2864//3437 
f 2728//3296 2730//3298 2866//3439 2865//3438 
f 2730//3298 2732//3300 2867//3440 2866//3439 
f 2732//3300 2734//3302 2868//3441 2867//3440 
f 2734//3302 2736//3304 2869//3442 2868//3441 
f 2736//3304 2738//3306 2870//3443 2869//3442 
f 2738//3306 2740//3308 2871//3444 2870//3443 
f 2740//3308 2742//3310 2872//3445 2871//3444 
f 2742//3310 2744//3312 2873//3446 2872//3445 
f 2744//3312 2746//3314 2874//3447 2873//3446 
f 2746//3314 2748//3316 2875//3448 2874//3447 
f 2748//3316 2750//3318 2876//3449 2875//3448 
f 2750//3318 2752//3320 2877//3450 2876//3449 
f 2752//3320 2754//3322 2878//3451 2877//3450 
f 2754//3322 2756//3324 2879//3452 2878//3451 
f 2756//3324 2758//3326 2880//3453 2879//3452 
f 2758//3326 2760//3328 2881//3454 2880//3453 
f 2760//3328 2762//3330 2882//3455 2881//3454 
f 2762//3330 2764//3332 2883//3456 2882//3455 
f 2764//3332 2766//3334 2884//3457 2883//3456 
f 2766//3334 2768//3336 2885//3458 2884//3457 
f 2768//3336 2770//3338 2886//3459 2885//3458 
f 2770//3338 2772//3340 2887//3460 2886//3459 
f 2772//3340 2774//3342 2888//3461 2887//3460 
f 2774//3342 2776//3344 2889//3462 2888//3461 
f 2776//3344 2778//3346 2890//3463 2889//3462 
f 2778//3346 2780//3348 2891//3464 2890//3463 
f 2780//3348 2782//3350 2892//3465 2891//3464 
f 2782//3350 2784//3352 2893//3466 2892//3465 
f 2784//3352 2786//3354 2894//3467 2893//3466 
f 2786//3354 2788//3356 2895//3468 2894//3467 
f 2788//3356 2790//3358 2896//3469 2895//3468 
f 2790//3358 2792//3360 2897//3470 2896//3469 
f 2792//3360 2794//3362 2898//3471 2897//3470 
f 2794//3365 2590//3364 2796//3472 2898//3473 
f 2796//3367 2795//3366 2899//3474 2900//3475 
f 2795//3366 2797//3368 2901//3476 2899//3474 
f 2797//3368 2798//3369 2902//3477 2901//3476 
f 2798//3369 2799//3370 2903//3478 2902//3477 
f 2799//3370 2800//3371 2904//3479 2903//3478 
f 2800//3371 2801//3372 2905//3480 2904//3479 
f 2801//3372 2802//3373 2906//3481 2905//3480 
f 2802//3373 2803//3374 2907//3482 2906//3481 
f 2803//3374 2804//3375 2908//3483 2907//3482 
f 2804//3375 2805//3376 2909//3484 2908//3483 
f 2805//3376 2806//3377 2910//3485 2909//3484 
f 2806//3377 2807//3378 2911//3486 2910//3485 
f 2807//3378 2808//3379 2912//3487 2911//3486 
f 2808//3379 2809//3380 2913//3488 2912//3487 
f 2809//3380 2810//3381 2914//3489 2913//3488 
f 2810//3381 2811//3382 2915//3490 2914//3489 
f 2811//3382 2812//3383 2916//3491 2915//3490 
f 2812//3383 2813//3384 2917//3492 2916//3491 
f 2813//3384 2814//3385 2918//3493 2917//3492 
f 2814//3385 2815//3386 2919//3494 2918//3493 
f 2815//3386 2816//3387 2920//3495 2919//3494 
f 2816//3387 2817//3388 2921//3496 2920//3495 
f 2817//3388 2818//3389 2922//3497 2921//3496 
f 2818//3389 2819//3390 2923//3498 2922//3497 
f 2819//3390 2820//3391 2924//3499 2923//3498 
f 2820//3391 2821//3392 2925//3500 2924//3499 
f 2821//3392 2822//3393 2926//3501 2925//3500 
f 2822//3393 2823//3394 2927//3502 2926//3501 
f 2823//3394 2824//3395 2928//3503 2927//3502 
f 2824//3395 2825//3396 2929//3504 2928//3503 
f 2825//3396 2826//3397 2930//3505 2929//3504 
f 2826//3397 2827//3398 2931//3506 2930//3505 
f 2827//3398 2828//3399 2932//3507 2931//3506 
f 2828//3399 2829//3400 2933//3508 2932//3507 
f 2829//3400 2830//3401 2934//3509 2933//3508 
f 2830//3401 2831//3402 2935//3510 2934//3509 
f 2831//3402 2832//3403 2936//3511 2935//3510 
f 2832//3403 2833//3404 2937//3512 2936//3511 
f 2833//3404 2834//3405 2938//3513 2937//3512 
f 2834//3405 2835//3406 2939//3514 2938//3513 
f 2835//3406 2836//3407 2940//3515 2939//3514 
f 2836//3407 2837//3408 2941//3516 2940//3515 
f 2837//3408 2838//3409 2942//3517 2941//3516 
f 2838//3409 2839//3410 2943//3518 2942//3517 
f 2839//3410 2840//3411 2944//3519 2943//3518 
f 2840//3411 2841//3412 2945//3520 2944//3519 
f 2841//3412 2842//3413 2946//3521 2945//3520 
f 2842//3413 2843//3414 2947//3522 2946//3521 
f 2843//3414 2844//3415 2948//3523 2947//3522 
f 2844//3415 2845//3416 2949//3524 2948//3523 
f 2845//3416 2846//3417 2950//3525 2949//3524 
f 2846//3419 2847//3418 2951//3526 2950//3527 
f 2847//3421 2848//3420 2952//3528 2951//3529 
f 2848//3420 2849//3422 2953//3530 2952//3528 
f 2849//3422 2850//3423 2954//3531 2953//3530 
f 2850//3423 2851//3424 2955//3532 2954//3531 
f 2851//3424 2852//3425 2956//3533 2955//3532 
f 2852//3425 2853//3426 2957//3534 2956//3533 
f 2853//3426 2854//3427 2958//3535 2957//3534 
f 2854//3427 2855//3428 2959//3536 2958//3535 
f 2855//3428 2856//3429 2960//3537 2959//3536 
f 2856//3429 2857//3430 2961//3538 2960//3537 
f 2857//3430 2858//3431 2962//3539 2961//3538 
f 2858//3431 2859//3432 2963//3540 2962//3539 
f 2859//3432 2860//3433 2964//3541 2963//3540 
f 2860//3433 2861//3434 2965//3542 2964//3541 
f 2861//3434 2862//3435 2966//3543 2965//3542 
f 2862//3435 2863//3436 2967//3544 2966//3543 
f 2863//3436 2864//3437 2968//3545 2967//3544 
f 2864//3437 2865//3438 2969//3546 2968//3545 
f 2865//3438 2866//3439 2970//3547 2969//3546 
f 2866//3439 2867//3440 2971//3548 2970//3547 
f 2867//3440 2868//3441 2972//3549 2971//3548 
f 2868//3441 2869//3442 2973//3550 2972//3549 
f 2869//3442 2870//3443 2974//3551 2973//3550 
f 2870//3443 2871//3444 2975//3552 2974//3551 
f 2871//3444 2872//3445 2976//3553 2975//3552 
f 2872//3445 2873//3446 2977//3554 2976//3553 
f 2873//3446 2874//3447 2978//3555 2977//3554 
f 2874//3447 2875//3448 2979//3556 2978//3555 
f 2875//3448 2876//3449 2980//3557 2979//3556 
f 2876//3449 2877//3450 2981//3558 2980//3557 
f 2877//3450 2878//3451 2982//3559 2981//3558 
f 2878//3451 2879//3452 2983//3560 2982//3559 
f 2879//3452 2880//3453 2984//3561 2983//3560 
f 2880//3453 2881//3454 2985//3562 2984//3561 
f 2881//3454 2882//3455 2986//3563 2985//3562 
f 2882//3455 2883//3456 2987//3564 2986//3563 
f 2883//3456 2884//3457 2988//3565 2987//3564 
f 2884//3457 2885//3458 2989//3566 2988//3565 
f 2885//3458 2886//3459 2990//3567 2989//3566 
f 2886//3459 2887//3460 2991//3568 2990//3567 
f 2887//3460 2888//3461 2992//3569 2991//3568 
f 2888//3461 2889//3462 2993//3570 2992//3569 
f 2889//3462 2890//3463 2994//3571 2993//3570 
f 2890//3463 2891//3464 2995//3572 2994//3571 
f 2891//3464 2892//3465 2996//3573 2995//3572 
f 2892//3465 2893//3466 2997//3574 2996//3573 
f 2893//3466 2894//3467 2998//3575 2997//3574 
f 2894//3467 2895//3468 2999//3576 2998//3575 
f 2895//3468 2896//3469 3000//3577 2999//3576 
f 2896//3469 2897//3470 3001//3578 3000//3577 
f 2897//3470 2898//3471 3002//3579 3001//3578 
f 2898//3473 2796//3472 2900//3580 3002//3581 
f 2900//3475 2899//3474 3003//3582 3004//3583 
f 2899//3474 2901//3476 3005//3584 3003//3582 
f 2901//3476 2902//3477 3006//3585 3005//3584 
f 2902//3477 2903//3478 3007//3586 3006//3585 
f 2903//3478 2904//3479 3008//3587 3007//3586 
f 2904//3479 2905//3480 3009//3588 3008//3587 
f 2905//3480 2906//3481 3010//3589 3009//3588 
f 2906//3481 2907//3482 3011//3590 3010//3589 
f 2907//3482 2908//3483 3012//3591 3011//3590 
f 2908//3483 2909//3484 3013//3592 3012//3591 
f 2909//3484 2910//3485 3014//3593 3013//3592 
f 2910//3485 2911//3486 3015//3594 3014//3593 
f 2911//3486 2912//3487 3016//3595 3015//3594 
f 2912//3487 2913//3488 3017//3596 3016//3595 
f 2913//3488 2914//3489 3018//3597 3017//3596 
f 2914//3489 2915//3490 3019//3598 3018//3597 
f 2915//3490 2916//3491 3020//3599 3019//3598 
f 2916//3491 2917//3492 3021//3600 3020//3599 
f 2917//3492 2918//3493 3022//3601 3021//3600 
f 2918//3493 2919//3494 3023//3602 3022//3601 
f 2919//3494 2920//3495 3024//3603 3023//3602 
f 2920//3495 2921//3496 3025//3604 3024//3603 
f 2921//3496 2922//3497 3026//3605 3025//3604 
f 2922//3497 2923//3498 3027//3606 3026//3605 
f 2923//3498 2924//3499 3028//3607 3027//3606 
f 2924//3499 2925//3500 3029//3608 3028//3607 
f 2925//3500 2926//3501 3030//3609 3029//3608 
f 2926//3501 2927//3502 3031//3610 3030//3609 
f 2927//3502 2928//3503 3032//3611 3031//3610 
f 2928//3503 2929//3504 3033//3612 3032//3611 
f 2929//3504 2930//3505 3034//3613 3033//3612 
f 2930//3505 2931//3506 3035//3614 3034//3613 
f 2931//3506 2932//3507 3036//3615 3035//3614 
f 2932//3507 2933//3508 3037//3616 3036//3615 
f 2933//3508 2934//3509 3038//3617 3037//3616 
f 2934//3509 2935//3510 3039//3618 3038//3617 
f 2935//3510 2936//3511 3040//3619 3039//3618 
f 2936//3511 2937//3512 3041//3620 3040//3619 
f 2937//3512 2938//3513 3042//3621 3041//3620 
f 2938//3513 2939//3514 3043//3622 3042//3621 
f 2939//3514 2940//3515 3044//3623 3043//3622 
f 2940//3515 2941//3516 3045//3624 3044//3623 
f 2941//3516 2942//3517 3046//3625 3045//3624 
f 2942//3517 2943//3518 3047//3626 3046//3625 
f 2943//3518 2944//3519 3048//3627 3047//3626 
f 2944//3519 2945//3520 3049//3628 3048//3627 
f 2945//3520 2946//3521 3050//3629 3049//3628 
f 2946//3521 2947//3522 3051//3630 3050//3629 
f 2947//3522 2948//3523 3052//3631 3051//3630 
f 2948//3523 2949//3524 3053//3632 3052//3631 
f 2949//3524 2950//3525 3054//3633 3053//3632 
f 2950//3527 2951//3526 3055//3634 3054//3635 
f 2951//3529 2952//3528 3056//3636 3055//3637 
f 2952//3528 2953//3530 3057//3638 3056//3636 
f 2953//3530 2954//3531 3058//3639 3057//3638 
f 2954//3531 2955//3532 3059//3640 3058//3639 
f 2955//3532 2956//3533 3060//3641 3059//3640 
f 2956//3533 2957//3534 3061//3642 3060//3641 
f 2957//3534 2958//3535 3062//3643 3061//3642 
f 2958//3535 2959//3536 3063//3644 3062//3643 
f 2959//3536 2960//3537 3064//3645 3063//3644 
f 2960//3537 2961//3538 3065//3646 3064//3645 
f 2961//3538 2962//3539 3066//3647 3065//3646 
f 2962//3539 2963//3540 3067//3648 3066//3647 
f 2963//3540 2964//3541 3068//3649 3067//3648 
f 2964//3541 2965//3542 3069//3650 3068//3649 
f 2965//3542 2966//3543 3070//3651 3069//3650 
f 2966//3543 2967//3544 3071//3652 3070//3651 
f 2967//3544 2968//3545 3072//3653 3071//3652 
f 2968//3545 2969//3546 3073//3654 3072//3653 
f 2969//3546 2970//3547 3074//3655 3073//3654 
f 2970//3547 2971//3548 3075//3656 3074//3655 
f 2971//3548 2972//3549 3076//3657 3075//3656 
f 2972//3549 2973//3550 3077//3658 3076//3657 
f 2973//3550 2974//3551 3078//3659 3077//3658 
f 2974//3551 2975//3552 3079//3660 3078//3659 
f 2975//3552 2976//3553 3080//3661 3079//3660 
f 2976//3553 2977//3554 3081//3662 3080//3661 
f 2977//3554 2978//3555 3082//3663 3081//3662 
f 2978//3555 2979//3556 3083//3664 3082//3663 
f 2979//3556 2980//3557 3084//3665 3083//3664 
f 2980//3557 2981//3558 3085//3666 3084//3665 
f 2981//3558 2982//3559 3086//3667 3085//3666 
f 2982//3559 2983//3560 3087//3668 3086//3667 
f 2983//3560 2984//3561 3088//3669 3087//3668 
f 2984//3561 2985//3562 3089//3670 3088//3669 
f 2985//3562 2986//3563 3090//3671 3089//3670 
f 2986//3563 2987//3564 3091//3672 3090//3671 
f 2987//3564 2988//3565 3092//3673 3091//3672 
f 2988//3565 2989//3566 3093//3674 3092//3673 
f 2989//3566 2990//3567 3094//3675 3093//3674 
f 2990//3567 2991//3568 3095//3676 3094//3675 
f 2991//3568 2992//3569 3096//3677 3095//3676 
f 2992//3569 2993//3570 3097//3678 3096//3677 
f 2993//3570 2994//3571 3098//3679 3097//3678 
f 2994//3571 2995//3572 3099//3680 3098//3679 
f 2995//3572 2996//3573 3100//3681 3099//3680 
f 2996//3573 2997//3574 3101//3682 3100//3681 
f 2997//3574 2998//3575 3102//3683 3101//3682 
f 2998//3575 2999//3576 3103//3684 3102//3683 
f 2999//3576 3000//3577 3104//3685 3103//3684 
f 3000//3577 3001//3578 3105//3686 3104//3685 
f 3001//3578 3002//3579 3106//3687 3105//3686 
f 3002//3581 2900//3580 3004//3688 3106//3688 
f 3004//3583 3003//3582 3107//3689 3108//3690 
f 3003//3582 3005//3584 3109//3691 3107//3689 
f 3005//3584 3006//3585 3110//3692 3109//3691 
f 3006//3585 3007//3586 3111//3693 3110//3692 
f 3007//3586 3008//3587 3112//3694 3111//3693 
f 3008//3587 3009//3588 3113//3695 3112//3694 
f 3009//3588 3010//3589 3114//3696 3113//3695 
f 3010//3589 3011//3590 3115//3697 3114//3696 
f 3011//3590 3012//3591 3116//3698 3115//3697 
f 3012//3591 3013//3592 3117//3699 3116//3698 
f 3013//3592 3014//3593 3118//3700 3117//3699 
f 3014//3593 3015//3594 3119//3701 3118//3700 
f 3015//3594 3016//3595 3120//3702 3119//3701 
f 3016//3595 3017//3596 3121//3703 3120//3702 
f 3017//3596 3018//3597 3122//3704 3121//3703 
f 3018//3597 3019//3598 3123//3705 3122//3704 
f 3019//3598 3020//3599 3124//3706 3123//3705 
f 3020//3599 3021//3600 3125//3707 3124//3706 
f 3021//3600 3022//3601 3126//3708 3125//3707 
f 3022//3601 3023//3602 3127//3709 3126//3708 
f 3023//3602 3024//3603 3128//3710 3127//3709 
f 3024//3603 3025//3604 3129//3711 3128//3710 
f 3025//3604 3026//3605 3130//3712 3129//3711 
f 3026//3605 3027//3606 3131//3713 3130//3712 
f 3027//3606 3028//3607 3132//3714 3131//3713 
f 3028//3607 3029//3608 3133//3715 3132//3714 
f 3029//3608 3030//3609 3134//3716 3133//3715 
f 3030//3609 3031//3610 3135//3717 3134//3716 
f 3031//3610 3032//3611 3136//3718 3135//3717 
f 3032//3611 3033//3612 3137//3719 3136//3718 
f 3033//3612 3034//3613 3138//3720 3137//3719 
f 3034//3613 3035//3614 3139//3721 3138//3720 
f 3035//3614 3036//3615 3140//3722 3139//3721 
f 3036//3615 3037//3616 3141//3723 3140//3722 
f 3037//3616 3038//3617 3142//3724 3141//3723 
f 3038//3617 3039//3618 3143//3725 3142//3724 
f 3039//3618 3040//3619 3144//3726 3143//3725 
f 3040//3619 3041//3620 3145//3727 3144//3726 
f 3041//3620 3042//3621 3146//3728 3145//3727 
f 3042//3621 3043//3622 3147//3729 3146//3728 
f 3043//3622 3044//3623 3148//3730 3147//3729 
f 3044//3623 3045//3624 3149//3731 3148//3730 
f 3045//3624 3046//3625 3150//3732 3149//3731 
f 3046//3625 3047//3626 3151//3733 3150//3732 
f 3047//3626 3048//3627 3152//3734 3151//3733 
f 3048//3627 3049//3628 3153//3735 3152//3734 
f 3049//3628 3050//3629 3154//3736 3153//3735 
f 3050//3629 3051//3630 3155//3737 3154//3736 
f 3051//3630 3052//3631 3156//3738 3155//3737 
f 3052//3631 3053//3632 3157//3739 3156//3738 
f 3053//3632 3054//3633 3158//3740 3157//3739 
f 3054//3635 3055//3634 3159//3741 3158//3742 
f 3055//3637 3056//3636 3160//3743 3159//3744 
f 3056//3636 3057//3638 3161//3745 3160//3743 
f 3057//3638 3058//3639 3162//3746 3161//3745 
f 3058//3639 3059//3640 3163//3747 3162//3746 
f 3059//3640 3060//3641 3164//3748 3163//3747 
f 3060//3641 3061//3642 3165//3749 3164//3748 
f 3061//3642 3062//3643 3166//3750 3165//3749 
f 3062//3643 3063//3644 3167//3751 3166//3750 
f 3063//3644 3064//3645 3168//3752 3167//3751 
f 3064//3645 3065//3646 3169//3753 3168//3752 
f 3065//3646 3066//3647 3170//3754 3169//3753 
f 3066//3647 3067//3648 3171//3755 3170//3754 
f 3067//3648 3068//3649 3172//3756 3171//3755 
f 3068//3649 3069//3650 3173//3757 3172//3756 
f 3069//3650 3070//3651 3174//3758 3173//3757 
f 3070//3651 3071//3652 3175//3759 3174//3758 
f 3071//3652 3072//3653 3176//3760 3175//3759 
f 3072//3653 3073//3654 3177//3761 3176//3760 
f 3073//3654 3074//3655 3178//3762 3177//3761 
f 3074//3655 3075//3656 3179//3763 3178//3762 
f 3075//3656 3076//3657 3180//3764 3179//3763 
f 3076//3657 3077//3658 3181//3765 3180//3764 
f 3077//3658 3078//3659 3182//3766 3181//3765 
f 3078//3659 3079//3660 3183//3767 3182//3766 
f 3079//3660 3080//3661 3184//3768 3183//3767 
f 3080//3661 3081//3662 3185//3769 3184//3768 
f 3081//3662 3082//3663 3186//3770 3185//3769 
f 3082//3663 3083//3664 3187//3771 3186//3770 
f 3083//3664 3084//3665 3188//3772 3187//3771 
f 3084//3665 3085//3666 3189//3773 3188//3772 
f 3085//3666 3086//3667 3190//3774 3189//3773 
f 3086//3667 3087//3668 3191//3775 3190//3774 
f 3087//3668 3088//3669 3192//3776 3191//3775 
f 3088//3669 3089//3670 3193//3777 3192//3776 
f 3089//3670 3090//3671 3194//3778 3193//3777 
f 3090//3671 3091//3672 3195//3779 3194//3778 
f 3091//3672 3092//3673 3196//3780 3195//3779 
f 3092//3673 3093//3674 3197//3781 3196//3780 
f 3093//3674 3094//3675 3198//3782 3197//3781 
f 3094//3675 3095//3676 3199//3783 3198//3782 
f 3095//3676 3096//3677 3200//3784 3199//3783 
f 3096//3677 3097//3678 3201//3785 3200//3784 
f 3097//3678 3098//3679 3202//3786 3201//3785 
f 3098//3679 3099//3680 3203//3787 3202//3786 
f 3099//3680 3100//3681 3204//3788 3203//3787 
f 3100//3681 3101//3682 3205//3789 3204//3788 
f 3101//3682 3102//3683 3206//3790 3205//3789 
f 3102//3683 3103//3684 3207//3791 3206//3790 
f 3103//3684 3104//3685 3208//3792 3207//3791 
f 3104//3685 3105//3686 3209//3793 3208//3792 
f 3105//3686 3106//3687 3210//3794 3209//3793 
f 3106//3688 3004//3688 3108//3795 3210//3796 
f 3108//3690 3107//3689 3211//3797 3212//3798 
f 3107//3689 3109//3691 3213//3799 3211//3797 
f 3109//3691 3110//3692 3214//3800 3213//3799 
f 3110//3692 3111//3693 3215//3801 3214//3800 
f 3111//3693 3112//3694 3216//3802 3215//3801 
f 3112//3694 3113//3695 3217//3803 3216//3802 
f 3113//3695 3114//3696 3218//3804 3217//3803 
f 3114//3696 3115//3697 3219//3805 3218//3804 
f 3115//3697 3116//3698 3220//3806 3219//3805 
f 3116//3698 3117//3699 3221//3807 3220//3806 
f 3117//3699 3118//3700 3222//3808 3221//3807 
f 3118//3700 3119//3701 3223//3809 3222//3808 
f 3119//3701 3120//3702 3224//3810 3223//3809 
f 3120//3702 3121//3703 3225//3811 3224//3810 
f 3121//3703 3122//3704 3226//3812 3225//3811 
f 3122//3704 3123//3705 3227//3813 3226//3812 
f 3123//3705 3124//3706 3228//3814 3227//3813 
f 3124//3706 3125//3707 3229//3815 3228//3814 
f 3125//3707 3126//3708 3230//3816 3229//3815 
f 3126//3708 3127//3709 3231//3817 3230//3816 
f 3127//3709 3128//3710 3232//3818 3231//3817 
f 3128//3710 3129//3711 3233//3819 3232//3818 
f 3129//3711 3130//3712 3234//3820 3233//3819 
f 3130//3712 3131//3713 3235//3821 3234//3820 
f 3131//3713 3132//3714 3236//3822 3235//3821 
f 3132//3714 3133//3715 3237//3823 3236//3822 
f 3133//3715 3134//3716 3238//3824 3237//3823 
f 3134//3716 3135//3717 3239//3825 3238//3824 
f 3135//3717 3136//3718 3240//3826 3239//3825 
f 3136//3718 3137//3719 3241//3827 3240//3826 
f 3137//3719 3138//3720 3242//3828 3241//3827 
f 3138//3720 3139//3721 3243//3829 3242//3828 
f 3139//3721 3140//3722 3244//3830 3243//3829 
f 3140//3722 3141//3723 3245//3831 3244//3830 
f 3141//3723 3142//3724 3246//3832 3245//3831 
f 3142//3724 3143//3725 3247//3833 3246//3832 
f 3143//3725 3144//3726 3248//3834 3247//3833 
f 3144//3726 3145//3727 3249//3835 3248//3834 
f 3145//3727 3146//3728 3250//3836 3249//3835 
f 3146//3728 3147//3729 3251//3837 3250//3836 
f 3147//3729 3148//3730 3252//3838 3251//3837 
f 3148//3730 3149//3731 3253//3839 3252//3838 
f 3149//3731 3150//3732 3254//3840 3253//3839 
f 3150//3732 3151//3733 3255//3841 3254//3840 
f 3151//3733 3152//3734 3256//3842 3255//3841 
f 3152//3734 3153//3735 3257//3843 3256//3842 
f 3153//3735 3154//3736 3258//3844 3257//3843 
f 3154//3736 3155//3737 3259//3845 3258//3844 
f 3155//3737 3156//3738 3260//3846 3259//3845 
f 3156//3738 3157//3739 3261//3847 3260//3846 
f 3157//3739 3158//3740 3262//3848 3261//3847 
f 3158//3742 3159//3741 3263//3849 3262//3850 
f 3159//3744 3160//3743 3264//3851 3263//3852 
f 3160//3743 3161//3745 3265//3853 3264//3851 
f 3161//3745 3162//3746 3266//3854 3265//3853 
f 3162//3746 3163//3747 3267//3855 3266//3854 
f 3163//3747 3164//3748 3268//3856 3267//3855 
f 3164//3748 3165//3749 3269//3857 3268//3856 
f 3165//3749 3166//3750 3270//3858 3269//3857 
f 3166//3750 3167//3751 3271//3859 3270//3858 
f 3167//3751 3168//3752 3272//3860 3271//3859 
f 3168//3752 3169//3753 3273//3861 3272//3860 
f 3169//3753 3170//3754 3274//3862 3273//3861 
f 3170//3754 3171//3755 3275//3863 3274//3862 
f 3171//3755 3172//3756 3276//3864 3275//3863 
f 3172//3756 3173//3757 3277//3865 3276//3864 
f 3173//3757 3174//3758 3278//3866 3277//3865 
f 3174//3758 3175//3759 3279//3867 3278//3866 
f 3175//3759 3176//3760 3280//3868 3279//3867 
f 3176//3760 3177//3761 3281//3869 3280//3868 
f 3177//3761 3178//3762 3282//3870 3281//3869 
f 3178//3762 3179//3763 3283//3871 3282//3870 
f 3179//3763 3180//3764 3284//3872 3283//3871 
f 3180//3764 3181//3765 3285//3873 3284//3872 
f 3181//3765 3182//3766 3286//3874 3285//3873 
f 3182//3766 3183//3767 3287//3875 3286//3874 
f 3183//3767 3184//3768 3288//3876 3287//3875 
f 3184//3768 3185//3769 3289//3877 3288//3876 
f 3185//3769 3186//3770 3290//3878 3289//3877 
f 3186//3770 3187//3771 3291//3879 3290//3878 
f 3187//3771 3188//3772 3292//3880 3291//3879 
f 3188//3772 3189//3773 3293//3881 3292//3880 
f 3189//3773 3190//3774 3294//3882 3293//3881 
f 3190//3774 3191//3775 3295//3883 3294//3882 
f 3191//3775 3192//3776 3296//3884 3295//3883 
f 3192//3776 3193//3777 3297//3885 3296//3884 
f 3193//3777 3194//3778 3298//3886 3297//3885 
f 3194//3778 3195//3779 3299//3887 3298//3886 
f 3195//3779 3196//3780 3300//3888 3299//3887 
f 3196//3780 3197//3781 3301//3889 3300//3888 
f 3197//3781 3198//3782 3302//3890 3301//3889 
f 3198//3782 3199//3783 3303//3891 3302//3890 
f 3199//3783 3200//3784 3304//3892 3303//3891 
f 3200//3784 3201//3785 3305//3893 3304//3892 
f 3201//3785 3202//3786 3306//3894 3305//3893 
f 3202//3786 3203//3787 3307//3895 3306//3894 
f 3203//3787 3204//3788 3308//3896 3307//3895 
f 3204//3788 3205//3789 3309//3897 3308//3896 
f 3205//3789 3206//3790 3310//3898 3309//3897 
f 3206//3790 3207//3791 3311//3899 3310//3898 
f 3207//3791 3208//3792 3312//3900 3311//3899 
f 3208//3792 3209//3793 3313//3901 3312//3900 
f 3209//3793 3210//3794 3314//3902 3313//3901 
f 3210//3796 3108//3795 3212//3903 3314//3904 
f 3212//3798 3211//3797 3315//3905 3316//3906 
f 3211//3797 3213//3799 3317//3907 3315//3905 
f 3213//3799 3214//3800 3318//3908 3317//3907 
f 3214//3800 3215//3801 3319//3909 3318//3908 
f 3215//3801 3216//3802 3320//3910 3319//3909 
f 3216//3802 3217//3803 3321//3911 3320//3910 
f 3217//3803 3218//3804 3322//3912 3321//3911 
f 3218//3804 3219//3805 3323//3913 3322//3912 
f 3219//3805 3220//3806 3324//3914 3323//3913 
f 3220//3806 3221//3807 3325//3915 3324//3914 
f 3221//3807 3222//3808 3326//3916 3325//3915 
f 3222//3808 3223//3809 3327//3917 3326//3916 
f 3223//3809 3224//3810 3328//3918 3327//3917 
f 3224//3810 3225//3811 3329//3919 3328//3918 
f 3225//3811 3226//3812 3330//3920 3329//3919 
f 3226//3812 3227//3813 3331//3921 3330//3920 
f 3227//3813 3228//3814 3332//3922 3331//3921 
f 3228//3814 3229//3815 3333//3923 3332//3922 
f 3229//3815 3230//3816 3334//3924 3333//3923 
f 3230//3816 3231//3817 3335//3925 3334//3924 
f 3231//3817 3232//3818 3336//3926 3335//3925 
f 3232//3818 3233//3819 3337//3927 3336//3926 
f 3233//3819 3234//3820 3338//3928 3337//3927 
f 3234//3820 3235//3821 3339//3929 3338//3928 
f 3235//3821 3236//3822 3340//3930 3339//3929 
f 3236//3822 3237//3823 3341//3931 3340//3930 
f 3237//3823 3238//3824 3342//3932 3341//3931 
f 3238//3824 3239//3825 3343//3933 3342//3932 
f 3239//3825 3240//3826 3344//3934 3343//3933 
f 3240//3826 3241//3827 3345//3935 3344//3934 
f 3241//3827 3242//3828 3346//3936 3345//3935 
f 3242//3828 3243//3829 3347//3937 3346//3936 
f 3243//3829 3244//3830 3348//3938 3347//3937 
f 3244//3830 3245//3831 3349//3939 3348//3938 
f 3245//3831 3246//3832 3350//3940 3349//3939 
f 3246//3832 3247//3833 3351//3941 3350//3940 
f 3247//3833 3248//3834 3352//3942 3351//3941 
f 3248//3834 3249//3835 3353//3943 3352//3942 
f 3249//3835 3250//3836 3354//3944 3353//3943 
f 3250//3836 3251//3837 3355//3945 3354//3944 
f 3251//3837 3252//3838 3356//3946 3355//3945 
f 3252//3838 3253//3839 3357//3947 3356//3946 
f 3253//3839 3254//3840 3358//3948 3357//3947 
f 3254//3840 3255//3841 3359//3949 3358//3948 
f 3255//3841 3256//3842 3360//3950 3359//3949 
f 3256//3842 3257//3843 3361//3951 3360//3950 
f 3257//3843 3258//3844 3362//3952 3361//3951 
f 3258//3844 3259//3845 3363//3953 3362//3952 
f 3259//3845 3260//3846 3364//3954 3363//3953 
f 3260//3846 3261//3847 3365//3955 3364//3954 
f 3261//3847 3262//3848 3366//3956 3365//3955 
f 3262//3850 3263//3849 3367//3957 3366//3957 
f 3263//3852 3264//3851 3368//3958 3367//3959 
f 3264//3851 3265//3853 3369//3960 3368//3958 
f 3265//3853 3266//3854 3370//3961 3369//3960 
f 3266//3854 3267//3855 3371//3962 3370//3961 
f 3267//3855 3268//3856 3372//3963 3371//3962 
f 3268//3856 3269//3857 3373//3964 3372//3963 
f 3269//3857 3270//3858 3374//3965 3373//3964 
f 3270//3858 3271//3859 3375//3966 3374//3965 
f 3271//3859 3272//3860 3376//3967 3375//3966 
f 3272//3860 3273//3861 3377//3968 3376//3967 
f 3273//3861 3274//3862 3378//3969 3377//3968 
f 3274//3862 3275//3863 3379//3970 3378//3969 
f 3275//3863 3276//3864 3380//3971 3379//3970 
f 3276//3864 3277//3865 3381//3972 3380//3971 
f 3277//3865 3278//3866 3382//3973 3381//3972 
f 3278//3866 3279//3867 3383//3974 3382//3973 
f 3279//3867 3280//3868 3384//3975 3383//3974 
f 3280//3868 3281//3869 3385//3976 3384//3975 
f 3281//3869 3282//3870 3386//3977 3385//3976 
f 3282//3870 3283//3871 3387//3978 3386//3977 
f 3283//3871 3284//3872 3388//3979 3387//3978 
f 3284//3872 3285//3873 3389//3980 3388//3979 
f 3285//3873 3286//3874 3390//3981 3389//3980 
f 3286//3874 3287//3875 3391//3982 3390//3981 
f 3287//3875 3288//3876 3392//3983 3391//3982 
f 3288//3876 3289//3877 3393//3984 3392//3983 
f 3289//3877 3290//3878 3394//3985 3393//3984 
f 3290//3878 3291//3879 3395//3986 3394//3985 
f 3291//3879 3292//3880 3396//3987 3395//3986 
f 3292//3880 3293//3881 3397//3988 3396//3987 
f 3293//3881 3294//3882 3398//3989 3397//3988 
f 3294//3882 3295//3883 3399//3990 3398//3989 
f 3295//3883 3296//3884 3400//3991 3399//3990 
f 3296//3884 3297//3885 3401//3992 3400//3991 
f 3297//3885 3298//3886 3402//3993 3401//3992 
f 3298//3886 3299//3887 3403//3994 3402//3993 
f 3299//3887 3300//3888 3404//3995 3403//3994 
f 3300//3888 3301//3889 3405//3996 3404//3995 
f 3301//3889 3302//3890 3406//3997 3405//3996 
f 3302//3890 3303//3891 3407//3998 3406//3997 
f 3303//3891 3304//3892 3408//3999 3407//3998 
f 3304//3892 3305//3893 3409//4000 3408//3999 
f 3305//3893 3306//3894 3410//4001 3409//4000 
f 3306//3894 3307//3895 3411//4002 3410//4001 
f 3307//3895 3308//3896 3412//4003 3411//4002 
f 3308//3896 3309//3897 3413//4004 3412//4003 
f 3309//3897 3310//3898 3414//4005 3413//4004 
f 3310//3898 3311//3899 3415//4006 3414//4005 
f 3311//3899 3312//3900 3416//4007 3415//4006 
f 3312//3900 3313//3901 3417//4008 3416//4007 
f 3313//3901 3314//3902 3418//4009 3417//4008 
f 3314//3904 3212//3903 3316//4010 3418//4010 
f 3316//4011 3315//4012 3419//4012 3420//4011 
f 3315//4012 3317//4013 3421//4013 3419//4012 
f 3317//4013 3318//4014 3422//4014 3421//4013 
f 3318//4014 3319//4015 3423//4015 3422//4014 
f 3319//4015 3320//4016 3424//4016 3423//4015 
f 3320//4016 3321//4017 3425//4017 3424//4016 
f 3321//4017 3322//4018 3426//4018 3425//4017 
f 3322//4018 3323//4019 3427//4019 3426//4018 
f 3323//4019 3324//4020 3428//4020 3427//4019 
f 3324//4020 3325//4021 3429//4021 3428//4020 
f 3325//4021 3326//4022 3430//4022 3429//4021 
f 3326//4022 3327//4023 3431//4023 3430//4022 
f 3327//4023 3328//4024 3432//4024 3431//4023 
f 3328//4024 3329//4025 3433//4025 3432//4024 
f 3329//4025 3330//4026 3434//4026 3433//4025 
f 3330//4026 3331//4027 3435//4027 3434//4026 
f 3331//4027 3332//4028 3436//4028 3435//4027 
f 3332//4028 3333//4029 3437//4029 3436//4028 
f 3333//4029 3334//4030 3438//4030 3437//4029 
f 3334//4030 3335//4031 3439//4031 3438//4030 
f 3335//4031 3336//4032 3440//4032 3439//4031 
f 3336//4032 3337//4033 3441//4033 3440//4032 
f 3337//4033 3338//4034 3442//4034 3441//4033 
f 3338//4034 3339//4035 3443//4035 3442//4034 
f 3339//4035 3340//4036 3444//4036 3443//4035 
f 3340//4036 3341//4037 3445//4037 3444//4036 
f 3341//4037 3342//4038 3446//4038 3445//4037 
f 3342//4038 3343//4039 3447//4039 3446//4038 
f 3343//4039 3344//4040 3448//4040 3447//4039 
f 3344//4040 3345//4041 3449//4041 3448//4040 
f 3345//4041 3346//4042 3450//4042 3449//4041 
f 3346//4042 3347//4043 3451//4043 3450//4042 
f 3347//4043 3348//4044 3452//4044 3451//4043 
f 3348//4044 3349//4045 3453//4045 3452//4044 
f 3349//4045 3350//4046 3454//4046 3453//4045 
f 3350//4046 3351//4047 3455//4047 3454//4046 
f 3351//4047 3352//4048 3456//4048 3455//4047 
f 3352//4048 3353//4049 3457//4049 3456//4048 
f 3353//4049 3354//4050 3458//4050 3457//4049 
f 3354//4050 3355//4051 3459//4051 3458//4050 
f 3355//4051 3356//4052 3460//4052 3459//4051 
f 3356//4052 3357//4053 3461//4053 3460//4052 
f 3357//4053 3358//4054 3462//4054 3461//4053 
f 3358//4054 3359//4055 3463//4055 3462//4054 
f 3359//4055 3360//4056 3464//4056 3463//4055 
f 3360//4056 3361//4057 3465//4057 3464//4056 
f 3361//4057 3362//4058 3466//4058 3465//4057 
f 3362//4058 3363//4059 3467//4059 3466//4058 
f 3363//4059 3364//4060 3468//4060 3467//4059 
f 3364//4060 3365//4061 3469//4061 3468//4060 
f 3365//4061 3366//4062 3470//4062 3469//4061 
f 3366//4063 3367//4063 3471//4063 3470//4063 
f 3367//4064 3368//4065 3472//4065 3471//4064 
f 3368//4065 3369//4066 3473//4066 3472//4065 
f 3369//4066 3370//4067 3474//4067 3473//4066 
f 3370//4067 3371//4068 3475//4068 3474//4067 
f 3371//4068 3372//4069 3476//4069 3475//4068 
f 3372//4069 3373//4070 3477//4070 3476//4069 
f 3373//4070 3374//4071 3478//4071 3477//4070 
f 3374//4071 3375//4072 3479//4072 3478//4071 
f 3375//4072 3376//4073 3480//4073 3479//4072 
f 3376//4073 3377//4074 3481//4074 3480//4073 
f 3377//4074 3378//4075 3482//4075 3481//4074 
f 3378//4075 3379//4076 3483//4076 3482//4075 
f 3379//4076 3380//4077 3484//4077 3483//4076 
f 3380//4077 3381//4078 3485//4078 3484//4077 
f 3381//4078 3382//4079 3486//4079 3485//4078 
f 3382//4079 3383//4080 3487//4080 3486//4079 
f 3383//4080 3384//4081 3488//4081 3487//4080 
f 3384//4081 3385//4082 3489//4082 3488//4081 
f 3385//4082 3386//4083 3490//4083 3489//4082 
f 3386//4083 3387//4084 3491//4084 3490//4083 
f 3387//4084 3388//4085 3492//4085 3491//4084 
f 3388//4085 3389//4086 3493//4086 3492//4085 
f 3389//4086 3390//4087 3494//4087 3493//4086 
f 3390//4087 3391//4088 3495//4088 3494//4087 
f 3391//4088 3392//4089 3496//4089 3495//4088 
f 3392//4089 3393//4090 3497//4090 3496//4089 
f 3393//4090 3394//4091 3498//4091 3497//4090 
f 3394//4091 3395//4092 3499//4092 3498//4091 
f 3395//4092 3396//4093 3500//4093 3499//4092 
f 3396//4093 3397//4094 3501//4094 3500//4093 
f 3397//4094 3398//4095 3502//4095 3501//4094 
f 3398//4095 3399//4096 3503//4096 3502//4095 
f 3399//4096 3400//4097 3504//4097 3503//4096 
f 3400//4097 3401//4098 3505//4098 3504//4097 
f 3401//4098 3402//4099 3506//4099 3505//4098 
f 3402//4099 3403//4100 3507//4100 3506//4099 
f 3403//4100 3404//4101 3508//4101 3507//4100 
f 3404//4101 3405//4102 3509//4102 3508//4101 
f 3405//4102 3406//4103 3510//4103 3509//4102 
f 3406//4103 3407//4104 3511//4104 3510//4103 
f 3407//4104 3408//4105 3512//4105 3511//4104 
f 3408//4105 3409//4106 3513//4106 3512//4105 
f 3409//4106 3410//4107 3514//4107 3513//4106 
f 3410//4107 3411//4108 3515//4108 3514//4107 
f 3411//4108 3412//4109 3516//4109 3515//4108 
f 3412//4109 3413//4110 3517//4110 3516//4109 
f 3413//4110 3414//4111 3518//4111 3517//4110 
f 3414//4111 3415//4112 3519//4112 3518//4111 
f 3415//4112 3416//4113 3520//4113 3519//4112 
f 3416//4113 3417//4114 3521//4114 3520//4113 
f 3417//4114 3418//4115 3522//4115 3521//4114 
f 3418//4116 3316//4116 3420//4116 3522//4116 
f 3420//4117 3419//4118 3523//4119 3524//4120 
f 3419//4118 3421//4121 3525//4122 3523//4119 
f 3421//4121 3422//4123 3526//4124 3525//4122 
f 3422//4123 3423//4125 3527//4126 3526//4124 
f 3423//4125 3424//4127 3528//4128 3527//4126 
f 3424//4127 3425//4129 3529//4130 3528//4128 
f 3425//4129 3426//4131 3530//4132 3529//4130 
f 3426//4131 3427//4133 3531//4134 3530//4132 
f 3427//4133 3428//4135 3532//4136 3531//4134 
f 3428//4135 3429//4137 3533//4138 3532//4136 
f 3429//4137 3430//4139 3534//4140 3533//4138 
f 3430//4139 3431//4141 3535//4142 3534//4140 
f 3431//4141 3432//4143 3536//4144 3535//4142 
f 3432//4143 3433//4145 3537//4146 3536//4144 
f 3433//4145 3434//4147 3538//4148 3537//4146 
f 3434//4147 3435//4149 3539//4150 3538//4148 
f 3435//4149 3436//4151 3540//4152 3539//4150 
f 3436//4151 3437//4153 3541//4154 3540//4152 
f 3437//4153 3438//4155 3542//4156 3541//4154 
f 3438//4155 3439//4157 3543//4158 3542//4156 
f 3439//4157 3440//4159 3544//4160 3543//4158 
f 3440//4159 3441//4161 3545//4162 3544//4160 
f 3441//4161 3442//4163 3546//4164 3545//4162 
f 3442//4163 3443//4165 3547//4166 3546//4164 
f 3443//4165 3444//4167 3548//4168 3547//4166 
f 3444//4167 3445//4169 3549//4170 3548//4168 
f 3445//4169 3446//4171 3550//4172 3549//4170 
f 3446//4171 3447//4173 3551//4174 3550//4172 
f 3447//4173 3448//4175 3552//4176 3551//4174 
f 3448//4175 3449//4177 3553//4178 3552//4176 
f 3449//4177 3450//4179 3554//4180 3553//4178 
f 3450//4179 3451//4181 3555//4182 3554//4180 
f 3451//4181 3452//4183 3556//4184 3555//4182 
f 3452//4183 3453//4185 3557//4186 3556//4184 
f 3453//4185 3454//4187 3558//4188 3557//4186 
f 3454//4187 3455//4189 3559//4190 3558//4188 
f 3455//4189 3456//4191 3560//4192 3559//4190 
f 3456//4191 3457//4193 3561//4194 3560//4192 
f 3457//4193 3458//4195 3562//4196 3561//4194 
f 3458//4195 3459//4197 3563//4198 3562//4196 
f 3459//4197 3460//4199 3564//4200 3563//4198 
f 3460//4199 3461//4201 3565//4202 3564//4200 
f 3461//4201 3462//4203 3566//4204 3565//4202 
f 3462//4203 3463//4205 3567//4206 3566//4204 
f 3463//4205 3464//4207 3568//4208 3567//4206 
f 3464//4207 3465//4209 3569//4210 3568//4208 
f 3465//4209 3466//4211 3570//4212 3569//4210 
f 3466//4211 3467//4213 3571//4214 3570//4212 
f 3467//4213 3468//4215 3572//4216 3571//4214 
f 3468//4215 3469//4217 3573//4218 3572//4216 
f 3469//4217 3470//4219 3574//4220 3573//4218 
f 3470//4221 3471//4221 3575//4222 3574//4223 
f 3471//4224 3472//4225 3576//4226 3575//4227 
f 3472//4225 3473//4228 3577//4229 3576//4226 
f 3473//4228 3474//4230 3578//4231 3577//4229 
f 3474//4230 3475//4232 3579//4233 3578//4231 
f 3475//4232 3476//4234 3580//4235 3579//4233 
f 3476//4234 3477//4236 3581//4237 3580//4235 
f 3477//4236 3478//4238 3582//4239 3581//4237 
f 3478//4238 3479//4240 3583//4241 3582//4239 
f 3479//4240 3480//4242 3584//4243 3583//4241 
f 3480//4242 3481//4244 3585//4245 3584//4243 
f 3481//4244 3482//4246 3586//4247 3585//4245 
f 3482//4246 3483//4248 3587//4249 3586//4247 
f 3483//4248 3484//4250 3588//4251 3587//4249 
f 3484//4250 3485//4252 3589//4253 3588//4251 
f 3485//4252 3486//4254 3590//4255 3589//4253 
f 3486//4254 3487//4256 3591//4257 3590//4255 
f 3487//4256 3488//4258 3592//4259 3591//4257 
f 3488//4258 3489//4260 3593//4261 3592//4259 
f 3489//4260 3490//4262 3594//4263 3593//4261 
f 3490//4262 3491//4264 3595//4265 3594//4263 
f 3491//4264 3492//4266 3596//4267 3595//4265 
f 3492//4266 3493//4268 3597//4269 3596//4267 
f 3493//4268 3494//4270 3598//4271 3597//4269 
f 3494//4270 3495//4272 3599//4273 3598//4271 
f 3495//4272 3496//4274 3600//4275 3599//4273 
f 3496//4274 3497//4276 3601//4277 3600//4275 
f 3497//4276 3498//4278 3602//4279 3601//4277 
f 3498//4278 3499//4280 3603//4281 3602//4279 
f 3499//4280 3500//4282 3604//4283 3603//4281 
f 3500//4282 3501//4284 3605//4285 3604//4283 
f 3501//4284 3502//4286 3606//4287 3605//4285 
f 3502//4286 3503//4288 3607//4289 3606//4287 
f 3503//4288 3504//4290 3608//4291 3607//4289 
f 3504//4290 3505//4292 3609//4293 3608//4291 
f 3505//4292 3506//4294 3610//4295 3609//4293 
f 3506//4294 3507//4296 3611//4297 3610//4295 
f 3507//4296 3508//4298 3612//4299 3611//4297 
f 3508//4298 3509//4300 3613//4301 3612//4299 
f 3509//4300 3510//4302 3614//4303 3613//4301 
f 3510//4302 3511//4304 3615//4305 3614//4303 
f 3511//4304 3512//4306 3616//4307 3615//4305 
f 3512//4306 3513//4308 3617//4309 3616//4307 
f 3513//4308 3514//4310 3618//4311 3617//4309 
f 3514//4310 3515//4312 3619//4313 3618//4311 
f 3515//4312 3516//4314 3620//4315 3619//4313 
f 3516//4314 3517//4316 3621//4317 3620//4315 
f 3517//4316 3518//4318 3622//4319 3621//4317 
f 3518//4318 3519//4320 3623//4321 3622//4319 
f 3519//4320 3520//4322 3624//4323 3623//4321 
f 3520//4322 3521//4324 3625//4325 3624//4323 
f 3521//4324 3522//4326 3626//4327 3625//4325 
f 3522//4328 3420//4328 3524//4329 3626//4330 
f 3524//4120 3523//4119 3627//4331 3628//4332 
f 3523//4119 3525//4122 3629//4333 3627//4331 
f 3525//4122 3526//4124 3630//4334 3629//4333 
f 3526//4124 3527//4126 3631//4335 3630//4334 
f 3527//4126 3528//4128 3632//4336 3631//4335 
f 3528//4128 3529//4130 3633//4337 3632//4336 
f 3529//4130 3530//4132 3634//4338 3633//4337 
f 3530//4132 3531//4134 3635//4339 3634//4338 
f 3531//4134 3532//4136 3636//4340 3635//4339 
f 3532//4136 3533//4138 3637//4341 3636//4340 
f 3533//4138 3534//4140 3638//4342 3637//4341 
f 3534//4140 3535//4142 3639//4343 3638//4342 
f 3535//4142 3536//4144 3640//4344 3639//4343 
f 3536//4144 3537//4146 3641//4345 3640//4344 
f 3537//4146 3538//4148 3642//4346 3641//4345 
f 3538//4148 3539//4150 3643//4347 3642//4346 
f 3539//4150 3540//4152 3644//4348 3643//4347 
f 3540//4152 3541//4154 3645//4349 3644//4348 
f 3541//4154 3542//4156 3646//4350 3645//4349 
f 3542//4156 3543//4158 3647//4351 3646//4350 
f 3543//4158 3544//4160 3648//4352 3647//4351 
f 3544//4160 3545//4162 3649//4353 3648//4352 
f 3545//4162 3546//4164 3650//4354 3649//4353 
f 3546//4164 3547//4166 3651//4355 3650//4354 
f 3547//4166 3548//4168 3652//4356 3651//4355 
f 3548//4168 3549//4170 3653//4357 3652//4356 
f 3549//4170 3550//4172 3654//4358 3653//4357 
f 3550//4172 3551//4174 3655//4359 3654//4358 
f 3551//4174 3552//4176 3656//4360 3655//4359 
f 3552//4176 3553//4178 3657//4361 3656//4360 
f 3553//4178 3554//4180 3658//4362 3657//4361 
f 3554//4180 3555//4182 3659//4363 3658//4362 
f 3555//4182 3556//4184 3660//4364 3659//4363 
f 3556//4184 3557//4186 3661//4365 3660//4364 
f 3557//4186 3558//4188 3662//4366 3661//4365 
f 3558//4188 3559//4190 3663//4367 3662//4366 
f 3559//4190 3560//4192 3664//4368 3663//4367 
f 3560//4192 3561//4194 3665//4369 3664//4368 
f 3561//4194 3562//4196 3666//4370 3665//4369 
f 3562//4196 3563//4198 3667//4371 3666//4370 
f 3563//4198 3564//4200 3668//4372 3667//4371 
f 3564//4200 3565//4202 3669//4373 3668//4372 
f 3565//4202 3566//4204 3670//4374 3669//4373 
f 3566//4204 3567//4206 3671//4375 3670//4374 
f 3567//4206 3568//4208 3672//4376 3671//4375 
f 3568//4208 3569//4210 3673//4377 3672//4376 
f 3569//4210 3570//4212 3674//4378 3673//4377 
f 3570//4212 3571//4214 3675//4379 3674//4378 
f 3571//4214 3572//4216 3676//4380 3675//4379 
f 3572//4216 3573//4218 3677//4381 3676//4380 
f 3573//4218 3574//4220 3678//4382 3677//4381 
f 3574//4223 3575//4222 3679//4383 3678//4384 
f 3575//4227 3576//4226 3680//4385 3679//4386 
f 3576//4226 3577//4229 3681//4387 3680//4385 
f 3577//4229 3578//4231 3682//4388 3681//4387 
f 3578//4231 3579//4233 3683//4389 3682//4388 
f 3579//4233 3580//4235 3684//4390 3683//4389 
f 3580//4235 3581//4237 3685//4391 3684//4390 
f 3581//4237 3582//4239 3686//4392 3685//4391 
f 3582//4239 3583//4241 3687//4393 3686//4392 
f 3583//4241 3584//4243 3688//4394 3687//4393 
f 3584//4243 3585//4245 3689//4395 3688//4394 
f 3585//4245 3586//4247 3690//4396 3689//4395 
f 3586//4247 3587//4249 3691//4397 3690//4396 
f 3587//4249 3588//4251 3692//4398 3691//4397 
f 3588//4251 3589//4253 3693//4399 3692//4398 
f 3589//4253 3590//4255 3694//4400 3693//4399 
f 3590//4255 3591//4257 3695//4401 3694//4400 
f 3591//4257 3592//4259 3696//4402 3695//4401 
f 3592//4259 3593//4261 3697//4403 3696//4402 
f 3593//4261 3594//4263 3698//4404 3697//4403 
f 3594//4263 3595//4265 3699//4405 3698//4404 
f 3595//4265 3596//4267 3700//4406 3699//4405 
f 3596//4267 3597//4269 3701//4407 3700//4406 
f 3597//4269 3598//4271 3702//4408 3701//4407 
f 3598//4271 3599//4273 3703//4409 3702//4408 
f 3599//4273 3600//4275 3704//4410 3703//4409 
f 3600//4275 3601//4277 3705//4411 3704//4410 
f 3601//4277 3602//4279 3706//4412 3705//4411 
f 3602//4279 3603//4281 3707//4413 3706//4412 
f 3603//4281 3604//4283 3708//4414 3707//4413 
f 3604//4283 3605//4285 3709//4415 3708//4414 
f 3605//4285 3606//4287 3710//4416 3709//4415 
f 3606//4287 3607//4289 3711//4417 3710//4416 
f 3607//4289 3608//4291 3712//4418 3711//4417 
f 3608//4291 3609//4293 3713//4419 3712//4418 
f 3609//4293 3610//4295 3714//4420 3713//4419 
f 3610//4295 3611//4297 3715//4421 3714//4420 
f 3611//4297 3612//4299 3716//4422 3715//4421 
f 3612//4299 3613//4301 3717//4423 3716//4422 
f 3613//4301 3614//4303 3718//4424 3717//4423 
f 3614//4303 3615//4305 3719//4425 3718//4424 
f 3615//4305 3616//4307 3720//4426 3719//4425 
f 3616//4307 3617//4309 3721//4427 3720//4426 
f 3617//4309 3618//4311 3722//4428 3721//4427 
f 3618//4311 3619//4313 3723//4429 3722//4428 
f 3619//4313 3620//4315 3724//4430 3723//4429 
f 3620//4315 3621//4317 3725//4431 3724//4430 
f 3621//4317 3622//4319 3726//4432 3725//4431 
f 3622//4319 3623//4321 3727//4433 3726//4432 
f 3623//4321 3624//4323 3728//4434 3727//4433 
f 3624//4323 3625//4325 3729//4435 3728//4434 
f 3625//4325 3626//4327 3730//4436 3729//4435 
f 3626//4330 3524//4329 3628//4437 3730//4438 
f 3628//4332 3627//4331 3731//4439 3732//4440 
f 3627//4331 3629//4333 3733//4441 3731//4439 
f 3629//4333 3630//4334 3734//4442 3733//4441 
f 3630//4334 3631//4335 3735//4443 3734//4442 
f 3631//4335 3632//4336 3736//4444 3735//4443 
f 3632//4336 3633//4337 3737//4445 3736//4444 
f 3633//4337 3634//4338 3738//4446 3737//4445 
f 3634//4338 3635//4339 3739//4447 3738//4446 
f 3635//4339 3636//4340 3740//4448 3739//4447 
f 3636//4340 3637//4341 3741//4449 3740//4448 
f 3637//4341 3638//4342 3742//4450 3741//4449 
f 3638//4342 3639//4343 3743//4451 3742//4450 
f 3639//4343 3640//4344 3744//4452 3743//4451 
f 3640//4344 3641//4345 3745//4453 3744//4452 
f 3641//4345 3642//4346 3746//4454 3745//4453 
f 3642//4346 3643//4347 3747//4455 3746//4454 
f 3643//4347 3644//4348 3748//4456 3747//4455 
f 3644//4348 3645//4349 3749//4457 3748//4456 
f 3645//4349 3646//4350 3750//4458 3749//4457 
f 3646//4350 3647//4351 3751//4459 3750//4458 
f 3647//4351 3648//4352 3752//4460 3751//4459 
f 3648//4352 3649//4353 3753//4461 3752//4460 
f 3649//4353 3650//4354 3754//4462 3753//4461 
f 3650//4354 3651//4355 3755//4463 3754//4462 
f 3651//4355 3652//4356 3756//4464 3755//4463 
f 3652//4356 3653//4357 3757//4465 3756//4464 
f 3653//4357 3654//4358 3758//4466 3757//4465 
f 3654//4358 3655//4359 3759//4467 3758//4466 
f 3655//4359 3656//4360 3760//4468 3759//4467 
f 3656//4360 3657//4361 3761//4469 3760//4468 
f 3657//4361 3658//4362 3762//4470 3761//4469 
f 3658//4362 3659//4363 3763//4471 3762//4470 
f 3659//4363 3660//4364 3764//4472 3763//4471 
f 3660//4364 3661//4365 3765//4473 3764//4472 
f 3661//4365 3662//4366 3766//4474 3765//4473 
f 3662//4366 3663//4367 3767//4475 3766//4474 
f 3663//4367 3664//4368 3768//4476 3767//4475 
f 3664//4368 3665//4369 3769//4477 3768//4476 
f 3665//4369 3666//4370 3770//4478 3769//4477 
f 3666//4370 3667//4371 3771//4479 3770//4478 
f 3667//4371 3668//4372 3772//4480 3771//4479 
f 3668//4372 3669//4373 3773//4481 3772//4480 
f 3669//4373 3670//4374 3774//4482 3773//4481 
f 3670//4374 3671//4375 3775//4483 3774//4482 
f 3671//4375 3672//4376 3776//4484 3775//4483 
f 3672//4376 3673//4377 3777//4485 3776//4484 
f 3673//4377 3674//4378 3778//4486 3777//4485 
f 3674//4378 3675//4379 3779//4487 3778//4486 
f 3675//4379 3676//4380 3780//4488 3779//4487 
f 3676//4380 3677//4381 3781//4489 3780//4488 
f 3677//4381 3678//4382 3782//4490 3781//4489 
f 3678//4384 3679//4383 3783//4491 3782//4492 
f 3679//4386 3680//4385 3784//4493 3783//4494 
f 3680//4385 3681//4387 3785//4495 3784//4493 
f 3681//4387 3682//4388 3786//4496 3785//4495 
f 3682//4388 3683//4389 3787//4497 3786//4496 
f 3683//4389 3684//4390 3788//4498 3787//4497 
f 3684//4390 3685//4391 3789//4499 3788//4498 
f 3685//4391 3686//4392 3790//4500 3789//4499 
f 3686//4392 3687//4393 3791//4501 3790//4500 
f 3687//4393 3688//4394 3792//4502 3791//4501 
f 3688//4394 3689//4395 3793//4503 3792//4502 
f 3689//4395 3690//4396 3794//4504 3793//4503 
f 3690//4396 3691//4397 3795//4505 3794//4504 
f 3691//4397 3692//4398 3796//4506 3795//4505 
f 3692//4398 3693//4399 3797//4507 3796//4506 
f 3693//4399 3694//4400 3798//4508 3797//4507 
f 3694//4400 3695//4401 3799//4509 3798//4508 
f 3695//4401 3696//4402 3800//4510 3799//4509 
f 3696//4402 3697//4403 3801//4511 3800//4510 
f 3697//4403 3698//4404 3802//4512 3801//4511 
f 3698//4404 3699//4405 3803//4513 3802//4512 
f 3699//4405 3700//4406 3804//4514 3803//4513 
f 3700//4406 3701//4407 3805//4515 3804//4514 
f 3701//4407 3702//4408 3806//4516 3805//4515 
f 3702//4408 3703//4409 3807//4517 3806//4516 
f 3703//4409 3704//4410 3808//4518 3807//4517 
f 3704//4410 3705//4411 3809//4519 3808//4518 
f 3705//4411 3706//4412 3810//4520 3809//4519 
f 3706//4412 3707//4413 3811//4521 3810//4520 
f 3707//4413 3708//4414 3812//4522 3811//4521 
f 3708//4414 3709//4415 3813//4523 3812//4522 
f 3709//4415 3710//4416 3814//4524 3813//4523 
f 3710//4416 3711//4417 3815//4525 3814//4524 
f 3711//4417 3712//4418 3816//4526 3815//4525 
f 3712//4418 3713//4419 3817//4527 3816//4526 
f 3713//4419 3714//4420 3818//4528 3817//4527 
f 3714//4420 3715//4421 3819//4529 3818//4528 
f 3715//4421 3716//4422 3820//4530 3819//4529 
f 3716//4422 3717//4423 3821//4531 3820//4530 
f 3717//4423 3718//4424 3822//4532 3821//4531 
f 3718//4424 3719//4425 3823//4533 3822//4532 
f 3719//4425 3720//4426 3824//4534 3823//4533 
f 3720//4426 3721//4427 3825//4535 3824//4534 
f 3721//4427 3722//4428 3826//4536 3825//4535 
f 3722//4428 3723//4429 3827//4537 3826//4536 
f 3723//4429 3724//4430 3828//4538 3827//4537 
f 3724//4430 3725//4431 3829//4539 3828//4538 
f 3725//4431 3726//4432 3830//4540 3829//4539 
f 3726//4432 3727//4433 3831//4541 3830//4540 
f 3727//4433 3728//4434 3832//4542 3831//4541 
f 3728//4434 3729//4435 3833//4543 3832//4542 
f 3729//4435 3730//4436 3834//4544 3833//4543 
f 3730//4438 3628//4437 3732//4545 3834//4545 
f 3732//4440 3731//4439 3835//4546 3836//4547 
f 3731//4439 3733//4441 3837//4548 3835//4546 
f 3733//4441 3734//4442 3838//4549 3837//4548 
f 3734//4442 3735//4443 3839//4550 3838//4549 
f 3735//4443 3736//4444 3840//4551 3839//4550 
f 3736//4444 3737//4445 3841//4552 3840//4551 
f 3737//4445 3738//4446 3842//4553 3841//4552 
f 3738//4446 3739//4447 3843//4554 3842//4553 
f 3739//4447 3740//4448 3844//4555 3843//4554 
f 3740//4448 3741//4449 3845//4556 3844//4555 
f 3741//4449 3742//4450 3846//4557 3845//4556 
f 3742//4450 3743//4451 3847//4558 3846//4557 
f 3743//4451 3744//4452 3848//4559 3847//4558 
f 3744//4452 3745//4453 3849//4560 3848//4559 
f 3745//4453 3746//4454 3850//4561 3849//4560 
f 3746//4454 3747//4455 3851//4562 3850//4561 
f 3747//4455 3748//4456 3852//4563 3851//4562 
f 3748//4456 3749//4457 3853//4564 3852//4563 
f 3749//4457 3750//4458 3854//4565 3853//4564 
f 3750//4458 3751//4459 3855//4566 3854//4565 
f 3751//4459 3752//4460 3856//4567 3855//4566 
f 3752//4460 3753//4461 3857//4568 3856//4567 
f 3753//4461 3754//4462 3858//4569 3857//4568 
f 3754//4462 3755//4463 3859//4570 3858//4569 
f 3755//4463 3756//4464 3860//4571 3859//4570 
f 3756//4464 3757//4465 3861//4572 3860//4571 
f 3757//4465 3758//4466 3862//4573 3861//4572 
f 3758//4466 3759//4467 3863//4574 3862//4573 
f 3759//4467 3760//4468 3864//4575 3863//4574 
f 3760//4468 3761//4469 3865//4576 3864//4575 
f 3761//4469 3762//4470 3866//4577 3865//4576 
f 3762//4470 3763//4471 3867//4578 3866//4577 
f 3763//4471 3764//4472 3868//4579 3867//4578 
f 3764//4472 3765//4473 3869//4580 3868//4579 
f 3765//4473 3766//4474 3870//4581 3869//4580 
f 3766//4474 3767//4475 3871//4582 3870//4581 
f 3767//4475 3768//4476 3872//4583 3871//4582 
f 3768//4476 3769//4477 3873//4584 3872//4583 
f 3769//4477 3770//4478 3874//4585 3873//4584 
f 3770//4478 3771//4479 3875//4586 3874//4585 
f 3771//4479 3772//4480 3876//4587 3875//4586 
f 3772//4480 3773//4481 3877//4588 3876//4587 
f 3773//4481 3774//4482 3878//4589 3877//4588 
f 3774//4482 3775//4483 3879//4590 3878//4589 
f 3775//4483 3776//4484 3880//4591 3879//4590 
f 3776//4484 3777//4485 3881//4592 3880//4591 
f 3777//4485 3778//4486 3882//4593 3881//4592 
f 3778//4486 3779//4487 3883//4594 3882//4593 
f 3779//4487 3780//4488 3884//4595 3883//4594 
f 3780//4488 3781//4489 3885//4596 3884//4595 
f 3781//4489 3782//4490 3886//4597 3885//4596 
f 3782//4492 3783//4491 3887//4598 3886//4599 
f 3783//4494 3784//4493 3888//4600 3887//4601 
f 3784//4493 3785//4495 3889//4602 3888//4600 
f 3785//4495 3786//4496 3890//4603 3889//4602 
f 3786//4496 3787//4497 3891//4604 3890//4603 
f 3787//4497 3788//4498 3892//4605 3891//4604 
f 3788//4498 3789//4499 3893//4606 3892//4605 
f 3789//4499 3790//4500 3894//4607 3893//4606 
f 3790//4500 3791//4501 3895//4608 3894//4607 
f 3791//4501 3792//4502 3896//4609 3895//4608 
f 3792//4502 3793//4503 3897//4610 3896//4609 
f 3793//4503 3794//4504 3898//4611 3897//4610 
f 3794//4504 3795//4505 3899//4612 3898//4611 
f 3795//4505 3796//4506 3900//4613 3899//4612 
f 3796//4506 3797//4507 3901//4614 3900//4613 
f 3797//4507 3798//4508 3902//4615 3901//4614 
f 3798//4508 3799//4509 3903//4616 3902//4615 
f 3799//4509 3800//4510 3904//4617 3903//4616 
f 3800//4510 3801//4511 3905//4618 3904//4617 
f 3801//4511 3802//4512 3906//4619 3905//4618 
f 3802//4512 3803//4513 3907//4620 3906//4619 
f 3803//4513 3804//4514 3908//4621 3907//4620 
f 3804//4514 3805//4515 3909//4622 3908//4621 
f 3805//4515 3806//4516 3910//4623 3909//4622 
f 3806//4516 3807//4517 3911//4624 3910//4623 
f 3807//4517 3808//4518 3912//4625 3911//4624 
f 3808//4518 3809//4519 3913//4626 3912//4625 
f 3809//4519 3810//4520 3914//4627 3913//4626 
f 3810//4520 3811//4521 3915//4628 3914//4627 
f 3811//4521 3812//4522 3916//4629 3915//4628 
f 3812//4522 3813//4523 3917//4630 3916//4629 
f 3813//4523 3814//4524 3918//4631 3917//4630 
f 3814//4524 3815//4525 3919//4632 3918//4631 
f 3815//4525 3816//4526 3920//4633 3919//4632 
f 3816//4526 3817//4527 3921//4634 3920//4633 
f 3817//4527 3818//4528 3922//4635 3921//4634 
f 3818//4528 3819//4529 3923//4636 3922//4635 
f 3819//4529 3820//4530 3924//4637 3923//4636 
f 3820//4530 3821//4531 3925//4638 3924//4637 
f 3821//4531 3822//4532 3926//4639 3925//4638 
f 3822//4532 3823//4533 3927//4640 3926//4639 
f 3823//4533 3824//4534 3928//4641 3927//4640 
f 3824//4534 3825//4535 3929//4642 3928//4641 
f 3825//4535 3826//4536 3930//4643 3929//4642 
f 3826//4536 3827//4537 3931//4644 3930//4643 
f 3827//4537 3828//4538 3932//4645 3931//4644 
f 3828//4538 3829//4539 3933//4646 3932//4645 
f 3829//4539 3830//4540 3934//4647 3933//4646 
f 3830//4540 3831//4541 3935//4648 3934//4647 
f 3831//4541 3832//4542 3936//4649 3935//4648 
f 3832//4542 3833//4543 3937//4650 3936//4649 
f 3833//4543 3834//4544 3938//4651 3937//4650 
f 3834//4545 3732//4545 3836//4652 3938//4653 
f 3836//4547 3835//4546 3939//4654 3940//4655 
f 3835//4546 3837//4548 3941//4656 3939//4654 
f 3837//4548 3838//4549 3942//4657 3941//4656 
f 3838//4549 3839//4550 3943//4658 3942//4657 
f 3839//4550 3840//4551 3944//4659 3943//4658 
f 3840//4551 3841//4552 3945//4660 3944//4659 
f 3841//4552 3842//4553 3946//4661 3945//4660 
f 3842//4553 3843//4554 3947//4662 3946//4661 
f 3843//4554 3844//4555 3948//4663 3947//4662 
f 3844//4555 3845//4556 3949//4664 3948//4663 
f 3845//4556 3846//4557 3950//4665 3949//4664 
f 3846//4557 3847//4558 3951//4666 3950//4665 
f 3847//4558 3848//4559 3952//4667 3951//4666 
f 3848//4559 3849//4560 3953//4668 3952//4667 
f 3849//4560 3850//4561 3954//4669 3953//4668 
f 3850//4561 3851//4562 3955//4670 3954//4669 
f 3851//4562 3852//4563 3956//4671 3955//4670 
f 3852//4563 3853//4564 3957//4672 3956//4671 
f 3853//4564 3854//4565 3958//4673 3957//4672 
f 3854//4565 3855//4566 3959//4674 3958//4673 
f 3855//4566 3856//4567 3960//4675 3959//4674 
f 3856//4567 3857//4568 3961//4676 3960//4675 
f 3857//4568 3858//4569 3962//4677 3961//4676 
f 3858//4569 3859//4570 3963//4678 3962//4677 
f 3859//4570 3860//4571 3964//4679 3963//4678 
f 3860//4571 3861//4572 3965//4680 3964//4679 
f 3861//4572 3862//4573 3966//4681 3965//4680 
f 3862//4573 3863//4574 3967//4682 3966//4681 
f 3863//4574 3864//4575 3968//4683 3967//4682 
f 3864//4575 3865//4576 3969//4684 3968//4683 
f 3865//4576 3866//4577 3970//4685 3969//4684 
f 3866//4577 3867//4578 3971//4686 3970//4685 
f 3867//4578 3868//4579 3972//4687 3971//4686 
f 3868//4579 3869//4580 3973//4688 3972//4687 
f 3869//4580 3870//4581 3974//4689 3973//4688 
f 3870//4581 3871//4582 3975//4690 3974//4689 
f 3871//4582 3872//4583 3976//4691 3975//4690 
f 3872//4583 3873//4584 3977//4692 3976//4691 
f 3873//4584 3874//4585 3978//4693 3977//4692 
f 3874//4585 3875//4586 3979//4694 3978//4693 
f 3875//4586 3876//4587 3980//4695 3979//4694 
f 3876//4587 3877//4588 3981//4696 3980//4695 
f 3877//4588 3878//4589 3982//4697 3981//4696 
f 3878//4589 3879//4590 3983//4698 3982//4697 
f 3879//4590 3880//4591 3984//4699 3983//4698 
f 3880//4591 3881//4592 3985//4700 3984//4699 
f 3881//4592 3882//4593 3986//4701 3985//4700 
f 3882//4593 3883//4594 3987//4702 3986//4701 
f 3883//4594 3884//4595 3988//4703 3987//4702 
f 3884//4595 3885//4596 3989//4704 3988//4703 
f 3885//4596 3886//4597 3990//4705 3989//4704 
f 3886//4599 3887//4598 3991//4706 3990//4707 
f 3887//4601 3888//4600 3992//4708 3991//4709 
f 3888//4600 3889//4602 3993//4710 3992//4708 
f 3889//4602 3890//4603 3994//4711 3993//4710 
f 3890//4603 3891//4604 3995//4712 3994//4711 
f 3891//4604 3892//4605 3996//4713 3995//4712 
f 3892//4605 3893//4606 3997//4714 3996//4713 
f 3893//4606 3894//4607 3998//4715 3997//4714 
f 3894//4607 3895//4608 3999//4716 3998//4715 
f 3895//4608 3896//4609 4000//4717 3999//4716 
f 3896//4609 3897//4610 4001//4718 4000//4717 
f 3897//4610 3898//4611 4002//4719 4001//4718 
f 3898//4611 3899//4612 4003//4720 4002//4719 
f 3899//4612 3900//4613 4004//4721 4003//4720 
f 3900//4613 3901//4614 4005//4722 4004//4721 
f 3901//4614 3902//4615 4006//4723 4005//4722 
f 3902//4615 3903//4616 4007//4724 4006//4723 
f 3903//4616 3904//4617 4008//4725 4007//4724 
f 3904//4617 3905//4618 4009//4726 4008//4725 
f 3905//4618 3906//4619 4010//4727 4009//4726 
f 3906//4619 3907//4620 4011//4728 4010//4727 
f 3907//4620 3908//4621 4012//4729 4011//4728 
f 3908//4621 3909//4622 4013//4730 4012//4729 
f 3909//4622 3910//4623 4014//4731 4013//4730 
f 3910//4623 3911//4624 4015//4732 4014//4731 
f 3911//4624 3912//4625 4016//4733 4015//4732 
f 3912//4625 3913//4626 4017//4734 4016//4733 
f 3913//4626 3914//4627 4018//4735 4017//4734 
f 3914//4627 3915//4628 4019//4736 4018//4735 
f 3915//4628 3916//4629 4020//4737 4019//4736 
f 3916//4629 3917//4630 4021//4738 4020//4737 
f 3917//4630 3918//4631 4022//4739 4021//4738 
f 3918//4631 3919//4632 4023//4740 4022//4739 
f 3919//4632 3920//4633 4024//4741 4023//4740 
f 3920//4633 3921//4634 4025//4742 4024//4741 
f 3921//4634 3922//4635 4026//4743 4025//4742 
f 3922//4635 3923//4636 4027//4744 4026//4743 
f 3923//4636 3924//4637 4028//4745 4027//4744 
f 3924//4637 3925//4638 4029//4746 4028//4745 
f 3925//4638 3926//4639 4030//4747 4029//4746 
f 3926//4639 3927//4640 4031//4748 4030//4747 
f 3927//4640 3928//4641 4032//4749 4031//4748 
f 3928//4641 3929//4642 4033//4750 4032//4749 
f 3929//4642 3930//4643 4034//4751 4033//4750 
f 3930//4643 3931//4644 4035//4752 4034//4751 
f 3931//4644 3932//4645 4036//4753 4035//4752 
f 3932//4645 3933//4646 4037//4754 4036//4753 
f 3933//4646 3934//4647 4038//4755 4037//4754 
f 3934//4647 3935//4648 4039//4756 4038//4755 
f 3935//4648 3936//4649 4040//4757 4039//4756 
f 3936//4649 3937//4650 4041//4758 4040//4757 
f 3937//4650 3938//4651 4042//4759 4041//4758 
f 3938//4653 3836//4652 3940//4760 4042//4761 
f 3940//4655 3939//4654 4043//4762 4044//4763 
f 3939//4654 3941//4656 4045//4764 4043//4762 
f 3941//4656 3942//4657 4046//4765 4045//4764 
f 3942//4657 3943//4658 4047//4766 4046//4765 
f 3943//4658 3944//4659 4048//4767 4047//4766 
f 3944//4659 3945//4660 4049//4768 4048//4767 
f 3945//4660 3946//4661 4050//4769 4049//4768 
f 3946//4661 3947//4662 4051//4770 4050//4769 
f 3947//4662 3948//4663 4052//4771 4051//4770 
f 3948//4663 3949//4664 4053//4772 4052//4771 
f 3949//4664 3950//4665 4054//4773 4053//4772 
f 3950//4665 3951//4666 4055//4774 4054//4773 
f 3951//4666 3952//4667 4056//4775 4055//4774 
f 3952//4667 3953//4668 4057//4776 4056//4775 
f 3953//4668 3954//4669 4058//4777 4057//4776 
f 3954//4669 3955//4670 4059//4778 4058//4777 
f 3955//4670 3956//4671 4060//4779 4059//4778 
f 3956//4671 3957//4672 4061//4780 4060//4779 
f 3957//4672 3958//4673 4062//4781 4061//4780 
f 3958//4673 3959//4674 4063//4782 4062//4781 
f 3959//4674 3960//4675 4064//4783 4063//4782 
f 3960//4675 3961//4676 4065//4784 4064//4783 
f 3961//4676 3962//4677 4066//4785 4065//4784 
f 3962//4677 3963//4678 4067//4786 4066//4785 
f 3963//4678 3964//4679 4068//4787 4067//4786 
f 3964//4679 3965//4680 4069//4788 4068//4787 
f 3965//4680 3966//4681 4070//4789 4069//4788 
f 3966//4681 3967//4682 4071//4790 4070//4789 
f 3967//4682 3968//4683 4072//4791 4071//4790 
f 3968//4683 3969//4684 4073//4792 4072//4791 
f 3969//4684 3970//4685 4074//4793 4073//4792 
f 3970//4685 3971//4686 4075//4794 4074//4793 
f 3971//4686 3972//4687 4076//4795 4075//4794 
f 3972//4687 3973//4688 4077//4796 4076//4795 
f 3973//4688 3974//4689 4078//4797 4077//4796 
f 3974//4689 3975//4690 4079//4798 4078//4797 
f 3975//4690 3976//4691 4080//4799 4079//4798 
f 3976//4691 3977//4692 4081//4800 4080//4799 
f 3977//4692 3978//4693 4082//4801 4081//4800 
f 3978//4693 3979//4694 4083//4802 4082//4801 
f 3979//4694 3980//4695 4084//4803 4083//4802 
f 3980//4695 3981//4696 4085//4804 4084//4803 
f 3981//4696 3982//4697 4086//4805 4085//4804 
f 3982//4697 3983//4698 4087//4806 4086//4805 
f 3983//4698 3984//4699 4088//4807 4087//4806 
f 3984//4699 3985//4700 4089//4808 4088//4807 
f 3985//4700 3986//4701 4090//4809 4089//4808 
f 3986//4701 3987//4702 4091//4810 4090//4809 
f 3987//4702 3988//4703 4092//4811 4091//4810 
f 3988//4703 3989//4704 4093//4812 4092//4811 
f 3989//4704 3990//4705 4094//4813 4093//4812 
f 3990//4707 3991//4706 4095//4814 4094//4815 
f 3991//4709 3992//4708 4096//4816 4095//4817 
f 3992//4708 3993//4710 4097//4818 4096//4816 
f 3993//4710 3994//4711 4098//4819 4097//4818 
f 3994//4711 3995//4712 4099//4820 4098//4819 
f 3995//4712 3996//4713 4100//4821 4099//4820 
f 3996//4713 3997//4714 4101//4822 4100//4821 
f 3997//4714 3998//4715 4102//4823 4101//4822 
f 3998//4715 3999//4716 4103//4824 4102//4823 
f 3999//4716 4000//4717 4104//4825 4103//4824 
f 4000//4717 4001//4718 4105//4826 4104//4825 
f 4001//4718 4002//4719 4106//4827 4105//4826 
f 4002//4719 4003//4720 4107//4828 4106//4827 
f 4003//4720 4004//4721 4108//4829 4107//4828 
f 4004//4721 4005//4722 4109//4830 4108//4829 
f 4005//4722 4006//4723 4110//4831 4109//4830 
f 4006//4723 4007//4724 4111//4832 4110//4831 
f 4007//4724 4008//4725 4112//4833 4111//4832 
f 4008//4725 4009//4726 4113//4834 4112//4833 
f 4009//4726 4010//4727 4114//4835 4113//4834 
f 4010//4727 4011//4728 4115//4836 4114//4835 
f 4011//4728 4012//4729 4116//4837 4115//4836 
f 4012//4729 4013//4730 4117//4838 4116//4837 
f 4013//4730 4014//4731 4118//4839 4117//4838 
f 4014//4731 4015//4732 4119//4840 4118//4839 
f 4015//4732 4016//4733 4120//4841 4119//4840 
f 4016//4733 4017//4734 4121//4842 4120//4841 
f 4017//4734 4018//4735 4122//4843 4121//4842 
f 4018//4735 4019//4736 4123//4844 4122//4843 
f 4019//4736 4020//4737 4124//4845 4123//4844 
f 4020//4737 4021//4738 4125//4846 4124//4845 
f 4021//4738 4022//4739 4126//4847 4125//4846 
f 4022//4739 4023//4740 4127//4848 4126//4847 
f 4023//4740 4024//4741 4128//4849 4127//4848 
f 4024//4741 4025//4742 4129//4850 4128//4849 
f 4025//4742 4026//4743 4130//4851 4129//4850 
f 4026//4743 4027//4744 4131//4852 4130//4851 
f 4027//4744 4028//4745 4132//4853 4131//4852 
f 4028//4745 4029//4746 4133//4854 4132//4853 
f 4029//4746 4030//4747 4134//4855 4133//4854 
f 4030//4747 4031//4748 4135//4856 4134//4855 
f 4031//4748 4032//4749 4136//4857 4135//4856 
f 4032//4749 4033//4750 4137//4858 4136//4857 
f 4033//4750 4034//4751 4138//4859 4137//4858 
f 4034//4751 4035//4752 4139//4860 4138//4859 
f 4035//4752 4036//4753 4140//4861 4139//4860 
f 4036//4753 4037//4754 4141//4862 4140//4861 
f 4037//4754 4038//4755 4142//4863 4141//4862 
f 4038//4755 4039//4756 4143//4864 4142//4863 
f 4039//4756 4040//4757 4144//4865 4143//4864 
f 4040//4757 4041//4758 4145//4866 4144//4865 
f 4041//4758 4042//4759 4146//4867 4145//4866 
f 4042//4761 3940//4760 4044//4868 4146//4869 
f 4044//4763 4043//4762 4147//4870 4148//4871 
f 4043//4762 4045//4764 4149//4872 4147//4870 
f 4045//4764 4046//4765 4150//4873 4149//4872 
f 4046//4765 4047//4766 4151//4874 4150//4873 
f 4047//4766 4048//4767 4152//4875 4151//4874 
f 4048//4767 4049//4768 4153//4876 4152//4875 
f 4049//4768 4050//4769 4154//4877 4153//4876 
f 4050//4769 4051//4770 4155//4878 4154//4877 
f 4051//4770 4052//4771 4156//4879 4155//4878 
f 4052//4771 4053//4772 4157//4880 4156//4879 
f 4053//4772 4054//4773 4158//4881 4157//4880 
f 4054//4773 4055//4774 4159//4882 4158//4881 
f 4055//4774 4056//4775 4160//4883 4159//4882 
f 4056//4775 4057//4776 4161//4884 4160//4883 
f 4057//4776 4058//4777 4162//4885 4161//4884 
f 4058//4777 4059//4778 4163//4886 4162//4885 
f 4059//4778 4060//4779 4164//4887 4163//4886 
f 4060//4779 4061//4780 4165//4888 4164//4887 
f 4061//4780 4062//4781 4166//4889 4165//4888 
f 4062//4781 4063//4782 4167//4890 4166//4889 
f 4063//4782 4064//4783 4168//4891 4167//4890 
f 4064//4783 4065//4784 4169//4892 4168//4891 
f 4065//4784 4066//4785 4170//4893 4169//4892 
f 4066//4785 4067//4786 4171//4894 4170//4893 
f 4067//4786 4068//4787 4172//4895 4171//4894 
f 4068//4787 4069//4788 4173//4896 4172//4895 
f 4069//4788 4070//4789 4174//4897 4173//4896 
f 4070//4789 4071//4790 4175//4898 4174//4897 
f 4071//4790 4072//4791 4176//4899 4175//4898 
f 4072//4791 4073//4792 4177//4900 4176//4899 
f 4073//4792 4074//4793 4178//4901 4177//4900 
f 4074//4793 4075//4794 4179//4902 4178//4901 
f 4075//4794 4076//4795 4180//4903 4179//4902 
f 4076//4795 4077//4796 4181//4904 4180//4903 
f 4077//4796 4078//4797 4182//4905 4181//4904 
f 4078//4797 4079//4798 4183//4906 4182//4905 
f 4079//4798 4080//4799 4184//4907 4183//4906 
f 4080//4799 4081//4800 4185//4908 4184//4907 
f 4081//4800 4082//4801 4186//4909 4185//4908 
f 4082//4801 4083//4802 4187//4910 4186//4909 
f 4083//4802 4084//4803 4188//4911 4187//4910 
f 4084//4803 4085//4804 4189//4912 4188//4911 
f 4085//4804 4086//4805 4190//4913 4189//4912 
f 4086//4805 4087//4806 4191//4914 4190//4913 
f 4087//4806 4088//4807 4192//4915 4191//4914 
f 4088//4807 4089//4808 4193//4916 4192//4915 
f 4089//4808 4090//4809 4194//4917 4193//4916 
f 4090//4809 4091//4810 4195//4918 4194//4917 
f 4091//4810 4092//4811 4196//4919 4195//4918 
f 4092//4811 4093//4812 4197//4920 4196//4919 
f 4093//4812 4094//4813 4198//4921 4197//4920 
f 4094//4815 4095//4814 4199//4922 4198//4922 
f 4095//4817 4096//4816 4200//4923 4199//4924 
f 4096//4816 4097//4818 4201//4925 4200//4923 
f 4097//4818 4098//4819 4202//4926 4201//4925 
f 4098//4819 4099//4820 4203//4927 4202//4926 
f 4099//4820 4100//4821 4204//4928 4203//4927 
f 4100//4821 4101//4822 4205//4929 4204//4928 
f 4101//4822 4102//4823 4206//4930 4205//4929 
f 4102//4823 4103//4824 4207//4931 4206//4930 
f 4103//4824 4104//4825 4208//4932 4207//4931 
f 4104//4825 4105//4826 4209//4933 4208//4932 
f 4105//4826 4106//4827 4210//4934 4209//4933 
f 4106//4827 4107//4828 4211//4935 4210//4934 
f 4107//4828 4108//4829 4212//4936 4211//4935 
f 4108//4829 4109//4830 4213//4937 4212//4936 
f 4109//4830 4110//4831 4214//4938 4213//4937 
f 4110//4831 4111//4832 4215//4939 4214//4938 
f 4111//4832 4112//4833 4216//4940 4215//4939 
f 4112//4833 4113//4834 4217//4941 4216//4940 
f 4113//4834 4114//4835 4218//4942 4217//4941 
f 4114//4835 4115//4836 4219//4943 4218//4942 
f 4115//4836 4116//4837 4220//4944 4219//4943 
f 4116//4837 4117//4838 4221//4945 4220//4944 
f 4117//4838 4118//4839 4222//4946 4221//4945 
f 4118//4839 4119//4840 4223//4947 4222//4946 
f 4119//4840 4120//4841 4224//4948 4223//4947 
f 4120//4841 4121//4842 4225//4949 4224//4948 
f 4121//4842 4122//4843 4226//4950 4225//4949 
f 4122//4843 4123//4844 4227//4951 4226//4950 
f 4123//4844 4124//4845 4228//4952 4227//4951 
f 4124//4845 4125//4846 4229//4953 4228//4952 
f 4125//4846 4126//4847 4230//4954 4229//4953 
f 4126//4847 4127//4848 4231//4955 4230//4954 
f 4127//4848 4128//4849 4232//4956 4231//4955 
f 4128//4849 4129//4850 4233//4957 4232//4956 
f 4129//4850 4130//4851 4234//4958 4233//4957 
f 4130//4851 4131//4852 4235//4959 4234//4958 
f 4131//4852 4132//4853 4236//4960 4235//4959 
f 4132//4853 4133//4854 4237//4961 4236//4960 
f 4133//4854 4134//4855 4238//4962 4237//4961 
f 4134//4855 4135//4856 4239//4963 4238//4962 
f 4135//4856 4136//4857 4240//4964 4239//4963 
f 4136//4857 4137//4858 4241//4965 4240//4964 
f 4137//4858 4138//4859 4242//4966 4241//4965 
f 4138//4859 4139//4860 4243//4967 4242//4966 
f 4139//4860 4140//4861 4244//4968 4243//4967 
f 4140//4861 4141//4862 4245//4969 4244//4968 
f 4141//4862 4142//4863 4246//4970 4245//4969 
f 4142//4863 4143//4864 4247//4971 4246//4970 
f 4143//4864 4144//4865 4248//4972 4247//4971 
f 4144//4865 4145//4866 4249//4973 4248//4972 
f 4145//4866 4146//4867 4250//4974 4249//4973 
f 4146//4869 4044//4868 4148//4975 4250//4975 
f 4197//4976 4198//4976 4199//4976 4195//4976 
f 4195//4976 4199//4976 4200//4976 4201//4976 
f 4195//4976 4201//4976 4202//4976 4179//4976 
f 4179//4976 4202//4976 4203//4976 4204//4976 
f 4179//4976 4204//4976 4205//4976 4206//4976 
f 4179//4976 4206//4976 4207//4976 4208//4976 
f 4179//4976 4208//4976 4209//4976 4210//4976 
f 4179//4976 4210//4976 4211//4976 4212//4976 
f 4179//4976 4212//4976 4213//4976 4214//4976 
f 4179//4976 4214//4976 4215//4976 4216//4976 
f 4179//4976 4216//4976 4217//4976 4148//4976 
f 4148//4976 4217//4976 4218//4976 4219//4976 
f 4148//4976 4219//4976 4220//4976 4221//4976 
f 4148//4976 4221//4976 4222//4976 4223//4976 
f 4148//4976 4223//4976 4224//4976 4225//4976 
f 4148//4976 4225//4976 4226//4976 4227//4976 
f 4148//4976 4227//4976 4228//4976 4229//4976 
f 4148//4976 4229//4976 4230//4976 4231//4976 
f 4148//4976 4231//4976 4232//4976 4233//4976 
f 4148//4976 4233//4976 4234//4976 4235//4976 
f 4148//4976 4235//4976 4236//4976 4237//4976 
f 4148//4976 4237//4976 4238//4976 4239//4976 
f 4148//4976 4239//4976 4240//4976 4241//4976 
f 4148//4976 4241//4976 4242//4976 4243//4976 
f 4148//4976 4243//4976 4244//4976 4245//4976 
f 4148//4976 4245//4976 4246//4976 4247//4976 
f 4148//4976 4247//4976 4248//4976 4249//4976 
f 4249//4976 4250//4976 4148//4976 
f 4163//4976 4179//4976 4148//4976 4155//4976 
f 4151//4976 4155//4976 4148//4976 4149//4976 
f 4148//4976 4147//4976 4149//4976 
f 4149//4976 4150//4976 4151//4976 
f 4153//4976 4155//4976 4151//4976 4152//4976 
f 4153//4976 4154//4976 4155//4976 
f 4159//4976 4163//4976 4155//4976 4157//4976 
f 4155//4976 4156//4976 4157//4976 
f 4157//4976 4158//4976 4159//4976 
f 4161//4976 4163//4976 4159//4976 4160//4976 
f 4161//4976 4162//4976 4163//4976 
f 4171//4976 4179//4976 4163//4976 4167//4976 
f 4165//4976 4167//4976 4163//4976 4164//4976 
f 4165//4976 4166//4976 4167//4976 
f 4169//4976 4171//4976 4167//4976 4168//4976 
f 4169//4976 4170//4976 4171//4976 
f 4175//4976 4179//4976 4171//4976 4173//4976 
f 4171//4976 4172//4976 4173//4976 
f 4173//4976 4174//4976 4175//4976 
f 4177//4976 4179//4976 4175//4976 4176//4976 
f 4177//4976 4178//4976 4179//4976 
f 4187//4976 4195//4976 4179//4976 4183//4976 
f 4181//4976 4183//4976 4179//4976 4180//4976 
f 4181//4976 4182//4976 4183//4976 
f 4185//4976 4187//4976 4183//4976 4184//4976 
f 4185//4976 4186//4976 4187//4976 
f 4191//4976 4195//4976 4187//4976 4189//4976 
f 4187//4976 4188//4976 4189//4976 
f 4189//4976 4190//4976 4191//4976 
f 4193//4976 4195//4976 4191//4976 4192//4976 
f 4193//4976 4194//4976 4195//4976 
f 4197//4976 4195//4976 4196//4976 
f 2687//4977 2685//4977 2683//4977 2679//4977 
f 2683//4977 2681//4977 2679//4977 
f 2671//4977 2687//4977 2679//4977 2675//4977 
f 2679//4977 2677//4977 2675//4977 
f 2675//4977 2673//4977 2671//4977 
f 2655//4977 2687//4977 2671//4977 2663//4977 
f 2667//4977 2663//4977 2671//4977 2669//4977 
f 2667//4977 2665//4977 2663//4977 
f 2659//4977 2655//4977 2663//4977 2661//4977 
f 2659//4977 2657//4977 2655//4977 
f 2623//4977 2687//4977 2655//4977 2639//4977 
f 2647//4977 2639//4977 2655//4977 2651//4977 
f 2655//4977 2653//4977 2651//4977 
f 2651//4977 2649//4977 2647//4977 
f 2643//4977 2639//4977 2647//4977 2645//4977 
f 2643//4977 2641//4977 2639//4977 
f 2631//4977 2623//4977 2639//4977 2635//4977 
f 2639//4977 2637//4977 2635//4977 
f 2635//4977 2633//4977 2631//4977 
f 2627//4977 2623//4977 2631//4977 2629//4977 
f 2627//4977 2625//4977 2623//4977 
f 2759//4977 2687//4977 2623//4977 2761//4977 
f 2763//4977 2761//4977 2623//4977 2765//4977 
f 2767//4977 2765//4977 2623//4977 2769//4977 
f 2771//4977 2769//4977 2623//4977 2773//4977 
f 2775//4977 2773//4977 2623//4977 2777//4977 
f 2779//4977 2777//4977 2623//4977 2781//4977 
f 2783//4977 2781//4977 2623//4977 2785//4977 
f 2787//4977 2785//4977 2623//4977 2591//4977 
f 2607//4977 2591//4977 2623//4977 2615//4977 
f 2619//4977 2615//4977 2623//4977 2621//4977 
f 2619//4977 2617//4977 2615//4977 
f 2611//4977 2607//4977 2615//4977 2613//4977 
f 2611//4977 2609//4977 2607//4977 
f 2599//4977 2591//4977 2607//4977 2603//4977 
f 2607//4977 2605//4977 2603//4977 
f 2603//4977 2601//4977 2599//4977 
f 2595//4977 2591//4977 2599//4977 2597//4977 
f 2595//4977 2593//4977 2591//4977 
f 2789//4977 2787//4977 2591//4977 2791//4977 
f 2587//4977 2791//4977 2591//4977 2588//4977 
f 2587//4977 2793//4977 2791//4977 
f 2687//4977 2759//4977 2757//4977 2755//4977 
f 2687//4977 2755//4977 2753//4977 2751//4977 
f 2687//4977 2751//4977 2749//4977 2747//4977 
f 2687//4977 2747//4977 2745//4977 2743//4977 
f 2687//4977 2743//4977 2741//4977 2739//4977 
f 2687//4977 2739//4977 2737//4977 2735//4977 
f 2687//4977 2735//4977 2733//4977 2731//4977 
f 2687//4977 2731//4977 2729//4977 2727//4977 
f 2687//4977 2727//4977 2725//4977 2723//4977 
f 2687//4977 2723//4977 2721//4977 2719//4977 
f 2687//4977 2719//4977 2717//4977 2715//4977 
f 2687//4977 2715//4977 2713//4977 2711//4977 
f 2687//4977 2711//4977 2709//4977 2707//4977 
f 2687//4977 2707//4977 2705//4977 2703//4977 
f 2687//4977 2703//4977 2701//4977 2699//4977 
f 2687//4977 2699//4977 2697//4977 2695//4977 
f 2687//4977 2695//4977 2693//4977 2691//4977 
f 2687//4977 2691//4977 2689//4977 
# 1644 polygons - 36 triangles

