# 3ds Max Wavefront OBJ Exporter v0.97b - (c)2007 guruware
# File Created: 17.09.2015 19:35:28

mtllib Van gogh Bible.mtl

#
# object Sphere001
#

v  -2.9153 518.0638 -60.6362
v  -22.6329 508.1094 -159.7635
v  -2.9153 508.1094 -161.7055
v  -41.5928 508.1094 -154.0120
v  -59.0664 508.1094 -144.6722
v  -74.3820 508.1094 -132.1030
v  -86.9513 508.1094 -116.7873
v  -96.2911 508.1094 -99.3137
v  -102.0425 508.1094 -80.3538
v  -103.9845 508.1094 -60.6362
v  -102.0425 508.1094 -40.9186
v  -96.2911 508.1094 -21.9587
v  -86.9513 508.1094 -4.4851
v  -74.3820 508.1094 10.8306
v  -59.0663 508.1094 23.3998
v  -41.5927 508.1094 32.7396
v  -22.6328 508.1094 38.4910
v  -2.9152 508.1094 40.4330
v  16.8024 508.1094 38.4910
v  35.7623 508.1094 32.7395
v  53.2359 508.1094 23.3997
v  68.5515 508.1094 10.8304
v  81.1208 508.1094 -4.4853
v  90.4606 508.1094 -21.9588
v  96.2120 508.1094 -40.9188
v  98.1539 508.1094 -60.6364
v  96.2119 508.1094 -80.3540
v  90.4604 508.1094 -99.3139
v  81.1206 508.1094 -116.7875
v  68.5513 508.1094 -132.1031
v  53.2356 508.1094 -144.6723
v  35.7620 508.1094 -154.0121
v  16.8021 508.1094 -159.7635
v  -41.5928 478.6286 -255.0813
v  -2.9153 478.6286 -258.8907
v  -78.7840 478.6286 -243.7995
v  -113.0596 478.6286 -225.4788
v  -143.1024 478.6286 -200.8233
v  -167.7579 478.6286 -170.7805
v  -186.0786 478.6286 -136.5049
v  -197.3604 478.6286 -99.3137
v  -201.1698 478.6286 -60.6362
v  -197.3603 478.6286 -21.9586
v  -186.0785 478.6286 15.2326
v  -167.7578 478.6286 49.5081
v  -143.1023 478.6286 79.5509
v  -113.0595 478.6286 104.2064
v  -78.7838 478.6286 122.5271
v  -41.5927 478.6286 133.8089
v  -2.9151 478.6286 137.6182
v  35.7624 478.6286 133.8088
v  72.9536 478.6286 122.5269
v  107.2292 478.6286 104.2062
v  137.2719 478.6286 79.5507
v  161.9274 478.6286 49.5078
v  180.2480 478.6286 15.2322
v  191.5298 478.6286 -21.9590
v  195.3392 478.6286 -60.6365
v  191.5297 478.6286 -99.3141
v  180.2478 478.6286 -136.5052
v  161.9270 478.6286 -170.7808
v  137.2715 478.6286 -200.8236
v  107.2286 478.6286 -225.4790
v  72.9530 478.6286 -243.7996
v  35.7618 478.6286 -255.0814
v  -59.0664 430.7543 -342.9267
v  -2.9153 430.7543 -348.4571
v  -113.0596 430.7543 -326.5480
v  -162.8200 430.7543 -299.9506
v  -206.4354 430.7543 -264.1563
v  -242.2296 430.7543 -220.5409
v  -268.8271 430.7543 -170.7805
v  -285.2057 430.7543 -116.7872
v  -290.7361 430.7543 -60.6361
v  -285.2057 430.7543 -4.4851
v  -268.8270 430.7543 49.5082
v  -242.2295 430.7543 99.2686
v  -206.4353 430.7543 142.8840
v  -162.8198 430.7543 178.6782
v  -113.0594 430.7543 205.2757
v  -59.0661 430.7543 221.6543
v  -2.9150 430.7543 227.1846
v  53.2361 430.7543 221.6542
v  107.2293 430.7543 205.2755
v  156.9897 430.7543 178.6779
v  200.6050 430.7543 142.8836
v  236.3992 430.7543 99.2681
v  262.9966 430.7543 49.5077
v  279.3752 430.7543 -4.4856
v  284.9056 430.7543 -60.6367
v  279.3751 430.7543 -116.7878
v  262.9963 430.7543 -170.7810
v  236.3987 430.7543 -220.5414
v  200.6044 430.7543 -264.1567
v  156.9889 430.7543 -299.9509
v  107.2284 430.7543 -326.5483
v  53.2352 430.7543 -342.9268
v  -74.3820 366.3264 -419.9238
v  -2.9153 366.3264 -426.9627
v  -143.1023 366.3264 -399.0778
v  -206.4353 366.3264 -365.2256
v  -261.9472 366.3264 -319.6682
v  -307.5046 366.3264 -264.1563
v  -341.3568 366.3264 -200.8232
v  -362.2029 366.3264 -132.1029
v  -369.2418 366.3264 -60.6361
v  -362.2029 366.3264 10.8307
v  -341.3568 366.3264 79.5510
v  -307.5045 366.3264 142.8840
v  -261.9471 366.3264 198.3958
v  -206.4352 366.3264 243.9532
v  -143.1021 366.3264 277.8054
v  -74.3817 366.3264 298.6514
v  -2.9149 366.3264 305.6902
v  68.5518 366.3264 298.6513
v  137.2721 366.3264 277.8051
v  200.6051 366.3264 243.9528
v  256.1169 366.3264 198.3954
v  301.6743 366.3264 142.8834
v  335.5264 366.3264 79.5503
v  356.3724 366.3264 10.8300
v  363.4111 366.3264 -60.6368
v  356.3722 366.3264 -132.1036
v  335.5259 366.3264 -200.8239
v  301.6736 366.3264 -264.1569
v  256.1161 366.3264 -319.6686
v  200.6042 366.3264 -365.2260
v  137.2711 366.3264 -399.0780
v  68.5507 366.3264 -419.9240
v  -86.9513 287.8208 -483.1138
v  -2.9153 287.8208 -491.3906
v  -167.7578 287.8208 -458.6014
v  -242.2296 287.8208 -418.7954
v  -307.5046 287.8208 -365.2256
v  -361.0745 287.8208 -299.9505
v  -400.8805 287.8208 -225.4787
v  -425.3928 287.8208 -144.6721
v  -433.6697 287.8208 -60.6361
v  -425.3928 287.8208 23.3999
v  -400.8804 287.8208 104.2065
v  -361.0743 287.8208 178.6783
v  -307.5045 287.8208 243.9533
v  -242.2294 287.8208 297.5231
v  -167.7575 287.8208 337.3290
v  -86.9509 287.8208 361.8414
v  -2.9149 287.8208 370.1181
v  81.1212 287.8208 361.8412
v  161.9277 287.8208 337.3287
v  236.3994 287.8208 297.5226
v  301.6744 287.8208 243.9527
v  355.2442 287.8208 178.6776
v  395.0501 287.8208 104.2057
v  419.5624 287.8208 23.3991
v  427.8391 287.8208 -60.6369
v  419.5621 287.8208 -144.6729
v  395.0496 287.8208 -225.4795
v  355.2434 287.8208 -299.9512
v  301.6735 287.8208 -365.2261
v  236.3983 287.8208 -418.7959
v  161.9264 287.8208 -458.6017
v  81.1198 287.8208 -483.1140
v  -96.2911 198.2544 -530.0681
v  -2.9153 198.2544 -539.2648
v  -186.0785 198.2544 -502.8314
v  -268.8271 198.2544 -458.6013
v  -341.3568 198.2544 -399.0777
v  -400.8804 198.2544 -326.5480
v  -445.1105 198.2544 -243.7994
v  -472.3472 198.2544 -154.0119
v  -481.5439 198.2544 -60.6361
v  -472.3471 198.2544 32.7398
v  -445.1104 198.2544 122.5272
v  -400.8802 198.2544 205.2758
v  -341.3566 198.2544 277.8055
v  -268.8268 198.2544 337.3291
v  -186.0782 198.2544 381.5591
v  -96.2907 198.2544 408.7957
v  -2.9148 198.2544 417.9923
v  90.4610 198.2544 408.7955
v  180.2484 198.2544 381.5587
v  262.9969 198.2544 337.3286
v  335.5266 198.2544 277.8048
v  395.0502 198.2544 205.2750
v  439.2801 198.2544 122.5264
v  466.5167 198.2544 32.7389
v  475.7133 198.2544 -60.6370
v  466.5164 198.2544 -154.0128
v  439.2795 198.2544 -243.8002
v  395.0493 198.2544 -326.5488
v  335.5256 198.2544 -399.0784
v  262.9957 198.2544 -458.6019
v  180.2470 198.2544 -502.8318
v  90.4595 198.2544 -530.0683
v  -102.0425 101.0693 -558.9824
v  -2.9153 101.0693 -568.7456
v  -197.3603 101.0693 -530.0681
v  -285.2057 101.0693 -483.1138
v  -362.2029 101.0693 -419.9238
v  -425.3928 101.0693 -342.9266
v  -472.3472 101.0693 -255.0812
v  -501.2615 101.0693 -159.7633
v  -511.0247 101.0693 -60.6361
v  -501.2615 101.0693 38.4912
v  -472.3470 101.0693 133.8090
v  -425.3926 101.0693 221.6544
v  -362.2026 101.0693 298.6516
v  -285.2054 101.0693 361.8415
v  -197.3600 101.0693 408.7958
v  -102.0421 101.0693 437.7101
v  -2.9148 101.0693 447.4731
v  96.2124 101.0693 437.7099
v  191.5303 101.0693 408.7954
v  279.3757 101.0693 361.8409
v  356.3727 101.0693 298.6509
v  419.5626 101.0693 221.6537
v  466.5168 101.0693 133.8081
v  495.4310 101.0693 38.4902
v  505.1941 101.0693 -60.6370
v  495.4307 101.0693 -159.7643
v  466.5162 101.0693 -255.0821
v  419.5617 101.0693 -342.9275
v  356.3716 101.0693 -419.9245
v  279.3743 101.0693 -483.1143
v  191.5288 101.0693 -530.0685
v  96.2108 101.0693 -558.9827
v  -103.9845 0.0000 -568.7456
v  -2.9153 0.0000 -578.7001
v  -201.1697 0.0000 -539.2648
v  -290.7361 0.0000 -491.3906
v  -369.2418 0.0000 -426.9627
v  -433.6697 0.0000 -348.4571
v  -481.5439 0.0000 -258.8906
v  -511.0247 0.0000 -161.7054
v  -520.9791 0.0000 -60.6361
v  -511.0247 0.0000 40.4332
v  -481.5438 0.0000 137.6185
v  -433.6695 0.0000 227.1849
v  -369.2415 0.0000 305.6905
v  -290.7358 0.0000 370.1183
v  -201.1694 0.0000 417.9925
v  -103.9841 0.0000 447.4732
v  -2.9148 0.0000 457.4276
v  98.1545 0.0000 447.4731
v  195.3397 0.0000 417.9921
v  284.9061 0.0000 370.1178
v  363.4116 0.0000 305.6898
v  427.8394 0.0000 227.1841
v  475.7136 0.0000 137.6175
v  505.1942 0.0000 40.4322
v  515.1486 0.0000 -60.6371
v  505.1939 0.0000 -161.7063
v  475.7130 0.0000 -258.8915
v  427.8385 0.0000 -348.4579
v  363.4105 0.0000 -426.9634
v  284.9047 0.0000 -491.3911
v  195.3382 0.0000 -539.2653
v  98.1528 0.0000 -568.7458
v  -102.0425 -101.0692 -558.9824
v  -2.9153 -101.0692 -568.7456
v  -197.3603 -101.0692 -530.0681
v  -285.2057 -101.0692 -483.1138
v  -362.2029 -101.0692 -419.9238
v  -425.3928 -101.0692 -342.9267
v  -472.3472 -101.0692 -255.0812
v  -501.2615 -101.0692 -159.7633
v  -511.0247 -101.0692 -60.6361
v  -501.2615 -101.0692 38.4912
v  -472.3470 -101.0692 133.8091
v  -425.3926 -101.0692 221.6545
v  -362.2027 -101.0692 298.6516
v  -285.2054 -101.0692 361.8415
v  -197.3600 -101.0692 408.7958
v  -102.0421 -101.0692 437.7101
v  -2.9148 -101.0692 447.4732
v  96.2125 -101.0692 437.7099
v  191.5303 -101.0692 408.7954
v  279.3757 -101.0692 361.8410
v  356.3727 -101.0692 298.6509
v  419.5626 -101.0692 221.6537
v  466.5168 -101.0692 133.8081
v  495.4311 -101.0692 38.4902
v  505.1941 -101.0692 -60.6370
v  495.4308 -101.0692 -159.7643
v  466.5162 -101.0692 -255.0821
v  419.5617 -101.0692 -342.9275
v  356.3716 -101.0692 -419.9245
v  279.3743 -101.0692 -483.1143
v  191.5288 -101.0692 -530.0685
v  96.2108 -101.0692 -558.9827
v  -96.2911 -198.2544 -530.0681
v  -2.9153 -198.2544 -539.2648
v  -186.0785 -198.2544 -502.8314
v  -268.8271 -198.2544 -458.6014
v  -341.3568 -198.2544 -399.0778
v  -400.8804 -198.2544 -326.5480
v  -445.1105 -198.2544 -243.7994
v  -472.3472 -198.2544 -154.0119
v  -481.5439 -198.2544 -60.6361
v  -472.3472 -198.2544 32.7398
v  -445.1104 -198.2544 122.5272
v  -400.8803 -198.2544 205.2758
v  -341.3566 -198.2544 277.8055
v  -268.8268 -198.2544 337.3291
v  -186.0782 -198.2544 381.5591
v  -96.2907 -198.2544 408.7957
v  -2.9148 -198.2544 417.9924
v  90.4610 -198.2544 408.7956
v  180.2484 -198.2544 381.5587
v  262.9970 -198.2544 337.3286
v  335.5267 -198.2544 277.8049
v  395.0502 -198.2544 205.2750
v  439.2802 -198.2544 122.5264
v  466.5167 -198.2544 32.7389
v  475.7133 -198.2544 -60.6370
v  466.5164 -198.2544 -154.0128
v  439.2795 -198.2544 -243.8002
v  395.0493 -198.2544 -326.5488
v  335.5256 -198.2544 -399.0784
v  262.9957 -198.2544 -458.6019
v  180.2470 -198.2544 -502.8318
v  90.4595 -198.2544 -530.0684
v  -86.9513 -287.8208 -483.1138
v  -2.9153 -287.8208 -491.3906
v  -167.7578 -287.8208 -458.6014
v  -242.2296 -287.8208 -418.7954
v  -307.5046 -287.8208 -365.2256
v  -361.0745 -287.8208 -299.9505
v  -400.8805 -287.8208 -225.4787
v  -425.3928 -287.8208 -144.6721
v  -433.6697 -287.8208 -60.6361
v  -425.3928 -287.8208 23.3999
v  -400.8804 -287.8208 104.2065
v  -361.0743 -287.8208 178.6783
v  -307.5045 -287.8208 243.9533
v  -242.2294 -287.8208 297.5231
v  -167.7575 -287.8208 337.3290
v  -86.9509 -287.8208 361.8414
v  -2.9149 -287.8208 370.1181
v  81.1212 -287.8208 361.8412
v  161.9277 -287.8208 337.3287
v  236.3994 -287.8208 297.5226
v  301.6744 -287.8208 243.9527
v  355.2442 -287.8208 178.6776
v  395.0501 -287.8208 104.2057
v  419.5624 -287.8208 23.3991
v  427.8391 -287.8208 -60.6369
v  419.5621 -287.8208 -144.6729
v  395.0496 -287.8208 -225.4795
v  355.2434 -287.8208 -299.9512
v  301.6735 -287.8208 -365.2261
v  236.3983 -287.8208 -418.7959
v  161.9264 -287.8208 -458.6017
v  81.1198 -287.8208 -483.1140
v  -74.3820 -366.3264 -419.9238
v  -2.9153 -366.3264 -426.9627
v  -143.1023 -366.3264 -399.0778
v  -206.4353 -366.3264 -365.2256
v  -261.9472 -366.3264 -319.6682
v  -307.5046 -366.3264 -264.1563
v  -341.3568 -366.3264 -200.8232
v  -362.2029 -366.3264 -132.1029
v  -369.2418 -366.3264 -60.6361
v  -362.2029 -366.3264 10.8307
v  -341.3568 -366.3264 79.5510
v  -307.5045 -366.3264 142.8840
v  -261.9471 -366.3264 198.3958
v  -206.4352 -366.3264 243.9532
v  -143.1021 -366.3264 277.8054
v  -74.3817 -366.3264 298.6514
v  -2.9149 -366.3264 305.6902
v  68.5518 -366.3264 298.6513
v  137.2721 -366.3264 277.8051
v  200.6051 -366.3264 243.9528
v  256.1169 -366.3264 198.3954
v  301.6743 -366.3264 142.8834
v  335.5264 -366.3264 79.5503
v  356.3724 -366.3264 10.8300
v  363.4111 -366.3264 -60.6368
v  356.3722 -366.3264 -132.1036
v  335.5259 -366.3264 -200.8239
v  301.6736 -366.3264 -264.1569
v  256.1161 -366.3264 -319.6686
v  200.6042 -366.3264 -365.2260
v  137.2711 -366.3264 -399.0780
v  68.5507 -366.3264 -419.9240
v  -59.0664 -430.7544 -342.9267
v  -2.9153 -430.7544 -348.4571
v  -113.0596 -430.7544 -326.5480
v  -162.8200 -430.7544 -299.9505
v  -206.4354 -430.7544 -264.1563
v  -242.2296 -430.7544 -220.5409
v  -268.8271 -430.7544 -170.7805
v  -285.2057 -430.7544 -116.7872
v  -290.7361 -430.7544 -60.6361
v  -285.2057 -430.7544 -4.4851
v  -268.8270 -430.7544 49.5082
v  -242.2295 -430.7544 99.2686
v  -206.4352 -430.7544 142.8840
v  -162.8198 -430.7544 178.6782
v  -113.0593 -430.7544 205.2756
v  -59.0661 -430.7544 221.6542
v  -2.9150 -430.7544 227.1846
v  53.2361 -430.7544 221.6541
v  107.2293 -430.7544 205.2754
v  156.9897 -430.7544 178.6779
v  200.6050 -430.7544 142.8836
v  236.3992 -430.7544 99.2681
v  262.9966 -430.7544 49.5076
v  279.3752 -430.7544 -4.4856
v  284.9055 -430.7544 -60.6367
v  279.3751 -430.7544 -116.7878
v  262.9963 -430.7544 -170.7810
v  236.3987 -430.7544 -220.5414
v  200.6044 -430.7544 -264.1567
v  156.9889 -430.7544 -299.9508
v  107.2284 -430.7544 -326.5482
v  53.2351 -430.7544 -342.9268
v  -41.5928 -478.6286 -255.0812
v  -2.9153 -478.6286 -258.8906
v  -78.7840 -478.6286 -243.7994
v  -113.0595 -478.6286 -225.4787
v  -143.1023 -478.6286 -200.8232
v  -167.7578 -478.6286 -170.7804
v  -186.0785 -478.6286 -136.5049
v  -197.3603 -478.6286 -99.3137
v  -201.1697 -478.6286 -60.6362
v  -197.3602 -478.6286 -21.9586
v  -186.0784 -478.6286 15.2325
v  -167.7577 -478.6286 49.5081
v  -143.1022 -478.6286 79.5509
v  -113.0594 -478.6286 104.2063
v  -78.7838 -478.6286 122.5270
v  -41.5926 -478.6286 133.8088
v  -2.9151 -478.6286 137.6181
v  35.7624 -478.6286 133.8087
v  72.9536 -478.6286 122.5268
v  107.2291 -478.6286 104.2061
v  137.2719 -478.6286 79.5506
v  161.9273 -478.6286 49.5078
v  180.2480 -478.6286 15.2322
v  191.5297 -478.6286 -21.9590
v  195.3391 -478.6286 -60.6365
v  191.5296 -478.6286 -99.3141
v  180.2477 -478.6286 -136.5052
v  161.9270 -478.6286 -170.7808
v  137.2714 -478.6286 -200.8235
v  107.2286 -478.6286 -225.4789
v  72.9530 -478.6286 -243.7995
v  35.7618 -478.6286 -255.0813
v  -22.6329 -508.1094 -159.7633
v  -2.9153 -508.1094 -161.7054
v  -41.5928 -508.1094 -154.0119
v  -59.0663 -508.1094 -144.6721
v  -74.3820 -508.1094 -132.1029
v  -86.9512 -508.1094 -116.7872
v  -96.2910 -508.1094 -99.3137
v  -102.0424 -508.1094 -80.3538
v  -103.9844 -508.1094 -60.6362
v  -102.0424 -508.1094 -40.9186
v  -96.2910 -508.1094 -21.9587
v  -86.9512 -508.1094 -4.4852
v  -74.3819 -508.1094 10.8305
v  -59.0662 -508.1094 23.3997
v  -41.5927 -508.1094 32.7395
v  -22.6328 -508.1094 38.4909
v  -2.9152 -508.1094 40.4329
v  16.8024 -508.1094 38.4909
v  35.7623 -508.1094 32.7394
v  53.2358 -508.1094 23.3996
v  68.5515 -508.1094 10.8303
v  81.1207 -508.1094 -4.4853
v  90.4604 -508.1094 -21.9589
v  96.2118 -508.1094 -40.9188
v  98.1538 -508.1094 -60.6364
v  96.2118 -508.1094 -80.3540
v  90.4603 -508.1094 -99.3139
v  81.1205 -508.1094 -116.7874
v  68.5512 -508.1094 -132.1030
v  53.2355 -508.1094 -144.6722
v  35.7620 -508.1094 -154.0120
v  16.8021 -508.1094 -159.7634
v  -2.9153 -518.0638 -60.6362
# 482 vertices

vn -0.0000 -1.0000 0.0000
vn 0.0392 -0.9796 0.1971
vn 0.0000 -0.9796 0.2010
vn 0.0769 -0.9796 0.1857
vn 0.1117 -0.9796 0.1671
vn 0.1421 -0.9796 0.1421
vn 0.1671 -0.9796 0.1117
vn 0.1857 -0.9796 0.0769
vn 0.1971 -0.9796 0.0392
vn 0.2010 -0.9796 -0.0000
vn 0.1971 -0.9796 -0.0392
vn 0.1857 -0.9796 -0.0769
vn 0.1671 -0.9796 -0.1117
vn 0.1421 -0.9796 -0.1421
vn 0.1117 -0.9796 -0.1671
vn 0.0769 -0.9796 -0.1857
vn 0.0392 -0.9796 -0.1971
vn -0.0000 -0.9796 -0.2010
vn -0.0392 -0.9796 -0.1971
vn -0.0769 -0.9796 -0.1857
vn -0.1117 -0.9796 -0.1671
vn -0.1421 -0.9796 -0.1421
vn -0.1671 -0.9796 -0.1117
vn -0.1857 -0.9796 -0.0769
vn -0.1971 -0.9796 -0.0392
vn -0.2010 -0.9796 0.0000
vn -0.1971 -0.9796 0.0392
vn -0.1857 -0.9796 0.0769
vn -0.1671 -0.9796 0.1117
vn -0.1421 -0.9796 0.1421
vn -0.1117 -0.9796 0.1671
vn -0.0769 -0.9796 0.1857
vn -0.0392 -0.9796 0.1971
vn 0.0757 -0.9217 0.3804
vn 0.0000 -0.9217 0.3879
vn 0.1484 -0.9217 0.3584
vn 0.2155 -0.9217 0.3225
vn 0.2743 -0.9217 0.2743
vn 0.3225 -0.9217 0.2155
vn 0.3584 -0.9217 0.1484
vn 0.3804 -0.9217 0.0757
vn 0.3879 -0.9217 -0.0000
vn 0.3804 -0.9217 -0.0757
vn 0.3584 -0.9217 -0.1484
vn 0.3225 -0.9217 -0.2155
vn 0.2743 -0.9217 -0.2743
vn 0.2155 -0.9217 -0.3225
vn 0.1484 -0.9217 -0.3584
vn 0.0757 -0.9217 -0.3804
vn -0.0000 -0.9217 -0.3879
vn -0.0757 -0.9217 -0.3804
vn -0.1484 -0.9217 -0.3584
vn -0.2155 -0.9217 -0.3225
vn -0.2743 -0.9217 -0.2743
vn -0.3225 -0.9217 -0.2155
vn -0.3584 -0.9217 -0.1484
vn -0.3804 -0.9217 -0.0757
vn -0.3879 -0.9217 0.0000
vn -0.3804 -0.9217 0.0757
vn -0.3584 -0.9217 0.1484
vn -0.3225 -0.9217 0.2155
vn -0.2743 -0.9217 0.2743
vn -0.2155 -0.9217 0.3225
vn -0.1484 -0.9217 0.3584
vn -0.0757 -0.9217 0.3804
vn 0.1092 -0.8286 0.5490
vn 0.0000 -0.8286 0.5598
vn 0.2142 -0.8286 0.5172
vn 0.3110 -0.8286 0.4654
vn 0.3958 -0.8286 0.3958
vn 0.4654 -0.8286 0.3110
vn 0.5172 -0.8286 0.2142
vn 0.5490 -0.8286 0.1092
vn 0.5598 -0.8286 -0.0000
vn 0.5490 -0.8286 -0.1092
vn 0.5172 -0.8286 -0.2142
vn 0.4654 -0.8286 -0.3110
vn 0.3958 -0.8286 -0.3958
vn 0.3110 -0.8286 -0.4654
vn 0.2142 -0.8286 -0.5172
vn 0.1092 -0.8286 -0.5490
vn -0.0000 -0.8286 -0.5598
vn -0.1092 -0.8286 -0.5490
vn -0.2142 -0.8286 -0.5172
vn -0.3110 -0.8286 -0.4654
vn -0.3958 -0.8286 -0.3958
vn -0.4654 -0.8286 -0.3110
vn -0.5172 -0.8286 -0.2142
vn -0.5490 -0.8286 -0.1092
vn -0.5598 -0.8286 0.0000
vn -0.5490 -0.8286 0.1092
vn -0.5172 -0.8286 0.2142
vn -0.4654 -0.8286 0.3110
vn -0.3958 -0.8286 0.3958
vn -0.3110 -0.8286 0.4654
vn -0.2142 -0.8286 0.5172
vn -0.1092 -0.8286 0.5490
vn 0.1385 -0.7041 0.6965
vn 0.0000 -0.7041 0.7101
vn 0.2718 -0.7041 0.6561
vn 0.3945 -0.7041 0.5905
vn 0.5021 -0.7041 0.5021
vn 0.5905 -0.7041 0.3945
vn 0.6561 -0.7041 0.2718
vn 0.6965 -0.7041 0.1385
vn 0.7101 -0.7041 -0.0000
vn 0.6965 -0.7041 -0.1385
vn 0.6561 -0.7041 -0.2718
vn 0.5905 -0.7041 -0.3945
vn 0.5021 -0.7041 -0.5021
vn 0.3945 -0.7041 -0.5905
vn 0.2718 -0.7041 -0.6561
vn 0.1385 -0.7041 -0.6965
vn -0.0000 -0.7041 -0.7101
vn -0.1385 -0.7041 -0.6965
vn -0.2718 -0.7041 -0.6561
vn -0.3945 -0.7041 -0.5905
vn -0.5021 -0.7041 -0.5021
vn -0.5905 -0.7041 -0.3945
vn -0.6561 -0.7041 -0.2718
vn -0.6965 -0.7041 -0.1385
vn -0.7101 -0.7041 0.0000
vn -0.6965 -0.7041 0.1385
vn -0.6561 -0.7041 0.2718
vn -0.5905 -0.7041 0.3945
vn -0.5021 -0.7041 0.5021
vn -0.3945 -0.7041 0.5905
vn -0.2718 -0.7041 0.6561
vn -0.1385 -0.7041 0.6965
vn 0.1626 -0.5528 0.8173
vn 0.0000 -0.5528 0.8333
vn 0.3189 -0.5528 0.7699
vn 0.4630 -0.5528 0.6929
vn 0.5893 -0.5528 0.5893
vn 0.6929 -0.5528 0.4630
vn 0.7699 -0.5528 0.3189
vn 0.8173 -0.5528 0.1626
vn 0.8333 -0.5528 -0.0000
vn 0.8173 -0.5528 -0.1626
vn 0.7699 -0.5528 -0.3189
vn 0.6929 -0.5528 -0.4630
vn 0.5893 -0.5528 -0.5893
vn 0.4630 -0.5528 -0.6929
vn 0.3189 -0.5528 -0.7699
vn 0.1626 -0.5528 -0.8173
vn -0.0000 -0.5528 -0.8333
vn -0.1626 -0.5528 -0.8173
vn -0.3189 -0.5528 -0.7699
vn -0.4630 -0.5528 -0.6929
vn -0.5893 -0.5528 -0.5893
vn -0.6929 -0.5528 -0.4630
vn -0.7699 -0.5528 -0.3189
vn -0.8173 -0.5528 -0.1626
vn -0.8333 -0.5528 0.0000
vn -0.8173 -0.5528 0.1626
vn -0.7699 -0.5528 0.3189
vn -0.6929 -0.5528 0.4630
vn -0.5893 -0.5528 0.5893
vn -0.4630 -0.5528 0.6929
vn -0.3189 -0.5528 0.7699
vn -0.1626 -0.5528 0.8173
vn 0.1804 -0.3805 0.9070
vn 0.0000 -0.3805 0.9248
vn 0.3539 -0.3805 0.8544
vn 0.5138 -0.3805 0.7689
vn 0.6539 -0.3805 0.6539
vn 0.7689 -0.3805 0.5138
vn 0.8544 -0.3805 0.3539
vn 0.9070 -0.3805 0.1804
vn 0.9248 -0.3805 -0.0000
vn 0.9070 -0.3805 -0.1804
vn 0.8544 -0.3805 -0.3539
vn 0.7689 -0.3805 -0.5138
vn 0.6539 -0.3805 -0.6539
vn 0.5138 -0.3805 -0.7689
vn 0.3539 -0.3805 -0.8544
vn 0.1804 -0.3805 -0.9070
vn -0.0000 -0.3805 -0.9248
vn -0.1804 -0.3805 -0.9070
vn -0.3539 -0.3805 -0.8544
vn -0.5138 -0.3805 -0.7689
vn -0.6539 -0.3805 -0.6539
vn -0.7689 -0.3805 -0.5138
vn -0.8544 -0.3805 -0.3539
vn -0.9070 -0.3805 -0.1804
vn -0.9248 -0.3805 0.0000
vn -0.9070 -0.3805 0.1804
vn -0.8544 -0.3805 0.3539
vn -0.7689 -0.3805 0.5138
vn -0.6539 -0.3805 0.6539
vn -0.5138 -0.3805 0.7689
vn -0.3539 -0.3805 0.8544
vn -0.1804 -0.3805 0.9070
vn 0.1914 -0.1939 0.9622
vn 0.0000 -0.1939 0.9810
vn 0.3754 -0.1939 0.9063
vn 0.5450 -0.1939 0.8157
vn 0.6937 -0.1939 0.6937
vn 0.8157 -0.1939 0.5450
vn 0.9063 -0.1939 0.3754
vn 0.9622 -0.1939 0.1914
vn 0.9810 -0.1939 -0.0000
vn 0.9622 -0.1939 -0.1914
vn 0.9063 -0.1939 -0.3754
vn 0.8157 -0.1939 -0.5450
vn 0.6937 -0.1939 -0.6937
vn 0.5450 -0.1939 -0.8157
vn 0.3754 -0.1939 -0.9063
vn 0.1914 -0.1939 -0.9622
vn -0.0000 -0.1939 -0.9810
vn -0.1914 -0.1939 -0.9622
vn -0.3754 -0.1939 -0.9063
vn -0.5450 -0.1939 -0.8157
vn -0.6937 -0.1939 -0.6937
vn -0.8157 -0.1939 -0.5450
vn -0.9063 -0.1939 -0.3754
vn -0.9622 -0.1939 -0.1914
vn -0.9810 -0.1939 0.0000
vn -0.9622 -0.1939 0.1914
vn -0.9063 -0.1939 0.3754
vn -0.8157 -0.1939 0.5450
vn -0.6937 -0.1939 0.6937
vn -0.5450 -0.1939 0.8157
vn -0.3754 -0.1939 0.9063
vn -0.1914 -0.1939 0.9622
vn 0.1951 -0.0000 0.9808
vn 0.0000 -0.0000 1.0000
vn 0.3827 -0.0000 0.9239
vn 0.5556 -0.0000 0.8315
vn 0.7071 -0.0000 0.7071
vn 0.8315 -0.0000 0.5556
vn 0.9239 -0.0000 0.3827
vn 0.9808 -0.0000 0.1951
vn 1.0000 -0.0000 -0.0000
vn 0.9808 -0.0000 -0.1951
vn 0.9239 -0.0000 -0.3827
vn 0.8315 -0.0000 -0.5556
vn 0.7071 -0.0000 -0.7071
vn 0.5556 -0.0000 -0.8315
vn 0.3827 -0.0000 -0.9239
vn 0.1951 -0.0000 -0.9808
vn -0.0000 -0.0000 -1.0000
vn -0.1951 -0.0000 -0.9808
vn -0.3827 -0.0000 -0.9239
vn -0.5556 -0.0000 -0.8315
vn -0.7071 -0.0000 -0.7071
vn -0.8315 -0.0000 -0.5556
vn -0.9239 -0.0000 -0.3827
vn -0.9808 -0.0000 -0.1951
vn -1.0000 -0.0000 0.0000
vn -0.9808 -0.0000 0.1951
vn -0.9239 -0.0000 0.3827
vn -0.8315 -0.0000 0.5556
vn -0.7071 -0.0000 0.7071
vn -0.5556 -0.0000 0.8315
vn -0.3827 -0.0000 0.9239
vn -0.1951 -0.0000 0.9808
vn 0.1914 0.1939 0.9622
vn 0.0000 0.1939 0.9810
vn 0.3754 0.1939 0.9063
vn 0.5450 0.1939 0.8157
vn 0.6937 0.1939 0.6937
vn 0.8157 0.1939 0.5450
vn 0.9063 0.1939 0.3754
vn 0.9622 0.1939 0.1914
vn 0.9810 0.1939 -0.0000
vn 0.9622 0.1939 -0.1914
vn 0.9063 0.1939 -0.3754
vn 0.8157 0.1939 -0.5450
vn 0.6937 0.1939 -0.6937
vn 0.5450 0.1939 -0.8157
vn 0.3754 0.1939 -0.9063
vn 0.1914 0.1939 -0.9622
vn -0.0000 0.1939 -0.9810
vn -0.1914 0.1939 -0.9622
vn -0.3754 0.1939 -0.9063
vn -0.5450 0.1939 -0.8157
vn -0.6937 0.1939 -0.6937
vn -0.8157 0.1939 -0.5450
vn -0.9063 0.1939 -0.3754
vn -0.9622 0.1939 -0.1914
vn -0.9810 0.1939 0.0000
vn -0.9622 0.1939 0.1914
vn -0.9063 0.1939 0.3754
vn -0.8157 0.1939 0.5450
vn -0.6937 0.1939 0.6937
vn -0.5450 0.1939 0.8157
vn -0.3754 0.1939 0.9063
vn -0.1914 0.1939 0.9622
vn 0.1804 0.3805 0.9070
vn 0.0000 0.3805 0.9248
vn 0.3539 0.3805 0.8544
vn 0.5138 0.3805 0.7689
vn 0.6539 0.3805 0.6539
vn 0.7689 0.3805 0.5138
vn 0.8544 0.3805 0.3539
vn 0.9070 0.3805 0.1804
vn 0.9248 0.3805 -0.0000
vn 0.9070 0.3805 -0.1804
vn 0.8544 0.3805 -0.3539
vn 0.7689 0.3805 -0.5138
vn 0.6539 0.3805 -0.6539
vn 0.5138 0.3805 -0.7689
vn 0.3539 0.3805 -0.8544
vn 0.1804 0.3805 -0.9070
vn -0.0000 0.3805 -0.9248
vn -0.1804 0.3805 -0.9070
vn -0.3539 0.3805 -0.8544
vn -0.5138 0.3805 -0.7689
vn -0.6539 0.3805 -0.6539
vn -0.7689 0.3805 -0.5138
vn -0.8544 0.3805 -0.3539
vn -0.9070 0.3805 -0.1804
vn -0.9248 0.3805 0.0000
vn -0.9070 0.3805 0.1804
vn -0.8544 0.3805 0.3539
vn -0.7689 0.3805 0.5138
vn -0.6539 0.3805 0.6539
vn -0.5138 0.3805 0.7689
vn -0.3539 0.3805 0.8544
vn -0.1804 0.3805 0.9070
vn 0.1626 0.5528 0.8173
vn 0.0000 0.5528 0.8333
vn 0.3189 0.5528 0.7699
vn 0.4630 0.5528 0.6929
vn 0.5893 0.5528 0.5893
vn 0.6929 0.5528 0.4630
vn 0.7699 0.5528 0.3189
vn 0.8173 0.5528 0.1626
vn 0.8333 0.5528 -0.0000
vn 0.8173 0.5528 -0.1626
vn 0.7699 0.5528 -0.3189
vn 0.6929 0.5528 -0.4630
vn 0.5893 0.5528 -0.5893
vn 0.4630 0.5528 -0.6929
vn 0.3189 0.5528 -0.7699
vn 0.1626 0.5528 -0.8173
vn -0.0000 0.5528 -0.8333
vn -0.1626 0.5528 -0.8173
vn -0.3189 0.5528 -0.7699
vn -0.4630 0.5528 -0.6929
vn -0.5893 0.5528 -0.5893
vn -0.6929 0.5528 -0.4630
vn -0.7699 0.5528 -0.3189
vn -0.8173 0.5528 -0.1626
vn -0.8333 0.5528 0.0000
vn -0.8173 0.5528 0.1626
vn -0.7699 0.5528 0.3189
vn -0.6929 0.5528 0.4630
vn -0.5893 0.5528 0.5893
vn -0.4630 0.5528 0.6929
vn -0.3189 0.5528 0.7699
vn -0.1626 0.5528 0.8173
vn 0.1385 0.7041 0.6965
vn 0.0000 0.7041 0.7101
vn 0.2718 0.7041 0.6561
vn 0.3945 0.7041 0.5905
vn 0.5021 0.7041 0.5021
vn 0.5905 0.7041 0.3945
vn 0.6561 0.7041 0.2718
vn 0.6965 0.7041 0.1385
vn 0.7101 0.7041 -0.0000
vn 0.6965 0.7041 -0.1385
vn 0.6561 0.7041 -0.2718
vn 0.5905 0.7041 -0.3945
vn 0.5021 0.7041 -0.5021
vn 0.3945 0.7041 -0.5905
vn 0.2718 0.7041 -0.6561
vn 0.1385 0.7041 -0.6965
vn -0.0000 0.7041 -0.7101
vn -0.1385 0.7041 -0.6965
vn -0.2718 0.7041 -0.6561
vn -0.3945 0.7041 -0.5905
vn -0.5021 0.7041 -0.5021
vn -0.5905 0.7041 -0.3945
vn -0.6561 0.7041 -0.2718
vn -0.6965 0.7041 -0.1385
vn -0.7101 0.7041 0.0000
vn -0.6965 0.7041 0.1385
vn -0.6561 0.7041 0.2718
vn -0.5905 0.7041 0.3945
vn -0.5021 0.7041 0.5021
vn -0.3945 0.7041 0.5905
vn -0.2718 0.7041 0.6561
vn -0.1385 0.7041 0.6965
vn 0.1092 0.8286 0.5490
vn 0.0000 0.8286 0.5598
vn 0.2142 0.8286 0.5172
vn 0.3110 0.8286 0.4654
vn 0.3958 0.8286 0.3958
vn 0.4654 0.8286 0.3110
vn 0.5172 0.8286 0.2142
vn 0.5490 0.8286 0.1092
vn 0.5598 0.8286 -0.0000
vn 0.5490 0.8286 -0.1092
vn 0.5172 0.8286 -0.2142
vn 0.4654 0.8286 -0.3110
vn 0.3958 0.8286 -0.3958
vn 0.3110 0.8286 -0.4654
vn 0.2142 0.8286 -0.5172
vn 0.1092 0.8286 -0.5490
vn -0.0000 0.8286 -0.5598
vn -0.1092 0.8286 -0.5490
vn -0.2142 0.8286 -0.5172
vn -0.3110 0.8286 -0.4654
vn -0.3958 0.8286 -0.3958
vn -0.4654 0.8286 -0.3110
vn -0.5172 0.8286 -0.2142
vn -0.5490 0.8286 -0.1092
vn -0.5598 0.8286 0.0000
vn -0.5490 0.8286 0.1092
vn -0.5172 0.8286 0.2142
vn -0.4654 0.8286 0.3110
vn -0.3958 0.8286 0.3958
vn -0.3110 0.8286 0.4654
vn -0.2142 0.8286 0.5172
vn -0.1092 0.8286 0.5490
vn 0.0757 0.9217 0.3804
vn 0.0000 0.9217 0.3879
vn 0.1484 0.9217 0.3584
vn 0.2155 0.9217 0.3225
vn 0.2743 0.9217 0.2743
vn 0.3225 0.9217 0.2155
vn 0.3584 0.9217 0.1484
vn 0.3804 0.9217 0.0757
vn 0.3879 0.9217 -0.0000
vn 0.3804 0.9217 -0.0757
vn 0.3584 0.9217 -0.1484
vn 0.3225 0.9217 -0.2155
vn 0.2743 0.9217 -0.2743
vn 0.2155 0.9217 -0.3225
vn 0.1484 0.9217 -0.3584
vn 0.0757 0.9217 -0.3804
vn -0.0000 0.9217 -0.3879
vn -0.0757 0.9217 -0.3804
vn -0.1484 0.9217 -0.3584
vn -0.2155 0.9217 -0.3225
vn -0.2743 0.9217 -0.2743
vn -0.3225 0.9217 -0.2155
vn -0.3584 0.9217 -0.1484
vn -0.3804 0.9217 -0.0757
vn -0.3879 0.9217 0.0000
vn -0.3804 0.9217 0.0757
vn -0.3584 0.9217 0.1484
vn -0.3225 0.9217 0.2155
vn -0.2743 0.9217 0.2743
vn -0.2155 0.9217 0.3225
vn -0.1484 0.9217 0.3584
vn -0.0757 0.9217 0.3804
vn 0.0392 0.9796 0.1971
vn 0.0000 0.9796 0.2010
vn 0.0769 0.9796 0.1857
vn 0.1117 0.9796 0.1671
vn 0.1421 0.9796 0.1421
vn 0.1671 0.9796 0.1117
vn 0.1857 0.9796 0.0769
vn 0.1971 0.9796 0.0392
vn 0.2010 0.9796 -0.0000
vn 0.1971 0.9796 -0.0392
vn 0.1857 0.9796 -0.0769
vn 0.1671 0.9796 -0.1117
vn 0.1421 0.9796 -0.1421
vn 0.1117 0.9796 -0.1671
vn 0.0769 0.9796 -0.1857
vn 0.0392 0.9796 -0.1971
vn -0.0000 0.9796 -0.2010
vn -0.0392 0.9796 -0.1971
vn -0.0769 0.9796 -0.1857
vn -0.1117 0.9796 -0.1671
vn -0.1421 0.9796 -0.1421
vn -0.1671 0.9796 -0.1117
vn -0.1857 0.9796 -0.0769
vn -0.1971 0.9796 -0.0392
vn -0.2010 0.9796 0.0000
vn -0.1971 0.9796 0.0392
vn -0.1857 0.9796 0.0769
vn -0.1671 0.9796 0.1117
vn -0.1421 0.9796 0.1421
vn -0.1117 0.9796 0.1671
vn -0.0769 0.9796 0.1857
vn -0.0392 0.9796 0.1971
vn -0.0000 1.0000 0.0000
# 482 vertex normals

vt 0.0000 1.0000 0.0000
vt 0.0313 0.9375 0.0000
vt 0.0000 0.9375 0.0000
vt 0.0313 1.0000 0.0000
vt 0.0625 0.9375 0.0000
vt 0.0625 1.0000 0.0000
vt 0.0938 0.9375 0.0000
vt 0.0938 1.0000 0.0000
vt 0.1250 0.9375 0.0000
vt 0.1250 1.0000 0.0000
vt 0.1563 0.9375 0.0000
vt 0.1563 1.0000 0.0000
vt 0.1875 0.9375 0.0000
vt 0.1875 1.0000 0.0000
vt 0.2187 0.9375 0.0000
vt 0.2187 1.0000 0.0000
vt 0.2500 0.9375 0.0000
vt 0.2500 1.0000 0.0000
vt 0.2812 0.9375 0.0000
vt 0.2812 1.0000 0.0000
vt 0.3125 0.9375 0.0000
vt 0.3125 1.0000 0.0000
vt 0.3437 0.9375 0.0000
vt 0.3437 1.0000 0.0000
vt 0.3750 0.9375 0.0000
vt 0.3750 1.0000 0.0000
vt 0.4063 0.9375 0.0000
vt 0.4063 1.0000 0.0000
vt 0.4375 0.9375 0.0000
vt 0.4375 1.0000 0.0000
vt 0.4688 0.9375 0.0000
vt 0.4688 1.0000 0.0000
vt 0.5000 0.9375 0.0000
vt 0.5000 1.0000 0.0000
vt 0.5313 0.9375 0.0000
vt 0.5313 1.0000 0.0000
vt 0.5625 0.9375 0.0000
vt 0.5625 1.0000 0.0000
vt 0.5938 0.9375 0.0000
vt 0.5938 1.0000 0.0000
vt 0.6250 0.9375 0.0000
vt 0.6250 1.0000 0.0000
vt 0.6563 0.9375 0.0000
vt 0.6563 1.0000 0.0000
vt 0.6875 0.9375 0.0000
vt 0.6875 1.0000 0.0000
vt 0.7188 0.9375 0.0000
vt 0.7188 1.0000 0.0000
vt 0.7500 0.9375 0.0000
vt 0.7500 1.0000 0.0000
vt 0.7813 0.9375 0.0000
vt 0.7813 1.0000 0.0000
vt 0.8125 0.9375 0.0000
vt 0.8125 1.0000 0.0000
vt 0.8438 0.9375 0.0000
vt 0.8438 1.0000 0.0000
vt 0.8750 0.9375 0.0000
vt 0.8750 1.0000 0.0000
vt 0.9063 0.9375 0.0000
vt 0.9063 1.0000 0.0000
vt 0.9375 0.9375 0.0000
vt 0.9375 1.0000 0.0000
vt 0.9688 0.9375 0.0000
vt 0.9688 1.0000 0.0000
vt 1.0000 0.9375 0.0000
vt 0.0313 0.8750 0.0000
vt 0.0000 0.8750 0.0000
vt 0.0625 0.8750 0.0000
vt 0.0938 0.8750 0.0000
vt 0.1250 0.8750 0.0000
vt 0.1563 0.8750 0.0000
vt 0.1875 0.8750 0.0000
vt 0.2187 0.8750 0.0000
vt 0.2500 0.8750 0.0000
vt 0.2812 0.8750 0.0000
vt 0.3125 0.8750 0.0000
vt 0.3437 0.8750 0.0000
vt 0.3750 0.8750 0.0000
vt 0.4063 0.8750 0.0000
vt 0.4375 0.8750 0.0000
vt 0.4688 0.8750 0.0000
vt 0.5000 0.8750 0.0000
vt 0.5313 0.8750 0.0000
vt 0.5625 0.8750 0.0000
vt 0.5938 0.8750 0.0000
vt 0.6250 0.8750 0.0000
vt 0.6563 0.8750 0.0000
vt 0.6875 0.8750 0.0000
vt 0.7188 0.8750 0.0000
vt 0.7500 0.8750 0.0000
vt 0.7813 0.8750 0.0000
vt 0.8125 0.8750 0.0000
vt 0.8438 0.8750 0.0000
vt 0.8750 0.8750 0.0000
vt 0.9063 0.8750 0.0000
vt 0.9375 0.8750 0.0000
vt 0.9688 0.8750 0.0000
vt 1.0000 0.8750 0.0000
vt 0.0313 0.8125 0.0000
vt 0.0000 0.8125 0.0000
vt 0.0625 0.8125 0.0000
vt 0.0938 0.8125 0.0000
vt 0.1250 0.8125 0.0000
vt 0.1563 0.8125 0.0000
vt 0.1875 0.8125 0.0000
vt 0.2187 0.8125 0.0000
vt 0.2500 0.8125 0.0000
vt 0.2812 0.8125 0.0000
vt 0.3125 0.8125 0.0000
vt 0.3437 0.8125 0.0000
vt 0.3750 0.8125 0.0000
vt 0.4063 0.8125 0.0000
vt 0.4375 0.8125 0.0000
vt 0.4688 0.8125 0.0000
vt 0.5000 0.8125 0.0000
vt 0.5313 0.8125 0.0000
vt 0.5625 0.8125 0.0000
vt 0.5938 0.8125 0.0000
vt 0.6250 0.8125 0.0000
vt 0.6563 0.8125 0.0000
vt 0.6875 0.8125 0.0000
vt 0.7188 0.8125 0.0000
vt 0.7500 0.8125 0.0000
vt 0.7813 0.8125 0.0000
vt 0.8125 0.8125 0.0000
vt 0.8438 0.8125 0.0000
vt 0.8750 0.8125 0.0000
vt 0.9063 0.8125 0.0000
vt 0.9375 0.8125 0.0000
vt 0.9688 0.8125 0.0000
vt 1.0000 0.8125 0.0000
vt 0.0313 0.7500 0.0000
vt 0.0000 0.7500 0.0000
vt 0.0625 0.7500 0.0000
vt 0.0938 0.7500 0.0000
vt 0.1250 0.7500 0.0000
vt 0.1563 0.7500 0.0000
vt 0.1875 0.7500 0.0000
vt 0.2187 0.7500 0.0000
vt 0.2500 0.7500 0.0000
vt 0.2812 0.7500 0.0000
vt 0.3125 0.7500 0.0000
vt 0.3437 0.7500 0.0000
vt 0.3750 0.7500 0.0000
vt 0.4063 0.7500 0.0000
vt 0.4375 0.7500 0.0000
vt 0.4688 0.7500 0.0000
vt 0.5000 0.7500 0.0000
vt 0.5313 0.7500 0.0000
vt 0.5625 0.7500 0.0000
vt 0.5938 0.7500 0.0000
vt 0.6250 0.7500 0.0000
vt 0.6563 0.7500 0.0000
vt 0.6875 0.7500 0.0000
vt 0.7188 0.7500 0.0000
vt 0.7500 0.7500 0.0000
vt 0.7813 0.7500 0.0000
vt 0.8125 0.7500 0.0000
vt 0.8438 0.7500 0.0000
vt 0.8750 0.7500 0.0000
vt 0.9063 0.7500 0.0000
vt 0.9375 0.7500 0.0000
vt 0.9688 0.7500 0.0000
vt 1.0000 0.7500 0.0000
vt 0.0313 0.6875 0.0000
vt 0.0000 0.6875 0.0000
vt 0.0625 0.6875 0.0000
vt 0.0938 0.6875 0.0000
vt 0.1250 0.6875 0.0000
vt 0.1563 0.6875 0.0000
vt 0.1875 0.6875 0.0000
vt 0.2187 0.6875 0.0000
vt 0.2500 0.6875 0.0000
vt 0.2812 0.6875 0.0000
vt 0.3125 0.6875 0.0000
vt 0.3437 0.6875 0.0000
vt 0.3750 0.6875 0.0000
vt 0.4063 0.6875 0.0000
vt 0.4375 0.6875 0.0000
vt 0.4688 0.6875 0.0000
vt 0.5000 0.6875 0.0000
vt 0.5313 0.6875 0.0000
vt 0.5625 0.6875 0.0000
vt 0.5938 0.6875 0.0000
vt 0.6250 0.6875 0.0000
vt 0.6563 0.6875 0.0000
vt 0.6875 0.6875 0.0000
vt 0.7188 0.6875 0.0000
vt 0.7500 0.6875 0.0000
vt 0.7813 0.6875 0.0000
vt 0.8125 0.6875 0.0000
vt 0.8438 0.6875 0.0000
vt 0.8750 0.6875 0.0000
vt 0.9063 0.6875 0.0000
vt 0.9375 0.6875 0.0000
vt 0.9688 0.6875 0.0000
vt 1.0000 0.6875 0.0000
vt 0.0313 0.6250 0.0000
vt 0.0000 0.6250 0.0000
vt 0.0625 0.6250 0.0000
vt 0.0938 0.6250 0.0000
vt 0.1250 0.6250 0.0000
vt 0.1563 0.6250 0.0000
vt 0.1875 0.6250 0.0000
vt 0.2187 0.6250 0.0000
vt 0.2500 0.6250 0.0000
vt 0.2812 0.6250 0.0000
vt 0.3125 0.6250 0.0000
vt 0.3437 0.6250 0.0000
vt 0.3750 0.6250 0.0000
vt 0.4063 0.6250 0.0000
vt 0.4375 0.6250 0.0000
vt 0.4688 0.6250 0.0000
vt 0.5000 0.6250 0.0000
vt 0.5313 0.6250 0.0000
vt 0.5625 0.6250 0.0000
vt 0.5938 0.6250 0.0000
vt 0.6250 0.6250 0.0000
vt 0.6563 0.6250 0.0000
vt 0.6875 0.6250 0.0000
vt 0.7188 0.6250 0.0000
vt 0.7500 0.6250 0.0000
vt 0.7813 0.6250 0.0000
vt 0.8125 0.6250 0.0000
vt 0.8438 0.6250 0.0000
vt 0.8750 0.6250 0.0000
vt 0.9063 0.6250 0.0000
vt 0.9375 0.6250 0.0000
vt 0.9688 0.6250 0.0000
vt 1.0000 0.6250 0.0000
vt 0.0313 0.5625 0.0000
vt 0.0000 0.5625 0.0000
vt 0.0625 0.5625 0.0000
vt 0.0938 0.5625 0.0000
vt 0.1250 0.5625 0.0000
vt 0.1563 0.5625 0.0000
vt 0.1875 0.5625 0.0000
vt 0.2187 0.5625 0.0000
vt 0.2500 0.5625 0.0000
vt 0.2812 0.5625 0.0000
vt 0.3125 0.5625 0.0000
vt 0.3437 0.5625 0.0000
vt 0.3750 0.5625 0.0000
vt 0.4063 0.5625 0.0000
vt 0.4375 0.5625 0.0000
vt 0.4688 0.5625 0.0000
vt 0.5000 0.5625 0.0000
vt 0.5313 0.5625 0.0000
vt 0.5625 0.5625 0.0000
vt 0.5938 0.5625 0.0000
vt 0.6250 0.5625 0.0000
vt 0.6563 0.5625 0.0000
vt 0.6875 0.5625 0.0000
vt 0.7188 0.5625 0.0000
vt 0.7500 0.5625 0.0000
vt 0.7813 0.5625 0.0000
vt 0.8125 0.5625 0.0000
vt 0.8438 0.5625 0.0000
vt 0.8750 0.5625 0.0000
vt 0.9063 0.5625 0.0000
vt 0.9375 0.5625 0.0000
vt 0.9688 0.5625 0.0000
vt 1.0000 0.5625 0.0000
vt 0.0313 0.5000 0.0000
vt 0.0000 0.5000 0.0000
vt 0.0625 0.5000 0.0000
vt 0.0938 0.5000 0.0000
vt 0.1250 0.5000 0.0000
vt 0.1563 0.5000 0.0000
vt 0.1875 0.5000 0.0000
vt 0.2187 0.5000 0.0000
vt 0.2500 0.5000 0.0000
vt 0.2812 0.5000 0.0000
vt 0.3125 0.5000 0.0000
vt 0.3437 0.5000 0.0000
vt 0.3750 0.5000 0.0000
vt 0.4063 0.5000 0.0000
vt 0.4375 0.5000 0.0000
vt 0.4688 0.5000 0.0000
vt 0.5000 0.5000 0.0000
vt 0.5313 0.5000 0.0000
vt 0.5625 0.5000 0.0000
vt 0.5938 0.5000 0.0000
vt 0.6250 0.5000 0.0000
vt 0.6563 0.5000 0.0000
vt 0.6875 0.5000 0.0000
vt 0.7188 0.5000 0.0000
vt 0.7500 0.5000 0.0000
vt 0.7813 0.5000 0.0000
vt 0.8125 0.5000 0.0000
vt 0.8438 0.5000 0.0000
vt 0.8750 0.5000 0.0000
vt 0.9063 0.5000 0.0000
vt 0.9375 0.5000 0.0000
vt 0.9688 0.5000 0.0000
vt 1.0000 0.5000 0.0000
vt 0.0313 0.4375 0.0000
vt 0.0000 0.4375 0.0000
vt 0.0625 0.4375 0.0000
vt 0.0938 0.4375 0.0000
vt 0.1250 0.4375 0.0000
vt 0.1563 0.4375 0.0000
vt 0.1875 0.4375 0.0000
vt 0.2187 0.4375 0.0000
vt 0.2500 0.4375 0.0000
vt 0.2812 0.4375 0.0000
vt 0.3125 0.4375 0.0000
vt 0.3437 0.4375 0.0000
vt 0.3750 0.4375 0.0000
vt 0.4063 0.4375 0.0000
vt 0.4375 0.4375 0.0000
vt 0.4688 0.4375 0.0000
vt 0.5000 0.4375 0.0000
vt 0.5313 0.4375 0.0000
vt 0.5625 0.4375 0.0000
vt 0.5938 0.4375 0.0000
vt 0.6250 0.4375 0.0000
vt 0.6563 0.4375 0.0000
vt 0.6875 0.4375 0.0000
vt 0.7188 0.4375 0.0000
vt 0.7500 0.4375 0.0000
vt 0.7813 0.4375 0.0000
vt 0.8125 0.4375 0.0000
vt 0.8438 0.4375 0.0000
vt 0.8750 0.4375 0.0000
vt 0.9063 0.4375 0.0000
vt 0.9375 0.4375 0.0000
vt 0.9688 0.4375 0.0000
vt 1.0000 0.4375 0.0000
vt 0.0313 0.3750 0.0000
vt 0.0000 0.3750 0.0000
vt 0.0625 0.3750 0.0000
vt 0.0938 0.3750 0.0000
vt 0.1250 0.3750 0.0000
vt 0.1563 0.3750 0.0000
vt 0.1875 0.3750 0.0000
vt 0.2187 0.3750 0.0000
vt 0.2500 0.3750 0.0000
vt 0.2812 0.3750 0.0000
vt 0.3125 0.3750 0.0000
vt 0.3437 0.3750 0.0000
vt 0.3750 0.3750 0.0000
vt 0.4063 0.3750 0.0000
vt 0.4375 0.3750 0.0000
vt 0.4688 0.3750 0.0000
vt 0.5000 0.3750 0.0000
vt 0.5313 0.3750 0.0000
vt 0.5625 0.3750 0.0000
vt 0.5938 0.3750 0.0000
vt 0.6250 0.3750 0.0000
vt 0.6563 0.3750 0.0000
vt 0.6875 0.3750 0.0000
vt 0.7188 0.3750 0.0000
vt 0.7500 0.3750 0.0000
vt 0.7813 0.3750 0.0000
vt 0.8125 0.3750 0.0000
vt 0.8438 0.3750 0.0000
vt 0.8750 0.3750 0.0000
vt 0.9063 0.3750 0.0000
vt 0.9375 0.3750 0.0000
vt 0.9688 0.3750 0.0000
vt 1.0000 0.3750 0.0000
vt 0.0313 0.3125 0.0000
vt 0.0000 0.3125 0.0000
vt 0.0625 0.3125 0.0000
vt 0.0938 0.3125 0.0000
vt 0.1250 0.3125 0.0000
vt 0.1563 0.3125 0.0000
vt 0.1875 0.3125 0.0000
vt 0.2187 0.3125 0.0000
vt 0.2500 0.3125 0.0000
vt 0.2812 0.3125 0.0000
vt 0.3125 0.3125 0.0000
vt 0.3437 0.3125 0.0000
vt 0.3750 0.3125 0.0000
vt 0.4063 0.3125 0.0000
vt 0.4375 0.3125 0.0000
vt 0.4688 0.3125 0.0000
vt 0.5000 0.3125 0.0000
vt 0.5313 0.3125 0.0000
vt 0.5625 0.3125 0.0000
vt 0.5938 0.3125 0.0000
vt 0.6250 0.3125 0.0000
vt 0.6563 0.3125 0.0000
vt 0.6875 0.3125 0.0000
vt 0.7188 0.3125 0.0000
vt 0.7500 0.3125 0.0000
vt 0.7813 0.3125 0.0000
vt 0.8125 0.3125 0.0000
vt 0.8438 0.3125 0.0000
vt 0.8750 0.3125 0.0000
vt 0.9063 0.3125 0.0000
vt 0.9375 0.3125 0.0000
vt 0.9688 0.3125 0.0000
vt 1.0000 0.3125 0.0000
vt 0.0313 0.2500 0.0000
vt 0.0000 0.2500 0.0000
vt 0.0625 0.2500 0.0000
vt 0.0938 0.2500 0.0000
vt 0.1250 0.2500 0.0000
vt 0.1563 0.2500 0.0000
vt 0.1875 0.2500 0.0000
vt 0.2187 0.2500 0.0000
vt 0.2500 0.2500 0.0000
vt 0.2812 0.2500 0.0000
vt 0.3125 0.2500 0.0000
vt 0.3437 0.2500 0.0000
vt 0.3750 0.2500 0.0000
vt 0.4063 0.2500 0.0000
vt 0.4375 0.2500 0.0000
vt 0.4688 0.2500 0.0000
vt 0.5000 0.2500 0.0000
vt 0.5313 0.2500 0.0000
vt 0.5625 0.2500 0.0000
vt 0.5938 0.2500 0.0000
vt 0.6250 0.2500 0.0000
vt 0.6563 0.2500 0.0000
vt 0.6875 0.2500 0.0000
vt 0.7188 0.2500 0.0000
vt 0.7500 0.2500 0.0000
vt 0.7813 0.2500 0.0000
vt 0.8125 0.2500 0.0000
vt 0.8438 0.2500 0.0000
vt 0.8750 0.2500 0.0000
vt 0.9063 0.2500 0.0000
vt 0.9375 0.2500 0.0000
vt 0.9688 0.2500 0.0000
vt 1.0000 0.2500 0.0000
vt 0.0313 0.1875 0.0000
vt 0.0000 0.1875 0.0000
vt 0.0625 0.1875 0.0000
vt 0.0938 0.1875 0.0000
vt 0.1250 0.1875 0.0000
vt 0.1563 0.1875 0.0000
vt 0.1875 0.1875 0.0000
vt 0.2187 0.1875 0.0000
vt 0.2500 0.1875 0.0000
vt 0.2812 0.1875 0.0000
vt 0.3125 0.1875 0.0000
vt 0.3437 0.1875 0.0000
vt 0.3750 0.1875 0.0000
vt 0.4063 0.1875 0.0000
vt 0.4375 0.1875 0.0000
vt 0.4688 0.1875 0.0000
vt 0.5000 0.1875 0.0000
vt 0.5313 0.1875 0.0000
vt 0.5625 0.1875 0.0000
vt 0.5938 0.1875 0.0000
vt 0.6250 0.1875 0.0000
vt 0.6563 0.1875 0.0000
vt 0.6875 0.1875 0.0000
vt 0.7188 0.1875 0.0000
vt 0.7500 0.1875 0.0000
vt 0.7813 0.1875 0.0000
vt 0.8125 0.1875 0.0000
vt 0.8438 0.1875 0.0000
vt 0.8750 0.1875 0.0000
vt 0.9063 0.1875 0.0000
vt 0.9375 0.1875 0.0000
vt 0.9688 0.1875 0.0000
vt 1.0000 0.1875 0.0000
vt 0.0313 0.1250 0.0000
vt 0.0000 0.1250 0.0000
vt 0.0625 0.1250 0.0000
vt 0.0938 0.1250 0.0000
vt 0.1250 0.1250 0.0000
vt 0.1563 0.1250 0.0000
vt 0.1875 0.1250 0.0000
vt 0.2187 0.1250 0.0000
vt 0.2500 0.1250 0.0000
vt 0.2812 0.1250 0.0000
vt 0.3125 0.1250 0.0000
vt 0.3437 0.1250 0.0000
vt 0.3750 0.1250 0.0000
vt 0.4063 0.1250 0.0000
vt 0.4375 0.1250 0.0000
vt 0.4688 0.1250 0.0000
vt 0.5000 0.1250 0.0000
vt 0.5313 0.1250 0.0000
vt 0.5625 0.1250 0.0000
vt 0.5938 0.1250 0.0000
vt 0.6250 0.1250 0.0000
vt 0.6563 0.1250 0.0000
vt 0.6875 0.1250 0.0000
vt 0.7188 0.1250 0.0000
vt 0.7500 0.1250 0.0000
vt 0.7813 0.1250 0.0000
vt 0.8125 0.1250 0.0000
vt 0.8438 0.1250 0.0000
vt 0.8750 0.1250 0.0000
vt 0.9063 0.1250 0.0000
vt 0.9375 0.1250 0.0000
vt 0.9688 0.1250 0.0000
vt 1.0000 0.1250 0.0000
vt 0.0313 0.0625 0.0000
vt 0.0000 0.0625 0.0000
vt 0.0625 0.0625 0.0000
vt 0.0938 0.0625 0.0000
vt 0.1250 0.0625 0.0000
vt 0.1563 0.0625 0.0000
vt 0.1875 0.0625 0.0000
vt 0.2187 0.0625 0.0000
vt 0.2500 0.0625 0.0000
vt 0.2812 0.0625 0.0000
vt 0.3125 0.0625 0.0000
vt 0.3437 0.0625 0.0000
vt 0.3750 0.0625 0.0000
vt 0.4063 0.0625 0.0000
vt 0.4375 0.0625 0.0000
vt 0.4688 0.0625 0.0000
vt 0.5000 0.0625 0.0000
vt 0.5313 0.0625 0.0000
vt 0.5625 0.0625 0.0000
vt 0.5938 0.0625 0.0000
vt 0.6250 0.0625 0.0000
vt 0.6563 0.0625 0.0000
vt 0.6875 0.0625 0.0000
vt 0.7188 0.0625 0.0000
vt 0.7500 0.0625 0.0000
vt 0.7813 0.0625 0.0000
vt 0.8125 0.0625 0.0000
vt 0.8438 0.0625 0.0000
vt 0.8750 0.0625 0.0000
vt 0.9063 0.0625 0.0000
vt 0.9375 0.0625 0.0000
vt 0.9688 0.0625 0.0000
vt 1.0000 0.0625 0.0000
vt 0.0000 -0.0000 0.0000
vt 0.0313 -0.0000 0.0000
vt 0.0625 -0.0000 0.0000
vt 0.0938 -0.0000 0.0000
vt 0.1250 -0.0000 0.0000
vt 0.1563 -0.0000 0.0000
vt 0.1875 -0.0000 0.0000
vt 0.2187 -0.0000 0.0000
vt 0.2500 -0.0000 0.0000
vt 0.2812 -0.0000 0.0000
vt 0.3125 -0.0000 0.0000
vt 0.3437 -0.0000 0.0000
vt 0.3750 -0.0000 0.0000
vt 0.4063 -0.0000 0.0000
vt 0.4375 -0.0000 0.0000
vt 0.4688 -0.0000 0.0000
vt 0.5000 -0.0000 0.0000
vt 0.5313 -0.0000 0.0000
vt 0.5625 -0.0000 0.0000
vt 0.5938 -0.0000 0.0000
vt 0.6250 -0.0000 0.0000
vt 0.6563 -0.0000 0.0000
vt 0.6875 -0.0000 0.0000
vt 0.7188 -0.0000 0.0000
vt 0.7500 -0.0000 0.0000
vt 0.7813 -0.0000 0.0000
vt 0.8125 -0.0000 0.0000
vt 0.8438 -0.0000 0.0000
vt 0.8750 -0.0000 0.0000
vt 0.9063 -0.0000 0.0000
vt 0.9375 -0.0000 0.0000
vt 0.9688 -0.0000 0.0000
# 559 texture coords

g Sphere001
usemtl 10___Default
s 1
f 1/1/1 2/2/2 3/3/3 
f 1/4/1 4/5/4 2/2/2 
f 1/6/1 5/7/5 4/5/4 
f 1/8/1 6/9/6 5/7/5 
f 1/10/1 7/11/7 6/9/6 
f 1/12/1 8/13/8 7/11/7 
f 1/14/1 9/15/9 8/13/8 
f 1/16/1 10/17/10 9/15/9 
f 1/18/1 11/19/11 10/17/10 
f 1/20/1 12/21/12 11/19/11 
f 1/22/1 13/23/13 12/21/12 
f 1/24/1 14/25/14 13/23/13 
f 1/26/1 15/27/15 14/25/14 
f 1/28/1 16/29/16 15/27/15 
f 1/30/1 17/31/17 16/29/16 
f 1/32/1 18/33/18 17/31/17 
f 1/34/1 19/35/19 18/33/18 
f 1/36/1 20/37/20 19/35/19 
f 1/38/1 21/39/21 20/37/20 
f 1/40/1 22/41/22 21/39/21 
f 1/42/1 23/43/23 22/41/22 
f 1/44/1 24/45/24 23/43/23 
f 1/46/1 25/47/25 24/45/24 
f 1/48/1 26/49/26 25/47/25 
f 1/50/1 27/51/27 26/49/26 
f 1/52/1 28/53/28 27/51/27 
f 1/54/1 29/55/29 28/53/28 
f 1/56/1 30/57/30 29/55/29 
f 1/58/1 31/59/31 30/57/30 
f 1/60/1 32/61/32 31/59/31 
f 1/62/1 33/63/33 32/61/32 
f 1/64/1 3/65/3 33/63/33 
f 34/66/34 35/67/35 3/3/3 
f 3/3/3 2/2/2 34/66/34 
f 36/68/36 34/66/34 2/2/2 
f 2/2/2 4/5/4 36/68/36 
f 37/69/37 36/68/36 4/5/4 
f 4/5/4 5/7/5 37/69/37 
f 38/70/38 37/69/37 5/7/5 
f 5/7/5 6/9/6 38/70/38 
f 39/71/39 38/70/38 6/9/6 
f 6/9/6 7/11/7 39/71/39 
f 40/72/40 39/71/39 7/11/7 
f 7/11/7 8/13/8 40/72/40 
f 41/73/41 40/72/40 8/13/8 
f 8/13/8 9/15/9 41/73/41 
f 42/74/42 41/73/41 9/15/9 
f 9/15/9 10/17/10 42/74/42 
f 43/75/43 42/74/42 10/17/10 
f 10/17/10 11/19/11 43/75/43 
f 44/76/44 43/75/43 11/19/11 
f 11/19/11 12/21/12 44/76/44 
f 45/77/45 44/76/44 12/21/12 
f 12/21/12 13/23/13 45/77/45 
f 46/78/46 45/77/45 13/23/13 
f 13/23/13 14/25/14 46/78/46 
f 47/79/47 46/78/46 14/25/14 
f 14/25/14 15/27/15 47/79/47 
f 48/80/48 47/79/47 15/27/15 
f 15/27/15 16/29/16 48/80/48 
f 49/81/49 48/80/48 16/29/16 
f 16/29/16 17/31/17 49/81/49 
f 50/82/50 49/81/49 17/31/17 
f 17/31/17 18/33/18 50/82/50 
f 51/83/51 50/82/50 18/33/18 
f 18/33/18 19/35/19 51/83/51 
f 52/84/52 51/83/51 19/35/19 
f 19/35/19 20/37/20 52/84/52 
f 53/85/53 52/84/52 20/37/20 
f 20/37/20 21/39/21 53/85/53 
f 54/86/54 53/85/53 21/39/21 
f 21/39/21 22/41/22 54/86/54 
f 55/87/55 54/86/54 22/41/22 
f 22/41/22 23/43/23 55/87/55 
f 56/88/56 55/87/55 23/43/23 
f 23/43/23 24/45/24 56/88/56 
f 57/89/57 56/88/56 24/45/24 
f 24/45/24 25/47/25 57/89/57 
f 58/90/58 57/89/57 25/47/25 
f 25/47/25 26/49/26 58/90/58 
f 59/91/59 58/90/58 26/49/26 
f 26/49/26 27/51/27 59/91/59 
f 60/92/60 59/91/59 27/51/27 
f 27/51/27 28/53/28 60/92/60 
f 61/93/61 60/92/60 28/53/28 
f 28/53/28 29/55/29 61/93/61 
f 62/94/62 61/93/61 29/55/29 
f 29/55/29 30/57/30 62/94/62 
f 63/95/63 62/94/62 30/57/30 
f 30/57/30 31/59/31 63/95/63 
f 64/96/64 63/95/63 31/59/31 
f 31/59/31 32/61/32 64/96/64 
f 65/97/65 64/96/64 32/61/32 
f 32/61/32 33/63/33 65/97/65 
f 35/98/35 65/97/65 33/63/33 
f 33/63/33 3/65/3 35/98/35 
f 66/99/66 67/100/67 35/67/35 
f 35/67/35 34/66/34 66/99/66 
f 68/101/68 66/99/66 34/66/34 
f 34/66/34 36/68/36 68/101/68 
f 69/102/69 68/101/68 36/68/36 
f 36/68/36 37/69/37 69/102/69 
f 70/103/70 69/102/69 37/69/37 
f 37/69/37 38/70/38 70/103/70 
f 71/104/71 70/103/70 38/70/38 
f 38/70/38 39/71/39 71/104/71 
f 72/105/72 71/104/71 39/71/39 
f 39/71/39 40/72/40 72/105/72 
f 73/106/73 72/105/72 40/72/40 
f 40/72/40 41/73/41 73/106/73 
f 74/107/74 73/106/73 41/73/41 
f 41/73/41 42/74/42 74/107/74 
f 75/108/75 74/107/74 42/74/42 
f 42/74/42 43/75/43 75/108/75 
f 76/109/76 75/108/75 43/75/43 
f 43/75/43 44/76/44 76/109/76 
f 77/110/77 76/109/76 44/76/44 
f 44/76/44 45/77/45 77/110/77 
f 78/111/78 77/110/77 45/77/45 
f 45/77/45 46/78/46 78/111/78 
f 79/112/79 78/111/78 46/78/46 
f 46/78/46 47/79/47 79/112/79 
f 80/113/80 79/112/79 47/79/47 
f 47/79/47 48/80/48 80/113/80 
f 81/114/81 80/113/80 48/80/48 
f 48/80/48 49/81/49 81/114/81 
f 82/115/82 81/114/81 49/81/49 
f 49/81/49 50/82/50 82/115/82 
f 83/116/83 82/115/82 50/82/50 
f 50/82/50 51/83/51 83/116/83 
f 84/117/84 83/116/83 51/83/51 
f 51/83/51 52/84/52 84/117/84 
f 85/118/85 84/117/84 52/84/52 
f 52/84/52 53/85/53 85/118/85 
f 86/119/86 85/118/85 53/85/53 
f 53/85/53 54/86/54 86/119/86 
f 87/120/87 86/119/86 54/86/54 
f 54/86/54 55/87/55 87/120/87 
f 88/121/88 87/120/87 55/87/55 
f 55/87/55 56/88/56 88/121/88 
f 89/122/89 88/121/88 56/88/56 
f 56/88/56 57/89/57 89/122/89 
f 90/123/90 89/122/89 57/89/57 
f 57/89/57 58/90/58 90/123/90 
f 91/124/91 90/123/90 58/90/58 
f 58/90/58 59/91/59 91/124/91 
f 92/125/92 91/124/91 59/91/59 
f 59/91/59 60/92/60 92/125/92 
f 93/126/93 92/125/92 60/92/60 
f 60/92/60 61/93/61 93/126/93 
f 94/127/94 93/126/93 61/93/61 
f 61/93/61 62/94/62 94/127/94 
f 95/128/95 94/127/94 62/94/62 
f 62/94/62 63/95/63 95/128/95 
f 96/129/96 95/128/95 63/95/63 
f 63/95/63 64/96/64 96/129/96 
f 97/130/97 96/129/96 64/96/64 
f 64/96/64 65/97/65 97/130/97 
f 67/131/67 97/130/97 65/97/65 
f 65/97/65 35/98/35 67/131/67 
f 98/132/98 99/133/99 67/100/67 
f 67/100/67 66/99/66 98/132/98 
f 100/134/100 98/132/98 66/99/66 
f 66/99/66 68/101/68 100/134/100 
f 101/135/101 100/134/100 68/101/68 
f 68/101/68 69/102/69 101/135/101 
f 102/136/102 101/135/101 69/102/69 
f 69/102/69 70/103/70 102/136/102 
f 103/137/103 102/136/102 70/103/70 
f 70/103/70 71/104/71 103/137/103 
f 104/138/104 103/137/103 71/104/71 
f 71/104/71 72/105/72 104/138/104 
f 105/139/105 104/138/104 72/105/72 
f 72/105/72 73/106/73 105/139/105 
f 106/140/106 105/139/105 73/106/73 
f 73/106/73 74/107/74 106/140/106 
f 107/141/107 106/140/106 74/107/74 
f 74/107/74 75/108/75 107/141/107 
f 108/142/108 107/141/107 75/108/75 
f 75/108/75 76/109/76 108/142/108 
f 109/143/109 108/142/108 76/109/76 
f 76/109/76 77/110/77 109/143/109 
f 110/144/110 109/143/109 77/110/77 
f 77/110/77 78/111/78 110/144/110 
f 111/145/111 110/144/110 78/111/78 
f 78/111/78 79/112/79 111/145/111 
f 112/146/112 111/145/111 79/112/79 
f 79/112/79 80/113/80 112/146/112 
f 113/147/113 112/146/112 80/113/80 
f 80/113/80 81/114/81 113/147/113 
f 114/148/114 113/147/113 81/114/81 
f 81/114/81 82/115/82 114/148/114 
f 115/149/115 114/148/114 82/115/82 
f 82/115/82 83/116/83 115/149/115 
f 116/150/116 115/149/115 83/116/83 
f 83/116/83 84/117/84 116/150/116 
f 117/151/117 116/150/116 84/117/84 
f 84/117/84 85/118/85 117/151/117 
f 118/152/118 117/151/117 85/118/85 
f 85/118/85 86/119/86 118/152/118 
f 119/153/119 118/152/118 86/119/86 
f 86/119/86 87/120/87 119/153/119 
f 120/154/120 119/153/119 87/120/87 
f 87/120/87 88/121/88 120/154/120 
f 121/155/121 120/154/120 88/121/88 
f 88/121/88 89/122/89 121/155/121 
f 122/156/122 121/155/121 89/122/89 
f 89/122/89 90/123/90 122/156/122 
f 123/157/123 122/156/122 90/123/90 
f 90/123/90 91/124/91 123/157/123 
f 124/158/124 123/157/123 91/124/91 
f 91/124/91 92/125/92 124/158/124 
f 125/159/125 124/158/124 92/125/92 
f 92/125/92 93/126/93 125/159/125 
f 126/160/126 125/159/125 93/126/93 
f 93/126/93 94/127/94 126/160/126 
f 127/161/127 126/160/126 94/127/94 
f 94/127/94 95/128/95 127/161/127 
f 128/162/128 127/161/127 95/128/95 
f 95/128/95 96/129/96 128/162/128 
f 129/163/129 128/162/128 96/129/96 
f 96/129/96 97/130/97 129/163/129 
f 99/164/99 129/163/129 97/130/97 
f 97/130/97 67/131/67 99/164/99 
f 130/165/130 131/166/131 99/133/99 
f 99/133/99 98/132/98 130/165/130 
f 132/167/132 130/165/130 98/132/98 
f 98/132/98 100/134/100 132/167/132 
f 133/168/133 132/167/132 100/134/100 
f 100/134/100 101/135/101 133/168/133 
f 134/169/134 133/168/133 101/135/101 
f 101/135/101 102/136/102 134/169/134 
f 135/170/135 134/169/134 102/136/102 
f 102/136/102 103/137/103 135/170/135 
f 136/171/136 135/170/135 103/137/103 
f 103/137/103 104/138/104 136/171/136 
f 137/172/137 136/171/136 104/138/104 
f 104/138/104 105/139/105 137/172/137 
f 138/173/138 137/172/137 105/139/105 
f 105/139/105 106/140/106 138/173/138 
f 139/174/139 138/173/138 106/140/106 
f 106/140/106 107/141/107 139/174/139 
f 140/175/140 139/174/139 107/141/107 
f 107/141/107 108/142/108 140/175/140 
f 141/176/141 140/175/140 108/142/108 
f 108/142/108 109/143/109 141/176/141 
f 142/177/142 141/176/141 109/143/109 
f 109/143/109 110/144/110 142/177/142 
f 143/178/143 142/177/142 110/144/110 
f 110/144/110 111/145/111 143/178/143 
f 144/179/144 143/178/143 111/145/111 
f 111/145/111 112/146/112 144/179/144 
f 145/180/145 144/179/144 112/146/112 
f 112/146/112 113/147/113 145/180/145 
f 146/181/146 145/180/145 113/147/113 
f 113/147/113 114/148/114 146/181/146 
f 147/182/147 146/181/146 114/148/114 
f 114/148/114 115/149/115 147/182/147 
f 148/183/148 147/182/147 115/149/115 
f 115/149/115 116/150/116 148/183/148 
f 149/184/149 148/183/148 116/150/116 
f 116/150/116 117/151/117 149/184/149 
f 150/185/150 149/184/149 117/151/117 
f 117/151/117 118/152/118 150/185/150 
f 151/186/151 150/185/150 118/152/118 
f 118/152/118 119/153/119 151/186/151 
f 152/187/152 151/186/151 119/153/119 
f 119/153/119 120/154/120 152/187/152 
f 153/188/153 152/187/152 120/154/120 
f 120/154/120 121/155/121 153/188/153 
f 154/189/154 153/188/153 121/155/121 
f 121/155/121 122/156/122 154/189/154 
f 155/190/155 154/189/154 122/156/122 
f 122/156/122 123/157/123 155/190/155 
f 156/191/156 155/190/155 123/157/123 
f 123/157/123 124/158/124 156/191/156 
f 157/192/157 156/191/156 124/158/124 
f 124/158/124 125/159/125 157/192/157 
f 158/193/158 157/192/157 125/159/125 
f 125/159/125 126/160/126 158/193/158 
f 159/194/159 158/193/158 126/160/126 
f 126/160/126 127/161/127 159/194/159 
f 160/195/160 159/194/159 127/161/127 
f 127/161/127 128/162/128 160/195/160 
f 161/196/161 160/195/160 128/162/128 
f 128/162/128 129/163/129 161/196/161 
f 131/197/131 161/196/161 129/163/129 
f 129/163/129 99/164/99 131/197/131 
f 162/198/162 163/199/163 131/166/131 
f 131/166/131 130/165/130 162/198/162 
f 164/200/164 162/198/162 130/165/130 
f 130/165/130 132/167/132 164/200/164 
f 165/201/165 164/200/164 132/167/132 
f 132/167/132 133/168/133 165/201/165 
f 166/202/166 165/201/165 133/168/133 
f 133/168/133 134/169/134 166/202/166 
f 167/203/167 166/202/166 134/169/134 
f 134/169/134 135/170/135 167/203/167 
f 168/204/168 167/203/167 135/170/135 
f 135/170/135 136/171/136 168/204/168 
f 169/205/169 168/204/168 136/171/136 
f 136/171/136 137/172/137 169/205/169 
f 170/206/170 169/205/169 137/172/137 
f 137/172/137 138/173/138 170/206/170 
f 171/207/171 170/206/170 138/173/138 
f 138/173/138 139/174/139 171/207/171 
f 172/208/172 171/207/171 139/174/139 
f 139/174/139 140/175/140 172/208/172 
f 173/209/173 172/208/172 140/175/140 
f 140/175/140 141/176/141 173/209/173 
f 174/210/174 173/209/173 141/176/141 
f 141/176/141 142/177/142 174/210/174 
f 175/211/175 174/210/174 142/177/142 
f 142/177/142 143/178/143 175/211/175 
f 176/212/176 175/211/175 143/178/143 
f 143/178/143 144/179/144 176/212/176 
f 177/213/177 176/212/176 144/179/144 
f 144/179/144 145/180/145 177/213/177 
f 178/214/178 177/213/177 145/180/145 
f 145/180/145 146/181/146 178/214/178 
f 179/215/179 178/214/178 146/181/146 
f 146/181/146 147/182/147 179/215/179 
f 180/216/180 179/215/179 147/182/147 
f 147/182/147 148/183/148 180/216/180 
f 181/217/181 180/216/180 148/183/148 
f 148/183/148 149/184/149 181/217/181 
f 182/218/182 181/217/181 149/184/149 
f 149/184/149 150/185/150 182/218/182 
f 183/219/183 182/218/182 150/185/150 
f 150/185/150 151/186/151 183/219/183 
f 184/220/184 183/219/183 151/186/151 
f 151/186/151 152/187/152 184/220/184 
f 185/221/185 184/220/184 152/187/152 
f 152/187/152 153/188/153 185/221/185 
f 186/222/186 185/221/185 153/188/153 
f 153/188/153 154/189/154 186/222/186 
f 187/223/187 186/222/186 154/189/154 
f 154/189/154 155/190/155 187/223/187 
f 188/224/188 187/223/187 155/190/155 
f 155/190/155 156/191/156 188/224/188 
f 189/225/189 188/224/188 156/191/156 
f 156/191/156 157/192/157 189/225/189 
f 190/226/190 189/225/189 157/192/157 
f 157/192/157 158/193/158 190/226/190 
f 191/227/191 190/226/190 158/193/158 
f 158/193/158 159/194/159 191/227/191 
f 192/228/192 191/227/191 159/194/159 
f 159/194/159 160/195/160 192/228/192 
f 193/229/193 192/228/192 160/195/160 
f 160/195/160 161/196/161 193/229/193 
f 163/230/163 193/229/193 161/196/161 
f 161/196/161 131/197/131 163/230/163 
f 194/231/194 195/232/195 163/199/163 
f 163/199/163 162/198/162 194/231/194 
f 196/233/196 194/231/194 162/198/162 
f 162/198/162 164/200/164 196/233/196 
f 197/234/197 196/233/196 164/200/164 
f 164/200/164 165/201/165 197/234/197 
f 198/235/198 197/234/197 165/201/165 
f 165/201/165 166/202/166 198/235/198 
f 199/236/199 198/235/198 166/202/166 
f 166/202/166 167/203/167 199/236/199 
f 200/237/200 199/236/199 167/203/167 
f 167/203/167 168/204/168 200/237/200 
f 201/238/201 200/237/200 168/204/168 
f 168/204/168 169/205/169 201/238/201 
f 202/239/202 201/238/201 169/205/169 
f 169/205/169 170/206/170 202/239/202 
f 203/240/203 202/239/202 170/206/170 
f 170/206/170 171/207/171 203/240/203 
f 204/241/204 203/240/203 171/207/171 
f 171/207/171 172/208/172 204/241/204 
f 205/242/205 204/241/204 172/208/172 
f 172/208/172 173/209/173 205/242/205 
f 206/243/206 205/242/205 173/209/173 
f 173/209/173 174/210/174 206/243/206 
f 207/244/207 206/243/206 174/210/174 
f 174/210/174 175/211/175 207/244/207 
f 208/245/208 207/244/207 175/211/175 
f 175/211/175 176/212/176 208/245/208 
f 209/246/209 208/245/208 176/212/176 
f 176/212/176 177/213/177 209/246/209 
f 210/247/210 209/246/209 177/213/177 
f 177/213/177 178/214/178 210/247/210 
f 211/248/211 210/247/210 178/214/178 
f 178/214/178 179/215/179 211/248/211 
f 212/249/212 211/248/211 179/215/179 
f 179/215/179 180/216/180 212/249/212 
f 213/250/213 212/249/212 180/216/180 
f 180/216/180 181/217/181 213/250/213 
f 214/251/214 213/250/213 181/217/181 
f 181/217/181 182/218/182 214/251/214 
f 215/252/215 214/251/214 182/218/182 
f 182/218/182 183/219/183 215/252/215 
f 216/253/216 215/252/215 183/219/183 
f 183/219/183 184/220/184 216/253/216 
f 217/254/217 216/253/216 184/220/184 
f 184/220/184 185/221/185 217/254/217 
f 218/255/218 217/254/217 185/221/185 
f 185/221/185 186/222/186 218/255/218 
f 219/256/219 218/255/218 186/222/186 
f 186/222/186 187/223/187 219/256/219 
f 220/257/220 219/256/219 187/223/187 
f 187/223/187 188/224/188 220/257/220 
f 221/258/221 220/257/220 188/224/188 
f 188/224/188 189/225/189 221/258/221 
f 222/259/222 221/258/221 189/225/189 
f 189/225/189 190/226/190 222/259/222 
f 223/260/223 222/259/222 190/226/190 
f 190/226/190 191/227/191 223/260/223 
f 224/261/224 223/260/223 191/227/191 
f 191/227/191 192/228/192 224/261/224 
f 225/262/225 224/261/224 192/228/192 
f 192/228/192 193/229/193 225/262/225 
f 195/263/195 225/262/225 193/229/193 
f 193/229/193 163/230/163 195/263/195 
f 226/264/226 227/265/227 195/232/195 
f 195/232/195 194/231/194 226/264/226 
f 228/266/228 226/264/226 194/231/194 
f 194/231/194 196/233/196 228/266/228 
f 229/267/229 228/266/228 196/233/196 
f 196/233/196 197/234/197 229/267/229 
f 230/268/230 229/267/229 197/234/197 
f 197/234/197 198/235/198 230/268/230 
f 231/269/231 230/268/230 198/235/198 
f 198/235/198 199/236/199 231/269/231 
f 232/270/232 231/269/231 199/236/199 
f 199/236/199 200/237/200 232/270/232 
f 233/271/233 232/270/232 200/237/200 
f 200/237/200 201/238/201 233/271/233 
f 234/272/234 233/271/233 201/238/201 
f 201/238/201 202/239/202 234/272/234 
f 235/273/235 234/272/234 202/239/202 
f 202/239/202 203/240/203 235/273/235 
f 236/274/236 235/273/235 203/240/203 
f 203/240/203 204/241/204 236/274/236 
f 237/275/237 236/274/236 204/241/204 
f 204/241/204 205/242/205 237/275/237 
f 238/276/238 237/275/237 205/242/205 
f 205/242/205 206/243/206 238/276/238 
f 239/277/239 238/276/238 206/243/206 
f 206/243/206 207/244/207 239/277/239 
f 240/278/240 239/277/239 207/244/207 
f 207/244/207 208/245/208 240/278/240 
f 241/279/241 240/278/240 208/245/208 
f 208/245/208 209/246/209 241/279/241 
f 242/280/242 241/279/241 209/246/209 
f 209/246/209 210/247/210 242/280/242 
f 243/281/243 242/280/242 210/247/210 
f 210/247/210 211/248/211 243/281/243 
f 244/282/244 243/281/243 211/248/211 
f 211/248/211 212/249/212 244/282/244 
f 245/283/245 244/282/244 212/249/212 
f 212/249/212 213/250/213 245/283/245 
f 246/284/246 245/283/245 213/250/213 
f 213/250/213 214/251/214 246/284/246 
f 247/285/247 246/284/246 214/251/214 
f 214/251/214 215/252/215 247/285/247 
f 248/286/248 247/285/247 215/252/215 
f 215/252/215 216/253/216 248/286/248 
f 249/287/249 248/286/248 216/253/216 
f 216/253/216 217/254/217 249/287/249 
f 250/288/250 249/287/249 217/254/217 
f 217/254/217 218/255/218 250/288/250 
f 251/289/251 250/288/250 218/255/218 
f 218/255/218 219/256/219 251/289/251 
f 252/290/252 251/289/251 219/256/219 
f 219/256/219 220/257/220 252/290/252 
f 253/291/253 252/290/252 220/257/220 
f 220/257/220 221/258/221 253/291/253 
f 254/292/254 253/291/253 221/258/221 
f 221/258/221 222/259/222 254/292/254 
f 255/293/255 254/292/254 222/259/222 
f 222/259/222 223/260/223 255/293/255 
f 256/294/256 255/293/255 223/260/223 
f 223/260/223 224/261/224 256/294/256 
f 257/295/257 256/294/256 224/261/224 
f 224/261/224 225/262/225 257/295/257 
f 227/296/227 257/295/257 225/262/225 
f 225/262/225 195/263/195 227/296/227 
f 258/297/258 259/298/259 227/265/227 
f 227/265/227 226/264/226 258/297/258 
f 260/299/260 258/297/258 226/264/226 
f 226/264/226 228/266/228 260/299/260 
f 261/300/261 260/299/260 228/266/228 
f 228/266/228 229/267/229 261/300/261 
f 262/301/262 261/300/261 229/267/229 
f 229/267/229 230/268/230 262/301/262 
f 263/302/263 262/301/262 230/268/230 
f 230/268/230 231/269/231 263/302/263 
f 264/303/264 263/302/263 231/269/231 
f 231/269/231 232/270/232 264/303/264 
f 265/304/265 264/303/264 232/270/232 
f 232/270/232 233/271/233 265/304/265 
f 266/305/266 265/304/265 233/271/233 
f 233/271/233 234/272/234 266/305/266 
f 267/306/267 266/305/266 234/272/234 
f 234/272/234 235/273/235 267/306/267 
f 268/307/268 267/306/267 235/273/235 
f 235/273/235 236/274/236 268/307/268 
f 269/308/269 268/307/268 236/274/236 
f 236/274/236 237/275/237 269/308/269 
f 270/309/270 269/308/269 237/275/237 
f 237/275/237 238/276/238 270/309/270 
f 271/310/271 270/309/270 238/276/238 
f 238/276/238 239/277/239 271/310/271 
f 272/311/272 271/310/271 239/277/239 
f 239/277/239 240/278/240 272/311/272 
f 273/312/273 272/311/272 240/278/240 
f 240/278/240 241/279/241 273/312/273 
f 274/313/274 273/312/273 241/279/241 
f 241/279/241 242/280/242 274/313/274 
f 275/314/275 274/313/274 242/280/242 
f 242/280/242 243/281/243 275/314/275 
f 276/315/276 275/314/275 243/281/243 
f 243/281/243 244/282/244 276/315/276 
f 277/316/277 276/315/276 244/282/244 
f 244/282/244 245/283/245 277/316/277 
f 278/317/278 277/316/277 245/283/245 
f 245/283/245 246/284/246 278/317/278 
f 279/318/279 278/317/278 246/284/246 
f 246/284/246 247/285/247 279/318/279 
f 280/319/280 279/318/279 247/285/247 
f 247/285/247 248/286/248 280/319/280 
f 281/320/281 280/319/280 248/286/248 
f 248/286/248 249/287/249 281/320/281 
f 282/321/282 281/320/281 249/287/249 
f 249/287/249 250/288/250 282/321/282 
f 283/322/283 282/321/282 250/288/250 
f 250/288/250 251/289/251 283/322/283 
f 284/323/284 283/322/283 251/289/251 
f 251/289/251 252/290/252 284/323/284 
f 285/324/285 284/323/284 252/290/252 
f 252/290/252 253/291/253 285/324/285 
f 286/325/286 285/324/285 253/291/253 
f 253/291/253 254/292/254 286/325/286 
f 287/326/287 286/325/286 254/292/254 
f 254/292/254 255/293/255 287/326/287 
f 288/327/288 287/326/287 255/293/255 
f 255/293/255 256/294/256 288/327/288 
f 289/328/289 288/327/288 256/294/256 
f 256/294/256 257/295/257 289/328/289 
f 259/329/259 289/328/289 257/295/257 
f 257/295/257 227/296/227 259/329/259 
f 290/330/290 291/331/291 259/298/259 
f 259/298/259 258/297/258 290/330/290 
f 292/332/292 290/330/290 258/297/258 
f 258/297/258 260/299/260 292/332/292 
f 293/333/293 292/332/292 260/299/260 
f 260/299/260 261/300/261 293/333/293 
f 294/334/294 293/333/293 261/300/261 
f 261/300/261 262/301/262 294/334/294 
f 295/335/295 294/334/294 262/301/262 
f 262/301/262 263/302/263 295/335/295 
f 296/336/296 295/335/295 263/302/263 
f 263/302/263 264/303/264 296/336/296 
f 297/337/297 296/336/296 264/303/264 
f 264/303/264 265/304/265 297/337/297 
f 298/338/298 297/337/297 265/304/265 
f 265/304/265 266/305/266 298/338/298 
f 299/339/299 298/338/298 266/305/266 
f 266/305/266 267/306/267 299/339/299 
f 300/340/300 299/339/299 267/306/267 
f 267/306/267 268/307/268 300/340/300 
f 301/341/301 300/340/300 268/307/268 
f 268/307/268 269/308/269 301/341/301 
f 302/342/302 301/341/301 269/308/269 
f 269/308/269 270/309/270 302/342/302 
f 303/343/303 302/342/302 270/309/270 
f 270/309/270 271/310/271 303/343/303 
f 304/344/304 303/343/303 271/310/271 
f 271/310/271 272/311/272 304/344/304 
f 305/345/305 304/344/304 272/311/272 
f 272/311/272 273/312/273 305/345/305 
f 306/346/306 305/345/305 273/312/273 
f 273/312/273 274/313/274 306/346/306 
f 307/347/307 306/346/306 274/313/274 
f 274/313/274 275/314/275 307/347/307 
f 308/348/308 307/347/307 275/314/275 
f 275/314/275 276/315/276 308/348/308 
f 309/349/309 308/348/308 276/315/276 
f 276/315/276 277/316/277 309/349/309 
f 310/350/310 309/349/309 277/316/277 
f 277/316/277 278/317/278 310/350/310 
f 311/351/311 310/350/310 278/317/278 
f 278/317/278 279/318/279 311/351/311 
f 312/352/312 311/351/311 279/318/279 
f 279/318/279 280/319/280 312/352/312 
f 313/353/313 312/352/312 280/319/280 
f 280/319/280 281/320/281 313/353/313 
f 314/354/314 313/353/313 281/320/281 
f 281/320/281 282/321/282 314/354/314 
f 315/355/315 314/354/314 282/321/282 
f 282/321/282 283/322/283 315/355/315 
f 316/356/316 315/355/315 283/322/283 
f 283/322/283 284/323/284 316/356/316 
f 317/357/317 316/356/316 284/323/284 
f 284/323/284 285/324/285 317/357/317 
f 318/358/318 317/357/317 285/324/285 
f 285/324/285 286/325/286 318/358/318 
f 319/359/319 318/358/318 286/325/286 
f 286/325/286 287/326/287 319/359/319 
f 320/360/320 319/359/319 287/326/287 
f 287/326/287 288/327/288 320/360/320 
f 321/361/321 320/360/320 288/327/288 
f 288/327/288 289/328/289 321/361/321 
f 291/362/291 321/361/321 289/328/289 
f 289/328/289 259/329/259 291/362/291 
f 322/363/322 323/364/323 291/331/291 
f 291/331/291 290/330/290 322/363/322 
f 324/365/324 322/363/322 290/330/290 
f 290/330/290 292/332/292 324/365/324 
f 325/366/325 324/365/324 292/332/292 
f 292/332/292 293/333/293 325/366/325 
f 326/367/326 325/366/325 293/333/293 
f 293/333/293 294/334/294 326/367/326 
f 327/368/327 326/367/326 294/334/294 
f 294/334/294 295/335/295 327/368/327 
f 328/369/328 327/368/327 295/335/295 
f 295/335/295 296/336/296 328/369/328 
f 329/370/329 328/369/328 296/336/296 
f 296/336/296 297/337/297 329/370/329 
f 330/371/330 329/370/329 297/337/297 
f 297/337/297 298/338/298 330/371/330 
f 331/372/331 330/371/330 298/338/298 
f 298/338/298 299/339/299 331/372/331 
f 332/373/332 331/372/331 299/339/299 
f 299/339/299 300/340/300 332/373/332 
f 333/374/333 332/373/332 300/340/300 
f 300/340/300 301/341/301 333/374/333 
f 334/375/334 333/374/333 301/341/301 
f 301/341/301 302/342/302 334/375/334 
f 335/376/335 334/375/334 302/342/302 
f 302/342/302 303/343/303 335/376/335 
f 336/377/336 335/376/335 303/343/303 
f 303/343/303 304/344/304 336/377/336 
f 337/378/337 336/377/336 304/344/304 
f 304/344/304 305/345/305 337/378/337 
f 338/379/338 337/378/337 305/345/305 
f 305/345/305 306/346/306 338/379/338 
f 339/380/339 338/379/338 306/346/306 
f 306/346/306 307/347/307 339/380/339 
f 340/381/340 339/380/339 307/347/307 
f 307/347/307 308/348/308 340/381/340 
f 341/382/341 340/381/340 308/348/308 
f 308/348/308 309/349/309 341/382/341 
f 342/383/342 341/382/341 309/349/309 
f 309/349/309 310/350/310 342/383/342 
f 343/384/343 342/383/342 310/350/310 
f 310/350/310 311/351/311 343/384/343 
f 344/385/344 343/384/343 311/351/311 
f 311/351/311 312/352/312 344/385/344 
f 345/386/345 344/385/344 312/352/312 
f 312/352/312 313/353/313 345/386/345 
f 346/387/346 345/386/345 313/353/313 
f 313/353/313 314/354/314 346/387/346 
f 347/388/347 346/387/346 314/354/314 
f 314/354/314 315/355/315 347/388/347 
f 348/389/348 347/388/347 315/355/315 
f 315/355/315 316/356/316 348/389/348 
f 349/390/349 348/389/348 316/356/316 
f 316/356/316 317/357/317 349/390/349 
f 350/391/350 349/390/349 317/357/317 
f 317/357/317 318/358/318 350/391/350 
f 351/392/351 350/391/350 318/358/318 
f 318/358/318 319/359/319 351/392/351 
f 352/393/352 351/392/351 319/359/319 
f 319/359/319 320/360/320 352/393/352 
f 353/394/353 352/393/352 320/360/320 
f 320/360/320 321/361/321 353/394/353 
f 323/395/323 353/394/353 321/361/321 
f 321/361/321 291/362/291 323/395/323 
f 354/396/354 355/397/355 323/364/323 
f 323/364/323 322/363/322 354/396/354 
f 356/398/356 354/396/354 322/363/322 
f 322/363/322 324/365/324 356/398/356 
f 357/399/357 356/398/356 324/365/324 
f 324/365/324 325/366/325 357/399/357 
f 358/400/358 357/399/357 325/366/325 
f 325/366/325 326/367/326 358/400/358 
f 359/401/359 358/400/358 326/367/326 
f 326/367/326 327/368/327 359/401/359 
f 360/402/360 359/401/359 327/368/327 
f 327/368/327 328/369/328 360/402/360 
f 361/403/361 360/402/360 328/369/328 
f 328/369/328 329/370/329 361/403/361 
f 362/404/362 361/403/361 329/370/329 
f 329/370/329 330/371/330 362/404/362 
f 363/405/363 362/404/362 330/371/330 
f 330/371/330 331/372/331 363/405/363 
f 364/406/364 363/405/363 331/372/331 
f 331/372/331 332/373/332 364/406/364 
f 365/407/365 364/406/364 332/373/332 
f 332/373/332 333/374/333 365/407/365 
f 366/408/366 365/407/365 333/374/333 
f 333/374/333 334/375/334 366/408/366 
f 367/409/367 366/408/366 334/375/334 
f 334/375/334 335/376/335 367/409/367 
f 368/410/368 367/409/367 335/376/335 
f 335/376/335 336/377/336 368/410/368 
f 369/411/369 368/410/368 336/377/336 
f 336/377/336 337/378/337 369/411/369 
f 370/412/370 369/411/369 337/378/337 
f 337/378/337 338/379/338 370/412/370 
f 371/413/371 370/412/370 338/379/338 
f 338/379/338 339/380/339 371/413/371 
f 372/414/372 371/413/371 339/380/339 
f 339/380/339 340/381/340 372/414/372 
f 373/415/373 372/414/372 340/381/340 
f 340/381/340 341/382/341 373/415/373 
f 374/416/374 373/415/373 341/382/341 
f 341/382/341 342/383/342 374/416/374 
f 375/417/375 374/416/374 342/383/342 
f 342/383/342 343/384/343 375/417/375 
f 376/418/376 375/417/375 343/384/343 
f 343/384/343 344/385/344 376/418/376 
f 377/419/377 376/418/376 344/385/344 
f 344/385/344 345/386/345 377/419/377 
f 378/420/378 377/419/377 345/386/345 
f 345/386/345 346/387/346 378/420/378 
f 379/421/379 378/420/378 346/387/346 
f 346/387/346 347/388/347 379/421/379 
f 380/422/380 379/421/379 347/388/347 
f 347/388/347 348/389/348 380/422/380 
f 381/423/381 380/422/380 348/389/348 
f 348/389/348 349/390/349 381/423/381 
f 382/424/382 381/423/381 349/390/349 
f 349/390/349 350/391/350 382/424/382 
f 383/425/383 382/424/382 350/391/350 
f 350/391/350 351/392/351 383/425/383 
f 384/426/384 383/425/383 351/392/351 
f 351/392/351 352/393/352 384/426/384 
f 385/427/385 384/426/384 352/393/352 
f 352/393/352 353/394/353 385/427/385 
f 355/428/355 385/427/385 353/394/353 
f 353/394/353 323/395/323 355/428/355 
f 386/429/386 387/430/387 355/397/355 
f 355/397/355 354/396/354 386/429/386 
f 388/431/388 386/429/386 354/396/354 
f 354/396/354 356/398/356 388/431/388 
f 389/432/389 388/431/388 356/398/356 
f 356/398/356 357/399/357 389/432/389 
f 390/433/390 389/432/389 357/399/357 
f 357/399/357 358/400/358 390/433/390 
f 391/434/391 390/433/390 358/400/358 
f 358/400/358 359/401/359 391/434/391 
f 392/435/392 391/434/391 359/401/359 
f 359/401/359 360/402/360 392/435/392 
f 393/436/393 392/435/392 360/402/360 
f 360/402/360 361/403/361 393/436/393 
f 394/437/394 393/436/393 361/403/361 
f 361/403/361 362/404/362 394/437/394 
f 395/438/395 394/437/394 362/404/362 
f 362/404/362 363/405/363 395/438/395 
f 396/439/396 395/438/395 363/405/363 
f 363/405/363 364/406/364 396/439/396 
f 397/440/397 396/439/396 364/406/364 
f 364/406/364 365/407/365 397/440/397 
f 398/441/398 397/440/397 365/407/365 
f 365/407/365 366/408/366 398/441/398 
f 399/442/399 398/441/398 366/408/366 
f 366/408/366 367/409/367 399/442/399 
f 400/443/400 399/442/399 367/409/367 
f 367/409/367 368/410/368 400/443/400 
f 401/444/401 400/443/400 368/410/368 
f 368/410/368 369/411/369 401/444/401 
f 402/445/402 401/444/401 369/411/369 
f 369/411/369 370/412/370 402/445/402 
f 403/446/403 402/445/402 370/412/370 
f 370/412/370 371/413/371 403/446/403 
f 404/447/404 403/446/403 371/413/371 
f 371/413/371 372/414/372 404/447/404 
f 405/448/405 404/447/404 372/414/372 
f 372/414/372 373/415/373 405/448/405 
f 406/449/406 405/448/405 373/415/373 
f 373/415/373 374/416/374 406/449/406 
f 407/450/407 406/449/406 374/416/374 
f 374/416/374 375/417/375 407/450/407 
f 408/451/408 407/450/407 375/417/375 
f 375/417/375 376/418/376 408/451/408 
f 409/452/409 408/451/408 376/418/376 
f 376/418/376 377/419/377 409/452/409 
f 410/453/410 409/452/409 377/419/377 
f 377/419/377 378/420/378 410/453/410 
f 411/454/411 410/453/410 378/420/378 
f 378/420/378 379/421/379 411/454/411 
f 412/455/412 411/454/411 379/421/379 
f 379/421/379 380/422/380 412/455/412 
f 413/456/413 412/455/412 380/422/380 
f 380/422/380 381/423/381 413/456/413 
f 414/457/414 413/456/413 381/423/381 
f 381/423/381 382/424/382 414/457/414 
f 415/458/415 414/457/414 382/424/382 
f 382/424/382 383/425/383 415/458/415 
f 416/459/416 415/458/415 383/425/383 
f 383/425/383 384/426/384 416/459/416 
f 417/460/417 416/459/416 384/426/384 
f 384/426/384 385/427/385 417/460/417 
f 387/461/387 417/460/417 385/427/385 
f 385/427/385 355/428/355 387/461/387 
f 418/462/418 419/463/419 387/430/387 
f 387/430/387 386/429/386 418/462/418 
f 420/464/420 418/462/418 386/429/386 
f 386/429/386 388/431/388 420/464/420 
f 421/465/421 420/464/420 388/431/388 
f 388/431/388 389/432/389 421/465/421 
f 422/466/422 421/465/421 389/432/389 
f 389/432/389 390/433/390 422/466/422 
f 423/467/423 422/466/422 390/433/390 
f 390/433/390 391/434/391 423/467/423 
f 424/468/424 423/467/423 391/434/391 
f 391/434/391 392/435/392 424/468/424 
f 425/469/425 424/468/424 392/435/392 
f 392/435/392 393/436/393 425/469/425 
f 426/470/426 425/469/425 393/436/393 
f 393/436/393 394/437/394 426/470/426 
f 427/471/427 426/470/426 394/437/394 
f 394/437/394 395/438/395 427/471/427 
f 428/472/428 427/471/427 395/438/395 
f 395/438/395 396/439/396 428/472/428 
f 429/473/429 428/472/428 396/439/396 
f 396/439/396 397/440/397 429/473/429 
f 430/474/430 429/473/429 397/440/397 
f 397/440/397 398/441/398 430/474/430 
f 431/475/431 430/474/430 398/441/398 
f 398/441/398 399/442/399 431/475/431 
f 432/476/432 431/475/431 399/442/399 
f 399/442/399 400/443/400 432/476/432 
f 433/477/433 432/476/432 400/443/400 
f 400/443/400 401/444/401 433/477/433 
f 434/478/434 433/477/433 401/444/401 
f 401/444/401 402/445/402 434/478/434 
f 435/479/435 434/478/434 402/445/402 
f 402/445/402 403/446/403 435/479/435 
f 436/480/436 435/479/435 403/446/403 
f 403/446/403 404/447/404 436/480/436 
f 437/481/437 436/480/436 404/447/404 
f 404/447/404 405/448/405 437/481/437 
f 438/482/438 437/481/437 405/448/405 
f 405/448/405 406/449/406 438/482/438 
f 439/483/439 438/482/438 406/449/406 
f 406/449/406 407/450/407 439/483/439 
f 440/484/440 439/483/439 407/450/407 
f 407/450/407 408/451/408 440/484/440 
f 441/485/441 440/484/440 408/451/408 
f 408/451/408 409/452/409 441/485/441 
f 442/486/442 441/485/441 409/452/409 
f 409/452/409 410/453/410 442/486/442 
f 443/487/443 442/486/442 410/453/410 
f 410/453/410 411/454/411 443/487/443 
f 444/488/444 443/487/443 411/454/411 
f 411/454/411 412/455/412 444/488/444 
f 445/489/445 444/488/444 412/455/412 
f 412/455/412 413/456/413 445/489/445 
f 446/490/446 445/489/445 413/456/413 
f 413/456/413 414/457/414 446/490/446 
f 447/491/447 446/490/446 414/457/414 
f 414/457/414 415/458/415 447/491/447 
f 448/492/448 447/491/447 415/458/415 
f 415/458/415 416/459/416 448/492/448 
f 449/493/449 448/492/448 416/459/416 
f 416/459/416 417/460/417 449/493/449 
f 419/494/419 449/493/449 417/460/417 
f 417/460/417 387/461/387 419/494/419 
f 450/495/450 451/496/451 419/463/419 
f 419/463/419 418/462/418 450/495/450 
f 452/497/452 450/495/450 418/462/418 
f 418/462/418 420/464/420 452/497/452 
f 453/498/453 452/497/452 420/464/420 
f 420/464/420 421/465/421 453/498/453 
f 454/499/454 453/498/453 421/465/421 
f 421/465/421 422/466/422 454/499/454 
f 455/500/455 454/499/454 422/466/422 
f 422/466/422 423/467/423 455/500/455 
f 456/501/456 455/500/455 423/467/423 
f 423/467/423 424/468/424 456/501/456 
f 457/502/457 456/501/456 424/468/424 
f 424/468/424 425/469/425 457/502/457 
f 458/503/458 457/502/457 425/469/425 
f 425/469/425 426/470/426 458/503/458 
f 459/504/459 458/503/458 426/470/426 
f 426/470/426 427/471/427 459/504/459 
f 460/505/460 459/504/459 427/471/427 
f 427/471/427 428/472/428 460/505/460 
f 461/506/461 460/505/460 428/472/428 
f 428/472/428 429/473/429 461/506/461 
f 462/507/462 461/506/461 429/473/429 
f 429/473/429 430/474/430 462/507/462 
f 463/508/463 462/507/462 430/474/430 
f 430/474/430 431/475/431 463/508/463 
f 464/509/464 463/508/463 431/475/431 
f 431/475/431 432/476/432 464/509/464 
f 465/510/465 464/509/464 432/476/432 
f 432/476/432 433/477/433 465/510/465 
f 466/511/466 465/510/465 433/477/433 
f 433/477/433 434/478/434 466/511/466 
f 467/512/467 466/511/466 434/478/434 
f 434/478/434 435/479/435 467/512/467 
f 468/513/468 467/512/467 435/479/435 
f 435/479/435 436/480/436 468/513/468 
f 469/514/469 468/513/468 436/480/436 
f 436/480/436 437/481/437 469/514/469 
f 470/515/470 469/514/469 437/481/437 
f 437/481/437 438/482/438 470/515/470 
f 471/516/471 470/515/470 438/482/438 
f 438/482/438 439/483/439 471/516/471 
f 472/517/472 471/516/471 439/483/439 
f 439/483/439 440/484/440 472/517/472 
f 473/518/473 472/517/472 440/484/440 
f 440/484/440 441/485/441 473/518/473 
f 474/519/474 473/518/473 441/485/441 
f 441/485/441 442/486/442 474/519/474 
f 475/520/475 474/519/474 442/486/442 
f 442/486/442 443/487/443 475/520/475 
f 476/521/476 475/520/475 443/487/443 
f 443/487/443 444/488/444 476/521/476 
f 477/522/477 476/521/476 444/488/444 
f 444/488/444 445/489/445 477/522/477 
f 478/523/478 477/522/477 445/489/445 
f 445/489/445 446/490/446 478/523/478 
f 479/524/479 478/523/478 446/490/446 
f 446/490/446 447/491/447 479/524/479 
f 480/525/480 479/524/479 447/491/447 
f 447/491/447 448/492/448 480/525/480 
f 481/526/481 480/525/480 448/492/448 
f 448/492/448 449/493/449 481/526/481 
f 451/527/451 481/526/481 449/493/449 
f 449/493/449 419/494/419 451/527/451 
f 482/528/482 451/496/451 450/495/450 
f 482/529/482 450/495/450 452/497/452 
f 482/530/482 452/497/452 453/498/453 
f 482/531/482 453/498/453 454/499/454 
f 482/532/482 454/499/454 455/500/455 
f 482/533/482 455/500/455 456/501/456 
f 482/534/482 456/501/456 457/502/457 
f 482/535/482 457/502/457 458/503/458 
f 482/536/482 458/503/458 459/504/459 
f 482/537/482 459/504/459 460/505/460 
f 482/538/482 460/505/460 461/506/461 
f 482/539/482 461/506/461 462/507/462 
f 482/540/482 462/507/462 463/508/463 
f 482/541/482 463/508/463 464/509/464 
f 482/542/482 464/509/464 465/510/465 
f 482/543/482 465/510/465 466/511/466 
f 482/544/482 466/511/466 467/512/467 
f 482/545/482 467/512/467 468/513/468 
f 482/546/482 468/513/468 469/514/469 
f 482/547/482 469/514/469 470/515/470 
f 482/548/482 470/515/470 471/516/471 
f 482/549/482 471/516/471 472/517/472 
f 482/550/482 472/517/472 473/518/473 
f 482/551/482 473/518/473 474/519/474 
f 482/552/482 474/519/474 475/520/475 
f 482/553/482 475/520/475 476/521/476 
f 482/554/482 476/521/476 477/522/477 
f 482/555/482 477/522/477 478/523/478 
f 482/556/482 478/523/478 479/524/479 
f 482/557/482 479/524/479 480/525/480 
f 482/558/482 480/525/480 481/526/481 
f 482/559/482 481/526/481 451/527/451 
# 960 faces

#
# object Plane001
#

v  41.4743 58.5805 -73.0411
v  41.4743 50.2640 -73.0411
v  44.1333 58.5805 -74.1145
v  44.1333 50.2640 -74.1145
# 4 vertices

vn 0.3743 -0.0000 0.9273
# 1 vertex normals

vt 0.0005 0.9995 0.5000
vt 0.0005 0.0005 0.5000
vt 0.9995 0.9995 0.5000
vt 0.9995 0.0005 0.5000
# 4 texture coords

g Plane001
usemtl 01___Defaultdddfrrssdfff
s 1
f 483/560/483 484/561/483 485/562/483 
f 486/563/483 485/562/483 484/561/483 
# 2 faces

#
# object van_gogh_fabric
#

v  -143.5519 10.2330 -25.6631
v  -148.3409 12.4157 -36.1206
v  -154.5439 -53.6502 -49.2292
v  -146.4303 -41.3226 -31.8323
v  -16.4558 -53.8263 6.9862
v  -13.5210 -57.7705 5.2026
v  -3.9910 -57.0708 0.4574
v  -10.3754 -51.8572 3.0682
v  -6.5846 -2.6200 -4.1488
v  -10.6404 -0.8260 -15.2055
v  -31.8337 -2.4684 10.0535
v  -16.2356 -4.0356 12.3266
v  -12.4645 -6.2309 12.2403
v  -3.8044 -18.1430 6.4915
v  -1.1844 -7.9377 7.3043
v  0.3067 -5.9826 6.4346
v  107.2146 -2.8656 -67.8306
v  102.6895 -2.7265 -77.8801
v  101.8391 -0.2812 -77.4988
v  103.7447 -0.3513 -71.5733
v  38.7877 5.9635 -94.2357
v  33.1060 5.8377 -88.3890
v  51.4392 1.6535 -69.6630
v  42.0962 5.9316 -95.7947
v  60.6966 -43.8351 -27.6270
v  53.9051 -48.8366 -25.3946
v  51.9750 -56.6666 -24.3281
v  60.3996 -52.6661 -26.5833
v  7.2224 -58.5952 -4.8362
v  7.4457 -49.9921 -4.5313
v  0.5284 -53.6316 -1.8514
v  -77.6741 -29.5264 40.5912
v  -71.3097 -22.8956 37.7173
v  -78.2533 -14.8281 42.6033
v  -80.9017 -28.6449 41.5568
v  -27.9851 3.7859 -39.4715
v  -48.0599 4.4185 -31.9111
v  -44.1995 5.1057 -38.5215
v  -48.3110 5.2884 -38.5246
v  -1.9223 7.1373 -80.6881
v  -25.8713 7.6829 -70.1679
v  -4.3502 7.5436 -77.6301
v  69.4072 -20.7998 -27.0852
v  68.0412 -15.3548 -26.1673
v  62.0644 -21.5379 -24.6454
v  51.6586 3.9048 -84.6614
v  70.8601 1.8804 -75.9186
v  76.6068 3.3204 -86.5833
v  51.1748 4.6128 -89.1105
v  -123.4754 -48.5248 17.4996
v  -134.3507 -64.9204 -5.8243
v  -124.9934 -69.7397 13.9797
v  -123.1640 -64.8939 17.5523
v  81.9764 -59.2431 -37.5972
v  84.6670 -59.7180 -38.2350
v  84.0771 -39.9611 -35.3420
v  81.9966 -45.1110 -36.3930
v  102.0087 -62.4479 -49.9539
v  104.9315 -48.5517 -48.8040
v  101.5995 -39.4247 -45.7927
v  92.9466 -60.8799 -46.0345
v  -113.7654 -71.7418 53.9182
v  -110.7724 -71.4677 54.9141
v  -111.3315 -60.3391 55.5456
v  -114.0998 -60.9137 53.9207
v  85.2529 -3.1954 -46.2864
v  71.9318 -3.4015 -41.5426
v  79.2243 -5.0757 -32.3933
v  82.6849 -3.6668 -40.9377
v  101.4448 -4.4388 -41.9142
v  112.3128 -3.3084 -52.0246
v  107.7554 -1.7310 -61.1411
v  98.7591 -2.5817 -53.3693
v  -122.0172 2.2798 20.4667
v  -129.5188 4.2679 4.4684
v  -116.8920 3.2663 26.6343
v  -105.0669 3.7277 14.4714
v  -125.1455 6.0537 8.9119
v  -121.7871 4.2145 18.4580
v  83.4304 6.9585 -111.8917
v  81.0356 7.8401 -119.6965
v  70.0352 7.9387 -115.1704
v  -145.1473 14.2300 -36.7279
v  -140.9251 12.2058 -25.1389
v  -111.1054 11.7934 -42.2328
v  -107.6620 12.0500 -46.4593
v  46.6434 -9.4764 -15.3179
v  45.3700 -17.3152 -16.0633
v  52.7405 -8.7275 -17.9914
v  50.2914 -6.8919 -16.9596
v  45.9581 -3.8244 -28.2338
v  49.6590 -1.6725 -42.8611
v  31.9540 3.4197 -67.8854
v  22.1509 2.2202 -57.3097
v  -109.6491 -76.9981 35.6032
v  -105.6850 -77.9600 35.8155
v  -107.4884 -70.2234 36.6173
v  -108.4670 1.4739 35.7824
v  -104.9337 -67.5601 42.2401
v  -104.3660 -69.0428 40.3256
v  -104.3290 -79.9814 39.7321
v  -106.4044 -69.4842 43.4867
v  -25.4972 -25.8192 15.2934
v  -19.5048 -35.7663 12.8012
v  -12.5185 -38.9991 8.4192
v  -11.1758 -35.3334 7.6061
v  -32.2814 -46.4862 16.2163
v  -24.0570 -57.7818 10.0229
v  14.0833 -62.5065 -8.2882
v  38.1479 -62.0109 -18.8627
v  43.9023 -54.5239 -21.3368
v  18.5379 -57.1862 -9.7697
v  69.9362 -59.7913 -32.1898
v  70.3509 -48.1562 -29.1256
v  65.4711 -53.2283 -27.8587
v  58.5204 -60.8684 -26.8883
v  41.7209 -9.4200 -12.9997
v  40.8020 -10.1749 -10.9980
v  37.7323 -17.3535 -12.7886
v  37.9449 -19.1246 -14.2053
v  0.2043 -50.5140 -0.9088
v  2.3456 -45.5301 0.1094
v  16.9813 6.8426 -87.0918
v  11.6638 6.9942 -80.2565
v  20.5264 6.1695 -84.1166
v  22.2063 -2.1966 -24.7305
v  20.7278 0.8995 -47.6895
v  16.1655 -0.5187 -34.1009
v  14.3014 0.2743 -33.5913
v  96.4459 -2.4567 -90.8217
v  97.8856 1.3818 -86.0502
v  98.4586 1.5114 -79.9487
v  76.8212 1.4039 -73.9877
v  70.8683 -1.0565 -56.8991
v  95.1768 -1.9069 -56.8330
v  -84.1904 -1.0323 39.5361
v  -88.9732 1.9623 17.8345
v  -58.5817 4.9351 -29.3056
v  -45.7142 -1.8675 14.6149
v  13.6747 -19.2029 -1.5436
v  15.8298 -6.3358 -0.7023
v  10.8237 -7.3157 1.3195
v  4.0364 -1.5920 -18.1854
v  12.8125 -0.5225 -32.0074
v  -3.0828 0.8993 -32.9139
v  0.7199 0.1674 -22.2031
v  -102.5698 -39.6541 45.9400
v  -104.2682 -41.1656 45.5826
v  -103.0357 -48.1694 42.6872
v  -101.3331 -46.6056 43.7356
v  -110.3207 -2.1480 45.8517
v  -106.4646 -2.9293 53.7986
v  -106.7155 -0.5572 50.5129
v  -109.4658 0.5759 43.8594
v  -117.3192 -81.0113 44.2798
v  -117.4024 -75.5785 48.2117
v  -116.7831 -70.8697 46.8915
v  -116.0261 -76.2603 44.0279
v  -85.4301 -42.6542 40.6766
v  -85.4968 -24.2767 44.2182
v  -90.1872 -37.4849 44.1937
v  55.0053 -4.6486 -25.6990
v  52.9258 -4.2777 -27.1620
v  47.9872 -4.6883 -19.6995
v  54.3987 -4.5070 -22.3198
v  61.6317 -5.8044 -23.2751
v  67.0189 -5.4434 -26.4777
v  61.0812 -4.1355 -31.8085
v  59.0921 -3.9254 -26.8433
v  53.2090 -13.8281 -16.9183
v  45.4557 -21.5662 -16.0640
v  52.0792 -17.3901 -16.7109
v  55.9457 -11.5312 -18.0196
v  17.1404 -54.4168 -8.9749
v  20.0067 -46.7610 -10.4972
v  -43.5974 -15.3113 24.4913
v  -45.4196 -18.6911 26.4768
v  -40.0612 -22.2335 21.2430
v  -40.8067 -18.3005 22.5310
v  -62.3227 -1.1325 23.0435
v  -59.4118 -2.5676 32.9718
v  -47.7906 -3.3257 28.5147
v  -51.9741 -2.1456 24.2731
v  -69.4898 7.6701 -40.9928
v  -67.2125 6.3866 -33.4169
v  -54.8598 6.6909 -43.9059
v  -67.4865 8.5682 -48.6430
v  -48.8162 6.8031 -48.8004
v  -35.2246 6.3670 -54.9182
v  -63.0850 8.6904 -52.5516
v  -100.5448 4.1880 7.4280
v  -92.6032 5.5279 -9.6966
v  -119.6481 6.2499 3.6251
v  -105.1016 5.0433 7.7918
v  -102.5526 10.4958 -38.7258
v  -113.5222 -45.0583 54.1831
v  -114.1566 -46.3378 52.5778
v  -115.0209 -59.0517 52.6610
v  -112.3354 -45.5761 55.5416
v  -104.9063 -2.5209 56.1975
v  -108.3288 -12.0474 56.3137
v  -106.6308 -8.2652 56.9382
v  -101.3172 -23.5137 53.0930
v  -101.3769 -39.9573 53.7349
v  -99.8604 -40.1153 46.9604
v  -99.7611 -29.7496 48.9747
v  79.5789 -13.2927 -31.4839
v  78.6085 -20.4530 -29.9945
v  77.3819 -27.4946 -34.1825
v  79.2847 -21.2243 -34.5526
v  65.7467 -47.1006 -27.5276
v  69.2398 -41.5089 -27.9112
v  66.9281 -33.1532 -29.1809
v  16.1560 -40.5268 -5.0476
v  16.9805 -44.0777 -8.0460
v  37.3377 -13.5328 -9.3838
v  36.0586 -11.0058 -10.5200
v  31.2791 -17.0792 -8.6304
v  36.6520 -16.2773 -8.9367
v  8.0776 1.2818 -42.7273
v  -7.6940 3.6817 -51.1127
v  -6.7182 1.5549 -35.3763
v  -18.0791 4.3410 -49.7033
v  -19.0764 5.4632 -54.0118
v  -27.9707 5.3746 -51.1391
v  -24.2882 4.4106 -45.7847
v  -118.8851 -61.6542 34.9408
v  -116.7099 -39.8355 38.1405
v  -116.6025 -43.1728 32.6015
v  -118.6741 -70.5745 29.1347
v  56.6512 1.9491 -72.9033
v  57.5242 1.8622 -72.7968
v  61.1359 -1.2643 -35.1060
v  62.7552 -2.5050 -39.0645
v  62.9012 -0.0015 -40.7149
v  60.6899 -0.7802 -35.4512
v  -14.5073 -43.0243 8.5994
v  -15.7420 -47.0594 6.1597
v  -6.6283 -50.2862 1.9716
v  -6.6391 -46.3053 4.0999
v  -39.0814 -13.0866 25.8287
v  -42.3200 -9.7299 25.9828
v  -112.3889 -48.5157 40.6356
v  -116.5366 -66.9498 38.3054
v  -116.0175 -75.8476 37.3256
v  -110.1706 -62.4400 38.1193
v  -105.8825 -38.5263 44.4125
v  -106.2463 -23.1431 48.5752
v  -107.5363 -15.5228 48.3544
v  -108.6022 -17.9787 46.6695
v  -100.4085 -44.6761 48.5169
v  -102.9668 -42.3650 54.4923
v  -101.5358 -35.7273 52.7433
v  -100.9478 -37.9801 48.9354
v  -104.9227 -63.7169 51.0966
v  -104.7553 -56.2205 46.5785
v  -105.0994 -56.6201 49.8934
v  -105.9948 -61.6586 53.1667
v  32.9739 6.7267 -93.0715
v  33.0718 6.5155 -95.7431
v  25.8837 6.9756 -92.8499
v  27.1576 6.6036 -89.5533
v  90.8012 -31.6475 -39.2429
v  86.3321 -33.7029 -35.2750
v  86.2653 -54.4580 -38.6470
v  89.9166 -50.6117 -42.2093
v  41.3440 5.6551 -99.9358
v  42.2378 6.6691 -99.0091
v  49.9623 7.2306 -105.9139
v  57.0318 6.7723 -104.5573
v  80.6605 4.3463 -94.2112
v  27.6495 -4.0626 -14.5856
v  32.6251 -3.6299 -20.8229
v  30.3144 -7.6732 -7.4350
v  27.9289 -17.2702 -7.7058
v  -93.2343 9.8766 -40.5520
v  -117.4473 7.1713 6.3599
v  -109.0840 6.6340 9.0210
v  -45.2827 -0.7894 23.9419
v  -53.9719 -1.2501 20.4971
v  -56.8234 1.3155 21.0287
v  -50.2684 0.6742 23.3639
v  53.4543 -24.6446 -21.5674
v  50.2486 -25.7097 -17.7875
v  45.2148 -39.6640 -19.5526
v  51.4903 -32.4129 -22.3061
v  -14.9257 6.0341 -49.5955
v  -10.6414 4.6178 -40.1157
v  -11.7932 6.4218 -49.6733
v  3.3615 6.7613 -81.0037
v  -4.9683 6.4292 -72.8712
v  -72.8590 9.7284 -46.7085
v  -73.1547 8.9573 -48.1324
v  -85.9166 10.3422 -48.1486
v  -85.4881 10.7808 -46.6409
v  -105.9367 -81.1151 41.4442
v  -114.0905 -83.9544 41.4710
v  -108.3208 -75.8853 43.2190
v  74.6072 -13.7873 -27.8747
v  72.5024 -19.8366 -29.6018
v  74.9654 -15.8825 -29.7364
v  80.0566 -9.1741 -30.1689
v  77.3264 -13.7006 -29.7529
v  79.6023 -14.3038 -29.6044
v  98.4225 -1.4778 -56.5726
v  103.7647 -1.3578 -62.2426
v  -112.2122 1.7204 36.8802
v  -113.7182 0.9937 36.8866
v  -112.0713 0.0557 41.0907
v  -117.3619 -17.5103 30.0759
v  -117.6591 -46.0644 27.8262
v  -115.1678 -21.7748 34.3098
v  -44.9898 -24.4380 25.9690
v  -48.2414 -13.8621 28.6867
v  -53.2204 -9.9791 31.2939
v  -49.7420 -26.3010 27.2057
v  -49.0105 -37.2699 24.7571
v  -51.8410 -50.5953 23.9831
v  -39.9265 -47.8970 18.9973
v  -105.0000 -20.8320 53.1388
v  -103.1995 -19.3807 52.3235
v  -104.2170 -14.4786 54.2940
v  -105.9801 -17.1060 56.6737
v  -104.5591 -31.0470 56.8796
v  -102.4627 -32.4831 54.3733
v  -105.7676 -40.8445 57.3760
v  -106.0797 -40.3104 58.9116
v  -29.9045 -21.1104 17.9209
v  -25.7489 -19.4408 17.3240
v  -31.8615 -12.0063 21.8659
v  -34.0326 -15.4473 20.7972
v  74.8898 -45.5997 -34.1148
v  73.5022 -58.7272 -36.6820
v  74.2194 -48.5660 -38.3978
v  74.7335 -46.4506 -39.2075
v  -61.0262 -1.0834 22.4548
v  -54.9889 -1.0329 23.1974
v  -61.1063 0.7207 22.4545
v  -62.7103 1.8240 21.6467
v  -109.2756 4.6916 12.2677
v  -112.3969 6.7230 9.3188
v  -126.5005 6.8740 5.7402
v  56.1024 -1.6297 -46.4743
v  53.2033 -0.6097 -44.7634
v  51.4176 -1.7222 -32.3352
v  55.2551 -3.4547 -33.7890
v  58.3199 0.4981 -64.1163
v  54.8328 2.3194 -71.4901
v  -106.9049 -46.5288 55.0441
v  -109.1557 -47.0236 56.4882
v  -107.0884 -54.7727 54.8507
v  -105.9726 -51.5934 52.9915
v  -109.8823 -18.9341 54.5908
v  -107.4111 -20.3848 51.3371
v  -110.7687 -29.7261 51.8534
v  -111.8669 -54.9017 46.5695
v  -108.0018 -54.5428 45.9080
v  -113.5377 -66.1780 44.8770
v  -114.3361 -58.0611 47.2136
v  81.3137 -17.5191 -34.0905
v  89.9062 -7.3248 -35.0529
v  88.7985 -5.3412 -35.3243
v  85.5224 -6.5272 -33.0876
v  86.6552 -13.9039 -33.4571
v  8.2627 5.2462 -72.7900
v  17.0640 2.5793 -57.5243
v  15.7180 4.3146 -68.6584
v  12.8577 5.6427 -77.7087
v  -36.2115 -3.6152 21.6842
v  -35.8350 -2.8164 15.0775
v  -42.4851 -3.0626 22.5806
v  -19.9845 -5.8530 15.7465
v  -29.9926 -7.4863 20.2282
v  -17.3885 -14.5477 13.2242
v  -15.9965 -8.8186 13.7713
v  67.9603 2.2067 -57.6729
v  68.4367 1.2748 -55.6254
v  71.7470 3.3361 -67.4674
v  69.9541 2.7773 -64.8504
v  72.5503 3.3480 -68.1326
v  70.1823 -0.1930 -58.8305
v  72.3364 0.7315 -64.4706
v  74.2090 0.7792 -68.0245
v  -12.3572 2.7073 -38.0296
v  -15.7189 4.2701 -47.6335
v  3.6563 6.0441 -75.5443
v  10.9569 6.9494 -86.5902
v  -2.5632 3.9570 -54.5572
v  2.2166 2.9717 -52.0386
v  -33.0097 4.8060 -43.7928
v  -35.9446 5.9166 -49.8739
v  -35.8735 5.6946 -45.3293
v  -56.4919 7.8091 -45.5790
v  -56.2485 10.1332 -46.8938
v  -62.9640 10.0106 -47.4713
v  -59.4353 7.4913 -45.0299
v  -79.0399 -4.1494 44.6903
v  -89.6858 -4.7499 49.6103
v  -118.6419 -63.1699 36.9070
v  -116.1353 -42.7328 39.8761
v  -109.7638 -9.1941 46.6842
v  -106.8105 -6.1734 53.6350
v  -105.6230 -41.2121 45.4984
v  -105.1487 -47.9885 43.3867
v  -105.3109 -53.9358 44.3803
v  -106.1309 -41.4452 46.7882
v  79.9828 -31.5508 -37.2040
v  82.2624 -28.0514 -35.1364
v  58.7644 -3.0246 -35.6367
v  59.2899 -2.0185 -29.8742
v  63.9039 -0.9636 -52.9109
v  66.2250 1.8770 -56.0664
v  65.0594 -0.6054 -58.3033
v  -87.3559 10.1591 -44.9690
v  -81.6119 10.5218 -43.0881
v  -80.4344 9.5807 -44.0853
v  -81.0125 8.7475 -41.0826
v  -75.8219 7.5165 -35.7613
v  -69.6484 8.6869 -43.9009
v  1.3144 -4.3980 4.1691
v  -13.9786 -4.5655 12.3375
v  5.4861 -4.3736 1.5279
v  25.7398 -4.7900 -7.6830
v  -41.4799 7.7265 -50.7031
v  -28.6584 7.3189 -52.9540
v  -32.3664 7.4967 -53.6780
v  -13.9251 5.4995 -54.3469
v  -11.4762 6.6044 -53.4380
v  -117.5508 -82.5750 48.6494
v  -118.0968 -87.7189 45.8891
v  -117.0762 -89.7813 48.6582
v  -116.1983 -86.1015 51.0275
v  -112.0612 -78.0903 54.3671
v  -109.1275 -73.5044 54.6556
v  28.9250 5.9914 -84.0387
v  29.7847 8.3872 -87.7640
v  26.1865 8.1650 -85.0430
v  24.8042 7.5341 -81.1043
v  22.3815 3.7046 -66.4225
v  24.8746 5.3667 -76.2572
v  20.4726 6.0784 -70.8255
v  -118.8229 -75.1635 36.6544
v  40.3804 0.3935 -99.6489
v  40.1515 4.8247 -97.5524
v  48.6872 5.1707 -85.0441
v  47.6738 4.0696 -83.8437
v  52.9478 1.5889 -69.7813
v  -14.5982 -27.2317 10.5157
v  -2.8465 -28.5519 4.5677
v  4.2388 -6.4349 4.5682
v  61.1391 -3.1759 -34.1302
v  91.9342 4.0337 -95.0336
v  86.1900 3.6805 -91.1643
v  98.3943 1.6667 -82.3942
v  50.1587 -1.6525 -32.0936
v  48.5854 -2.7139 -34.3796
v  44.2958 -5.5820 -14.9748
v  53.9344 -6.1000 -18.8852
v  -110.7473 -49.3215 56.1926
v  -94.8485 5.0667 13.4429
v  -95.7727 3.2621 15.1993
v  -86.5530 4.7643 15.6558
v  -89.9939 5.0626 13.6088
v  -95.3026 5.3640 11.8703
v  -90.2487 4.5625 12.7061
v  -90.5159 3.0222 11.5286
v  -98.3553 4.2171 9.4196
v  -100.4726 -4.2090 54.7991
v  -102.7192 -6.0387 56.5844
v  -100.8978 -7.8227 54.7326
v  -99.9695 -8.2208 53.7631
v  -101.9900 -18.5284 53.6257
v  -103.1908 -14.6783 53.8630
v  -37.3538 -29.9340 19.2519
v  -40.1728 -29.8500 22.5558
v  -22.1230 -38.0193 12.9239
v  -31.0581 -33.1561 15.3099
v  -23.1222 -40.6459 10.8836
v  27.9122 -47.2333 -12.5107
v  36.8431 -38.3831 -14.5973
v  32.7553 -33.0590 -14.2860
v  25.5843 -41.4295 -12.5273
v  38.0694 -49.7329 -17.8029
v  38.3732 -42.6237 -15.4645
v  31.3515 -49.1611 -13.7543
v  34.4255 -55.3861 -17.0143
v  -105.8526 -47.2622 47.8265
v  -105.7384 -49.2888 51.4892
v  -106.1485 -28.2822 55.6167
v  -105.8543 -33.9174 52.8674
v  -105.3166 -31.3280 50.1270
v  -45.0995 -0.8462 25.5542
v  -42.5100 -5.1495 26.6153
v  -38.6645 -4.1089 24.7312
v  -40.0702 -2.9565 24.2201
v  -46.4590 -2.2525 22.0661
v  -55.9136 -1.2914 18.5560
v  -65.3088 -21.4370 35.2584
v  -65.3214 -42.0569 31.5776
v  -69.5751 -4.5909 40.2034
v  -65.1614 9.3139 -44.4294
v  -74.7677 9.0476 -45.4231
v  83.7661 -2.4638 -38.8373
v  81.2653 -4.0637 -35.9282
v  82.9689 -2.5966 -34.8422
v  -55.5202 7.8604 -47.1955
v  -52.3991 9.5404 -46.3374
v  -49.2332 7.1540 -47.6085
v  -38.9630 5.6694 -45.8279
v  -41.1208 6.4721 -48.7388
v  -44.4701 7.9734 -45.2379
v  -44.1133 5.8218 -43.7898
v  -71.2919 -45.4964 32.9619
v  25.0394 -36.4428 -10.5067
v  28.4075 -29.7912 -8.3053
v  24.4195 -32.3767 -6.5955
v  68.6564 -6.7269 -25.8788
v  82.4086 -10.3087 -32.0933
v  80.6551 -6.3071 -31.0401
v  -104.0625 -39.8961 60.4641
v  -103.1699 -39.8641 60.2618
v  -102.3848 -23.5583 58.7604
v  -103.7509 -28.2344 59.1609
v  18.6549 5.7493 -79.7689
v  -4.9661 5.9028 -58.7021
v  -7.9328 4.8511 -57.4859
v  72.6291 2.2990 -75.8056
v  75.2367 3.9016 -77.3342
v  67.5640 0.6711 -61.6995
v  108.7755 -4.6767 -44.2325
v  113.4759 -6.4142 -45.4995
v  113.3491 -4.2915 -47.1597
v  33.3349 -25.9366 -13.0358
v  33.5294 -22.1476 -8.6743
v  27.8546 -27.3905 -7.0539
v  32.8469 -20.8311 -8.1007
v  24.2122 -29.0536 -6.0548
v  16.8958 -25.3936 -4.0058
v  5.3685 -39.0955 -0.0971
v  16.3363 -33.4852 -3.8898
v  -142.3893 11.8308 -25.2276
v  -147.1550 13.8495 -36.2503
v  -126.7254 5.0784 9.3462
v  81.9496 6.2666 -120.2665
v  84.8660 6.3591 -112.8214
v  86.1028 3.7857 -112.1889
v  81.9068 0.3412 -120.8461
v  -8.4426 6.3923 -67.9253
v  -12.4300 5.9353 -64.7672
v  -8.5056 5.5052 -63.3048
v  -6.7831 5.6748 -66.2091
v  -17.4729 6.5114 -66.1267
v  -9.4925 6.4667 -71.1503
v  -5.5622 1.0043 -29.5819
v  -7.8327 -0.1301 -17.9841
v  -5.5015 -1.1731 -15.7092
v  -2.2929 -0.5987 -22.3909
v  -8.9832 4.3528 -40.1873
v  -8.1515 2.7056 -42.0219
v  19.6418 3.0005 -57.0019
v  18.4062 5.6893 -68.5414
v  23.1003 6.5337 -84.5106
v  -32.3052 -34.5456 15.2711
v  -23.9936 -42.1818 10.1645
v  44.6090 -47.9456 -21.1799
v  51.7071 -35.5154 -23.0030
v  78.4629 -46.5387 -40.3551
v  80.3217 -51.3994 -38.1833
v  -40.7432 5.4155 -42.2061
v  -42.2387 6.2253 -40.1847
v  -30.5498 5.2115 -41.9164
v  93.7479 -43.4760 -43.3248
v  95.0750 -19.8574 -39.8118
v  -105.1597 -65.7698 38.9591
v  -106.7109 -60.3581 38.7976
v  -108.3670 -44.8279 41.2945
v  -106.6755 -41.3528 42.8043
v  -110.3779 -29.4003 43.7530
v  -112.2369 -35.3982 42.3932
v  -70.6072 8.7104 -47.0086
v  -69.4147 10.1958 -45.8810
v  -66.3091 10.2320 -47.7528
v  -68.1960 8.9583 -48.7926
v  -61.8957 10.2759 -48.3623
v  -59.7962 8.2180 -47.3707
v  82.2507 4.9588 -89.9445
v  91.0841 4.4934 -97.1461
v  82.1754 5.0309 -92.3264
v  78.6718 4.6724 -84.8631
v  77.2785 4.0403 -79.9792
v  78.3177 2.2391 -78.5104
v  81.1154 2.8326 -84.3477
v  -35.9821 -19.9801 23.2875
v  -37.4654 -22.9782 20.4613
v  -33.4173 -24.2086 21.1558
v  -31.8803 -23.2562 20.8230
v  -27.5832 -29.2943 18.0269
v  -30.1233 -28.0251 19.1135
v  -71.7104 1.1253 17.1804
v  -70.4212 3.0648 19.0630
v  -64.1154 -0.1338 18.0347
v  -65.2925 -0.1192 16.4869
v  -81.5498 1.9577 12.4272
v  -73.7323 4.9788 -18.8632
v  -38.3842 -8.7929 24.0674
v  -35.3501 -6.7424 23.9743
v  -41.1216 -9.3610 26.5831
v  -38.3876 -11.9598 23.6340
v  -102.2767 -23.9310 51.3826
v  -101.8876 -25.4822 54.0893
v  59.4884 -5.2689 -22.2523
v  57.8883 -3.6910 -23.1085
v  56.7583 -6.9979 -18.7574
v  57.3560 -7.6566 -20.0881
v  -104.6346 -78.4507 36.6433
v  36.2552 5.9271 -95.9237
v  36.2366 3.8594 -96.7563
v  33.9177 7.9301 -91.5903
v  38.5408 5.9704 -96.9425
v  -93.8170 -13.7281 49.8145
v  -97.8673 -40.4076 45.3788
v  -93.9267 -24.1649 47.8365
v  -98.1788 -20.6171 50.0620
v  -99.1243 -40.2061 46.0573
v  -114.4847 -26.5833 41.5399
v  -112.7017 -25.5608 43.1786
v  -114.0813 -18.3579 41.7083
v  -109.6722 -23.5171 44.9549
v  -9.7305 4.5903 -53.1546
v  -12.9022 5.7208 -60.4259
v  -11.5311 6.6366 -56.0547
v  42.4648 7.6613 -98.0387
v  47.0669 6.3034 -98.3490
v  53.0064 7.2725 -104.5807
v  -108.4264 -40.6626 56.6689
v  -106.3942 -39.1531 54.8156
v  -107.2605 -31.7407 56.5102
v  -109.2203 -36.2582 57.0759
v  -108.2039 -26.4231 57.1767
v  -110.4704 -29.8454 56.7789
v  -104.3340 -50.4870 43.3458
v  -105.3510 -44.4222 45.7450
v  72.7847 -41.8558 -29.1934
v  72.4353 -59.3195 -34.3255
v  75.2464 -36.0980 -30.1736
v  -108.9530 -35.4247 49.3663
v  -111.4805 -37.3409 50.2936
v  -61.9285 -4.1468 36.4295
v  -50.0586 -5.5964 30.4042
v  -58.2648 -3.7603 34.1118
v  -57.4187 -18.7024 31.8443
v  -84.1900 1.8723 17.7863
v  -73.1449 0.1510 21.2982
v  82.1880 -4.8674 -33.1480
v  85.6343 -4.3227 -36.9000
v  76.6628 -9.5546 -27.9198
v  76.4129 -5.4135 -30.1200
v  73.9768 -7.3513 -27.8842
v  -61.7279 1.8634 19.9776
v  -68.9907 2.7762 20.2354
v  -69.0300 0.3254 20.6326
v  -77.0266 3.5375 18.1763
v  -76.7094 1.3630 19.0915
v  52.9296 0.8061 -64.2546
v  52.7531 0.0436 -53.5790
v  61.5854 -1.9175 -48.9267
v  48.8357 0.9007 -61.3190
v  50.2971 -0.6432 -49.9163
v  89.7767 -19.2433 -36.3315
v  84.4447 -30.7326 -34.4656
v  -22.5401 -20.0762 15.5642
v  -31.5156 -10.1894 21.9384
v  -77.2859 7.6822 -32.7241
v  -81.2104 7.6367 -32.7682
v  -20.8900 5.8004 -58.7668
v  -21.5616 6.4785 -63.7066
v  -17.1975 6.7488 -57.3766
v  -18.4995 6.4983 -61.4461
v  -19.5288 6.6433 -56.7352
v  -77.2412 -44.2859 38.5627
v  -73.3184 -30.5669 37.5249
v  -79.3534 -43.8710 39.6275
v  -7.7343 2.7606 -30.7255
v  -8.3062 1.2785 -24.3387
v  -12.4327 1.9592 -35.1293
v  -10.1880 0.6554 -26.1062
v  -8.5281 3.0675 -32.6115
v  -9.8507 3.4644 -34.5814
v  -117.6574 -86.0392 43.4994
v  -115.9883 -62.3801 50.5357
v  -114.6551 -51.3977 50.3164
v  -112.1567 -32.3841 53.4208
v  -110.3628 -21.4257 55.9559
v  31.9218 -30.1029 -13.6816
v  24.3836 -38.9941 -11.4266
v  -135.8264 8.7841 -10.2535
v  -133.3169 7.1792 -4.2131
v  -130.4077 7.8877 -1.3728
v  -134.1305 9.5974 -10.8595
v  55.2827 -59.4175 -25.3739
v  -94.2293 -1.4631 50.2939
v  -91.0246 -2.6702 50.1186
v  -86.0545 -1.5576 45.1460
v  -101.3578 -1.1940 53.6896
v  22.8610 -5.3753 -4.6429
v  16.9425 -5.4709 -1.8158
v  30.8566 -5.0968 -8.9377
v  37.4855 -7.4349 -10.9343
v  34.6021 -5.2808 -10.8068
v  -22.3984 -4.0039 15.8718
v  -30.9403 -2.4616 13.3744
v  -29.2569 -3.9147 18.7816
v  -119.1575 -62.1221 24.2897
v  -120.5977 -71.5944 21.1351
v  -119.2738 -72.2895 23.9229
v  -118.7478 -72.9070 26.6363
v  -117.3625 -51.3714 29.1037
v  -69.5618 6.1737 -48.2030
v  -67.9098 7.9976 -49.1949
v  -69.5863 1.7077 -48.9464
v  -70.1434 7.5044 -47.3485
v  61.7448 -12.4661 -23.0910
v  65.5894 -9.0005 -24.0624
v  56.9300 -14.0489 -21.4068
v  56.5493 -22.0964 -23.0830
v  -109.3150 -64.1597 55.3251
v  -108.3745 -57.1498 55.5524
v  -93.3439 -41.3185 44.4935
v  -4.2171 1.2507 -29.8853
v  2.0752 -0.7771 -15.8429
v  1.9302 -2.2521 -6.2053
v  3.9237 -3.9121 1.9853
v  -71.3651 0.7889 -48.7530
v  -72.9054 7.6094 -48.8118
v  -48.5237 6.8566 -44.4961
v  -45.4802 6.8419 -41.5008
v  -48.9497 6.7215 -42.7345
v  -101.6674 -10.2488 56.8598
v  99.0313 -6.5258 -38.9751
v  96.1181 -5.1317 -38.3665
v  92.5689 -14.0972 -37.3457
v  105.5908 -6.5454 -41.9828
v  42.0383 -5.2129 -15.0299
v  44.0564 -4.7526 -16.8261
v  46.5410 -2.8738 -20.1835
v  45.2037 -4.0228 -24.2619
v  -83.3009 10.1600 -49.4588
v  -103.9211 11.6357 -45.5372
v  -92.5857 10.7081 -42.4711
v  -94.8852 10.6366 -43.3800
v  -79.4963 -1.6881 43.2717
v  -114.7960 -23.6075 39.9790
v  -114.3891 -17.7125 36.9220
v  9.8592 2.1795 -44.5048
v  9.9523 2.0222 -49.3537
v  -0.1803 4.2115 -60.3491
v  1.5543 4.8080 -65.0999
v  -1.3047 6.1025 -63.7484
v  89.5098 4.7576 -98.9655
v  87.1569 -1.9291 -41.3175
v  57.0075 -3.8063 -30.3209
v  -67.0882 9.0952 -45.8711
v  -72.2557 10.5812 -44.9559
v  -84.9344 9.2307 -41.7116
v  77.4902 -31.1389 -36.3281
v  75.8800 -45.1954 -40.1347
v  78.5029 -32.6970 -37.5707
v  76.6445 -32.1898 -31.4061
v  -43.6014 -4.3814 26.9031
v  -46.1191 -2.2118 24.9337
v  -49.7297 -1.7695 24.1387
v  -74.2716 -44.8524 35.1285
v  -18.5501 -48.0532 6.9998
v  -25.1254 -43.4150 10.6073
v  -25.2559 -47.5954 12.0624
v  -30.1041 -42.1256 15.0293
v  -30.7799 -38.2699 14.3071
v  -36.0756 -35.6444 19.4669
v  -38.6455 -37.9957 20.7978
v  -51.9591 0.8074 23.6817
v  -56.3525 1.2322 22.4966
v  65.1482 -2.5375 -43.4131
v  66.2307 -3.1092 -42.2447
v  70.8460 -5.4716 -28.2255
v  64.8699 -28.9445 -27.0681
v  67.3241 -30.1452 -29.1792
v  72.6577 -33.4823 -28.2009
v  72.8458 -22.7591 -29.8454
v  -135.3785 5.6500 -8.0201
v  -138.2075 -18.1266 -14.0201
v  73.8625 -57.0603 -42.7764
v  74.9954 -57.0414 -43.3656
v  -45.8738 7.8831 -48.5085
v  -29.9874 6.1573 -51.9371
v  42.7405 -6.4740 -12.3059
v  46.7596 -4.0916 -17.7397
v  49.0089 -2.4687 -24.5583
v  -84.2492 2.5404 13.4565
v  -80.5410 3.9859 16.1759
v  -80.6129 1.8952 14.7573
v  64.4213 0.5714 -44.4904
v  66.3025 0.3489 -49.3648
v  65.9251 1.6981 -52.1153
v  64.2803 1.2051 -49.8551
v  -108.4902 -19.2718 57.1866
v  -108.8167 -13.6646 55.3042
v  1.8853 6.4677 -69.2180
v  -3.3352 5.3799 -65.6513
v  61.3611 -38.7698 -27.7886
v  54.3458 -40.3101 -24.3663
v  -5.1199 5.6937 -61.6593
v  -15.1548 6.6867 -65.5606
v  -15.2842 5.2689 -59.1788
v  75.4998 -30.0573 -28.8324
v  75.0293 -25.4914 -28.5747
v  76.2233 -4.3721 -32.9529
v  80.7742 -5.4413 -30.1371
v  -32.2573 -4.5040 20.8603
v  -34.1228 -3.3081 19.8283
v  6.0622 -5.0094 3.1779
v  -63.8688 8.9296 -47.3837
v  16.9573 -46.3809 -8.8844
v  -104.7266 -33.4213 48.1436
v  83.9999 -14.0496 -32.9620
v  -103.5075 -32.6769 47.8014
v  -101.4406 -30.9038 50.8148
v  -102.5325 -31.0603 48.6735
v  -113.5642 -48.0993 49.4579
v  -111.5207 -46.5316 48.1083
v  -104.8863 -61.2472 40.8858
v  -116.3174 -70.0344 50.9875
v  -115.5677 -78.5851 52.0847
v  -104.1812 -7.5272 55.9307
v  -102.9541 -8.8136 56.0742
v  -106.2180 -11.3107 57.3431
v  -116.8700 2.0487 30.3888
v  -119.1942 3.4415 24.2910
v  -115.9920 0.2324 33.3665
v  43.5110 -37.3167 -16.9341
v  43.5979 -33.7064 -16.1272
v  45.1441 -27.3052 -15.9809
v  36.3257 -18.4393 -9.6583
v  36.1475 -23.8103 -14.4159
v  40.2473 -6.2951 -12.4494
v  41.9930 -6.8945 -12.9301
v  -66.8099 6.6882 -30.8908
v  -75.2761 6.6402 -29.6559
v  -55.8440 5.5897 -33.9645
v  24.2865 -3.2636 -16.2268
v  -14.0648 -40.5219 9.2488
v  -19.8804 -37.8657 12.5795
v  -114.3870 -40.7872 41.2567
v  -126.9075 7.0823 2.5073
v  -102.9187 -15.9331 57.6418
v  -103.1770 -18.6868 56.8459
v  -102.0898 -16.3845 54.9991
v  -68.6417 -29.4967 35.1858
v  44.1605 7.0279 -96.8448
v  45.0383 5.6702 -93.9824
v  47.1768 6.8729 -94.3355
v  24.6528 -7.7530 -5.1588
v  21.0073 7.2317 -76.8251
v  17.0301 5.3410 -74.5145
v  -21.6095 6.8290 -54.6392
v  -16.7857 5.9627 -53.9131
v  -0.4532 -1.6565 -15.1339
v  -1.3147 -2.2835 -10.1965
v  -100.2847 -45.4322 46.3170
v  -101.2368 -40.5548 46.5308
v  58.6952 -2.6812 -26.5876
v  -71.3195 9.3436 -44.9916
v  110.1388 -2.9629 -59.9040
v  66.0549 -1.3992 -47.8103
v  -106.3725 -68.4176 53.4174
v  -99.0419 6.1252 10.6415
v  -102.9894 6.0651 10.2326
v  -104.3681 6.0604 11.1813
v  -107.1340 -11.9708 52.5611
v  27.7484 -5.5191 -7.2103
v  93.9118 2.8587 -94.3133
v  -47.2580 8.8783 -46.1617
v  -101.4712 -20.2729 57.5328
v  -100.6615 -13.6125 53.4360
v  -101.3941 -39.8867 57.1270
v  25.5445 0.4951 -47.8468
v  -45.9687 -10.1987 27.4515
v  60.5242 -2.6031 -41.3776
v  62.0820 -1.7296 -45.4662
v  62.8580 0.5393 -44.0116
v  74.8194 3.3626 -73.0181
v  76.1856 3.7159 -76.0544
v  -63.1615 -2.5196 36.1279
v  -76.0007 -1.9644 41.7009
v  -68.4378 -2.5789 38.6340
v  -75.8719 -3.2310 42.9867
v  -112.2158 -36.1033 55.3013
v  -111.6933 -30.4091 55.1846
v  19.7124 -6.7114 -2.4930
v  -122.1779 7.3575 5.6676
v  69.7674 1.4189 -67.0663
v  -114.0467 -74.4559 43.4318
v  -38.2061 -1.9307 12.8181
v  -27.2335 6.3946 -55.5322
v  -33.9004 -29.1462 17.2682
v  -36.3830 -27.1490 18.5279
v  22.5328 7.6211 -80.7347
v  27.1255 5.1069 -78.2353
v  -112.9773 -5.7264 39.9953
v  73.2441 -57.3381 -41.4956
v  94.3553 -1.4235 -52.0160
v  91.7105 -1.6744 -48.3373
v  92.9426 -3.1562 -47.3016
v  89.4186 -1.6296 -45.3760
v  47.3570 -2.3349 -25.6344
v  -33.3290 -18.4785 20.4142
v  31.5711 -4.1479 -13.2935
v  -114.2494 -81.7944 53.1867
v  -100.4258 -2.2372 54.4757
v  -49.2937 9.1149 -45.3561
v  -101.9022 -39.8602 59.0144
v  88.6946 -4.1279 -40.3058
v  91.8859 -4.7149 -37.4362
v  -46.4040 -0.4122 24.8784
v  -50.1358 -0.0708 24.3467
v  57.0363 -11.3618 -20.4423
v  54.6949 -9.5988 -17.5123
v  -104.3985 -28.4407 49.6723
v  -103.4505 -23.1273 51.0086
v  -140.7970 9.2917 -19.6177
v  -138.3397 10.2225 -16.3707
v  50.8980 1.3286 -62.9385
v  68.6024 -1.5839 -52.3420
v  -36.5220 -16.5839 24.1892
v  -104.2113 -26.6039 58.1654
v  -105.6705 -40.0877 59.7833
v  100.1122 -5.1188 -40.2329
v  -107.4369 -41.4041 47.8436
v  -106.0825 -59.8679 44.4230
v  -74.5714 9.2446 -49.1527
v  -94.6132 11.1153 -48.7180
v  86.7760 -0.7763 -110.9716
v  38.2342 -0.1767 -98.6075
v  -112.8555 -38.9551 51.5581
v  -4.7837 -41.9920 4.1653
v  -138.5617 7.7011 -14.7198
v  -8.9824 4.1294 -36.9009
v  77.1841 -44.8291 -40.4881
v  61.3935 -0.2765 -38.9615
v  5.9516 6.7987 -74.1379
v  -120.0990 -74.1507 32.9232
v  -119.8358 -74.7105 35.2864
v  78.2206 -15.6137 -29.1792
v  77.3614 -21.0912 -28.9135
v  -3.5396 -1.1283 -15.9190
v  -117.7810 -65.4520 37.9552
v  -115.6274 -45.3067 40.2740
v  -109.5972 -53.0893 39.7208
v  -115.8869 -67.0349 46.3919
v  76.0735 -57.2229 -43.1498
v  80.2945 -58.8021 -38.3931
v  -74.1951 1.0073 15.7002
v  -75.5556 3.4854 17.5758
v  68.0661 0.5630 -66.2624
v  40.0857 -10.1098 -10.6866
v  -43.4905 -5.0399 27.3873
v  -3.2067 -61.4467 -0.1271
v  -106.3490 -24.0711 56.5234
v  -101.9727 -14.7649 57.6381
v  -57.8221 -0.8136 19.3715
v  -68.0736 8.7307 -47.8420
v  88.8102 -60.2516 -43.0961
v  -107.2745 -20.7052 57.3992
# 972 vertices

vn -0.8622 0.2537 0.4385
vn -0.8566 0.2668 0.4417
vn -0.9071 0.0012 0.4210
vn -0.9070 0.0007 0.4212
vn 0.4834 0.0207 0.8752
vn 0.4409 -0.0680 0.8950
vn 0.4267 -0.0276 0.9040
vn 0.4231 -0.0416 0.9051
vn 0.0837 0.9866 0.1403
vn 0.0435 0.9881 0.1477
vn 0.0821 0.9896 0.1180
vn 0.2043 0.8978 0.3901
vn 0.4179 0.1742 0.8916
vn 0.4239 -0.1349 0.8956
vn 0.4095 -0.1133 0.9052
vn 0.4018 0.3143 0.8601
vn 0.6708 0.7126 -0.2055
vn 0.8551 0.3713 -0.3617
vn 0.7417 0.6206 -0.2545
vn 0.5171 0.8488 -0.1098
vn 0.2557 0.9584 0.1265
vn 0.3378 0.8868 0.3154
vn 0.1079 0.9865 0.1235
vn -0.1967 0.9625 0.1867
vn 0.2279 0.0169 0.9735
vn 0.3300 -0.0048 0.9440
vn 0.3291 0.0047 0.9443
vn 0.2174 0.0315 0.9756
vn 0.4152 -0.0376 0.9089
vn 0.4476 -0.1964 0.8724
vn 0.4106 -0.1117 0.9049
vn 0.4032 -0.1148 0.9079
vn 0.4335 -0.1503 0.8885
vn 0.4171 -0.1428 0.8976
vn 0.3580 -0.1333 0.9241
vn 0.1112 0.9721 0.2064
vn 0.0883 0.9860 0.1413
vn 0.0150 0.9453 0.3260
vn 0.0462 0.9756 0.2147
vn 0.1219 0.9874 0.1008
vn 0.0751 0.9890 0.1275
vn 0.0625 0.9976 0.0287
vn 0.4763 -0.2204 0.8512
vn 0.3374 -0.0896 0.9371
vn 0.3417 -0.1432 0.9288
vn 0.2086 0.9724 0.1041
vn -0.1635 0.9841 0.0698
vn -0.0874 0.9931 0.0779
vn 0.0891 0.9847 0.1496
vn -0.8897 -0.0116 0.4564
vn -0.9052 -0.0016 0.4251
vn -0.8874 -0.0236 0.4604
vn -0.8817 -0.0250 0.4711
vn -0.2345 -0.0949 0.9675
vn 0.4425 -0.1487 0.8843
vn -0.0113 -0.1066 0.9942
vn -0.3638 -0.0919 0.9269
vn 0.3742 -0.1585 0.9137
vn 0.3791 -0.1573 0.9119
vn 0.3827 -0.1542 0.9109
vn 0.4503 -0.1547 0.8794
vn -0.5430 -0.0276 0.8393
vn -0.0358 -0.0534 0.9979
vn -0.1851 -0.0458 0.9816
vn -0.6249 -0.0117 0.7806
vn -0.1347 0.9906 0.0251
vn 0.0285 0.9891 0.1445
vn -0.1121 0.9787 0.1718
vn -0.2287 0.9733 -0.0209
vn 0.1756 0.8786 0.4441
vn 0.0853 0.9845 0.1535
vn 0.3595 0.9331 0.0017
vn 0.1072 0.9797 0.1694
vn -0.8364 0.3330 0.4353
vn -0.8580 0.2536 0.4467
vn -0.0825 0.9748 0.2074
vn 0.0228 0.9389 0.3435
vn -0.2274 0.9060 0.3570
vn -0.4065 0.8553 0.3213
vn 0.2304 0.9722 0.0404
vn 0.3616 0.9312 -0.0460
vn 0.0384 0.9896 0.1384
vn -0.0524 0.9794 0.1951
vn -0.1699 0.9537 0.2482
vn 0.0887 0.9861 0.1406
vn 0.0832 0.9888 0.1236
vn 0.4200 -0.0345 0.9069
vn 0.2166 -0.0429 0.9753
vn 0.2232 0.1632 0.9610
vn 0.4184 0.1130 0.9012
vn -0.1931 0.9800 0.0482
vn -0.0550 0.9923 0.1114
vn 0.0834 0.9864 0.1413
vn 0.1097 0.9810 0.1600
vn 0.0596 -0.1436 0.9878
vn -0.6073 -0.1433 0.7814
vn -0.1792 -0.1742 0.9683
vn 0.0287 0.9895 0.1419
vn -0.8832 0.0330 -0.4678
vn -0.9991 -0.0429 0.0063
vn -0.8627 0.0741 -0.5002
vn -0.5006 0.1098 -0.8587
vn 0.4951 -0.0443 0.8677
vn 0.4602 -0.0798 0.8842
vn 0.4959 0.0044 0.8684
vn 0.4575 -0.0473 0.8880
vn 0.4531 -0.1193 0.8834
vn 0.4241 -0.1555 0.8922
vn 0.4100 -0.0653 0.9097
vn 0.3966 -0.0292 0.9175
vn 0.3956 -0.0293 0.9179
vn 0.3933 -0.0729 0.9165
vn 0.5443 -0.2453 0.8022
vn 0.4786 -0.1737 0.8607
vn 0.3353 -0.1435 0.9311
vn 0.3717 -0.1871 0.9093
vn 0.5881 -0.2054 0.7823
vn 0.6364 -0.0567 0.7692
vn 0.8320 -0.4129 0.3705
vn 0.5850 -0.2859 0.7590
vn 0.4049 -0.3080 0.8609
vn 0.4233 -0.2662 0.8660
vn 0.0430 0.9968 0.0681
vn 0.0762 0.9882 0.1330
vn -0.0819 0.9966 0.0084
vn 0.0736 0.9866 0.1455
vn 0.1089 0.9846 0.1366
vn 0.1093 0.9874 0.1142
vn 0.0607 0.9874 0.1464
vn 0.8996 0.1645 -0.4045
vn 0.7816 0.5554 -0.2841
vn 0.2579 0.9650 0.0473
vn 0.4333 0.8537 0.2887
vn 0.3597 0.9012 0.2419
vn 0.0178 0.9950 0.0979
vn 0.0890 0.9857 0.1428
vn 0.0075 0.9018 0.4322
vn 0.1014 0.9865 0.1286
vn 0.0926 0.9901 0.1052
vn 0.4122 -0.1255 0.9024
vn 0.3797 0.2276 0.8967
vn 0.4194 0.2027 0.8849
vn 0.2489 0.9628 0.1052
vn 0.0632 0.9872 0.1467
vn 0.1037 0.9915 0.0791
vn -0.0031 0.9876 0.1570
vn -0.3650 -0.3105 0.8777
vn 0.3666 -0.2768 0.8883
vn 0.6535 -0.1751 0.7364
vn -0.2997 -0.3482 0.8882
vn -0.8535 0.2796 0.4398
vn -0.7461 0.5026 0.4368
vn -0.3810 0.8661 0.3235
vn -0.3114 0.8962 0.3160
vn -0.8781 0.1069 -0.4664
vn -0.9948 0.0706 0.0735
vn -0.9656 0.1247 -0.2282
vn -0.6482 0.1856 -0.7385
vn 0.3066 -0.1558 0.9390
vn 0.4061 -0.1549 0.9006
vn 0.3400 -0.1919 0.9206
vn -0.1652 0.9847 0.0551
vn 0.2454 0.9498 0.1942
vn 0.4541 0.8003 0.3916
vn 0.0136 0.9713 0.2375
vn 0.4179 0.6778 0.6050
vn 0.2265 0.8834 0.4103
vn 0.5227 0.8152 0.2494
vn 0.4310 0.8686 0.2447
vn 0.1243 0.0589 0.9905
vn 0.1958 -0.0423 0.9797
vn 0.4540 -0.1445 0.8792
vn 0.6176 -0.0729 0.7831
vn 0.3771 -0.0304 0.9257
vn 0.3829 -0.0461 0.9226
vn 0.3968 -0.2054 0.8946
vn 0.6231 -0.0188 0.7819
vn 0.4388 -0.1707 0.8822
vn 0.2111 -0.2895 0.9336
vn 0.0002 0.8520 0.5236
vn 0.2551 0.8818 0.3967
vn 0.3440 0.6578 0.6700
vn -0.0563 0.7519 0.6569
vn 0.0757 0.9771 0.1991
vn 0.0980 0.9896 0.1048
vn 0.0345 0.8785 0.4766
vn -0.3648 0.5941 -0.7170
vn -0.0650 0.9591 -0.2756
vn 0.0211 0.9965 -0.0815
vn 0.0685 0.9916 0.1099
vn 0.1444 0.9830 -0.1135
vn 0.0926 0.9880 0.1234
vn 0.0998 0.9900 -0.0997
vn 0.1422 0.9750 -0.1710
vn 0.0875 0.9846 0.1515
vn -0.8491 0.0607 0.5247
vn -0.9883 0.1079 0.1082
vn -0.8415 0.0319 0.5394
vn -0.5745 0.0038 0.8185
vn -0.2450 0.5521 0.7970
vn -0.8202 0.1633 0.5483
vn -0.3408 0.2230 0.9133
vn 0.9694 -0.0387 0.2426
vn 0.9883 -0.0097 0.1519
vn 0.8050 -0.1133 0.5823
vn 0.8174 -0.1076 0.5660
vn 0.6506 -0.1765 0.7386
vn 0.8341 -0.1547 0.5295
vn 0.9313 -0.2058 0.3005
vn 0.5325 -0.2757 0.8003
vn 0.1762 0.0036 0.9844
vn 0.1187 0.0052 0.9929
vn 0.1906 -0.0298 0.9812
vn 0.4740 -0.3292 0.8167
vn 0.5162 -0.3245 0.7926
vn 0.1504 0.1796 0.9722
vn 0.1813 0.1103 0.9772
vn 0.2016 0.0640 0.9774
vn 0.4936 -0.0905 0.8649
vn 0.0117 0.9846 0.1745
vn 0.1666 0.9733 0.1578
vn 0.3828 0.9211 0.0716
vn -0.1090 0.9699 0.2179
vn 0.0035 0.9477 0.3192
vn 0.1030 0.9222 0.3729
vn 0.1318 0.9785 0.1586
vn -0.9948 0.0910 0.0466
vn -0.9817 0.0866 0.1697
vn -0.9963 0.0736 0.0448
vn -0.9870 0.1130 -0.1138
vn 0.1923 0.9756 0.1060
vn 0.0881 0.9859 0.1420
vn 0.6350 0.6807 0.3653
vn 0.6146 0.7222 0.3173
vn 0.2011 0.9414 0.2708
vn -0.2139 0.9663 0.1436
vn 0.2322 -0.4495 0.8625
vn 0.2577 -0.3737 0.8910
vn 0.3656 -0.2558 0.8949
vn 0.3533 -0.3545 0.8658
vn 0.3523 -0.0751 0.9329
vn 0.2609 -0.1625 0.9516
vn -0.1020 -0.1326 0.9859
vn -0.2094 -0.1017 0.9725
vn -0.0085 -0.1436 0.9896
vn 0.0400 -0.1634 0.9857
vn -0.9115 -0.1143 0.3951
vn -0.9985 -0.0459 -0.0296
vn -0.9317 -0.1044 0.3479
vn -0.6794 -0.1314 0.7220
vn -0.9966 -0.0752 -0.0346
vn -0.8692 0.0316 -0.4935
vn -0.9429 -0.0103 -0.3330
vn -0.9826 -0.1179 0.1437
vn 0.9250 0.0103 0.3798
vn 0.9837 0.0829 0.1594
vn 0.9710 0.0524 0.2334
vn 0.8165 -0.0134 0.5772
vn -0.1223 0.9342 -0.3350
vn 0.0942 0.9350 -0.3420
vn 0.0427 0.9968 0.0677
vn -0.1534 0.9764 -0.1518
vn 0.6031 -0.1412 0.7851
vn 0.3985 -0.1179 0.9096
vn 0.6321 -0.1421 0.7617
vn 0.6386 -0.1436 0.7560
vn -0.7667 0.5052 -0.3962
vn -0.5777 0.7866 -0.2182
vn -0.1212 0.9845 -0.1264
vn 0.0638 0.9856 0.1569
vn -0.0481 0.9965 0.0685
vn 0.0890 0.9853 0.1459
vn 0.0952 0.9864 0.1337
vn 0.4060 0.1416 0.9028
vn 0.3365 -0.0410 0.9408
vn 0.0914 0.9709 0.2215
vn 0.0762 0.9920 -0.1008
vn 0.0912 0.9958 0.0007
vn 0.2422 0.9399 -0.2405
vn 0.2601 0.7256 -0.6371
vn 0.1952 0.9334 -0.3010
vn 0.2100 0.9726 -0.1001
vn 0.6547 -0.2509 0.7130
vn 0.5418 -0.2233 0.8103
vn 0.5685 -0.2507 0.7835
vn 0.6052 -0.2332 0.7612
vn -0.2613 0.9514 0.1632
vn -0.0895 0.9750 0.2033
vn 0.2519 0.9663 0.0527
vn 0.0971 0.9859 0.1363
vn 0.1038 0.9812 0.1628
vn 0.1861 0.9669 -0.1744
vn 0.3404 0.7239 -0.6000
vn 0.0690 0.9709 -0.2295
vn 0.0839 0.9961 -0.0291
vn -0.3656 0.2015 -0.9087
vn -0.3664 0.1903 -0.9108
vn -0.2869 0.1747 -0.9419
vn 0.4505 -0.2487 0.8574
vn 0.4438 -0.2350 0.8648
vn 0.3010 -0.2045 0.9315
vn 0.5341 -0.0428 0.8443
vn 0.3678 -0.1087 0.9235
vn 0.7879 -0.0043 0.6158
vn 0.0814 0.9863 0.1437
vn 0.0912 0.9851 0.1458
vn -0.2521 0.9292 0.2703
vn -0.7484 0.4894 0.4477
vn -0.6673 0.6248 0.4054
vn -0.9044 -0.0105 0.4265
vn -0.9297 0.0024 0.3684
vn -0.9600 0.0198 0.2793
vn 0.4522 -0.1061 0.8856
vn 0.4828 -0.0973 0.8703
vn 0.4291 -0.1021 0.8975
vn 0.3824 -0.1599 0.9100
vn 0.3851 -0.1684 0.9074
vn 0.4062 -0.1602 0.8996
vn 0.3845 -0.1837 0.9047
vn 0.7439 -0.1939 0.6395
vn -0.1129 -0.3135 0.9428
vn 0.4067 -0.2413 0.8811
vn 0.4898 -0.0643 0.8694
vn -0.9406 0.1014 -0.3240
vn -0.8756 0.0320 -0.4821
vn -0.8023 0.0551 -0.5944
vn -0.9554 0.1104 -0.2740
vn 0.5001 -0.0507 0.8645
vn 0.4077 -0.1822 0.8947
vn 0.3213 -0.2371 0.9168
vn 0.4995 -0.0665 0.8638
vn 0.9694 -0.1558 0.1898
vn 0.9794 -0.1361 0.1493
vn 0.9862 -0.1458 0.0788
vn 0.8847 -0.2207 0.4106
vn -0.1196 0.4781 0.8701
vn -0.0984 0.5008 0.8599
vn -0.1159 0.4643 0.8781
vn -0.0691 0.6682 0.7408
vn -0.0308 0.8810 0.4722
vn -0.0202 0.9485 0.3161
vn -0.1584 0.9666 0.2013
vn 0.1505 0.9832 0.1034
vn 0.1673 0.9793 0.1141
vn 0.2153 0.9642 0.1549
vn 0.1261 0.9826 0.1366
vn 0.0345 0.9871 0.1562
vn 0.0465 0.9833 0.1758
vn 0.8145 -0.0323 0.5793
vn 0.2398 -0.0466 0.9697
vn 0.6628 -0.0445 0.7475
vn 0.9004 -0.0002 0.4351
vn -0.9246 0.1978 -0.3256
vn -0.8904 0.0926 -0.4456
vn -0.7774 0.1974 -0.5972
vn -0.3888 0.1883 -0.9019
vn -0.3555 0.1467 -0.9231
vn -0.3436 0.1676 -0.9241
vn -0.6621 0.1965 -0.7231
vn 0.1468 -0.2329 0.9614
vn 0.4212 0.1415 0.8959
vn 0.2853 0.6884 0.6669
vn 0.3559 0.3999 0.8447
vn 0.3377 -0.0625 0.9392
vn 0.1605 0.9630 0.2164
vn -0.0973 0.9789 0.1796
vn -0.1617 0.9765 0.1426
vn 0.1468 0.9602 0.2377
vn 0.0483 0.9923 0.1144
vn 0.0632 0.9899 0.1271
vn 0.2276 0.9657 -0.1252
vn 0.4000 0.2940 0.8681
vn 0.5167 0.1609 0.8409
vn 0.4378 -0.1095 0.8924
vn 0.4202 -0.0671 0.9049
vn -0.1776 0.9838 0.0230
vn 0.5527 0.7869 0.2745
vn 0.0583 0.9948 -0.0839
vn -0.3284 0.9423 -0.0652
vn 0.2739 0.9460 0.1733
vn 0.6358 0.6989 0.3275
vn 0.6383 0.6874 0.3465
vn 0.6321 0.6969 0.3387
vn -0.2700 0.9369 0.2219
vn -0.4109 0.8479 0.3351
vn 0.0066 0.9981 0.0609
vn -0.0279 0.9992 0.0295
vn 0.1342 0.9737 0.1839
vn 0.1022 0.9877 0.1183
vn 0.0775 0.9961 -0.0425
vn 0.1791 0.8730 0.4537
vn 0.1416 0.9814 0.1293
vn -0.0323 0.6804 0.7321
vn 0.1445 0.9607 -0.2368
vn 0.0498 0.9218 0.3844
vn 0.1191 0.7927 0.5978
vn 0.4180 0.1441 0.8970
vn 0.4316 0.0399 0.9012
vn -0.8931 0.0348 0.4484
vn -0.8088 0.0187 0.5878
vn -0.8375 -0.0369 0.5452
vn -0.9977 0.0529 0.0434
vn -0.9983 -0.0504 0.0295
vn -0.9587 -0.0906 0.2696
vn -0.9015 0.0437 -0.4306
vn -0.8267 0.0507 -0.5604
vn -0.2401 -0.1637 0.9568
vn -0.3421 -0.1392 0.9293
vn -0.3946 0.9185 0.0235
vn 0.2898 0.9264 0.2402
vn -0.4930 0.8696 -0.0272
vn -0.4351 0.8991 -0.0482
vn -0.3810 0.9244 -0.0177
vn 0.0764 0.9771 0.1984
vn 0.1674 0.9704 0.1740
vn 0.0127 0.8981 -0.4396
vn 0.1063 0.9232 0.3692
vn 0.0911 0.9880 0.1250
vn 0.0831 0.9360 0.3422
vn 0.1866 0.8580 0.4785
vn 0.3159 0.6968 0.6440
vn 0.2576 0.8962 0.3611
vn 0.1389 0.9572 0.2541
vn -0.0219 0.9902 -0.1376
vn 0.0781 0.9814 0.1752
vn -0.0229 0.9276 -0.3729
vn -0.0705 0.9967 -0.0401
vn 0.2038 0.9779 0.0471
vn -0.9610 0.0117 0.2764
vn -0.9857 0.0358 0.1646
vn -0.9299 -0.0608 0.3627
vn -0.8885 -0.0430 0.4569
vn -0.4499 -0.0389 0.8922
vn 0.0342 -0.0539 0.9980
vn 0.4533 0.7953 0.4025
vn 0.0933 0.9952 0.0303
vn -0.0376 0.9993 0.0073
vn 0.1770 0.9689 0.1730
vn 0.2336 0.9522 0.1969
vn 0.2915 0.9262 0.2392
vn 0.1354 0.9706 0.1991
vn -0.4598 -0.0790 0.8845
vn -0.5133 0.3321 -0.7914
vn -0.5545 0.6412 -0.5305
vn -0.1083 0.9722 0.2077
vn -0.2049 0.9507 0.2328
vn 0.0016 0.9824 0.1866
vn 0.4185 -0.1375 0.8977
vn 0.4144 -0.1119 0.9032
vn 0.4102 0.2181 0.8855
vn 0.8880 0.3156 0.3344
vn 0.2065 0.9737 0.0959
vn 0.1504 0.9687 0.1973
vn 0.3956 0.9182 -0.0202
vn -0.1568 0.9851 0.0704
vn -0.3739 0.9265 0.0417
vn 0.6855 -0.3834 0.6189
vn 0.1583 0.6946 0.7018
vn -0.2381 -0.0417 0.9703
vn -0.0199 0.9328 0.3598
vn -0.0444 0.8393 0.5418
vn 0.0707 0.9775 0.1985
vn 0.0907 0.9951 -0.0384
vn 0.1957 0.9309 -0.3085
vn 0.2426 0.7954 -0.5554
vn 0.2084 0.9142 -0.3474
vn 0.2308 0.8465 -0.4797
vn 0.4686 0.1364 0.8728
vn 0.2025 0.0427 0.9783
vn 0.7684 -0.0087 0.6399
vn 0.5515 -0.1545 0.8198
vn -0.9336 -0.1585 0.3215
vn -0.5230 -0.2792 0.8053
vn 0.6160 0.0058 0.7877
vn 0.5780 -0.0282 0.8156
vn 0.1113 -0.4757 0.8725
vn -0.0033 -0.4864 0.8737
vn 0.1111 -0.4706 0.8753
vn 0.2753 0.0050 0.9613
vn 0.2438 -0.0359 0.9692
vn 0.2680 -0.0490 0.9622
vn 0.3193 -0.0310 0.9472
vn 0.4878 -0.2008 0.8496
vn 0.4457 -0.2006 0.8724
vn 0.3932 -0.1662 0.9043
vn 0.4469 -0.2148 0.8684
vn 0.9764 0.0081 0.2157
vn 0.9833 0.0280 0.1796
vn 0.8374 -0.0743 0.5416
vn 0.9661 -0.0479 0.2538
vn 0.9086 -0.1395 0.3938
vn 0.0890 0.7661 0.6366
vn 0.2931 0.1768 0.9396
vn 0.3809 0.5343 0.7546
vn 0.3462 0.8578 0.3798
vn 0.1820 0.9383 -0.2940
vn 0.1794 0.9603 -0.2139
vn 0.4180 -0.1568 0.8948
vn 0.3942 -0.1962 0.8978
vn 0.4348 0.1649 0.8853
vn 0.0783 0.9261 0.3690
vn 0.0426 0.9983 0.0402
vn -0.1826 0.9827 0.0318
vn -0.5633 0.8257 -0.0300
vn 0.1228 0.8807 0.4574
vn 0.1337 0.6667 -0.7332
vn -0.0061 0.9997 -0.0241
vn -0.0597 0.7711 -0.6340
vn 0.1415 0.9713 0.1910
vn 0.2531 0.9108 0.3263
vn 0.2625 0.8609 0.4358
vn 0.2187 0.9595 0.1773
vn 0.3983 -0.2059 0.8938
vn 0.6402 -0.4445 0.6265
vn 0.6469 -0.4038 0.6469
vn 0.5025 -0.2997 0.8110
vn 0.4007 0.3798 0.8338
vn 0.3970 -0.0782 0.9145
vn 0.8461 -0.0839 0.5264
vn -0.2848 0.1236 0.9506
vn 0.3855 0.0711 0.9200
vn 0.1518 0.1330 0.9794
vn -0.3021 0.1386 0.9431
vn -0.1622 0.9847 0.0632
vn 0.0286 0.9879 0.1526
vn 0.1309 0.9835 0.1252
vn -0.4114 0.9108 -0.0339
vn -0.1333 0.9892 0.0603
vn -0.6632 0.7192 -0.2071
vn 0.3134 0.6396 0.7019
vn 0.4349 0.2029 0.8773
vn 0.2185 0.8772 0.4274
vn 0.6449 -0.3571 0.6757
vn 0.6434 -0.3595 0.6758
vn 0.4235 -0.1631 0.8911
vn 0.3013 -0.0471 0.9523
vn 0.3075 -0.0387 0.9508
vn 0.3725 -0.0692 0.9255
vn 0.3952 -0.1262 0.9099
vn 0.3193 -0.0219 0.9474
vn -0.5683 0.7279 0.3836
vn -0.5097 0.7783 0.3666
vn -0.6370 0.6557 0.4053
vn 0.8236 0.4608 -0.3308
vn 0.7276 0.6381 -0.2519
vn 0.8909 0.2282 -0.3927
vn 0.8985 0.0930 -0.4289
vn 0.1029 0.9865 0.1273
vn 0.1199 0.9871 0.1062
vn 0.0583 0.9965 0.0596
vn 0.0483 0.9956 0.0800
vn 0.0214 0.9973 0.0697
vn 0.0906 0.9853 0.1447
vn 0.2332 0.9626 0.1380
vn 0.0259 0.9859 0.1651
vn 0.1037 0.9837 0.1471
vn -0.0395 0.9785 0.2025
vn 0.5949 0.8038 0.0022
vn 0.4998 0.8645 0.0539
vn -0.0478 0.9777 0.2045
vn -0.1117 0.9781 0.1755
vn -0.2732 0.9471 -0.1687
vn 0.4558 -0.1326 0.8801
vn 0.3503 -0.2103 0.9127
vn 0.4498 -0.1188 0.8852
vn 0.4218 -0.1330 0.8969
vn -0.5031 -0.1115 0.8570
vn -0.6689 -0.0258 0.7429
vn 0.0954 0.9889 -0.1138
vn 0.1042 0.9719 0.2111
vn 0.1081 0.9732 0.2028
vn 0.4532 -0.1571 0.8774
vn 0.4585 -0.1559 0.8749
vn -0.8323 -0.1409 0.5361
vn -0.4557 -0.1832 0.8711
vn -0.3505 -0.1629 0.9223
vn -0.6488 -0.1652 0.7428
vn -0.3254 -0.1304 0.9365
vn -0.2775 -0.1332 0.9515
vn -0.1476 0.7792 -0.6092
vn -0.0636 0.9974 0.0335
vn -0.0287 0.8671 -0.4973
vn -0.0345 0.2210 -0.9747
vn 0.0480 0.7750 -0.6301
vn 0.1376 0.5831 -0.8007
vn -0.0168 0.9925 0.1213
vn 0.4535 0.8854 -0.1017
vn -0.0545 0.9973 0.0502
vn 0.0763 0.9905 0.1143
vn 0.1834 0.9724 0.1443
vn 0.3563 0.9041 0.2360
vn 0.1944 0.9612 0.1957
vn 0.2235 -0.2665 0.9376
vn 0.0704 -0.4012 0.9133
vn -0.1022 -0.5079 0.8553
vn 0.4063 -0.1491 0.9015
vn 0.3508 -0.2145 0.9115
vn 0.2491 -0.3015 0.9204
vn 0.2102 0.8479 -0.4867
vn 0.1567 0.9288 -0.3358
vn 0.1828 0.8590 -0.4782
vn 0.1471 0.9740 -0.1725
vn 0.1692 0.9809 -0.0959
vn 0.0938 0.9858 0.1396
vn 0.4360 -0.0951 0.8949
vn 0.4170 0.1638 0.8940
vn 0.4967 0.0412 0.8670
vn 0.5778 0.0392 0.8152
vn -0.6335 -0.2480 0.7329
vn -0.9868 -0.0129 -0.1617
vn 0.5490 0.5802 0.6017
vn 0.2006 0.9244 0.3244
vn 0.4591 0.4363 0.7739
vn 0.6849 0.1080 0.7206
vn -0.9535 -0.0661 0.2940
vn -0.1570 0.7452 -0.6481
vn -0.2399 0.4430 -0.8638
vn 0.1605 0.9862 -0.0416
vn -0.0855 0.7843 -0.6145
vn 0.3925 -0.1778 0.9024
vn 0.2787 -0.1961 0.9402
vn 0.3104 -0.1929 0.9308
vn 0.4602 -0.1859 0.8681
vn 0.4689 -0.1982 0.8607
vn -0.8945 0.0485 0.4445
vn -0.5617 -0.0657 0.8247
vn -0.9125 0.0533 0.4056
vn -0.5246 -0.1464 0.8387
vn 0.5010 0.8557 0.1297
vn 0.0475 0.9976 0.0494
vn 0.0757 0.9962 0.0429
vn -0.2967 0.9424 0.1543
vn 0.1441 0.9663 0.2132
vn 0.0805 0.9825 0.1680
vn 0.4391 -0.0560 0.8967
vn 0.8738 -0.0348 0.4850
vn 0.5815 -0.0451 0.8123
vn -0.0258 -0.0318 0.9992
vn 0.0697 -0.0190 0.9974
vn -0.4850 0.0281 0.8741
vn 0.9282 0.0225 0.3713
vn 0.8701 -0.1135 0.4797
vn 0.4902 -0.1387 0.8605
vn 0.7976 -0.2044 0.5676
vn 0.8179 -0.1655 0.5510
vn -0.5835 0.1502 -0.7981
vn -0.6357 0.2004 -0.7455
vn 0.4570 0.2398 0.8565
vn 0.4537 0.1725 0.8743
vn 0.4471 0.3255 0.8332
vn 0.4220 -0.1479 0.8944
vn -0.0146 0.8696 0.4936
vn 0.0502 0.9532 0.2980
vn 0.7153 0.1735 0.6769
vn 0.3527 0.8259 0.4398
vn 0.3528 0.0317 0.9352
vn 0.1414 0.7722 0.6195
vn 0.2748 0.3364 0.9007
vn 0.1679 0.9284 -0.3316
vn 0.0048 0.9473 0.3204
vn -0.0578 0.7030 0.7089
vn 0.0236 0.9041 0.4267
vn -0.0925 0.6291 0.7718
vn 0.1036 0.9853 0.1360
vn 0.1234 0.9866 0.1063
vn -0.1096 0.9915 0.0698
vn 0.0851 0.9893 0.1183
vn 0.0712 0.9907 0.1159
vn 0.5327 -0.1156 0.8384
vn 0.1255 -0.0978 0.9873
vn 0.4411 -0.1404 0.8864
vn 0.4866 -0.0104 0.8736
vn 0.0496 0.9830 0.1770
vn 0.0817 0.9865 0.1416
vn -0.0788 0.9961 -0.0396
vn 0.0050 0.9954 0.0958
vn 0.1432 0.9896 0.0096
vn 0.0044 0.9987 0.0504
vn -0.0471 0.9980 0.0414
vn 0.6254 -0.1299 0.7694
vn 0.5151 -0.1498 0.8439
vn 0.3694 -0.1046 0.9234
vn 0.1783 0.9774 0.1136
vn 0.0804 0.9762 0.2012
vn -0.1900 0.9639 0.1866
vn -0.1596 0.9716 0.1747
vn 0.1346 0.9793 0.1511
vn -0.1061 0.9643 0.2425
vn -0.9246 0.1280 -0.3587
vn -0.9763 0.0809 0.2009
vn -0.9566 0.1612 -0.2429
vn -0.9765 0.1611 -0.1434
vn -0.9067 0.1535 0.3929
vn 0.5753 -0.3036 0.7595
vn 0.5336 -0.2706 0.8013
vn -0.7614 0.4759 0.4401
vn -0.7751 0.4533 0.4402
vn -0.3488 0.8805 0.3211
vn -0.2091 0.9400 0.2695
vn 0.3223 -0.0465 0.9455
vn 0.2483 0.8451 0.4735
vn 0.3713 0.5868 0.7196
vn 0.1259 0.9649 0.2306
vn 0.1005 0.8982 0.4280
vn 0.3683 0.5600 0.7421
vn 0.3353 0.5821 0.7407
vn 0.2591 0.7892 0.5567
vn 0.3020 0.2891 0.9084
vn 0.2557 0.8011 0.5412
vn 0.1828 0.9270 0.3275
vn 0.1016 0.9813 0.1636
vn 0.2832 0.7192 0.6344
vn -0.9216 -0.0044 0.3881
vn -0.8663 -0.0376 0.4982
vn -0.9289 -0.0021 0.3703
vn -0.9953 0.0735 0.0636
vn -0.9726 0.0287 0.2307
vn -0.6165 0.1569 -0.7715
vn -0.6379 0.5973 -0.4861
vn 0.0701 0.1622 -0.9843
vn -0.2218 0.2584 -0.9402
vn 0.3844 -0.1770 0.9060
vn 0.4172 0.0439 0.9077
vn 0.5944 -0.2218 0.7730
vn 0.4946 -0.1872 0.8488
vn 0.2826 -0.0534 0.9578
vn 0.2272 -0.0707 0.9713
vn 0.2759 -0.2042 0.9392
vn 0.0484 0.9948 0.0896
vn 0.1298 0.9830 0.1302
vn 0.0356 0.9858 0.1644
vn 0.1218 0.9562 0.2663
vn 0.2398 0.1567 -0.9581
vn 0.4056 0.3612 -0.8396
vn 0.0633 0.8739 0.4819
vn 0.0315 0.9823 0.1847
vn 0.0146 0.9876 0.1565
vn 0.3875 0.1363 0.9117
vn 0.4154 0.0570 0.9078
vn 0.3406 0.5141 0.7872
vn 0.4853 -0.1203 0.8660
vn 0.3988 0.1631 0.9024
vn 0.0467 0.9623 0.2678
vn -0.2472 0.9430 0.2228
vn 0.0754 0.9655 0.2493
vn -0.4906 0.8712 -0.0194
vn 0.0987 0.9924 0.0732
vn 0.0779 0.9888 0.1271
vn 0.0940 0.9574 0.2731
vn 0.0714 0.9789 0.1912
vn 0.2409 0.8293 0.5041
vn -0.9906 0.0848 0.1069
vn -0.9707 0.0410 0.2366
vn 0.0386 0.9869 0.1566
vn 0.1011 0.9897 0.1009
vn 0.2570 0.9457 0.1988
vn 0.1749 0.9664 0.1881
vn 0.1809 0.9727 0.1453
vn 0.1235 0.9920 0.0258
vn 0.1756 0.9597 0.2196
vn -0.1420 0.9826 0.1196
vn 0.0849 0.9055 0.4157
vn 0.0236 0.9868 -0.1604
vn 0.0793 0.9599 0.2688
vn 0.7660 -0.2524 0.5912
vn 0.4482 -0.2728 0.8513
vn 0.1063 -0.2488 0.9627
vn 0.9486 -0.1682 0.2679
vn 0.2005 0.3559 0.9128
vn -0.0354 0.5890 0.8074
vn -0.1241 0.4982 0.8581
vn 0.5685 -0.1787 0.8031
vn 0.4563 -0.0194 0.8896
vn 0.5726 0.0904 0.8148
vn 0.5721 0.1154 0.8120
vn 0.6127 0.0856 0.7856
vn 0.6005 0.0506 0.7980
vn 0.6651 0.0872 0.7417
vn 0.4742 -0.0984 0.8749
vn -0.0521 0.7809 0.6225
vn -0.0302 0.7568 0.6530
vn 0.6697 0.6618 0.3369
vn 0.2974 0.9235 0.2421
vn 0.1851 0.8743 0.4487
vn 0.4636 -0.2083 0.8612
vn 0.2780 -0.0910 0.9563
vn 0.1721 -0.0106 0.9850
vn -0.0251 0.0400 0.9989
vn -0.9023 0.0598 0.4268
vn -0.9067 0.0015 0.4217
vn 0.8087 -0.2398 0.5371
vn 0.2059 -0.2542 0.9450
vn -0.0355 0.9328 -0.3585
vn 0.1045 0.8467 0.5217
vn 0.5840 0.2990 0.7547
vn 0.5694 0.5185 0.6379
vn 0.1748 0.9556 0.2374
vn 0.2242 0.8761 -0.4267
vn 0.1432 0.9896 -0.0131
vn 0.2492 0.8847 -0.3940
vn 0.6006 0.7430 0.2952
vn 0.6931 0.6349 0.3415
vn 0.0191 0.9906 0.1352
vn -0.4411 0.8974 -0.0114
vn -0.3732 0.1142 0.9207
vn -0.9816 0.1900 -0.0164
vn 0.1184 0.9788 0.1671
vn -0.0418 0.9991 0.0031
vn 0.3735 -0.1100 0.9211
vn 0.3857 -0.1158 0.9154
vn -0.1317 0.9909 -0.0291
vn 0.0288 0.9989 0.0362
vn 0.1078 0.9940 0.0203
vn 0.5523 -0.0845 0.8294
vn 0.1001 0.0250 0.9947
vn 0.0839 0.9879 0.1306
vn 0.5591 0.5161 0.6489
vn 0.4216 0.5378 0.7301
vn 0.1621 0.9222 0.3512
vn 0.3796 0.5754 0.7244
vn 0.0568 -0.0091 -0.9983
vn 0.4869 -0.2225 0.8447
vn 0.7326 -0.2061 0.6488
vn 0.1559 -0.1464 0.9769
vn 0.1360 -0.3303 0.9340
vn -0.9967 -0.0776 0.0247
vn -0.6820 -0.2742 0.6780
vn -0.7908 0.1938 -0.5806
vn -0.4650 0.1866 -0.8654
vn -0.9625 -0.0855 0.2575
vn -0.9140 0.0395 0.4038
vn -0.7602 -0.0139 0.6496
vn 0.1051 -0.0730 0.9918
vn -0.3696 -0.0867 0.9251
vn 0.2458 -0.0171 0.9692
vn -0.5139 0.7797 0.3577
vn -0.6705 0.6285 0.3942
vn -0.8410 0.3023 0.4486
vn 0.5019 -0.2370 0.8318
vn 0.4287 -0.1761 0.8861
vn 0.2281 -0.0512 0.9723
vn 0.7412 -0.3736 0.5577
vn 0.3802 -0.1533 0.9121
vn 0.2376 0.7231 0.6485
vn 0.5557 -0.1652 0.8148
vn 0.0997 0.9854 0.1380
vn 0.0807 0.9846 0.1552
vn 0.0951 0.9902 0.1024
vn 0.1045 0.9859 0.1305
vn 0.4047 -0.2160 0.8886
vn 0.3491 -0.2816 0.8938
vn -0.3865 -0.0760 0.9191
vn -0.0656 0.9883 0.1375
vn -0.6732 0.1237 0.7291
vn -0.9937 0.0774 0.0807
vn -0.9941 -0.0985 0.0444
vn 0.4239 -0.1703 0.8895
vn 0.0123 0.9578 0.2871
vn -0.0600 0.9757 0.2109
vn 0.0508 0.9891 0.1380
vn 0.4194 0.0142 0.9077
vn -0.0731 0.9908 0.1135
vn -0.1982 0.9768 0.0811
vn 0.1451 0.9580 0.2474
vn -0.0161 0.9911 0.1320
vn -0.0877 0.9853 0.1464
vn -0.0463 0.9890 0.1405
vn -0.8746 -0.2205 0.4317
vn -0.8824 -0.2124 0.4199
vn 0.0337 0.9793 0.1997
vn -0.0174 0.9874 -0.1573
vn 0.5357 0.8357 -0.1211
vn 0.7466 0.5771 0.3311
vn 0.5013 -0.0555 0.8635
vn 0.1398 0.9518 -0.2730
vn 0.1287 0.8630 -0.4885
vn 0.0390 0.9825 0.1823
vn -0.9970 0.0326 -0.0697
vn 0.3156 0.6956 0.6454
vn 0.8029 0.5218 -0.2883
vn 0.1067 0.9915 0.0742
vn 0.8301 0.0376 0.5564
vn 0.8575 -0.1122 0.5021
vn 0.9746 0.0065 0.2237
vn 0.1183 0.9812 0.1522
vn 0.4627 -0.1090 0.8798
vn -0.4187 0.9080 -0.0140
vn -0.5727 0.8160 -0.0785
vn -0.3486 0.9353 0.0612
vn 0.2201 0.9509 0.2175
vn 0.3762 0.8834 0.2793
vn 0.2842 0.8192 0.4982
vn 0.2418 0.8496 0.4687
vn 0.2756 0.8017 0.5304
vn 0.4034 0.2881 0.8685
vn -0.8638 0.0732 0.4984
vn -0.8538 0.0624 0.5169
vn 0.4323 0.1002 0.8961
vn 0.0049 0.9994 0.0350
vn -0.5454 0.8211 -0.1686
vn -0.2381 0.1981 -0.9508
vn 0.0470 0.9932 0.1062
vn 0.0187 0.9850 -0.1715
vn 0.1650 -0.3578 0.9191
vn 0.2155 -0.3216 0.9220
vn -0.2248 0.9730 -0.0530
vn 0.2693 0.9370 0.2225
vn -0.9251 0.0742 0.3723
vn 0.9831 -0.1412 0.1168
vn 0.0621 0.9908 0.1205
vn 0.4882 0.7616 0.4262
vn 0.3041 0.8991 0.3148
vn 0.1404 0.9778 0.1556
vn -0.4169 0.9085 -0.0280
vn 0.6894 0.1782 0.7021
vn 0.0890 0.9841 0.1536
vn -0.7271 -0.0224 0.6862
vn 0.3450 0.5454 0.7639
vn 0.0838 0.9524 0.2932
vn 0.8161 0.0224 0.5775
vn 0.3234 0.8792 0.3499
vn 0.1968 0.8380 0.5089
vn -0.0420 0.6465 0.7618
vn -0.0808 0.4518 0.8884
vn 0.7310 -0.1839 0.6572
vn 0.1887 0.1728 0.9667
vn 0.5211 -0.2767 0.8074
vn 0.3052 -0.3246 0.8953
vn -0.8214 0.3575 0.4444
vn -0.4076 0.8402 0.3577
vn 0.1105 0.9876 0.1119
vn 0.4480 0.8493 0.2792
vn 0.4160 -0.0487 0.9081
vn -0.9598 0.1948 0.2022
vn -0.8874 0.1511 0.4355
vn 0.3513 0.5062 0.7876
vn -0.4635 0.1263 -0.8771
vn -0.6328 0.0959 -0.7683
vn 0.2076 0.9738 -0.0928
vn 0.0890 0.9912 0.0982
vn 0.9041 0.0673 -0.4220
vn -0.3390 0.3092 -0.8885
vn -0.9274 0.1785 -0.3287
vn 0.4284 -0.1425 0.8923
vn -0.8547 0.2562 0.4514
vn 0.2742 0.9510 0.1431
vn 0.0196 -0.2372 0.9713
vn -0.4949 0.8688 -0.0175
vn 0.0545 0.9936 0.0990
vn -0.9931 0.1139 -0.0280
vn -0.8616 0.0192 0.5073
vn 0.1554 0.0594 0.9861
vn 0.1727 0.0138 0.9849
vn 0.0880 0.9887 0.1213
vn -0.5626 -0.0458 0.8254
vn -0.6462 -0.0177 0.7630
vn -0.0154 -0.1764 0.9842
vn -0.7477 0.1867 -0.6373
vn -0.5270 -0.1020 0.8437
vn -0.6440 -0.0342 0.7643
vn 0.1990 0.8951 -0.3990
vn 0.1924 0.8950 -0.4025
vn -0.3133 0.9497 0.0040
vn 0.2622 0.2330 0.9365
vn 0.3249 0.0864 0.9418
vn 0.4318 -0.0491 0.9006
vn 0.6844 -0.0579 0.7268
vn 0.4632 0.1326 0.8763
vn 0.2226 0.8166 -0.5325
vn 0.1471 0.0147 -0.9890
vn 0.6497 -0.1541 0.7444
vn 0.4800 -0.0211 0.8770
# 972 vertex normals

vt 0.8088 0.7458 0.0000
vt 0.9028 0.7067 0.0000
vt 0.7723 0.8884 0.0000
vt 0.7384 0.8642 0.0000
vt 0.1379 0.5338 0.0000
vt 0.0572 0.5155 0.0000
vt 0.0996 0.4795 0.0000
vt 0.1475 0.4943 0.0000
vt 0.5549 0.4147 0.0000
vt 0.6148 0.3963 0.0000
vt 0.5806 0.4616 0.0000
vt 0.5214 0.4475 0.0000
vt 0.4907 0.4496 0.0000
vt 0.4513 0.4365 0.0000
vt 0.4847 0.4277 0.0000
vt 0.4963 0.4181 0.0000
vt 0.3295 0.0228 0.0000
vt 0.3708 0.0157 0.0000
vt 0.3721 0.0287 0.0000
vt 0.3489 0.0383 0.0000
vt 0.6289 0.1170 0.0000
vt 0.6393 0.1422 0.0000
vt 0.5375 0.1540 0.0000
vt 0.6078 0.1081 0.0000
vt 0.0896 0.2919 0.0000
vt 0.1043 0.3093 0.0000
vt 0.0542 0.3185 0.0000
vt 0.0470 0.2957 0.0000
vt 0.1234 0.4303 0.0000
vt 0.2027 0.4305 0.0000
vt 0.1550 0.4573 0.0000
vt 0.0849 0.7747 0.0000
vt 0.1057 0.7444 0.0000
vt 0.1720 0.7580 0.0000
vt 0.0936 0.7820 0.0000
vt 0.6872 0.4022 0.0000
vt 0.6693 0.4541 0.0000
vt 0.7047 0.4314 0.0000
vt 0.7035 0.4440 0.0000
vt 0.7964 0.1926 0.0000
vt 0.8639 0.2554 0.0000
vt 0.7938 0.2098 0.0000
vt 0.1650 0.2480 0.0000
vt 0.2113 0.2400 0.0000
vt 0.2012 0.2619 0.0000
vt 0.5260 0.1258 0.0000
vt 0.4645 0.1185 0.0000
vt 0.4845 0.0978 0.0000
vt 0.5449 0.1101 0.0000
vt 0.5586 0.9346 0.0000
vt 0.6307 0.9283 0.0000
vt 0.5651 0.9942 0.0000
vt 0.5424 0.9693 0.0000
vt 0.0504 0.1956 0.0000
vt 0.0562 0.1877 0.0000
vt 0.0724 0.1932 0.0000
vt 0.0627 0.1984 0.0000
vt 0.0822 0.1269 0.0000
vt 0.1231 0.0980 0.0000
vt 0.1295 0.1113 0.0000
vt 0.0800 0.1593 0.0000
vt 0.3054 0.9712 0.0000
vt 0.2844 0.9684 0.0000
vt 0.2875 0.9600 0.0000
vt 0.3159 0.9655 0.0000
vt 0.2967 0.1402 0.0000
vt 0.3027 0.1768 0.0000
vt 0.2453 0.1735 0.0000
vt 0.2625 0.1536 0.0000
vt 0.2486 0.0710 0.0000
vt 0.2877 0.0218 0.0000
vt 0.3128 0.0449 0.0000
vt 0.2778 0.0950 0.0000
vt 0.5542 0.8265 0.0000
vt 0.6399 0.7567 0.0000
vt 0.5258 0.8334 0.0000
vt 0.5290 0.7328 0.0000
vt 0.5969 0.7601 0.0000
vt 0.5625 0.8028 0.0000
vt 0.5412 0.0485 0.0000
vt 0.5592 0.0138 0.0000
vt 0.5800 0.0156 0.0000
vt 0.8927 0.6920 0.0000
vt 0.8161 0.7204 0.0000
vt 0.8140 0.6074 0.0000
vt 0.9266 0.5653 0.0000
vt 0.3502 0.2996 0.0000
vt 0.2982 0.3177 0.0000
vt 0.3145 0.2893 0.0000
vt 0.3442 0.2790 0.0000
vt 0.4749 0.2552 0.0000
vt 0.5033 0.2050 0.0000
vt 0.5620 0.1825 0.0000
vt 0.5586 0.2182 0.0000
vt 0.4427 0.9995 0.0000
vt 0.4283 0.9976 0.0000
vt 0.4327 0.9924 0.0000
vt 0.4607 0.8273 0.0000
vt 0.4059 0.9860 0.0000
vt 0.4127 0.9885 0.0000
vt 0.4128 0.9967 0.0000
vt 0.3967 0.9869 0.0000
vt 0.3519 0.4904 0.0000
vt 0.3149 0.4816 0.0000
vt 0.3245 0.4635 0.0000
vt 0.3624 0.4508 0.0000
vt 0.1185 0.5818 0.0000
vt 0.0481 0.5562 0.0000
vt 0.0430 0.4278 0.0000
vt 0.0251 0.3744 0.0000
vt 0.0772 0.3428 0.0000
vt 0.1062 0.3960 0.0000
vt 0.0088 0.2645 0.0000
vt 0.0318 0.2683 0.0000
vt 0.0271 0.2830 0.0000
vt 0.0007 0.2975 0.0000
vt 0.3625 0.3122 0.0000
vt 0.3777 0.3214 0.0000
vt 0.3318 0.3329 0.0000
vt 0.3111 0.3338 0.0000
vt 0.1961 0.4545 0.0000
vt 0.2557 0.4419 0.0000
vt 0.7362 0.1457 0.0000
vt 0.7169 0.1746 0.0000
vt 0.6962 0.1554 0.0000
vt 0.5369 0.2971 0.0000
vt 0.5680 0.2506 0.0000
vt 0.5738 0.2887 0.0000
vt 0.5721 0.2992 0.0000
vt 0.4206 0.0005 0.0000
vt 0.4024 0.0287 0.0000
vt 0.3813 0.0497 0.0000
vt 0.4198 0.1044 0.0000
vt 0.3788 0.1350 0.0000
vt 0.3167 0.0989 0.0000
vt 0.3371 0.7684 0.0000
vt 0.4731 0.6965 0.0000
vt 0.6642 0.4866 0.0000
vt 0.5272 0.5378 0.0000
vt 0.4282 0.4023 0.0000
vt 0.4736 0.3908 0.0000
vt 0.4732 0.4041 0.0000
vt 0.5571 0.3616 0.0000
vt 0.5693 0.3144 0.0000
vt 0.6057 0.3471 0.0000
vt 0.5732 0.3638 0.0000
vt 0.1944 0.9188 0.0000
vt 0.1983 0.9238 0.0000
vt 0.1897 0.9274 0.0000
vt 0.1850 0.9230 0.0000
vt 0.4127 0.9008 0.0000
vt 0.3667 0.8997 0.0000
vt 0.3780 0.8854 0.0000
vt 0.4349 0.8735 0.0000
vt 0.3534 0.9825 0.0000
vt 0.3431 0.9773 0.0000
vt 0.3483 0.9741 0.0000
vt 0.3607 0.9824 0.0000
vt 0.0554 0.8021 0.0000
vt 0.1438 0.7861 0.0000
vt 0.1085 0.8051 0.0000
vt 0.3812 0.2328 0.0000
vt 0.4223 0.2322 0.0000
vt 0.3841 0.2533 0.0000
vt 0.3538 0.2475 0.0000
vt 0.3017 0.2357 0.0000
vt 0.2731 0.2193 0.0000
vt 0.3347 0.2050 0.0000
vt 0.3375 0.2251 0.0000
vt 0.2798 0.2987 0.0000
vt 0.2699 0.3253 0.0000
vt 0.2616 0.3039 0.0000
vt 0.2730 0.2858 0.0000
vt 0.1465 0.3960 0.0000
vt 0.2041 0.3981 0.0000
vt 0.2811 0.5718 0.0000
vt 0.2554 0.5904 0.0000
vt 0.2663 0.5597 0.0000
vt 0.2831 0.5544 0.0000
vt 0.3871 0.6497 0.0000
vt 0.3087 0.6625 0.0000
vt 0.3577 0.6174 0.0000
vt 0.3830 0.6224 0.0000
vt 0.7604 0.4733 0.0000
vt 0.6965 0.4865 0.0000
vt 0.7442 0.4424 0.0000
vt 0.9103 0.3997 0.0000
vt 0.8043 0.3892 0.0000
vt 0.8180 0.3515 0.0000
vt 0.8976 0.3746 0.0000
vt 0.5886 0.6422 0.0000
vt 0.6603 0.5787 0.0000
vt 0.6453 0.6601 0.0000
vt 0.5956 0.6506 0.0000
vt 0.7721 0.5760 0.0000
vt 0.3173 0.9523 0.0000
vt 0.3332 0.9572 0.0000
vt 0.3181 0.9633 0.0000
vt 0.3004 0.9502 0.0000
vt 0.2835 0.8634 0.0000
vt 0.2995 0.9033 0.0000
vt 0.2833 0.8859 0.0000
vt 0.1320 0.8521 0.0000
vt 0.1071 0.8609 0.0000
vt 0.0918 0.8453 0.0000
vt 0.1134 0.8446 0.0000
vt 0.1235 0.2169 0.0000
vt 0.0945 0.2312 0.0000
vt 0.0736 0.2250 0.0000
vt 0.0936 0.2169 0.0000
vt 0.0584 0.2803 0.0000
vt 0.0640 0.2692 0.0000
vt 0.0989 0.2699 0.0000
vt 0.2715 0.4128 0.0000
vt 0.2518 0.4072 0.0000
vt 0.3759 0.3438 0.0000
vt 0.4105 0.3531 0.0000
vt 0.3789 0.3636 0.0000
vt 0.3612 0.3475 0.0000
vt 0.6067 0.3035 0.0000
vt 0.6828 0.3130 0.0000
vt 0.6364 0.3497 0.0000
vt 0.7093 0.3695 0.0000
vt 0.7372 0.3445 0.0000
vt 0.7478 0.3704 0.0000
vt 0.7088 0.3856 0.0000
vt 0.4770 0.9788 0.0000
vt 0.4709 0.9558 0.0000
vt 0.4962 0.9529 0.0000
vt 0.5006 0.9862 0.0000
vt 0.4927 0.1418 0.0000
vt 0.4851 0.1410 0.0000
vt 0.3622 0.1959 0.0000
vt 0.3599 0.1859 0.0000
vt 0.3910 0.1805 0.0000
vt 0.3703 0.1962 0.0000
vt 0.2569 0.4798 0.0000
vt 0.2258 0.4959 0.0000
vt 0.1932 0.4804 0.0000
vt 0.2287 0.4672 0.0000
vt 0.3196 0.5434 0.0000
vt 0.3069 0.5706 0.0000
vt 0.4466 0.9792 0.0000
vt 0.4608 0.9891 0.0000
vt 0.4597 0.9984 0.0000
vt 0.4424 0.9885 0.0000
vt 0.4104 0.9658 0.0000
vt 0.3786 0.9467 0.0000
vt 0.3873 0.9316 0.0000
vt 0.4149 0.9447 0.0000
vt 0.1702 0.9144 0.0000
vt 0.1391 0.8976 0.0000
vt 0.1658 0.9007 0.0000
vt 0.1778 0.9093 0.0000
vt 0.2473 0.9591 0.0000
vt 0.2236 0.9493 0.0000
vt 0.2367 0.9493 0.0000
vt 0.2523 0.9555 0.0000
vt 0.6965 0.1104 0.0000
vt 0.7239 0.0991 0.0000
vt 0.7352 0.1167 0.0000
vt 0.6954 0.1314 0.0000
vt 0.1160 0.1598 0.0000
vt 0.1051 0.1758 0.0000
vt 0.0861 0.1705 0.0000
vt 0.1003 0.1540 0.0000
vt 0.6709 0.0659 0.0000
vt 0.6614 0.0711 0.0000
vt 0.6415 0.0518 0.0000
vt 0.5904 0.0640 0.0000
vt 0.5104 0.0715 0.0000
vt 0.5081 0.3104 0.0000
vt 0.4973 0.2930 0.0000
vt 0.4551 0.3558 0.0000
vt 0.4051 0.3755 0.0000
vt 0.7602 0.5449 0.0000
vt 0.6190 0.6703 0.0000
vt 0.5869 0.6683 0.0000
vt 0.4319 0.5692 0.0000
vt 0.4703 0.5810 0.0000
vt 0.4429 0.5994 0.0000
vt 0.4238 0.5925 0.0000
vt 0.2208 0.2941 0.0000
vt 0.2315 0.3090 0.0000
vt 0.1806 0.3172 0.0000
vt 0.1910 0.2979 0.0000
vt 0.7137 0.3471 0.0000
vt 0.6786 0.3522 0.0000
vt 0.7040 0.3318 0.0000
vt 0.7736 0.1845 0.0000
vt 0.7695 0.2247 0.0000
vt 0.8723 0.4738 0.0000
vt 0.9096 0.4544 0.0000
vt 0.9246 0.4810 0.0000
vt 0.8204 0.5265 0.0000
vt 0.3843 0.9965 0.0000
vt 0.3716 0.9913 0.0000
vt 0.3828 0.9885 0.0000
vt 0.1718 0.2241 0.0000
vt 0.1351 0.2446 0.0000
vt 0.1417 0.2329 0.0000
vt 0.1609 0.2003 0.0000
vt 0.1358 0.2269 0.0000
vt 0.1203 0.2244 0.0000
vt 0.2993 0.0891 0.0000
vt 0.3181 0.0592 0.0000
vt 0.4725 0.8541 0.0000
vt 0.4798 0.8629 0.0000
vt 0.4637 0.8765 0.0000
vt 0.5093 0.9102 0.0000
vt 0.5120 0.9517 0.0000
vt 0.4874 0.9219 0.0000
vt 0.2228 0.5946 0.0000
vt 0.2687 0.6056 0.0000
vt 0.2569 0.6305 0.0000
vt 0.1842 0.6313 0.0000
vt 0.1056 0.6612 0.0000
vt 0.0133 0.6847 0.0000
vt 0.0780 0.6264 0.0000
vt 0.2305 0.9064 0.0000
vt 0.2179 0.9017 0.0000
vt 0.2228 0.8938 0.0000
vt 0.2528 0.9077 0.0000
vt 0.1560 0.8889 0.0000
vt 0.1604 0.8950 0.0000
vt 0.1339 0.8887 0.0000
vt 0.1320 0.8852 0.0000
vt 0.3448 0.5065 0.0000
vt 0.3800 0.4949 0.0000
vt 0.3930 0.5130 0.0000
vt 0.3617 0.5184 0.0000
vt 0.0399 0.2405 0.0000
vt 0.0156 0.2439 0.0000
vt 0.0357 0.2341 0.0000
vt 0.0414 0.2279 0.0000
vt 0.4049 0.6359 0.0000
vt 0.3929 0.6254 0.0000
vt 0.4186 0.6254 0.0000
vt 0.4380 0.6206 0.0000
vt 0.5615 0.7098 0.0000
vt 0.5908 0.6827 0.0000
vt 0.6332 0.7297 0.0000
vt 0.4520 0.1847 0.0000
vt 0.4824 0.1938 0.0000
vt 0.4609 0.2185 0.0000
vt 0.4211 0.2118 0.0000
vt 0.4751 0.1544 0.0000
vt 0.5035 0.1470 0.0000
vt 0.2588 0.9417 0.0000
vt 0.2783 0.9471 0.0000
vt 0.2617 0.9493 0.0000
vt 0.2481 0.9435 0.0000
vt 0.3462 0.9300 0.0000
vt 0.3628 0.9404 0.0000
vt 0.3544 0.9501 0.0000
vt 0.3706 0.9735 0.0000
vt 0.3831 0.9742 0.0000
vt 0.3692 0.9796 0.0000
vt 0.3600 0.9711 0.0000
vt 0.1166 0.2034 0.0000
vt 0.1873 0.1444 0.0000
vt 0.2037 0.1405 0.0000
vt 0.1839 0.1636 0.0000
vt 0.1484 0.1731 0.0000
vt 0.6559 0.2155 0.0000
vt 0.5972 0.2322 0.0000
vt 0.6245 0.2103 0.0000
vt 0.6640 0.1906 0.0000
vt 0.4792 0.5242 0.0000
vt 0.5302 0.5082 0.0000
vt 0.4436 0.5521 0.0000
vt 0.4849 0.4653 0.0000
vt 0.4436 0.4887 0.0000
vt 0.4428 0.4598 0.0000
vt 0.4766 0.4570 0.0000
vt 0.4164 0.1476 0.0000
vt 0.3957 0.1466 0.0000
vt 0.4144 0.1299 0.0000
vt 0.4247 0.1373 0.0000
vt 0.4137 0.1278 0.0000
vt 0.3891 0.1355 0.0000
vt 0.4001 0.1255 0.0000
vt 0.4067 0.1168 0.0000
vt 0.6788 0.3642 0.0000
vt 0.7054 0.3601 0.0000
vt 0.7411 0.1973 0.0000
vt 0.7788 0.1430 0.0000
vt 0.6659 0.2899 0.0000
vt 0.6374 0.2874 0.0000
vt 0.7246 0.3971 0.0000
vt 0.7520 0.3889 0.0000
vt 0.7358 0.3984 0.0000
vt 0.7643 0.4395 0.0000
vt 0.7838 0.4264 0.0000
vt 0.7933 0.4440 0.0000
vt 0.7695 0.4466 0.0000
vt 0.2461 0.7555 0.0000
vt 0.2120 0.8013 0.0000
vt 0.4697 0.9797 0.0000
vt 0.4581 0.9613 0.0000
vt 0.4085 0.9180 0.0000
vt 0.3598 0.9098 0.0000
vt 0.3896 0.9618 0.0000
vt 0.4032 0.9710 0.0000
vt 0.3934 0.9725 0.0000
vt 0.3841 0.9633 0.0000
vt 0.0760 0.2075 0.0000
vt 0.0911 0.1976 0.0000
vt 0.3896 0.2021 0.0000
vt 0.3616 0.2150 0.0000
vt 0.4281 0.1624 0.0000
vt 0.4201 0.1525 0.0000
vt 0.4411 0.1535 0.0000
vt 0.8008 0.5324 0.0000
vt 0.7817 0.5129 0.0000
vt 0.8005 0.5085 0.0000
vt 0.7476 0.5070 0.0000
vt 0.7225 0.4953 0.0000
vt 0.7847 0.4765 0.0000
vt 0.5092 0.4058 0.0000
vt 0.5174 0.4467 0.0000
vt 0.5177 0.3829 0.0000
vt 0.4897 0.3364 0.0000
vt 0.7938 0.3768 0.0000
vt 0.7750 0.3622 0.0000
vt 0.7937 0.3562 0.0000
vt 0.7252 0.3180 0.0000
vt 0.7118 0.3130 0.0000
vt 0.3378 0.9819 0.0000
vt 0.3559 0.9885 0.0000
vt 0.3405 0.9870 0.0000
vt 0.3295 0.9876 0.0000
vt 0.2946 0.9734 0.0000
vt 0.2800 0.9707 0.0000
vt 0.6337 0.1593 0.0000
vt 0.6646 0.1398 0.0000
vt 0.6636 0.1533 0.0000
vt 0.6321 0.1749 0.0000
vt 0.5809 0.2028 0.0000
vt 0.6050 0.1823 0.0000
vt 0.6028 0.1966 0.0000
vt 0.4742 0.9973 0.0000
vt 0.6981 0.0674 0.0000
vt 0.6622 0.0827 0.0000
vt 0.5368 0.1283 0.0000
vt 0.5417 0.1337 0.0000
vt 0.5144 0.1519 0.0000
vt 0.3864 0.4662 0.0000
vt 0.4132 0.4353 0.0000
vt 0.4802 0.4171 0.0000
vt 0.3464 0.2006 0.0000
vt 0.4294 0.0400 0.0000
vt 0.4411 0.0640 0.0000
vt 0.3901 0.0371 0.0000
vt 0.4796 0.2252 0.0000
vt 0.4859 0.2285 0.0000
vt 0.3774 0.2744 0.0000
vt 0.3302 0.2697 0.0000
vt 0.2884 0.9517 0.0000
vt 0.5304 0.6693 0.0000
vt 0.5167 0.6969 0.0000
vt 0.5028 0.6657 0.0000
vt 0.5250 0.6516 0.0000
vt 0.5467 0.6556 0.0000
vt 0.5379 0.6453 0.0000
vt 0.5562 0.6349 0.0000
vt 0.5738 0.6465 0.0000
vt 0.2113 0.8451 0.0000
vt 0.2307 0.8636 0.0000
vt 0.1719 0.8510 0.0000
vt 0.1529 0.8413 0.0000
vt 0.1986 0.8973 0.0000
vt 0.2109 0.8927 0.0000
vt 0.2410 0.5546 0.0000
vt 0.2094 0.5790 0.0000
vt 0.2744 0.4942 0.0000
vt 0.2590 0.5269 0.0000
vt 0.2431 0.5100 0.0000
vt 0.1927 0.3711 0.0000
vt 0.2131 0.3438 0.0000
vt 0.2499 0.3637 0.0000
vt 0.2256 0.3848 0.0000
vt 0.1407 0.3351 0.0000
vt 0.1826 0.3414 0.0000
vt 0.1475 0.3562 0.0000
vt 0.1029 0.3594 0.0000
vt 0.2194 0.9372 0.0000
vt 0.2397 0.9412 0.0000
vt 0.2441 0.9204 0.0000
vt 0.2329 0.9264 0.0000
vt 0.2271 0.9202 0.0000
vt 0.4101 0.5827 0.0000
vt 0.3792 0.5723 0.0000
vt 0.4258 0.5382 0.0000
vt 0.4292 0.5473 0.0000
vt 0.4514 0.5628 0.0000
vt 0.4870 0.5756 0.0000
vt 0.1404 0.7152 0.0000
vt 0.0367 0.7264 0.0000
vt 0.2381 0.7177 0.0000
vt 0.7847 0.4613 0.0000
vt 0.8407 0.4815 0.0000
vt 0.2362 0.1554 0.0000
vt 0.2218 0.1689 0.0000
vt 0.2079 0.1655 0.0000
vt 0.8043 0.4097 0.0000
vt 0.7812 0.4170 0.0000
vt 0.7873 0.3997 0.0000
vt 0.7408 0.4040 0.0000
vt 0.7556 0.3985 0.0000
vt 0.7541 0.4132 0.0000
vt 0.7398 0.4171 0.0000
vt 0.0127 0.7533 0.0000
vt 0.2741 0.3861 0.0000
vt 0.3123 0.3807 0.0000
vt 0.3175 0.3946 0.0000
vt 0.2568 0.2249 0.0000
vt 0.1554 0.1893 0.0000
vt 0.1860 0.1832 0.0000
vt 0.1262 0.8794 0.0000
vt 0.1230 0.8766 0.0000
vt 0.1421 0.8710 0.0000
vt 0.1441 0.8776 0.0000
vt 0.6546 0.1802 0.0000
vt 0.6844 0.2677 0.0000
vt 0.7008 0.2822 0.0000
vt 0.4466 0.1151 0.0000
vt 0.4423 0.1077 0.0000
vt 0.4374 0.1439 0.0000
vt 0.2578 0.0469 0.0000
vt 0.2617 0.0291 0.0000
vt 0.2716 0.0284 0.0000
vt 0.3011 0.3553 0.0000
vt 0.3330 0.3576 0.0000
vt 0.3278 0.3752 0.0000
vt 0.3436 0.3601 0.0000
vt 0.3379 0.3808 0.0000
vt 0.3829 0.4003 0.0000
vt 0.3281 0.4250 0.0000
vt 0.3514 0.3983 0.0000
vt 0.8157 0.7288 0.0000
vt 0.8910 0.6982 0.0000
vt 0.6115 0.7596 0.0000
vt 0.5481 0.0112 0.0000
vt 0.5347 0.0437 0.0000
vt 0.5252 0.0367 0.0000
vt 0.5321 0.0114 0.0000
vt 0.7571 0.2459 0.0000
vt 0.7623 0.2664 0.0000
vt 0.7295 0.2584 0.0000
vt 0.7410 0.2415 0.0000
vt 0.7972 0.2731 0.0000
vt 0.7818 0.2427 0.0000
vt 0.6081 0.3632 0.0000
vt 0.6091 0.3857 0.0000
vt 0.5927 0.3927 0.0000
vt 0.5791 0.3754 0.0000
vt 0.6699 0.3483 0.0000
vt 0.6634 0.3401 0.0000
vt 0.5808 0.2233 0.0000
vt 0.6098 0.2043 0.0000
vt 0.6788 0.1559 0.0000
vt 0.2323 0.5389 0.0000
vt 0.2264 0.5194 0.0000
vt 0.1217 0.3283 0.0000
vt 0.1722 0.2954 0.0000
vt 0.0495 0.2136 0.0000
vt 0.0486 0.2071 0.0000
vt 0.7309 0.4112 0.0000
vt 0.7241 0.4188 0.0000
vt 0.7075 0.4043 0.0000
vt 0.1154 0.1386 0.0000
vt 0.1451 0.1430 0.0000
vt 0.4188 0.9872 0.0000
vt 0.4225 0.9842 0.0000
vt 0.4362 0.9756 0.0000
vt 0.4135 0.9680 0.0000
vt 0.4303 0.9594 0.0000
vt 0.4392 0.9637 0.0000
vt 0.8691 0.4546 0.0000
vt 0.8172 0.4691 0.0000
vt 0.8264 0.4496 0.0000
vt 0.8638 0.4347 0.0000
vt 0.8183 0.4320 0.0000
vt 0.8290 0.4085 0.0000
vt 0.4705 0.0729 0.0000
vt 0.4385 0.0423 0.0000
vt 0.4820 0.0677 0.0000
vt 0.4581 0.0904 0.0000
vt 0.4449 0.0998 0.0000
vt 0.4332 0.0986 0.0000
vt 0.4429 0.0861 0.0000
vt 0.3027 0.5323 0.0000
vt 0.2806 0.5416 0.0000
vt 0.2946 0.5244 0.0000
vt 0.3064 0.5183 0.0000
vt 0.2997 0.5046 0.0000
vt 0.2899 0.5136 0.0000
vt 0.4970 0.6146 0.0000
vt 0.4759 0.6257 0.0000
vt 0.4859 0.6020 0.0000
vt 0.5076 0.5940 0.0000
vt 0.5436 0.6144 0.0000
vt 0.6539 0.5317 0.0000
vt 0.3830 0.5351 0.0000
vt 0.4224 0.5186 0.0000
vt 0.3309 0.5611 0.0000
vt 0.3507 0.5372 0.0000
vt 0.1989 0.9046 0.0000
vt 0.1806 0.8952 0.0000
vt 0.3119 0.2445 0.0000
vt 0.3412 0.2394 0.0000
vt 0.3048 0.2657 0.0000
vt 0.2913 0.2635 0.0000
vt 0.4263 0.9976 0.0000
vt 0.6942 0.0957 0.0000
vt 0.7169 0.0891 0.0000
vt 0.6577 0.1244 0.0000
vt 0.6670 0.0881 0.0000
vt 0.1631 0.8220 0.0000
vt 0.0860 0.8400 0.0000
vt 0.1206 0.8232 0.0000
vt 0.1240 0.8367 0.0000
vt 0.0877 0.8419 0.0000
vt 0.4488 0.9399 0.0000
vt 0.4366 0.9475 0.0000
vt 0.4575 0.9188 0.0000
vt 0.4247 0.9506 0.0000
vt 0.6966 0.3172 0.0000
vt 0.7450 0.2822 0.0000
vt 0.7198 0.2979 0.0000
vt 0.6234 0.0920 0.0000
vt 0.5863 0.0971 0.0000
vt 0.6172 0.0610 0.0000
vt 0.2687 0.9393 0.0000
vt 0.2500 0.9320 0.0000
vt 0.2555 0.9257 0.0000
vt 0.2806 0.9386 0.0000
vt 0.2807 0.9290 0.0000
vt 0.3120 0.9360 0.0000
vt 0.2025 0.9361 0.0000
vt 0.2116 0.9308 0.0000
vt 0.0413 0.2619 0.0000
vt 0.0135 0.2519 0.0000
vt 0.0485 0.2495 0.0000
vt 0.3715 0.9606 0.0000
vt 0.3593 0.9592 0.0000
vt 0.2609 0.6707 0.0000
vt 0.3239 0.6189 0.0000
vt 0.2952 0.6548 0.0000
vt 0.1903 0.6673 0.0000
vt 0.4670 0.6796 0.0000
vt 0.4011 0.6758 0.0000
vt 0.1981 0.1651 0.0000
vt 0.2159 0.1490 0.0000
vt 0.2020 0.2069 0.0000
vt 0.2356 0.1909 0.0000
vt 0.2286 0.2101 0.0000
vt 0.4546 0.6107 0.0000
vt 0.4634 0.6284 0.0000
vt 0.4310 0.6445 0.0000
vt 0.4731 0.6525 0.0000
vt 0.4380 0.6675 0.0000
vt 0.5100 0.1622 0.0000
vt 0.4922 0.1797 0.0000
vt 0.4318 0.1724 0.0000
vt 0.5201 0.1727 0.0000
vt 0.5028 0.1902 0.0000
vt 0.1399 0.1608 0.0000
vt 0.0986 0.1869 0.0000
vt 0.3994 0.4822 0.0000
vt 0.4237 0.5021 0.0000
vt 0.7116 0.5085 0.0000
vt 0.7151 0.5200 0.0000
vt 0.7812 0.3174 0.0000
vt 0.8102 0.2888 0.0000
vt 0.7549 0.3157 0.0000
vt 0.7820 0.2962 0.0000
vt 0.7609 0.3297 0.0000
vt 0.0363 0.7813 0.0000
vt 0.0766 0.7609 0.0000
vt 0.0408 0.7887 0.0000
vt 0.6346 0.3622 0.0000
vt 0.6253 0.3769 0.0000
vt 0.6622 0.3708 0.0000
vt 0.6361 0.3776 0.0000
vt 0.6455 0.3605 0.0000
vt 0.6591 0.3617 0.0000
vt 0.3582 0.9874 0.0000
vt 0.3396 0.9685 0.0000
vt 0.3501 0.9655 0.0000
vt 0.3269 0.9417 0.0000
vt 0.3305 0.9280 0.0000
vt 0.2685 0.3653 0.0000
vt 0.2482 0.3929 0.0000
vt 0.7292 0.7423 0.0000
vt 0.6920 0.7321 0.0000
vt 0.6825 0.7174 0.0000
vt 0.7347 0.7347 0.0000
vt 0.0259 0.3056 0.0000
vt 0.3165 0.8241 0.0000
vt 0.2451 0.7964 0.0000
vt 0.2958 0.7856 0.0000
vt 0.2981 0.8493 0.0000
vt 0.4769 0.3659 0.0000
vt 0.4856 0.3773 0.0000
vt 0.4674 0.3377 0.0000
vt 0.4178 0.3249 0.0000
vt 0.4576 0.3258 0.0000
vt 0.5233 0.4639 0.0000
vt 0.5382 0.4846 0.0000
vt 0.5020 0.4922 0.0000
vt 0.5227 0.9732 0.0000
vt 0.5339 0.9875 0.0000
vt 0.5211 0.9875 0.0000
vt 0.5079 0.9883 0.0000
vt 0.5079 0.9607 0.0000
vt 0.9124 0.4262 0.0000
vt 0.9221 0.4005 0.0000
vt 0.9424 0.4128 0.0000
vt 0.9120 0.4378 0.0000
vt 0.2455 0.2572 0.0000
vt 0.2520 0.2403 0.0000
vt 0.2496 0.2750 0.0000
vt 0.2122 0.2812 0.0000
vt 0.2729 0.9605 0.0000
vt 0.2673 0.9532 0.0000
vt 0.0714 0.8215 0.0000
vt 0.6046 0.3586 0.0000
vt 0.5539 0.3740 0.0000
vt 0.5359 0.3861 0.0000
vt 0.5175 0.3900 0.0000
vt 0.9436 0.4177 0.0000
vt 0.9237 0.4524 0.0000
vt 0.7427 0.4269 0.0000
vt 0.7282 0.4255 0.0000
vt 0.7337 0.4317 0.0000
vt 0.1715 0.8621 0.0000
vt 0.1928 0.1140 0.0000
vt 0.2056 0.1175 0.0000
vt 0.1651 0.1433 0.0000
vt 0.2238 0.0781 0.0000
vt 0.4617 0.2913 0.0000
vt 0.4289 0.2754 0.0000
vt 0.4355 0.2553 0.0000
vt 0.4634 0.2557 0.0000
vt 0.9364 0.4769 0.0000
vt 0.9055 0.5535 0.0000
vt 0.7802 0.5448 0.0000
vt 0.8000 0.5528 0.0000
vt 0.2800 0.7541 0.0000
vt 0.4583 0.9340 0.0000
vt 0.4751 0.9181 0.0000
vt 0.6018 0.2843 0.0000
vt 0.6013 0.2634 0.0000
vt 0.6510 0.2697 0.0000
vt 0.6566 0.2504 0.0000
vt 0.6807 0.2456 0.0000
vt 0.4889 0.0512 0.0000
vt 0.2442 0.1417 0.0000
vt 0.3895 0.2178 0.0000
vt 0.8067 0.4618 0.0000
vt 0.7922 0.4859 0.0000
vt 0.7505 0.5187 0.0000
vt 0.0655 0.2222 0.0000
vt 0.0438 0.2221 0.0000
vt 0.0645 0.2177 0.0000
vt 0.0668 0.2391 0.0000
vt 0.3528 0.5810 0.0000
vt 0.3782 0.5941 0.0000
vt 0.3876 0.6155 0.0000
vt 0.0278 0.7687 0.0000
vt 0.1948 0.5184 0.0000
vt 0.1809 0.5405 0.0000
vt 0.1559 0.5551 0.0000
vt 0.1861 0.5549 0.0000
vt 0.2121 0.5440 0.0000
vt 0.1994 0.5658 0.0000
vt 0.1753 0.5929 0.0000
vt 0.4115 0.6089 0.0000
vt 0.4294 0.6086 0.0000
vt 0.3702 0.1741 0.0000
vt 0.3508 0.1770 0.0000
vt 0.2484 0.2125 0.0000
vt 0.1351 0.2653 0.0000
vt 0.1104 0.2647 0.0000
vt 0.0779 0.2559 0.0000
vt 0.1123 0.2486 0.0000
vt 0.7035 0.7513 0.0000
vt 0.7103 0.8078 0.0000
vt 0.0280 0.2248 0.0000
vt 0.0270 0.2198 0.0000
vt 0.7715 0.3991 0.0000
vt 0.7574 0.3721 0.0000
vt 0.4033 0.2879 0.0000
vt 0.3966 0.2603 0.0000
vt 0.4564 0.2437 0.0000
vt 0.5342 0.6292 0.0000
vt 0.4971 0.6447 0.0000
vt 0.5218 0.6261 0.0000
vt 0.3955 0.1703 0.0000
vt 0.3911 0.1584 0.0000
vt 0.4048 0.1562 0.0000
vt 0.4089 0.1628 0.0000
vt 0.2937 0.9216 0.0000
vt 0.3437 0.9179 0.0000
vt 0.6873 0.2158 0.0000
vt 0.7009 0.2383 0.0000
vt 0.1066 0.2845 0.0000
vt 0.1585 0.2874 0.0000
vt 0.7005 0.2570 0.0000
vt 0.7803 0.2744 0.0000
vt 0.7519 0.2988 0.0000
vt 0.0766 0.2454 0.0000
vt 0.0921 0.2444 0.0000
vt 0.2519 0.1831 0.0000
vt 0.1941 0.1869 0.0000
vt 0.4546 0.4996 0.0000
vt 0.4862 0.5126 0.0000
vt 0.4997 0.3990 0.0000
vt 0.8514 0.4151 0.0000
vt 0.2164 0.4095 0.0000
vt 0.2096 0.9207 0.0000
vt 0.1337 0.1883 0.0000
vt 0.2069 0.9175 0.0000
vt 0.1816 0.9034 0.0000
vt 0.2023 0.9133 0.0000
vt 0.3520 0.9639 0.0000
vt 0.3674 0.9684 0.0000
vt 0.4109 0.9822 0.0000
vt 0.3293 0.9712 0.0000
vt 0.3231 0.9806 0.0000
vt 0.2431 0.8798 0.0000
vt 0.2198 0.8828 0.0000
vt 0.2685 0.8945 0.0000
vt 0.5160 0.8509 0.0000
vt 0.5392 0.8257 0.0000
vt 0.5013 0.8665 0.0000
vt 0.1966 0.3258 0.0000
vt 0.2177 0.3266 0.0000
vt 0.2429 0.3241 0.0000
vt 0.3428 0.3444 0.0000
vt 0.2895 0.3483 0.0000
vt 0.4170 0.3024 0.0000
vt 0.3925 0.2878 0.0000
vt 0.6833 0.4962 0.0000
vt 0.6862 0.5192 0.0000
vt 0.6797 0.4687 0.0000
vt 0.5194 0.3158 0.0000
vt 0.2881 0.4696 0.0000
vt 0.2840 0.4855 0.0000
vt 0.4484 0.9723 0.0000
vt 0.6590 0.7023 0.0000
vt 0.1770 0.8775 0.0000
vt 0.1816 0.8849 0.0000
vt 0.1932 0.8896 0.0000
vt 0.0846 0.7353 0.0000
vt 0.5937 0.1046 0.0000
vt 0.5639 0.1169 0.0000
vt 0.5652 0.1094 0.0000
vt 0.4522 0.3730 0.0000
vt 0.6287 0.1869 0.0000
vt 0.6337 0.1971 0.0000
vt 0.7672 0.3395 0.0000
vt 0.7333 0.3333 0.0000
vt 0.5589 0.3832 0.0000
vt 0.5482 0.3929 0.0000
vt 0.1763 0.9206 0.0000
vt 0.1831 0.9153 0.0000
vt 0.3505 0.2260 0.0000
vt 0.8170 0.4775 0.0000
vt 0.3091 0.0275 0.0000
vt 0.3776 0.1630 0.0000
vt 0.2620 0.9638 0.0000
vt 0.5584 0.6597 0.0000
vt 0.5715 0.6596 0.0000
vt 0.5610 0.6766 0.0000
vt 0.3635 0.9224 0.0000
vt 0.4742 0.3466 0.0000
vt 0.4302 0.0314 0.0000
vt 0.7665 0.4108 0.0000
vt 0.1464 0.8643 0.0000
vt 0.1454 0.8452 0.0000
vt 0.1141 0.8682 0.0000
vt 0.5502 0.2398 0.0000
vt 0.3029 0.5910 0.0000
vt 0.4110 0.1889 0.0000
vt 0.4186 0.1778 0.0000
vt 0.4070 0.1751 0.0000
vt 0.4268 0.1145 0.0000
vt 0.4333 0.1072 0.0000
vt 0.2818 0.6861 0.0000
vt 0.2877 0.7434 0.0000
vt 0.2782 0.7100 0.0000
vt 0.2533 0.7428 0.0000
vt 0.3173 0.9451 0.0000
vt 0.3214 0.9382 0.0000
vt 0.4695 0.3805 0.0000
vt 0.6327 0.6926 0.0000
vt 0.4337 0.1324 0.0000
vt 0.3705 0.9852 0.0000
vt 0.5536 0.4957 0.0000
vt 0.7897 0.3406 0.0000
vt 0.2670 0.5327 0.0000
vt 0.2574 0.5455 0.0000
vt 0.6481 0.1724 0.0000
vt 0.6004 0.1768 0.0000
vt 0.4731 0.8930 0.0000
vt 0.0250 0.2317 0.0000
vt 0.2902 0.1083 0.0000
vt 0.2815 0.1204 0.0000
vt 0.2611 0.1173 0.0000
vt 0.2774 0.1309 0.0000
vt 0.4639 0.2461 0.0000
vt 0.3366 0.5184 0.0000
vt 0.4808 0.3183 0.0000
vt 0.2978 0.9786 0.0000
vt 0.2580 0.8339 0.0000
vt 0.7665 0.4178 0.0000
vt 0.1191 0.8725 0.0000
vt 0.2357 0.1311 0.0000
vt 0.2200 0.1226 0.0000
vt 0.4097 0.5917 0.0000
vt 0.4068 0.6033 0.0000
vt 0.2691 0.2728 0.0000
vt 0.3006 0.2825 0.0000
vt 0.2178 0.9158 0.0000
vt 0.2159 0.9079 0.0000
vt 0.7833 0.7441 0.0000
vt 0.7665 0.7390 0.0000
vt 0.5180 0.1663 0.0000
vt 0.3754 0.1494 0.0000
vt 0.3252 0.5331 0.0000
vt 0.1568 0.8835 0.0000
vt 0.1300 0.8836 0.0000
vt 0.2215 0.0962 0.0000
vt 0.3777 0.9652 0.0000
vt 0.3921 0.9770 0.0000
vt 0.9277 0.4595 0.0000
vt 0.9351 0.5162 0.0000
vt 0.5009 0.0125 0.0000
vt 0.7182 0.0807 0.0000
vt 0.3468 0.9569 0.0000
vt 0.3036 0.4528 0.0000
vt 0.7547 0.7544 0.0000
vt 0.6605 0.3543 0.0000
vt 0.0458 0.2188 0.0000
vt 0.3899 0.1875 0.0000
vt 0.6905 0.1997 0.0000
vt 0.4940 0.9934 0.0000
vt 0.4780 0.9936 0.0000
vt 0.1143 0.2317 0.0000
vt 0.0984 0.2361 0.0000
vt 0.5720 0.3910 0.0000
vt 0.4630 0.9838 0.0000
vt 0.4541 0.9702 0.0000
vt 0.4388 0.9817 0.0000
vt 0.3591 0.9762 0.0000
vt 0.0287 0.2145 0.0000
vt 0.0438 0.2026 0.0000
vt 0.5144 0.6105 0.0000
vt 0.4850 0.6375 0.0000
vt 0.4468 0.1361 0.0000
vt 0.3878 0.3270 0.0000
vt 0.3459 0.5780 0.0000
vt 0.0328 0.4863 0.0000
vt 0.2521 0.9162 0.0000
vt 0.1593 0.8679 0.0000
vt 0.4763 0.5925 0.0000
vt 0.8916 0.4175 0.0000
vt 0.0740 0.1714 0.0000
vt 0.2806 0.9203 0.0000
# 972 texture coords

g van_gogh_fabric
usemtl 01___Defaultdsdddpfffd
s 1
f 487/564/484 488/565/485 489/566/486 
f 489/566/486 490/567/487 487/564/484 
f 491/568/488 492/569/489 493/570/490 
f 493/570/490 494/571/491 491/568/488 
f 495/572/492 496/573/493 497/574/494 
f 497/574/494 498/575/495 495/572/492 
f 499/576/496 500/577/497 501/578/498 
f 501/578/498 502/579/499 499/576/496 
f 503/580/500 504/581/501 505/582/502 
f 505/582/502 506/583/503 503/580/500 
f 507/584/504 508/585/505 509/586/506 
f 509/586/506 510/587/507 507/584/504 
f 511/588/508 512/589/509 513/590/510 
f 513/590/510 514/591/511 511/588/508 
f 515/592/512 516/593/513 517/594/514 
f 517/594/514 493/570/490 515/592/512 
f 518/595/515 519/596/516 520/597/517 
f 520/597/517 521/598/518 518/595/515 
f 522/599/519 523/600/520 497/574/494 
f 497/574/494 496/573/493 522/599/519 
f 523/600/520 522/599/519 524/601/521 
f 524/601/521 525/602/522 523/600/520 
f 526/603/523 527/604/524 528/605/525 
f 529/606/526 530/607/527 531/608/528 
f 532/609/529 533/610/530 534/611/531 
f 534/611/531 535/612/532 532/609/529 
f 536/613/533 537/614/534 538/615/535 
f 538/615/535 539/616/536 536/613/533 
f 540/617/537 541/618/538 542/619/539 
f 542/619/539 543/620/540 540/617/537 
f 544/621/541 545/622/542 546/623/543 
f 546/623/543 547/624/544 544/621/541 
f 548/625/545 549/626/546 550/627/547 
f 550/627/547 551/628/548 548/625/545 
f 552/629/549 553/630/550 554/631/551 
f 554/631/551 555/632/552 552/629/549 
f 556/633/553 557/634/554 558/635/555 
f 558/635/555 559/636/556 556/633/553 
f 537/614/534 536/613/533 560/637/557 
f 560/637/557 561/638/558 537/614/534 
f 562/639/559 563/640/560 564/641/561 
f 564/641/561 565/642/562 562/639/559 
f 566/643/563 567/644/564 568/645/565 
f 569/646/566 570/647/567 571/648/568 
f 571/648/568 572/649/569 569/646/566 
f 573/650/570 574/651/571 575/652/572 
f 575/652/572 576/653/573 573/650/570 
f 577/654/574 578/655/575 579/656/576 
f 579/656/576 580/657/577 577/654/574 
f 581/658/578 582/659/579 583/660/580 
f 563/640/560 562/639/559 584/661/581 
f 585/662/582 586/663/583 587/664/584 
f 587/664/584 588/665/585 585/662/582 
f 589/666/586 590/667/587 591/668/588 
f 591/668/588 592/669/589 589/666/586 
f 492/569/489 491/568/488 593/670/590 
f 593/670/590 594/671/591 492/569/489 
f 595/672/592 596/673/593 597/674/594 
f 597/674/594 598/675/595 595/672/592 
f 599/676/596 600/677/597 601/678/598 
f 601/678/598 602/679/599 599/676/596 
f 603/680/600 604/681/601 605/682/602 
f 605/682/602 606/683/603 603/680/600 
f 607/684/604 517/594/514 516/593/513 
f 516/593/513 608/685/605 607/684/604 
f 609/686/606 610/687/607 611/688/608 
f 612/689/609 613/690/610 614/691/611 
f 614/691/611 615/692/612 612/689/609 
f 616/693/613 617/694/614 505/582/502 
f 505/582/502 504/581/501 616/693/613 
f 618/695/615 619/696/616 620/697/617 
f 620/697/617 621/698/618 618/695/615 
f 563/640/560 584/661/581 622/699/619 
f 622/699/619 623/700/620 563/640/560 
f 624/701/621 625/702/622 497/574/494 
f 497/574/494 523/600/520 624/701/621 
f 626/703/623 627/704/624 628/705/625 
f 629/706/626 630/707/627 631/708/628 
f 631/708/628 632/709/629 629/706/626 
f 633/710/630 634/711/631 635/712/632 
f 635/712/632 636/713/633 633/710/630 
f 637/714/634 638/715/635 639/716/636 
f 639/716/636 640/717/637 637/714/634 
f 641/718/638 642/719/639 643/720/640 
f 643/720/640 644/721/641 641/718/638 
f 645/722/642 521/598/518 646/723/643 
f 646/723/643 647/724/644 645/722/642 
f 648/725/645 649/726/646 650/727/647 
f 650/727/647 651/728/648 648/725/645 
f 652/729/649 653/730/650 654/731/651 
f 654/731/651 655/732/652 652/729/649 
f 656/733/653 657/734/654 658/735/655 
f 658/735/655 659/736/656 656/733/653 
f 515/592/512 660/737/657 661/738/658 
f 661/738/658 516/593/513 515/592/512 
f 662/739/659 663/740/660 664/741/661 
f 664/741/661 665/742/662 662/739/659 
f 666/743/663 667/744/664 668/745/665 
f 668/745/665 669/746/666 666/743/663 
f 670/747/667 671/748/668 525/602/522 
f 525/602/522 672/749/669 670/747/667 
f 673/750/670 674/751/671 675/752/672 
f 675/752/672 676/753/673 673/750/670 
f 677/754/674 678/755/675 679/756/676 
f 679/756/676 680/757/677 677/754/674 
f 571/648/568 679/756/676 678/755/675 
f 678/755/675 681/758/678 571/648/568 
f 682/759/679 683/760/680 684/761/681 
f 684/761/681 685/762/682 682/759/679 
f 686/763/683 638/715/635 687/764/684 
f 687/764/684 688/765/685 686/763/683 
f 689/766/686 690/767/687 691/768/688 
f 691/768/688 692/769/689 689/766/686 
f 693/770/690 694/771/691 695/772/692 
f 695/772/692 696/773/693 693/770/690 
f 697/774/694 698/775/695 699/776/696 
f 699/776/696 511/588/508 697/774/694 
f 700/777/697 608/685/605 516/593/513 
f 516/593/513 701/778/698 700/777/697 
f 702/779/699 703/780/700 704/781/701 
f 704/781/701 705/782/702 702/779/699 
f 706/783/703 707/784/704 708/785/705 
f 708/785/705 631/708/628 706/783/703 
f 709/786/706 710/787/707 711/788/708 
f 711/788/708 712/789/709 709/786/706 
f 713/790/710 714/791/711 715/792/712 
f 715/792/712 716/793/713 713/790/710 
f 532/609/529 717/794/714 718/795/715 
f 718/795/715 533/610/530 532/609/529 
f 719/796/716 720/797/717 721/798/718 
f 721/798/718 722/799/719 719/796/716 
f 723/800/720 724/801/721 725/802/722 
f 725/802/722 726/803/723 723/800/720 
f 665/742/662 727/804/724 728/805/725 
f 728/805/725 662/739/659 665/742/662 
f 729/806/726 730/807/727 731/808/728 
f 731/808/728 732/809/729 729/806/726 
f 733/810/730 734/811/731 735/812/732 
f 735/812/732 736/813/733 733/810/730 
f 737/814/734 738/815/735 739/816/736 
f 739/816/736 740/817/737 737/814/734 
f 741/818/738 742/819/739 743/820/740 
f 743/820/740 744/821/741 741/818/738 
f 745/822/742 746/823/743 747/824/744 
f 747/824/744 748/825/745 745/822/742 
f 611/688/608 748/825/745 747/824/744 
f 747/824/744 609/686/606 611/688/608 
f 749/826/746 750/827/747 751/828/748 
f 751/828/748 752/829/749 749/826/746 
f 753/830/750 754/831/751 755/832/752 
f 756/833/753 535/612/532 534/611/531 
f 534/611/531 757/834/754 756/833/753 
f 758/835/755 759/836/756 613/690/610 
f 613/690/610 612/689/609 758/835/755 
f 703/780/700 760/837/757 761/838/758 
f 761/838/758 704/781/701 703/780/700 
f 681/758/678 678/755/675 762/839/759 
f 763/840/760 764/841/761 680/757/677 
f 680/757/677 679/756/676 763/840/760 
f 765/842/762 766/843/763 767/844/764 
f 767/844/764 768/845/765 765/842/762 
f 769/846/766 770/847/767 771/848/768 
f 771/848/768 772/849/769 769/846/766 
f 773/850/770 774/851/771 775/852/772 
f 776/853/773 526/603/523 528/605/525 
f 528/605/525 777/854/774 776/853/773 
f 675/752/672 527/604/524 676/753/673 
f 778/855/775 779/856/776 780/857/777 
f 780/857/777 781/858/778 778/855/775 
f 782/859/779 783/860/780 784/861/781 
f 785/862/782 529/606/526 786/863/783 
f 786/863/783 787/864/784 785/862/782 
f 788/865/785 789/866/786 790/867/787 
f 790/867/787 693/770/690 788/865/785 
f 791/868/788 559/636/556 558/635/555 
f 558/635/555 792/869/789 791/868/788 
f 793/870/790 794/871/791 795/872/792 
f 796/873/793 797/874/794 798/875/795 
f 799/876/796 800/877/797 801/878/798 
f 801/878/798 802/879/799 799/876/796 
f 803/880/800 804/881/801 805/882/802 
f 806/883/803 807/884/804 808/885/805 
f 808/885/805 809/886/806 806/883/803 
f 810/887/807 811/888/808 812/889/809 
f 812/889/809 813/890/810 810/887/807 
f 814/891/811 815/892/812 816/893/813 
f 816/893/813 817/894/814 814/891/811 
f 818/895/815 819/896/816 820/897/817 
f 820/897/817 821/898/818 818/895/815 
f 822/899/819 823/900/820 824/901/821 
f 824/901/821 825/902/822 822/899/819 
f 826/903/823 827/904/824 828/905/825 
f 828/905/825 564/641/561 826/903/823 
f 829/906/826 830/907/827 831/908/828 
f 831/908/828 832/909/829 829/906/826 
f 833/910/830 718/795/715 717/794/714 
f 717/794/714 834/911/831 833/910/830 
f 835/912/832 836/913/833 837/914/834 
f 837/914/834 838/915/835 835/912/832 
f 839/916/836 840/917/837 841/918/838 
f 842/919/839 843/920/840 844/921/841 
f 844/921/841 845/922/842 842/919/839 
f 693/770/690 696/773/693 846/923/843 
f 847/924/844 848/925/845 849/926/846 
f 849/926/846 850/927/847 847/924/844 
f 851/928/848 852/929/849 853/930/850 
f 853/930/850 854/931/851 851/928/848 
f 855/932/852 856/933/853 625/702/622 
f 625/702/622 857/934/854 855/932/852 
f 858/935/855 859/936/856 860/937/857 
f 860/937/857 861/938/858 858/935/855 
f 862/939/859 863/940/860 864/941/861 
f 864/941/861 865/942/862 862/939/859 
f 866/943/863 867/944/864 868/945/865 
f 868/945/865 869/946/866 866/943/863 
f 870/947/867 774/851/771 773/850/770 
f 773/850/770 871/948/868 870/947/867 
f 872/949/869 610/687/607 609/686/606 
f 609/686/606 873/950/870 872/949/869 
f 874/951/871 707/784/704 706/783/703 
f 706/783/703 875/952/872 874/951/871 
f 876/953/873 877/954/874 878/955/875 
f 879/956/876 880/957/877 881/958/878 
f 881/958/878 882/959/879 879/956/876 
f 520/597/517 883/960/880 884/961/881 
f 884/961/881 646/723/643 520/597/517 
f 885/962/882 886/963/883 714/791/711 
f 714/791/711 713/790/710 885/962/882 
f 638/715/635 637/714/634 887/964/884 
f 887/964/884 888/965/885 638/715/635 
f 784/861/781 844/921/841 843/920/840 
f 843/920/840 588/665/585 784/861/781 
f 889/966/886 890/967/887 891/968/888 
f 891/968/888 892/969/889 889/966/886 
f 846/923/843 696/773/693 893/970/890 
f 893/970/890 894/971/891 846/923/843 
f 722/799/719 895/972/892 896/973/893 
f 896/973/893 719/796/716 722/799/719 
f 897/974/894 898/975/895 899/976/896 
f 900/977/897 901/978/898 902/979/899 
f 903/980/900 904/981/901 670/747/667 
f 670/747/667 905/982/902 903/980/900 
f 906/983/903 495/572/492 498/575/495 
f 498/575/495 907/984/904 906/983/903 
f 630/707/627 629/706/626 908/985/905 
f 908/985/905 909/986/906 630/707/627 
f 805/882/802 804/881/801 594/671/591 
f 594/671/591 593/670/590 805/882/802 
f 910/987/907 911/988/908 912/989/909 
f 912/989/909 675/752/672 910/987/907 
f 913/990/910 773/850/770 775/852/772 
f 775/852/772 914/991/911 913/990/910 
f 915/992/912 916/993/913 917/994/914 
f 917/994/914 918/995/915 915/992/912 
f 549/626/546 548/625/545 919/996/916 
f 919/996/916 920/997/917 549/626/546 
f 921/998/918 922/999/919 923/1000/920 
f 923/1000/920 924/1001/921 921/998/918 
f 925/1002/922 926/1003/923 927/1004/924 
f 731/808/728 730/807/727 928/1005/925 
f 929/1006/926 930/1007/927 754/831/751 
f 754/831/751 753/830/750 929/1006/926 
f 931/1008/928 932/1009/929 933/1010/930 
f 933/1010/930 834/911/831 931/1008/928 
f 934/1011/931 589/666/586 592/669/589 
f 592/669/589 935/1012/932 934/1011/931 
f 935/1012/932 626/703/623 628/705/625 
f 628/705/625 936/1013/933 935/1012/932 
f 770/847/767 769/846/766 659/736/656 
f 659/736/656 658/735/655 770/847/767 
f 937/1014/934 896/973/893 655/732/652 
f 655/732/652 654/731/651 937/1014/934 
f 938/1015/935 939/1016/936 618/695/615 
f 618/695/615 940/1017/937 938/1015/935 
f 756/833/753 757/834/754 566/643/563 
f 566/643/563 568/645/565 756/833/753 
f 941/1018/938 578/655/575 942/1019/939 
f 942/1019/939 577/654/574 941/1018/938 
f 651/728/648 650/727/647 943/1020/940 
f 943/1020/940 944/1021/941 651/728/648 
f 551/628/548 945/1022/942 685/762/682 
f 685/762/682 684/761/681 551/628/548 
f 946/1023/943 947/1024/944 948/1025/945 
f 948/1025/945 949/1026/946 946/1023/943 
f 950/1027/947 951/1028/948 952/1029/949 
f 952/1029/949 953/1030/950 950/1027/947 
f 954/1031/951 955/1032/952 956/1033/953 
f 956/1033/953 957/1034/954 954/1031/951 
f 807/884/804 958/1035/955 959/1036/956 
f 959/1036/956 808/885/805 807/884/804 
f 960/1037/957 664/741/661 663/740/660 
f 663/740/660 961/1038/958 960/1037/957 
f 962/1039/959 963/1040/960 964/1041/961 
f 965/1042/962 966/1043/963 967/1044/964 
f 967/1044/964 968/1045/965 965/1042/962 
f 969/1046/966 970/1047/967 971/1048/968 
f 971/1048/968 972/1049/969 969/1046/966 
f 743/820/740 742/819/739 973/1050/970 
f 973/1050/970 974/1051/971 743/820/740 
f 975/1052/972 976/1053/973 977/1054/974 
f 978/1055/975 979/1056/976 980/1057/977 
f 980/1057/977 981/1058/978 978/1055/975 
f 766/843/763 765/842/762 982/1059/979 
f 982/1059/979 983/1060/980 766/843/763 
f 804/881/801 803/880/800 984/1061/981 
f 984/1061/981 985/1062/982 804/881/801 
f 986/1063/983 520/597/517 519/596/516 
f 519/596/516 984/1061/981 986/1063/983 
f 882/959/879 987/1064/984 670/747/667 
f 670/747/667 672/749/669 882/959/879 
f 988/1065/985 778/855/775 781/858/778 
f 989/1066/986 555/632/552 990/1067/987 
f 990/1067/987 991/1068/988 989/1066/986 
f 621/698/618 791/868/788 792/869/789 
f 792/869/789 618/695/615 621/698/618 
f 992/1069/989 993/1070/990 994/1071/991 
f 994/1071/991 674/751/671 992/1069/989 
f 995/1072/992 996/1073/993 997/1074/994 
f 997/1074/994 998/1075/995 995/1072/992 
f 985/1062/982 999/1076/996 804/881/801 
f 701/778/698 1000/1077/997 1001/1078/998 
f 1001/1078/998 1002/1079/999 701/778/698 
f 653/730/650 652/729/649 1003/1080/1000 
f 693/770/690 1004/1081/1001 1005/1082/1002 
f 1005/1082/1002 788/865/785 693/770/690 
f 1006/1083/1003 1007/1084/1004 1008/1085/1005 
f 1008/1085/1005 1009/1086/1006 1006/1083/1003 
f 611/688/608 610/687/607 854/931/851 
f 854/931/851 1010/1087/1007 611/688/608 
f 707/784/704 874/951/871 1011/1088/1008 
f 1011/1088/1008 1012/1089/1009 707/784/704 
f 1013/1090/1010 1014/1091/1011 534/611/531 
f 534/611/531 533/610/530 1013/1090/1010 
f 865/942/862 1015/1092/1012 898/975/895 
f 898/975/895 862/939/859 865/942/862 
f 1016/1093/1013 1017/1094/1014 1018/1095/1015 
f 1001/1078/998 1019/1096/1016 1020/1097/1017 
f 1020/1097/1017 1021/1098/1018 1001/1078/998 
f 1022/1099/1019 704/781/701 1023/1100/1020 
f 1023/1100/1020 1021/1098/1018 1022/1099/1019 
f 1024/1101/1021 935/1012/932 592/669/589 
f 592/669/589 1025/1102/1022 1024/1101/1021 
f 1024/1101/1021 1025/1102/1022 1026/1103/1023 
f 1026/1103/1023 761/838/758 1024/1101/1021 
f 487/564/484 1027/1104/1024 1028/1105/1025 
f 1028/1105/1025 488/565/485 487/564/484 
f 1029/1106/1026 565/642/562 564/641/561 
f 564/641/561 828/905/825 1029/1106/1026 
f 1030/1107/1027 1031/1108/1028 1032/1109/1029 
f 1032/1109/1029 1033/1110/1030 1030/1107/1027 
f 1034/1111/1031 1035/1112/1032 1036/1113/1033 
f 1036/1113/1033 1037/1114/1034 1034/1111/1031 
f 527/604/524 1038/1115/1035 1039/1116/1036 
f 1039/1116/1036 528/605/525 527/604/524 
f 1040/1117/1037 1041/1118/1038 1042/1119/1039 
f 1042/1119/1039 1043/1120/1040 1040/1117/1037 
f 1044/1121/1041 1045/1122/1042 775/852/772 
f 775/852/772 774/851/771 1044/1121/1041 
f 1046/1123/1043 1047/1124/1044 853/930/850 
f 853/930/850 852/929/849 1046/1123/1043 
f 748/825/745 1048/1125/1045 923/1000/920 
f 923/1000/920 922/999/919 748/825/745 
f 963/1040/960 1049/1126/1046 1050/1127/1047 
f 1050/1127/1047 964/1041/961 963/1040/960 
f 597/674/594 513/590/510 512/589/509 
f 512/589/509 1051/1128/1048 597/674/594 
f 772/849/769 771/848/768 1052/1129/1049 
f 1053/1130/1050 1054/1131/1051 543/620/540 
f 1055/1132/1052 1056/1133/1053 1057/1134/1054 
f 1057/1134/1054 876/953/873 1055/1132/1052 
f 752/829/749 1058/1135/1055 1059/1136/1056 
f 1059/1136/1056 749/826/746 752/829/749 
f 582/659/579 1060/1137/1057 1061/1138/1058 
f 1061/1138/1058 583/660/580 582/659/579 
f 1062/1139/1059 1063/1140/1060 1064/1141/1061 
f 1064/1141/1061 1065/1142/1062 1062/1139/1059 
f 1066/1143/1063 1067/1144/1064 1068/1145/1065 
f 1068/1145/1065 1069/1146/1066 1066/1143/1063 
f 1070/1147/1067 880/957/877 992/1069/989 
f 992/1069/989 1071/1148/1068 1070/1147/1067 
f 1072/1149/1069 939/1016/936 1073/1150/1070 
f 1073/1150/1070 1074/1151/1071 1072/1149/1069 
f 1075/1152/1072 1076/1153/1073 1077/1154/1074 
f 1077/1154/1074 1078/1155/1075 1075/1152/1072 
f 1079/1156/1076 1080/1157/1077 1081/1158/1078 
f 1081/1158/1078 1082/1159/1079 1079/1156/1076 
f 1083/1160/1080 814/891/811 1082/1159/1079 
f 1082/1159/1079 1084/1161/1081 1083/1160/1080 
f 1085/1162/1082 1086/1163/1083 1087/1164/1084 
f 1087/1164/1084 1088/1165/1085 1085/1162/1082 
f 678/755/675 1089/1166/1086 625/702/622 
f 625/702/622 1090/1167/1087 678/755/675 
f 980/1057/977 979/1056/976 1091/1168/1088 
f 1091/1168/1088 1092/1169/1089 980/1057/977 
f 979/1056/976 1093/1170/1090 1094/1171/1091 
f 1094/1171/1091 1091/1168/1088 979/1056/976 
f 1095/1172/1092 1096/1173/1093 958/1035/955 
f 958/1035/955 807/884/804 1095/1172/1092 
f 1097/1174/1094 1098/1175/1095 1099/1176/1096 
f 1099/1176/1096 1100/1177/1097 1097/1174/1094 
f 587/664/584 586/663/583 1101/1178/1098 
f 746/823/743 745/822/742 1102/1179/1099 
f 1102/1179/1099 1103/1180/1100 746/823/743 
f 1104/1181/1101 508/585/505 507/584/504 
f 507/584/504 1105/1182/1102 1104/1181/1101 
f 954/1031/951 957/1034/954 1106/1183/1103 
f 1106/1183/1103 884/961/881 954/1031/951 
f 1107/1184/1104 1108/1185/1105 1109/1186/1106 
f 1109/1186/1106 1110/1187/1107 1107/1184/1104 
f 1111/1188/1108 1112/1189/1109 887/964/884 
f 887/964/884 1113/1190/1110 1111/1188/1108 
f 736/813/733 1114/1191/1111 1063/1140/1060 
f 1063/1140/1060 733/810/730 736/813/733 
f 775/852/772 1045/1122/1042 1115/1192/1112 
f 1115/1192/1112 914/991/911 775/852/772 
f 1036/1113/1033 1116/1193/1113 1117/1194/1114 
f 1117/1194/1114 1012/1089/1009 1036/1113/1033 
f 1118/1195/1115 1119/1196/1116 756/833/753 
f 756/833/753 1120/1197/1117 1118/1195/1115 
f 532/609/529 931/1008/928 834/911/831 
f 834/911/831 717/794/714 532/609/529 
f 1121/1198/1118 1122/1199/1119 1123/1200/1120 
f 1123/1200/1120 1124/1201/1121 1121/1198/1118 
f 1125/1202/1122 1126/1203/1123 1124/1201/1121 
f 1124/1201/1121 1123/1200/1120 1125/1202/1122 
f 1127/1204/1124 635/712/632 1128/1205/1125 
f 1128/1205/1125 973/1050/970 1127/1204/1124 
f 698/775/695 697/774/694 1129/1206/1126 
f 1130/1207/1127 1131/1208/1128 1129/1206/1126 
f 734/811/731 733/810/730 889/966/886 
f 889/966/886 892/969/889 734/811/731 
f 840/917/837 1132/1209/1129 1133/1210/1130 
f 1133/1210/1130 841/918/838 840/917/837 
f 1134/1211/1131 801/878/798 1135/1212/1132 
f 1135/1212/1132 1136/1213/1133 1134/1211/1131 
f 986/1063/983 984/1061/981 1137/1214/1134 
f 1137/1214/1134 1134/1211/1131 986/1063/983 
f 1138/1215/1135 948/1025/945 947/1024/944 
f 947/1024/944 623/700/620 1138/1215/1135 
f 623/700/620 622/699/619 1139/1216/1136 
f 1139/1216/1136 1138/1215/1135 623/700/620 
f 1140/1217/1137 1141/1218/1138 991/1068/988 
f 848/925/845 1141/1218/1138 1140/1217/1137 
f 1140/1217/1137 849/926/846 848/925/845 
f 1142/1219/1139 1143/1220/1140 1144/1221/1141 
f 1144/1221/1141 530/607/527 1142/1219/1139 
f 1142/1219/1139 530/607/527 529/606/526 
f 529/606/526 785/862/782 1142/1219/1139 
f 1145/1222/1142 1087/1164/1084 1086/1163/1083 
f 1086/1163/1083 1146/1223/1143 1145/1222/1142 
f 1147/1224/1144 1146/1223/1143 1148/1225/1145 
f 1148/1225/1145 1149/1226/1146 1147/1224/1144 
f 1150/1227/1147 1151/1228/1148 829/906/826 
f 829/906/826 1152/1229/1149 1150/1227/1147 
f 1153/1230/1150 579/656/576 1154/1231/1151 
f 1154/1231/1151 1151/1228/1148 1153/1230/1150 
f 750/827/747 1155/1232/1152 850/927/847 
f 850/927/847 1156/1233/1153 750/827/747 
f 1157/1234/1154 859/936/856 1158/1235/1155 
f 1159/1236/1156 904/981/901 903/980/900 
f 903/980/900 1160/1237/1157 1159/1236/1156 
f 527/604/524 1161/1238/1158 1162/1239/1159 
f 1162/1239/1159 1038/1115/1035 527/604/524 
f 1163/1240/1160 1164/1241/1161 1161/1238/1158 
f 1161/1238/1158 1165/1242/1162 1163/1240/1160 
f 1166/1243/1163 1167/1244/1164 518/595/515 
f 518/595/515 1168/1245/1165 1166/1243/1163 
f 521/598/518 645/722/642 1168/1245/1165 
f 1168/1245/1165 518/595/515 521/598/518 
f 596/673/593 513/590/510 597/674/594 
f 1040/1117/1037 1169/1246/1166 1170/1247/1167 
f 1170/1247/1167 1041/1118/1038 1040/1117/1037 
f 1171/1248/1168 1172/1249/1169 1173/1250/1170 
f 1173/1250/1170 1174/1251/1171 1171/1248/1168 
f 644/721/641 783/860/780 1175/1252/1172 
f 1175/1252/1172 641/718/638 644/721/641 
f 643/720/640 1176/1253/1173 683/760/680 
f 683/760/680 1177/1254/1174 643/720/640 
f 839/916/836 841/918/838 1178/1255/1175 
f 1178/1255/1175 1179/1256/1176 839/916/836 
f 968/1045/965 967/1044/964 1180/1257/1177 
f 1180/1257/1177 1181/1258/1178 968/1045/965 
f 606/683/603 574/651/571 573/650/570 
f 573/650/570 603/680/600 606/683/603 
f 1182/1259/1179 1183/1260/1180 1184/1261/1181 
f 1184/1261/1181 1185/1262/1182 1182/1259/1179 
f 571/648/568 1185/1262/1182 1184/1261/1181 
f 513/590/510 596/673/593 602/679/599 
f 602/679/599 1186/1263/1183 513/590/510 
f 1187/1264/1184 1188/1265/1185 1189/1266/1186 
f 1189/1266/1186 622/699/619 1187/1264/1184 
f 639/716/636 638/715/635 686/763/683 
f 686/763/683 1190/1267/1187 639/716/636 
f 1191/1268/1188 909/986/906 908/985/905 
f 908/985/905 1192/1269/1189 1191/1268/1188 
f 1193/1270/1190 760/837/757 1194/1271/1191 
f 1194/1271/1191 1195/1272/1192 1193/1270/1190 
f 1196/1273/1193 1197/1274/1194 1198/1275/1195 
f 1198/1275/1195 858/935/855 1196/1273/1193 
f 1199/1276/1196 539/616/536 1200/1277/1197 
f 1200/1277/1197 1201/1278/1198 1199/1276/1196 
f 1202/1279/1199 716/793/713 715/792/712 
f 715/792/712 1203/1280/1200 1202/1279/1199 
f 1204/1281/1201 1205/1282/1202 1206/1283/1203 
f 1206/1283/1203 1207/1284/1204 1204/1281/1201 
f 1100/1177/1097 1208/1285/1205 1209/1286/1206 
f 1210/1287/1207 659/736/656 769/846/766 
f 769/846/766 1211/1288/1208 1210/1287/1207 
f 1212/1289/1209 1213/1290/1210 550/627/547 
f 550/627/547 549/626/546 1212/1289/1209 
f 645/722/642 647/724/644 1214/1291/1211 
f 1043/1120/1040 632/709/629 1215/1292/1212 
f 1215/1292/1212 1040/1117/1037 1043/1120/1040 
f 1216/1293/1213 1217/1294/1214 1218/1295/1215 
f 1218/1295/1215 908/985/905 1216/1293/1213 
f 1219/1296/1216 1220/1297/1217 1207/1284/1204 
f 1207/1284/1204 1206/1283/1203 1219/1296/1216 
f 1221/1298/1218 998/1075/995 997/1074/994 
f 1222/1299/1219 998/1075/995 1221/1298/1218 
f 1221/1298/1218 1223/1300/1220 1222/1299/1219 
f 956/1033/953 955/1032/952 1224/1301/1221 
f 1225/1302/1222 1226/1303/1223 847/924/844 
f 847/924/844 1227/1304/1224 1225/1302/1222 
f 1017/1094/1014 1016/1093/1013 1228/1305/1225 
f 1228/1305/1225 546/623/543 1017/1094/1014 
f 1229/1306/1226 577/654/574 613/690/610 
f 613/690/610 759/836/756 1229/1306/1226 
f 1230/1307/1227 1231/1308/1228 1232/1309/1229 
f 1232/1309/1229 1229/1306/1226 1230/1307/1227 
f 780/857/777 1233/1310/1230 1234/1311/1231 
f 1234/1311/1231 781/858/778 780/857/777 
f 1235/1312/1232 1236/1313/1233 681/758/678 
f 681/758/678 762/839/759 1235/1312/1232 
f 524/601/521 522/599/519 1057/1134/1054 
f 1057/1134/1054 1056/1133/1053 524/601/521 
f 668/745/665 667/744/664 1136/1213/1133 
f 1136/1213/1133 1135/1212/1132 668/745/665 
f 883/960/880 1237/1314/1234 1188/1265/1185 
f 1188/1265/1185 884/961/881 883/960/880 
f 715/792/712 1238/1315/1235 1239/1316/1236 
f 1239/1316/1236 798/875/795 715/792/712 
f 887/964/884 637/714/634 1113/1190/1110 
f 1240/1317/1237 1241/1318/1238 1242/1319/1239 
f 1242/1319/1239 875/952/872 1240/1317/1237 
f 1011/1088/1008 1242/1319/1239 1243/1320/1240 
f 1243/1320/1240 1244/1321/1241 1011/1088/1008 
f 1075/1152/1072 534/611/531 1014/1091/1011 
f 1014/1091/1011 1076/1153/1073 1075/1152/1072 
f 1245/1322/1242 757/834/754 1074/1151/1071 
f 1074/1151/1071 1073/1150/1070 1245/1322/1242 
f 991/1068/988 1141/1218/1138 1246/1323/1243 
f 1246/1323/1243 989/1066/986 991/1068/988 
f 1246/1323/1243 555/632/552 989/1066/986 
f 895/972/892 832/909/829 1247/1324/1244 
f 1247/1324/1244 896/973/893 895/972/892 
f 1248/1325/1245 1068/1145/1065 1067/1144/1064 
f 1067/1144/1064 905/982/902 1248/1325/1245 
f 905/982/902 1249/1326/1246 1250/1327/1247 
f 1250/1327/1247 903/980/900 905/982/902 
f 1251/1328/1248 821/898/818 1252/1329/1249 
f 1252/1329/1249 1253/1330/1250 1251/1328/1248 
f 695/772/692 1254/1331/1251 821/898/818 
f 821/898/818 1251/1328/1248 695/772/692 
f 668/745/665 1255/1332/1252 1256/1333/1253 
f 1256/1333/1253 1257/1334/1254 668/745/665 
f 1166/1243/1163 1258/1335/1255 1167/1244/1164 
f 491/568/488 1259/1336/1256 1260/1337/1257 
f 1260/1337/1257 1261/1338/1258 491/568/488 
f 1262/1339/1259 1263/1340/1260 1264/1341/1261 
f 1264/1341/1261 1265/1342/1262 1262/1339/1259 
f 824/901/821 823/900/820 1266/1343/1263 
f 1266/1343/1263 1267/1344/1264 824/901/821 
f 978/1055/975 1256/1333/1253 1255/1332/1252 
f 1255/1332/1252 979/1056/976 978/1055/975 
f 1268/1345/1265 721/798/718 720/797/717 
f 720/797/717 1269/1346/1266 1268/1345/1265 
f 654/731/651 1270/1347/1267 1269/1346/1266 
f 1269/1346/1266 720/797/717 654/731/651 
f 1271/1348/1268 1272/1349/1269 786/863/783 
f 786/863/783 529/606/526 1271/1348/1268 
f 699/776/696 1273/1350/1270 1274/1351/1271 
f 1274/1351/1271 1272/1349/1269 699/776/696 
f 1275/1352/1272 1276/1353/1273 561/638/558 
f 561/638/558 1183/1260/1180 1275/1352/1272 
f 1029/1106/1026 1184/1261/1181 1183/1260/1180 
f 1183/1260/1180 561/638/558 1029/1106/1026 
f 1277/1354/1274 1278/1355/1275 1252/1329/1249 
f 1252/1329/1249 821/898/818 1277/1354/1274 
f 1053/1130/1050 543/620/540 893/970/890 
f 893/970/890 1253/1330/1250 1053/1130/1050 
f 1279/1356/1276 997/1074/994 996/1073/993 
f 996/1073/993 910/987/907 1279/1356/1276 
f 911/988/908 910/987/907 996/1073/993 
f 996/1073/993 1280/1357/1277 911/988/908 
f 1281/1358/1278 1282/1359/1279 1231/1308/1228 
f 1231/1308/1228 1230/1307/1227 1281/1358/1278 
f 1283/1360/1280 650/727/647 649/726/646 
f 1089/1166/1086 678/755/675 677/754/674 
f 677/754/674 952/1029/949 1089/1166/1086 
f 1284/1361/1281 1285/1362/1282 1286/1363/1283 
f 1286/1363/1283 1089/1166/1086 1284/1361/1281 
f 1287/1364/1284 1288/1365/1285 1289/1366/1286 
f 1289/1366/1286 1290/1367/1287 1287/1364/1284 
f 898/975/895 897/974/894 1290/1367/1287 
f 1290/1367/1287 1289/1366/1286 898/975/895 
f 1179/1256/1176 1291/1368/1288 687/764/684 
f 687/764/684 1292/1369/1289 1179/1256/1176 
f 930/1007/927 510/587/507 1118/1195/1115 
f 1118/1195/1115 754/831/751 930/1007/927 
f 524/601/521 1223/1300/1220 672/749/669 
f 672/749/669 525/602/522 524/601/521 
f 1244/1321/1241 1243/1320/1240 1293/1370/1290 
f 1293/1370/1290 1294/1371/1291 1244/1321/1241 
f 1295/1372/1292 1271/1348/1268 1296/1373/1293 
f 529/606/526 531/608/528 1296/1373/1293 
f 1296/1373/1293 1271/1348/1268 529/606/526 
f 1297/1374/1294 1036/1113/1033 1012/1089/1009 
f 1012/1089/1009 1011/1088/1008 1297/1374/1294 
f 1039/1116/1036 1298/1375/1295 1035/1112/1032 
f 1035/1112/1032 1034/1111/1031 1039/1116/1036 
f 1299/1376/1296 1164/1241/1161 1163/1240/1160 
f 1254/1331/1251 695/772/692 694/771/691 
f 694/771/691 1300/1377/1297 1254/1331/1251 
f 1301/1378/1298 1274/1351/1271 1273/1350/1270 
f 1273/1350/1270 1300/1377/1297 1301/1378/1298 
f 1143/1220/1140 1302/1379/1299 553/630/550 
f 553/630/550 1270/1347/1267 1143/1220/1140 
f 1303/1380/1300 1143/1220/1140 1142/1219/1139 
f 1142/1219/1139 788/865/785 1303/1380/1300 
f 980/1057/977 1092/1169/1089 1304/1381/1301 
f 1304/1381/1301 1305/1382/1302 980/1057/977 
f 502/579/499 906/983/903 907/984/904 
f 907/984/904 499/576/496 502/579/499 
f 1306/1383/1303 628/705/625 627/704/624 
f 627/704/624 908/985/905 1306/1383/1303 
f 674/751/671 673/750/670 1071/1148/1068 
f 1071/1148/1068 992/1069/989 674/751/671 
f 1070/1147/1067 1307/1384/1304 1069/1146/1066 
f 1069/1146/1066 1068/1145/1065 1070/1147/1067 
f 1181/1258/1178 701/778/698 1308/1385/1305 
f 1308/1385/1305 661/738/658 1181/1258/1178 
f 657/734/654 656/733/653 575/652/572 
f 575/652/572 574/651/571 657/734/654 
f 944/1021/941 943/1020/940 576/653/573 
f 576/653/573 575/652/572 944/1021/941 
f 977/1054/974 976/1053/973 1128/1205/1125 
f 1128/1205/1125 1309/1386/1306 977/1054/974 
f 1128/1205/1125 635/712/632 634/711/631 
f 634/711/631 1309/1386/1306 1128/1205/1125 
f 850/927/847 849/926/846 1004/1081/1001 
f 1004/1081/1001 1310/1387/1307 850/927/847 
f 634/711/631 633/710/630 1311/1388/1308 
f 1311/1388/1308 1309/1386/1306 634/711/631 
f 1312/1389/1309 1096/1173/1093 1095/1172/1092 
f 1095/1172/1092 1313/1390/1310 1312/1389/1309 
f 845/922/842 1314/1391/1311 1315/1392/1312 
f 1315/1392/1312 842/919/839 845/922/842 
f 1316/1393/1313 890/967/887 1061/1138/1058 
f 1061/1138/1058 1060/1137/1057 1316/1393/1313 
f 890/967/887 1316/1393/1313 585/662/582 
f 585/662/582 891/968/888 890/967/887 
f 551/628/548 1317/1394/1314 1318/1395/1315 
f 1318/1395/1315 548/625/545 551/628/548 
f 1225/1302/1222 1059/1136/1056 1058/1135/1055 
f 1058/1135/1055 546/623/543 1225/1302/1222 
f 805/882/802 1265/1342/1262 802/879/799 
f 802/879/799 803/880/800 805/882/802 
f 1265/1342/1262 593/670/590 1261/1338/1258 
f 1261/1338/1258 1262/1339/1259 1265/1342/1262 
f 599/676/596 1130/1207/1127 1129/1206/1126 
f 1129/1206/1126 600/677/597 599/676/596 
f 955/1032/952 686/763/683 1319/1396/1316 
f 1319/1396/1316 1320/1397/1317 955/1032/952 
f 1321/1398/1318 1319/1396/1316 686/763/683 
f 686/763/683 688/765/685 1321/1398/1318 
f 562/639/559 1322/1399/1319 793/870/790 
f 793/870/790 584/661/581 562/639/559 
f 1322/1399/1319 1323/1400/1320 560/637/557 
f 560/637/557 1324/1401/1321 1322/1399/1319 
f 1325/1402/1322 771/848/768 770/847/767 
f 770/847/767 1326/1403/1323 1325/1402/1322 
f 658/735/655 657/734/654 1327/1404/1324 
f 1327/1404/1324 770/847/767 658/735/655 
f 605/682/602 1328/1405/1325 1019/1096/1016 
f 1019/1096/1016 606/683/603 605/682/602 
f 1180/1257/1177 967/1044/964 1329/1406/1326 
f 1329/1406/1326 1019/1096/1016 1180/1257/1177 
f 1150/1227/1147 833/910/830 834/911/831 
f 834/911/831 933/1010/930 1150/1227/1147 
f 1195/1272/1192 1330/1407/1327 1229/1306/1226 
f 1229/1306/1226 759/836/756 1195/1272/1192 
f 1281/1358/1278 1330/1407/1327 604/681/601 
f 604/681/601 1331/1408/1328 1281/1358/1278 
f 624/701/621 1332/1409/1329 1333/1410/1330 
f 1333/1410/1330 1090/1167/1087 624/701/621 
f 523/600/520 525/602/522 1334/1411/1331 
f 1334/1411/1331 624/701/621 523/600/520 
f 875/952/872 706/783/703 1240/1317/1237 
f 615/692/612 630/707/627 1335/1412/1332 
f 1335/1412/1332 612/689/609 615/692/612 
f 934/1011/931 860/937/857 859/936/856 
f 859/936/856 1157/1234/1154 934/1011/931 
f 782/859/779 784/861/781 588/665/585 
f 588/665/585 587/664/584 782/859/779 
f 1002/1079/999 1025/1102/1022 608/685/605 
f 608/685/605 700/777/697 1002/1079/999 
f 1336/1413/1333 591/668/588 590/667/587 
f 590/667/587 1337/1414/1334 1336/1413/1333 
f 1065/1142/1062 1338/1415/1335 729/806/726 
f 729/806/726 1062/1139/1059 1065/1142/1062 
f 1112/1189/1109 1111/1188/1108 886/963/883 
f 886/963/883 1338/1415/1335 1112/1189/1109 
f 1184/1261/1181 1029/1106/1026 828/905/825 
f 828/905/825 1339/1416/1336 1184/1261/1181 
f 768/845/765 767/844/764 1267/1344/1264 
f 1267/1344/1264 1266/1343/1263 768/845/765 
f 1340/1417/1337 1224/1301/1221 955/1032/952 
f 955/1032/952 1320/1397/1317 1340/1417/1337 
f 1096/1173/1093 1341/1418/1338 1342/1419/1339 
f 1342/1419/1339 958/1035/955 1096/1173/1093 
f 1258/1335/1255 1343/1420/1340 519/596/516 
f 519/596/516 1167/1244/1164 1258/1335/1255 
f 1344/1421/1341 1345/1422/1342 1346/1423/1343 
f 1346/1423/1343 1119/1196/1116 1344/1421/1341 
f 1024/1101/1021 761/838/758 1347/1424/1344 
f 1347/1424/1344 626/703/623 1024/1101/1021 
f 1319/1396/1316 1321/1398/1318 809/886/806 
f 809/886/806 808/885/805 1319/1396/1316 
f 1243/1320/1240 1242/1319/1239 1241/1318/1238 
f 1241/1318/1238 851/928/848 1243/1320/1240 
f 851/928/848 1241/1318/1238 613/690/610 
f 613/690/610 852/929/849 851/928/848 
f 927/1004/924 926/1003/923 924/1001/921 
f 924/1001/921 1348/1425/1345 927/1004/924 
f 1348/1425/1345 1349/1426/1346 1047/1124/1044 
f 1047/1124/1044 927/1004/924 1348/1425/1345 
f 745/822/742 1104/1181/1101 1105/1182/1102 
f 1105/1182/1102 1102/1179/1099 745/822/742 
f 911/988/908 711/788/708 710/787/707 
f 710/787/707 1350/1427/1347 911/988/908 
f 1163/1240/1160 1351/1428/1348 913/990/910 
f 913/990/910 1299/1376/1296 1163/1240/1160 
f 1084/1161/1081 963/1040/960 962/1039/959 
f 962/1039/959 1083/1160/1080 1084/1161/1081 
f 619/696/616 618/695/615 1078/1155/1075 
f 1078/1155/1075 1077/1154/1074 619/696/616 
f 678/755/675 1160/1237/1157 1250/1327/1247 
f 1250/1327/1247 762/839/759 678/755/675 
f 678/755/675 1090/1167/1087 1333/1410/1330 
f 1333/1410/1330 1160/1237/1157 678/755/675 
f 1216/1293/1213 1352/1429/1349 1353/1430/1350 
f 1353/1430/1350 1217/1294/1214 1216/1293/1213 
f 496/573/493 495/572/492 1042/1119/1039 
f 1042/1119/1039 1041/1118/1038 496/573/493 
f 636/713/633 1354/1431/1351 1355/1432/1352 
f 1355/1432/1352 633/710/630 636/713/633 
f 1356/1433/1353 1098/1175/1095 655/732/652 
f 901/978/898 1249/1326/1246 1357/1434/1354 
f 1357/1434/1354 902/979/899 901/978/898 
f 1066/1143/1063 1357/1434/1354 1067/1144/1064 
f 506/583/503 558/635/555 1358/1435/1355 
f 1358/1435/1355 503/580/500 506/583/503 
f 1287/1364/1284 1268/1345/1265 1359/1436/1356 
f 1359/1436/1356 1288/1365/1285 1287/1364/1284 
f 863/940/860 867/944/864 866/943/863 
f 866/943/863 864/941/861 863/940/860 
f 1021/1098/1018 1023/1100/1020 1002/1079/999 
f 1002/1079/999 1001/1078/998 1021/1098/1018 
f 1026/1103/1023 1025/1102/1022 1002/1079/999 
f 1002/1079/999 1023/1100/1020 1026/1103/1023 
f 1003/1080/1000 652/729/649 1100/1177/1097 
f 1100/1177/1097 1209/1286/1206 1003/1080/1000 
f 725/802/722 724/801/721 1259/1336/1256 
f 1259/1336/1256 494/571/491 725/802/722 
f 1259/1336/1256 1050/1127/1047 1260/1337/1257 
f 1213/1290/1210 1212/1289/1209 1360/1437/1357 
f 1360/1437/1357 744/821/741 1213/1290/1210 
f 1361/1438/1358 953/1030/950 1362/1439/1359 
f 1362/1439/1359 1363/1440/1360 1361/1438/1358 
f 1363/1440/1360 947/1024/944 946/1023/943 
f 888/965/885 1364/1441/1361 1292/1369/1289 
f 1292/1369/1289 687/764/684 888/965/885 
f 735/812/732 1364/1441/1361 888/965/885 
f 888/965/885 887/964/884 735/812/732 
f 1365/1442/1362 909/986/906 1191/1268/1188 
f 1303/1380/1300 991/1068/988 990/1067/987 
f 990/1067/987 554/631/551 1303/1380/1300 
f 1143/1220/1140 1303/1380/1300 554/631/551 
f 554/631/551 1302/1379/1299 1143/1220/1140 
f 1215/1292/1212 632/709/629 631/708/628 
f 1169/1246/1166 1040/1117/1037 708/785/705 
f 708/785/705 1173/1250/1170 1169/1246/1166 
f 1366/1443/1363 1032/1109/1029 1031/1108/1028 
f 1031/1108/1028 1073/1150/1070 1366/1443/1363 
f 1245/1322/1242 566/643/563 757/834/754 
f 576/653/573 943/1020/940 1331/1408/1328 
f 1331/1408/1328 573/650/570 576/653/573 
f 819/896/816 818/895/815 1131/1208/1128 
f 1131/1208/1128 1130/1207/1127 819/896/816 
f 948/1025/945 1138/1215/1135 1148/1225/1145 
f 1148/1225/1145 1285/1362/1282 948/1025/945 
f 1285/1362/1282 1284/1361/1281 949/1026/946 
f 949/1026/946 948/1025/945 1285/1362/1282 
f 910/987/907 675/752/672 674/751/671 
f 674/751/671 1279/1356/1276 910/987/907 
f 994/1071/991 1367/1444/1364 1279/1356/1276 
f 1279/1356/1276 674/751/671 994/1071/991 
f 956/1033/953 1368/1445/1365 689/766/686 
f 689/766/686 1369/1446/1366 956/1033/953 
f 689/766/686 1368/1445/1365 1370/1447/1367 
f 1370/1447/1367 690/767/687 689/766/686 
f 1063/1140/1060 1062/1139/1059 1061/1138/1058 
f 1061/1138/1058 890/967/887 1063/1140/1060 
f 581/658/578 583/660/580 732/809/729 
f 732/809/729 731/808/728 581/658/578 
f 577/654/574 580/657/577 1371/1448/1368 
f 1371/1448/1368 613/690/610 577/654/574 
f 1046/1123/1043 925/1002/922 927/1004/924 
f 927/1004/924 1047/1124/1044 1046/1123/1043 
f 1372/1449/1369 800/877/797 663/740/660 
f 663/740/660 662/739/659 1372/1449/1369 
f 1135/1212/1132 1372/1449/1369 1255/1332/1252 
f 1255/1332/1252 668/745/665 1135/1212/1132 
f 901/978/898 1250/1327/1247 1249/1326/1246 
f 1022/1099/1019 705/782/702 704/781/701 
f 1328/1405/1325 605/682/602 604/681/601 
f 604/681/601 705/782/702 1328/1405/1325 
f 1171/1248/1168 522/599/519 496/573/493 
f 496/573/493 1172/1249/1169 1171/1248/1168 
f 522/599/519 709/786/706 712/789/709 
f 712/789/709 1057/1134/1054 522/599/519 
f 692/769/689 691/768/688 1110/1187/1107 
f 1110/1187/1107 1109/1186/1106 692/769/689 
f 1152/1229/1149 829/906/826 1373/1450/1370 
f 1373/1450/1370 1374/1451/1371 1152/1229/1149 
f 1375/1452/1372 1374/1451/1371 1373/1450/1370 
f 1156/1233/1153 850/927/847 1310/1387/1307 
f 1310/1387/1307 846/923/843 1156/1233/1153 
f 1214/1291/1211 647/724/644 1108/1185/1105 
f 1108/1185/1105 1107/1184/1104 1214/1291/1211 
f 884/961/881 1106/1183/1103 647/724/644 
f 647/724/644 646/723/643 884/961/881 
f 1014/1091/1011 1013/1090/1010 1376/1453/1373 
f 1376/1453/1373 1377/1454/1374 1014/1091/1011 
f 1377/1454/1374 1376/1453/1373 619/696/616 
f 619/696/616 1077/1154/1074 1377/1454/1374 
f 1378/1455/1375 1139/1216/1136 1379/1456/1376 
f 1379/1456/1376 1380/1457/1377 1378/1455/1375 
f 1380/1457/1377 1379/1456/1376 1381/1458/1378 
f 1381/1458/1378 986/1063/983 1380/1457/1377 
f 1345/1422/1342 510/587/507 509/586/506 
f 509/586/506 932/1009/929 1345/1422/1342 
f 510/587/507 1345/1422/1342 1344/1421/1341 
f 1344/1421/1341 1118/1195/1115 510/587/507 
f 1382/1459/1379 1124/1201/1121 1126/1203/1123 
f 1126/1203/1123 1383/1460/1380 1382/1459/1379 
f 1178/1255/1175 1382/1459/1379 1383/1460/1380 
f 640/717/637 1187/1264/1184 622/699/619 
f 622/699/619 584/661/581 640/717/637 
f 1294/1371/1291 1293/1370/1290 872/949/869 
f 872/949/869 1037/1114/1034 1294/1371/1291 
f 776/853/773 777/854/774 1037/1114/1034 
f 1037/1114/1034 872/949/869 776/853/773 
f 760/837/757 1365/1442/1362 1191/1268/1188 
f 1191/1268/1188 1347/1424/1344 760/837/757 
f 1384/1461/1381 626/703/623 1347/1424/1344 
f 1347/1424/1344 1191/1268/1188 1384/1461/1381 
f 1339/1416/1336 828/905/825 1385/1462/1382 
f 1385/1462/1382 679/756/676 1339/1416/1336 
f 1385/1462/1382 828/905/825 827/904/824 
f 827/904/824 763/840/760 1385/1462/1382 
f 1013/1090/1010 1386/1463/1383 866/943/863 
f 866/943/863 1376/1453/1373 1013/1090/1010 
f 1120/1197/1117 755/832/752 754/831/751 
f 754/831/751 1118/1195/1115 1120/1197/1117 
f 830/907/827 578/655/575 941/1018/938 
f 941/1018/938 831/908/828 830/907/827 
f 783/860/780 644/721/641 1387/1464/1384 
f 1387/1464/1384 784/861/781 783/860/780 
f 602/679/599 601/678/598 1186/1263/1183 
f 625/702/622 1089/1166/1086 1088/1165/1085 
f 1088/1165/1085 983/1060/980 625/702/622 
f 857/934/854 625/702/622 983/1060/980 
f 983/1060/980 982/1059/979 857/934/854 
f 974/1051/971 973/1050/970 976/1053/973 
f 976/1053/973 1122/1199/1119 974/1051/971 
f 497/574/494 1197/1274/1194 1196/1273/1193 
f 1196/1273/1193 498/575/495 497/574/494 
f 1388/1465/1385 497/574/494 625/702/622 
f 625/702/622 856/933/853 1388/1465/1385 
f 936/1013/933 501/578/498 500/577/497 
f 500/577/497 935/1012/932 936/1013/933 
f 911/988/908 1350/1427/1347 1389/1466/1386 
f 1390/1467/1387 1081/1158/1078 1080/1157/1077 
f 1080/1157/1077 1391/1468/1388 1390/1467/1387 
f 1211/1288/1208 1052/1129/1049 1296/1373/1293 
f 1296/1373/1293 531/608/528 1211/1288/1208 
f 1010/1087/1007 1349/1426/1346 1348/1425/1345 
f 1348/1425/1345 1392/1469/1389 1010/1087/1007 
f 1010/1087/1007 854/931/851 853/930/850 
f 853/930/850 1349/1426/1346 1010/1087/1007 
f 788/865/785 785/862/782 787/864/784 
f 787/864/784 789/866/786 788/865/785 
f 579/656/576 509/586/506 508/585/505 
f 508/585/505 1393/1470/1390 579/656/576 
f 925/1002/922 579/656/576 1393/1470/1390 
f 1393/1470/1390 926/1003/923 925/1002/922 
f 795/872/792 1394/1471/1391 1113/1190/1110 
f 1113/1190/1110 637/714/634 795/872/792 
f 1324/1401/1321 1394/1471/1391 795/872/792 
f 795/872/792 794/871/791 1324/1401/1321 
f 819/896/816 1395/1472/1392 820/897/817 
f 1203/1280/1200 1199/1276/1196 1201/1278/1198 
f 1201/1278/1198 1202/1279/1199 1203/1280/1200 
f 798/875/795 797/874/794 1203/1280/1200 
f 1203/1280/1200 715/792/712 798/875/795 
f 1396/1473/1393 1397/1474/1394 1398/1475/1395 
f 1398/1475/1395 559/636/556 1396/1473/1393 
f 1399/1476/1396 1396/1473/1393 621/698/618 
f 621/698/618 552/629/549 1399/1476/1396 
f 941/1018/938 577/654/574 1400/1477/1397 
f 1400/1477/1397 1283/1360/1280 941/1018/938 
f 1283/1360/1280 649/726/646 831/908/828 
f 831/908/828 941/1018/938 1283/1360/1280 
f 1161/1238/1158 527/604/524 675/752/672 
f 675/752/672 1389/1466/1386 1161/1238/1158 
f 1161/1238/1158 1389/1466/1386 1350/1427/1347 
f 1350/1427/1347 1165/1242/1162 1161/1238/1158 
f 799/876/796 802/879/799 1265/1342/1262 
f 1265/1342/1262 961/1038/958 799/876/796 
f 1373/1450/1370 829/906/826 832/909/829 
f 832/909/829 895/972/892 1373/1450/1370 
f 1326/1403/1323 770/847/767 1327/1404/1324 
f 1327/1404/1324 966/1043/963 1326/1403/1323 
f 970/1047/967 966/1043/963 965/1042/962 
f 965/1042/962 971/1048/968 970/1047/967 
f 1401/1478/1398 1082/1159/1079 814/891/811 
f 814/891/811 817/894/814 1401/1478/1398 
f 1158/1235/1155 859/936/856 1304/1381/1301 
f 1304/1381/1301 1092/1169/1089 1158/1235/1155 
f 1304/1381/1301 859/936/856 858/935/855 
f 858/935/855 1198/1275/1195 1304/1381/1301 
f 1329/1406/1326 967/1044/964 657/734/654 
f 657/734/654 967/1044/964 966/1043/963 
f 966/1043/963 1327/1404/1324 657/734/654 
f 1332/1409/1329 671/748/668 1159/1236/1156 
f 1159/1236/1156 1333/1410/1330 1332/1409/1329 
f 525/602/522 671/748/668 1334/1411/1331 
f 1193/1270/1190 758/835/755 909/986/906 
f 909/986/906 1365/1442/1362 1193/1270/1190 
f 759/836/756 758/835/755 1402/1479/1399 
f 1402/1479/1399 1195/1272/1192 759/836/756 
f 873/950/870 526/603/523 776/853/773 
f 776/853/773 872/949/869 873/950/870 
f 548/625/545 1318/1395/1315 1403/1480/1400 
f 1403/1480/1400 919/996/916 548/625/545 
f 1188/1265/1185 1187/1264/1184 1404/1481/1401 
f 1404/1481/1401 954/1031/951 1188/1265/1185 
f 880/957/877 879/956/876 1405/1482/1402 
f 1405/1482/1402 993/1070/990 880/957/877 
f 1367/1444/1364 994/1071/991 993/1070/990 
f 993/1070/990 1405/1482/1402 1367/1444/1364 
f 1406/1483/1403 1370/1447/1367 1368/1445/1365 
f 1368/1445/1365 1008/1085/1005 1406/1483/1403 
f 938/1015/935 940/1017/937 617/694/614 
f 617/694/614 1366/1443/1363 938/1015/935 
f 1407/1484/1404 1408/1485/1405 559/636/556 
f 559/636/556 1398/1475/1395 1407/1484/1404 
f 1246/1323/1243 1407/1484/1404 1398/1475/1395 
f 1398/1475/1395 1399/1476/1396 1246/1323/1243 
f 1256/1333/1253 1409/1486/1406 1410/1487/1407 
f 1410/1487/1407 1257/1334/1254 1256/1333/1253 
f 765/842/762 978/1055/975 981/1058/978 
f 981/1058/978 857/934/854 765/842/762 
f 1099/1176/1096 659/736/656 1411/1488/1408 
f 1411/1488/1408 1100/1177/1097 1099/1176/1096 
f 944/1021/941 575/652/572 1412/1489/1409 
f 1412/1489/1409 1099/1176/1096 944/1021/941 
f 806/883/803 1413/1490/1410 1414/1491/1411 
f 1027/1104/1024 1415/1492/1412 1416/1493/1413 
f 1416/1493/1413 570/647/567 1027/1104/1024 
f 1185/1262/1182 571/648/568 570/647/567 
f 570/647/567 1416/1493/1413 1185/1262/1182 
f 509/586/506 579/656/576 1153/1230/1150 
f 1153/1230/1150 1417/1494/1414 509/586/506 
f 1151/1228/1148 1150/1227/1147 1417/1494/1414 
f 1417/1494/1414 1153/1230/1150 1151/1228/1148 
f 986/1063/983 1134/1211/1131 1378/1455/1375 
f 1378/1455/1375 1380/1457/1377 986/1063/983 
f 1269/1346/1266 552/629/549 620/697/617 
f 620/697/617 1418/1495/1415 1269/1346/1266 
f 1269/1346/1266 1418/1495/1415 1359/1436/1356 
f 1359/1436/1356 1268/1345/1265 1269/1346/1266 
f 1414/1491/1411 1413/1490/1410 1313/1390/1310 
f 1313/1390/1310 1095/1172/1092 1414/1491/1411 
f 882/959/879 881/958/878 987/1064/984 
f 1082/1159/1079 1401/1478/1398 1419/1496/1416 
f 1419/1496/1416 1079/1156/1076 1082/1159/1079 
f 727/804/724 665/742/662 1079/1156/1076 
f 1079/1156/1076 1419/1496/1416 727/804/724 
f 1298/1375/1295 1164/1241/1161 1299/1376/1296 
f 1299/1376/1296 1116/1193/1113 1298/1375/1295 
f 1039/1116/1036 1038/1115/1035 1298/1375/1295 
f 689/766/686 692/769/689 1369/1446/1366 
f 1109/1186/1106 1106/1183/1103 957/1034/954 
f 1051/1128/1048 969/1046/966 972/1049/969 
f 972/1049/969 597/674/594 1051/1128/1048 
f 1420/1497/1417 810/887/807 813/890/810 
f 813/890/810 1421/1498/1418 1420/1497/1417 
f 1341/1418/1338 1340/1417/1337 1320/1397/1317 
f 1320/1397/1317 1342/1419/1339 1341/1418/1338 
f 1321/1398/1318 687/764/684 1291/1368/1288 
f 1291/1368/1288 809/886/806 1321/1398/1318 
f 1422/1499/1419 1228/1305/1225 1016/1093/1013 
f 1016/1093/1013 556/633/553 1422/1499/1419 
f 1408/1485/1405 556/633/553 559/636/556 
f 1342/1419/1339 1320/1397/1317 959/1036/956 
f 959/1036/956 958/1035/955 1342/1419/1339 
f 1173/1250/1170 1172/1249/1169 1170/1247/1167 
f 1170/1247/1167 1169/1246/1166 1173/1250/1170 
f 598/675/595 660/737/657 515/592/512 
f 515/592/512 595/672/592 598/675/595 
f 1302/1379/1299 554/631/551 553/630/550 
f 1121/1198/1118 836/913/833 835/912/832 
f 835/912/832 1122/1199/1119 1121/1198/1118 
f 1124/1201/1121 685/762/682 945/1022/942 
f 945/1022/942 836/913/833 1124/1201/1121 
f 1423/1500/1420 892/969/889 1424/1501/1421 
f 1424/1501/1421 843/920/840 1423/1500/1420 
f 892/969/889 1132/1209/1129 840/917/837 
f 840/917/837 734/811/731 892/969/889 
f 1233/1310/1230 780/857/777 779/856/776 
f 779/856/776 1425/1502/1422 1233/1310/1230 
f 1019/1096/1016 1001/1078/998 1000/1077/997 
f 1000/1077/997 1180/1257/1177 1019/1096/1016 
f 558/635/555 557/634/554 1358/1435/1355 
f 864/941/861 866/943/863 1386/1463/1383 
f 1386/1463/1383 865/942/862 864/941/861 
f 1208/1285/1205 1210/1287/1207 1211/1288/1208 
f 1211/1288/1208 531/608/528 1208/1285/1205 
f 1055/1132/1052 876/953/873 878/955/875 
f 878/955/875 995/1072/992 1055/1132/1052 
f 572/649/569 1234/1311/1231 1233/1310/1230 
f 1233/1310/1230 1426/1503/1423 572/649/569 
f 1364/1441/1361 735/812/732 734/811/731 
f 734/811/731 840/917/837 1364/1441/1361 
f 552/629/549 621/698/618 620/697/617 
f 1299/1376/1296 913/990/910 1117/1194/1114 
f 1117/1194/1114 1116/1193/1113 1299/1376/1296 
f 877/954/874 876/953/873 711/788/708 
f 711/788/708 1280/1357/1277 877/954/874 
f 700/777/697 701/778/698 1002/1079/999 
f 1155/1232/1152 1227/1304/1224 847/924/844 
f 847/924/844 850/927/847 1155/1232/1152 
f 1229/1306/1226 1330/1407/1327 1281/1358/1278 
f 1281/1358/1278 1230/1307/1227 1229/1306/1226 
f 1427/1504/1424 1033/1110/1030 1032/1109/1029 
f 1032/1109/1029 1366/1443/1363 616/693/613 
f 616/693/613 1427/1504/1424 1032/1109/1029 
f 1119/1196/1116 1346/1423/1343 535/612/532 
f 535/612/532 756/833/753 1119/1196/1116 
f 1394/1471/1391 1324/1401/1321 796/873/793 
f 1324/1401/1321 560/637/557 536/613/533 
f 536/613/533 796/873/793 1324/1401/1321 
f 1371/1448/1368 580/657/577 1046/1123/1043 
f 1046/1123/1043 613/690/610 1371/1448/1368 
f 1098/1175/1095 1356/1433/1353 1247/1324/1244 
f 1247/1324/1244 648/725/645 1098/1175/1095 
f 1098/1175/1095 651/728/648 944/1021/941 
f 944/1021/941 1099/1176/1096 1098/1175/1095 
f 1102/1179/1099 1105/1182/1102 1428/1505/1425 
f 1428/1505/1425 1103/1180/1100 1102/1179/1099 
f 1221/1298/1218 1405/1482/1402 879/956/876 
f 879/956/876 672/749/669 1221/1298/1218 
f 672/749/669 1223/1300/1220 1221/1298/1218 
f 683/760/680 1382/1459/1379 1178/1255/1175 
f 1178/1255/1175 1429/1506/1426 683/760/680 
f 571/648/568 1236/1313/1233 781/858/778 
f 781/858/778 1234/1311/1231 571/648/568 
f 988/1065/985 781/858/778 900/977/897 
f 900/977/897 902/979/899 988/1065/985 
f 1272/1349/1269 1271/1348/1268 1295/1372/1292 
f 1295/1372/1292 699/776/696 1272/1349/1269 
f 1315/1392/1312 1133/1210/1130 1132/1209/1129 
f 1132/1209/1129 1423/1500/1420 1315/1392/1312 
f 1133/1210/1130 1315/1392/1312 1314/1391/1311 
f 1314/1391/1311 1429/1506/1426 1133/1210/1130 
f 855/932/852 857/934/854 981/1058/978 
f 981/1058/978 980/1057/977 855/932/852 
f 1430/1507/1427 608/685/605 1025/1102/1022 
f 1025/1102/1022 592/669/589 1430/1507/1427 
f 905/982/902 670/747/667 987/1064/984 
f 987/1064/984 1248/1325/1245 905/982/902 
f 1431/1508/1428 1276/1353/1273 1275/1352/1272 
f 1275/1352/1272 1182/1259/1179 1431/1508/1428 
f 774/851/771 870/947/867 1174/1251/1171 
f 1174/1251/1171 1432/1509/1429 774/851/771 
f 1173/1250/1170 708/785/705 1432/1509/1429 
f 1432/1509/1429 1174/1251/1171 1173/1250/1170 
f 1433/1510/1430 1053/1130/1050 1253/1330/1250 
f 1253/1330/1250 1252/1329/1249 1433/1510/1430 
f 1375/1452/1372 1373/1450/1370 1434/1511/1431 
f 1434/1511/1431 721/798/718 1375/1452/1372 
f 1152/1229/1149 897/974/894 899/976/896 
f 899/976/896 833/910/830 1152/1229/1149 
f 1300/1377/1297 1273/1350/1270 1129/1206/1126 
f 1129/1206/1126 1131/1208/1128 1300/1377/1297 
f 709/786/706 522/599/519 1171/1248/1168 
f 1171/1248/1168 870/947/867 709/786/706 
f 1216/1293/1213 908/985/905 629/706/626 
f 629/706/626 632/709/629 1216/1293/1213 
f 915/992/912 1318/1395/1315 1317/1394/1314 
f 1317/1394/1314 642/719/639 915/992/912 
f 1176/1253/1173 684/761/681 683/760/680 
f 1435/1512/1432 851/928/848 854/931/851 
f 854/931/851 610/687/607 1435/1512/1432 
f 716/793/713 1202/1279/1199 1436/1513/1433 
f 1436/1513/1433 713/790/710 716/793/713 
f 713/790/710 1436/1513/1433 1437/1514/1434 
f 1437/1514/1434 885/962/882 713/790/710 
f 1438/1515/1435 790/867/787 789/866/786 
f 1300/1377/1297 694/771/691 1439/1516/1436 
f 1439/1516/1436 1301/1378/1298 1300/1377/1297 
f 1353/1430/1350 495/572/492 906/983/903 
f 495/572/492 1353/1430/1350 1440/1517/1437 
f 1440/1517/1437 1042/1119/1039 495/572/492 
f 1355/1432/1352 740/817/737 1313/1390/1310 
f 1313/1390/1310 633/710/630 1355/1432/1352 
f 740/817/737 1355/1432/1352 1354/1431/1351 
f 1354/1431/1351 737/814/734 740/817/737 
f 886/963/883 885/962/882 1441/1518/1438 
f 1441/1518/1438 1442/1519/1439 886/963/883 
f 730/807/727 729/806/726 1338/1415/1335 
f 1338/1415/1335 1441/1518/1438 730/807/727 
f 1198/1275/1195 1197/1274/1194 856/933/853 
f 856/933/853 1305/1382/1302 1198/1275/1195 
f 1242/1319/1239 1011/1088/1008 874/951/871 
f 874/951/871 875/952/872 1242/1319/1239 
f 1190/1267/1187 686/763/683 1404/1481/1401 
f 1404/1481/1401 1187/1264/1184 1190/1267/1187 
f 1404/1481/1401 686/763/683 955/1032/952 
f 955/1032/952 954/1031/951 1404/1481/1401 
f 744/821/741 1360/1437/1357 741/818/738 
f 593/670/590 491/568/488 1261/1338/1258 
f 890/967/887 889/966/886 733/810/730 
f 733/810/730 1063/1140/1060 890/967/887 
f 940/1017/937 505/582/502 617/694/614 
f 506/583/503 618/695/615 792/869/789 
f 792/869/789 558/635/555 506/583/503 
f 1049/1126/1046 1390/1467/1387 1391/1468/1388 
f 1391/1468/1388 960/1037/957 1049/1126/1046 
f 886/963/883 1111/1188/1108 714/791/711 
f 1113/1190/1110 1239/1316/1236 1238/1315/1235 
f 1238/1315/1235 1111/1188/1108 1113/1190/1110 
f 825/902/822 1145/1222/1142 1146/1223/1143 
f 1146/1223/1143 1147/1224/1144 825/902/822 
f 1443/1520/1440 1061/1138/1058 1062/1139/1059 
f 1062/1139/1059 729/806/726 1443/1520/1440 
f 489/566/486 537/614/534 490/567/487 
f 537/614/534 561/638/558 1276/1353/1273 
f 1276/1353/1273 490/567/487 537/614/534 
f 491/568/488 494/571/491 1259/1336/1256 
f 822/899/819 825/902/822 1147/1224/1144 
f 1147/1224/1144 666/743/663 822/899/819 
f 667/744/664 666/743/663 1139/1216/1136 
f 1139/1216/1136 1378/1455/1375 667/744/664 
f 1005/1082/1002 1303/1380/1300 788/865/785 
f 991/1068/988 1303/1380/1300 1005/1082/1002 
f 1005/1082/1002 1140/1217/1137 991/1068/988 
f 869/946/866 619/696/616 1376/1453/1373 
f 1376/1453/1373 866/943/863 869/946/866 
f 620/697/617 619/696/616 869/946/866 
f 869/946/866 868/945/865 620/697/617 
f 947/1024/944 1363/1440/1360 826/903/823 
f 826/903/823 563/640/560 947/1024/944 
f 1260/1337/1257 1263/1340/1260 1262/1339/1259 
f 1262/1339/1259 1261/1338/1258 1260/1337/1257 
f 1260/1337/1257 1050/1127/1047 1049/1126/1046 
f 1049/1126/1046 1263/1340/1260 1260/1337/1257 
f 1291/1368/1288 1179/1256/1176 1126/1203/1123 
f 1126/1203/1123 1125/1202/1122 1291/1368/1288 
f 768/845/765 1410/1487/1407 1409/1486/1406 
f 1409/1486/1406 765/842/762 768/845/765 
f 1444/1521/1441 643/720/640 1177/1254/1174 
f 1177/1254/1174 845/922/842 1444/1521/1441 
f 908/985/905 627/704/624 1192/1269/1189 
f 1122/1199/1119 976/1053/973 975/1052/972 
f 975/1052/972 1123/1200/1120 1122/1199/1119 
f 1156/1233/1153 894/971/891 542/619/539 
f 542/619/539 750/827/747 1156/1233/1153 
f 1156/1233/1153 846/923/843 894/971/891 
f 560/637/557 565/642/562 1029/1106/1026 
f 1029/1106/1026 561/638/558 560/637/557 
f 655/732/652 1098/1175/1095 1097/1174/1094 
f 1097/1174/1094 652/729/649 655/732/652 
f 1445/1522/1442 1053/1130/1050 1433/1510/1430 
f 1433/1510/1430 1278/1355/1275 1445/1522/1442 
f 1054/1131/1051 1053/1130/1050 1445/1522/1442 
f 1445/1522/1442 1446/1523/1443 1054/1131/1051 
f 1072/1149/1069 534/611/531 1075/1152/1072 
f 1075/1152/1072 1078/1155/1075 1072/1149/1069 
f 586/663/583 585/662/582 1316/1393/1313 
f 1316/1393/1313 1060/1137/1057 586/663/583 
f 1101/1178/1098 586/663/583 1060/1137/1057 
f 1060/1137/1057 582/659/579 1101/1178/1098 
f 1402/1479/1399 758/835/755 1193/1270/1190 
f 1193/1270/1190 1195/1272/1192 1402/1479/1399 
f 1088/1165/1085 1089/1166/1086 1447/1524/1444 
f 1447/1524/1444 1085/1162/1082 1088/1165/1085 
f 1286/1363/1283 1448/1525/1445 1085/1162/1082 
f 1085/1162/1082 1447/1524/1444 1286/1363/1283 
f 1449/1526/1446 1386/1463/1383 1013/1090/1010 
f 1013/1090/1010 533/610/530 1449/1526/1446 
f 899/976/896 898/975/895 1015/1092/1012 
f 1015/1092/1012 1449/1526/1446 899/976/896 
f 1359/1436/1356 1418/1495/1415 1288/1365/1285 
f 1137/1214/1134 984/1061/981 803/880/800 
f 803/880/800 802/879/799 1137/1214/1134 
f 923/1000/920 1048/1125/1045 1392/1469/1389 
f 1392/1469/1389 924/1001/921 923/1000/920 
f 1209/1286/1206 530/607/527 1144/1221/1141 
f 1144/1221/1141 1003/1080/1000 1209/1286/1206 
f 531/608/528 530/607/527 1209/1286/1206 
f 1209/1286/1206 1208/1285/1205 531/608/528 
f 676/753/673 1205/1282/1202 673/750/670 
f 588/665/585 843/920/840 1424/1501/1421 
f 1424/1501/1421 585/662/582 588/665/585 
f 1215/1292/1212 631/708/628 708/785/705 
f 708/785/705 1040/1117/1037 1215/1292/1212 
f 929/1006/926 1428/1505/1425 1105/1182/1102 
f 1105/1182/1102 930/1007/927 929/1006/926 
f 703/780/700 702/779/699 1450/1527/1447 
f 1450/1527/1447 1194/1271/1191 703/780/700 
f 931/1008/928 535/612/532 1346/1423/1343 
f 1346/1423/1343 1345/1422/1342 931/1008/928 
f 736/813/733 887/964/884 1112/1189/1109 
f 1112/1189/1109 1114/1191/1111 736/813/733 
f 1257/1334/1254 1410/1487/1407 823/900/820 
f 823/900/820 669/746/666 1257/1334/1254 
f 1257/1334/1254 669/746/666 668/745/665 
f 914/991/911 1115/1192/1112 1012/1089/1009 
f 1012/1089/1009 1117/1194/1114 914/991/911 
f 1451/1528/1448 728/805/725 1093/1170/1090 
f 1093/1170/1090 979/1056/976 1451/1528/1448 
f 1372/1449/1369 728/805/725 1451/1528/1448 
f 1451/1528/1448 1255/1332/1252 1372/1449/1369 
f 1085/1162/1082 1448/1525/1445 1086/1163/1083 
f 492/569/489 1452/1529/1449 515/592/512 
f 515/592/512 493/570/490 492/569/489 
f 827/904/824 764/841/761 763/840/760 
f 683/760/680 1429/1506/1426 1314/1391/1311 
f 1071/1148/1068 673/750/670 1307/1384/1304 
f 1307/1384/1304 1070/1147/1067 1071/1148/1068 
f 1352/1429/1349 1440/1517/1437 1353/1430/1350 
f 848/925/845 847/924/844 1226/1303/1223 
f 1226/1303/1223 1408/1485/1405 848/925/845 
f 1422/1499/1419 556/633/553 1408/1485/1405 
f 1408/1485/1405 1226/1303/1223 1422/1499/1419 
f 593/670/590 1265/1342/1262 805/882/802 
f 1094/1171/1091 1419/1496/1416 1401/1478/1398 
f 1401/1478/1398 817/894/814 1094/1171/1091 
f 817/894/814 816/893/813 1091/1168/1088 
f 1091/1168/1088 1094/1171/1091 817/894/814 
f 1207/1284/1204 779/856/776 778/855/775 
f 778/855/775 1066/1143/1063 1207/1284/1204 
f 1066/1143/1063 778/855/775 988/1065/985 
f 988/1065/985 1357/1434/1354 1066/1143/1063 
f 1112/1189/1109 1338/1415/1335 1065/1142/1062 
f 1065/1142/1062 1064/1141/1061 1112/1189/1109 
f 1064/1141/1061 1063/1140/1060 1114/1191/1111 
f 1114/1191/1111 1112/1189/1109 1064/1141/1061 
f 999/1076/996 985/1062/982 1343/1420/1340 
f 1343/1420/1340 1258/1335/1255 999/1076/996 
f 1435/1512/1432 610/687/607 872/949/869 
f 1297/1374/1294 1294/1371/1291 1037/1114/1034 
f 1037/1114/1034 1036/1113/1033 1297/1374/1294 
f 1295/1372/1292 1296/1373/1293 512/589/509 
f 512/589/509 511/588/508 1295/1372/1292 
f 512/589/509 1296/1373/1293 1052/1129/1049 
f 1052/1129/1049 1051/1128/1048 512/589/509 
f 786/863/783 1272/1349/1269 1274/1351/1271 
f 1274/1351/1271 787/864/784 786/863/783 
f 712/789/709 711/788/708 876/953/873 
f 876/953/873 1057/1134/1054 712/789/709 
f 757/834/754 534/611/531 1072/1149/1069 
f 1072/1149/1069 1074/1151/1071 757/834/754 
f 987/1064/984 881/958/878 1068/1145/1065 
f 1068/1145/1065 1248/1325/1245 987/1064/984 
f 1196/1273/1193 858/935/855 907/984/904 
f 907/984/904 498/575/495 1196/1273/1193 
f 1129/1206/1126 697/774/694 601/678/598 
f 601/678/598 600/677/597 1129/1206/1126 
f 601/678/598 514/591/511 513/590/510 
f 513/590/510 1186/1263/1183 601/678/598 
f 943/1020/940 1282/1359/1279 1281/1358/1278 
f 1281/1358/1278 1331/1408/1328 943/1020/940 
f 1161/1238/1158 1164/1241/1161 1162/1239/1159 
f 1164/1241/1161 1298/1375/1295 1038/1115/1035 
f 1038/1115/1035 1162/1239/1159 1164/1241/1161 
f 1453/1530/1450 1125/1202/1122 1123/1200/1120 
f 1123/1200/1120 975/1052/972 1453/1530/1450 
f 806/883/803 1453/1530/1450 975/1052/972 
f 773/850/770 913/990/910 1351/1428/1348 
f 710/787/707 709/786/706 773/850/770 
f 773/850/770 1351/1428/1348 710/787/707 
f 1334/1411/1331 671/748/668 1332/1409/1329 
f 1332/1409/1329 624/701/621 1334/1411/1331 
f 550/627/547 1213/1290/1210 945/1022/942 
f 945/1022/942 551/628/548 550/627/547 
f 959/1036/956 1320/1397/1317 1319/1396/1316 
f 1319/1396/1316 808/885/805 959/1036/956 
f 756/833/753 568/645/565 755/832/752 
f 755/832/752 1120/1197/1117 756/833/753 
f 1347/1424/1344 761/838/758 760/837/757 
f 901/978/898 900/977/897 1235/1312/1232 
f 1235/1312/1232 1250/1327/1247 901/978/898 
f 750/827/747 542/619/539 541/618/538 
f 541/618/538 751/828/748 750/827/747 
f 861/938/858 860/937/857 500/577/497 
f 500/577/497 499/576/496 861/938/858 
f 860/937/857 934/1011/931 935/1012/932 
f 935/1012/932 500/577/497 860/937/857 
f 1244/1321/1241 1294/1371/1291 1297/1374/1294 
f 1297/1374/1294 1011/1088/1008 1244/1321/1241 
f 921/998/918 924/1001/921 926/1003/923 
f 926/1003/923 1393/1470/1390 921/998/918 
f 507/584/504 510/587/507 930/1007/927 
f 930/1007/927 1105/1182/1102 507/584/504 
f 539/616/536 797/874/794 796/873/793 
f 796/873/793 536/613/533 539/616/536 
f 705/782/702 1022/1099/1019 1020/1097/1017 
f 1020/1097/1017 1328/1405/1325 705/782/702 
f 1187/1264/1184 640/717/637 639/716/636 
f 639/716/636 1190/1267/1187 1187/1264/1184 
f 936/1013/933 628/705/625 1306/1383/1303 
f 1189/1266/1186 1188/1265/1185 1237/1314/1234 
f 1237/1314/1234 622/699/619 1189/1266/1186 
f 1379/1456/1376 1139/1216/1136 622/699/619 
f 622/699/619 1237/1314/1234 1379/1456/1376 
f 1454/1531/1451 1340/1417/1337 1008/1085/1005 
f 1008/1085/1005 1368/1445/1365 1454/1531/1451 
f 609/686/606 747/824/744 873/950/870 
f 1143/1220/1140 1270/1347/1267 1144/1221/1141 
f 1339/1416/1336 679/756/676 571/648/568 
f 571/648/568 1184/1261/1181 1339/1416/1336 
f 920/997/917 1360/1437/1357 1212/1289/1209 
f 1212/1289/1209 549/626/546 920/997/917 
f 898/975/895 1289/1366/1286 863/940/860 
f 863/940/860 862/939/859 898/975/895 
f 1269/1346/1266 1270/1347/1267 553/630/550 
f 553/630/550 552/629/549 1269/1346/1266 
f 1210/1287/1207 1208/1285/1205 1100/1177/1097 
f 1100/1177/1097 1411/1488/1408 1210/1287/1207 
f 1175/1252/1172 915/992/912 642/719/639 
f 642/719/639 641/718/638 1175/1252/1172 
f 1455/1532/1452 1087/1164/1084 1145/1222/1142 
f 1145/1222/1142 767/844/764 1455/1532/1452 
f 1218/1295/1215 1217/1294/1214 1353/1430/1350 
f 1353/1430/1350 906/983/903 1218/1295/1215 
f 1066/1143/1063 1069/1146/1066 1204/1281/1201 
f 1204/1281/1201 1207/1284/1204 1066/1143/1063 
f 1456/1533/1453 1069/1146/1066 1307/1384/1304 
f 1307/1384/1304 673/750/670 1456/1533/1453 
f 1441/1518/1438 1437/1514/1434 928/1005/925 
f 928/1005/925 730/807/727 1441/1518/1438 
f 957/1034/954 1369/1446/1366 692/769/689 
f 692/769/689 1109/1186/1106 957/1034/954 
f 499/576/496 907/984/904 858/935/855 
f 858/935/855 861/938/858 499/576/496 
f 555/632/552 1246/1323/1243 1399/1476/1396 
f 1399/1476/1396 552/629/549 555/632/552 
f 567/644/564 566/643/563 1031/1108/1028 
f 1031/1108/1028 1030/1107/1027 567/644/564 
f 1073/1150/1070 1031/1108/1028 566/643/563 
f 566/643/563 1245/1322/1242 1073/1150/1070 
f 1351/1428/1348 1163/1240/1160 1165/1242/1162 
f 1165/1242/1162 710/787/707 1351/1428/1348 
f 738/815/735 812/889/809 811/888/808 
f 811/888/808 739/816/736 738/815/735 
f 614/691/611 613/690/610 1241/1318/1238 
f 1241/1318/1238 1240/1317/1237 614/691/611 
f 1315/1392/1312 1423/1500/1420 843/920/840 
f 843/920/840 842/919/839 1315/1392/1312 
f 1024/1101/1021 626/703/623 935/1012/932 
f 867/944/864 863/940/860 1418/1495/1415 
f 1418/1495/1415 620/697/617 867/944/864 
f 663/740/660 800/877/797 799/876/796 
f 799/876/796 961/1038/958 663/740/660 
f 608/685/605 1430/1507/1427 1336/1413/1333 
f 1336/1413/1333 726/803/723 608/685/605 
f 607/684/604 608/685/605 726/803/723 
f 726/803/723 725/802/722 607/684/604 
f 942/1019/939 578/655/575 577/654/574 
f 950/1027/947 1361/1438/1358 1363/1440/1360 
f 1363/1440/1360 946/1023/943 950/1027/947 
f 953/1030/950 1361/1438/1358 950/1027/947 
f 815/892/812 589/666/586 934/1011/931 
f 934/1011/931 1157/1234/1154 815/892/812 
f 997/1074/994 1279/1356/1276 1367/1444/1364 
f 1405/1482/1402 1221/1298/1218 997/1074/994 
f 997/1074/994 1367/1444/1364 1405/1482/1402 
f 751/828/748 541/618/538 1457/1534/1454 
f 1457/1534/1454 752/829/749 751/828/748 
f 779/856/776 1207/1284/1204 1220/1297/1217 
f 1220/1297/1217 1425/1502/1422 779/856/776 
f 1170/1247/1167 1172/1249/1169 496/573/493 
f 496/573/493 1041/1118/1038 1170/1247/1167 
f 685/762/682 1124/1201/1121 1382/1459/1379 
f 1382/1459/1379 682/759/679 685/762/682 
f 883/960/880 520/597/517 986/1063/983 
f 986/1063/983 1381/1458/1378 883/960/880 
f 659/736/656 1099/1176/1096 1412/1489/1409 
f 657/734/654 574/651/571 606/683/603 
f 606/683/603 1329/1406/1326 657/734/654 
f 939/1016/936 1072/1149/1069 1078/1155/1075 
f 1078/1155/1075 618/695/615 939/1016/936 
f 962/1039/959 964/1041/961 724/801/721 
f 724/801/721 723/800/720 962/1039/959 
f 1050/1127/1047 1259/1336/1256 724/801/721 
f 724/801/721 964/1041/961 1050/1127/1047 
f 660/737/657 965/1042/962 968/1045/965 
f 968/1045/965 661/738/658 660/737/657 
f 971/1048/968 965/1042/962 660/737/657 
f 660/737/657 598/675/595 971/1048/968 
f 1239/1316/1236 1113/1190/1110 1394/1471/1391 
f 1394/1471/1391 796/873/793 798/875/795 
f 798/875/795 1239/1316/1236 1394/1471/1391 
f 1306/1383/1303 906/983/903 502/579/499 
f 502/579/499 936/1013/933 1306/1383/1303 
f 972/1049/969 971/1048/968 598/675/595 
f 598/675/595 597/674/594 972/1049/969 
f 952/1029/949 677/754/674 953/1030/950 
f 1098/1175/1095 648/725/645 651/728/648 
f 594/671/591 1452/1529/1449 492/569/489 
f 1004/1081/1001 693/770/690 846/923/843 
f 846/923/843 1310/1387/1307 1004/1081/1001 
f 1094/1171/1091 727/804/724 1419/1496/1416 
f 699/776/696 1295/1372/1292 511/588/508 
f 809/886/806 1291/1368/1288 1458/1535/1455 
f 524/601/521 1056/1133/1053 1222/1299/1219 
f 1222/1299/1219 1223/1300/1220 524/601/521 
f 998/1075/995 1222/1299/1219 1056/1133/1053 
f 1056/1133/1053 1055/1132/1052 998/1075/995 
f 1150/1227/1147 1152/1229/1149 833/910/830 
f 1096/1173/1093 811/888/808 810/887/807 
f 1096/1173/1093 1312/1389/1309 739/816/736 
f 739/816/736 811/888/808 1096/1173/1093 
f 1308/1385/1305 701/778/698 516/593/513 
f 516/593/513 661/738/658 1308/1385/1305 
f 1034/1111/1031 1037/1114/1034 777/854/774 
f 777/854/774 1039/1116/1036 1034/1111/1031 
f 1446/1523/1443 540/617/537 543/620/540 
f 543/620/540 1054/1131/1051 1446/1523/1443 
f 637/714/634 640/717/637 795/872/792 
f 1175/1252/1172 916/993/913 915/992/912 
f 487/564/484 1415/1492/1412 1027/1104/1024 
f 487/564/484 1276/1353/1273 1431/1508/1428 
f 1431/1508/1428 1415/1492/1412 487/564/484 
f 1420/1497/1417 1008/1085/1005 1340/1417/1337 
f 1340/1417/1337 1341/1418/1338 1420/1497/1417 
f 1052/1129/1049 771/848/768 969/1046/966 
f 969/1046/966 1051/1128/1048 1052/1129/1049 
f 970/1047/967 969/1046/966 771/848/768 
f 771/848/768 1325/1402/1322 970/1047/967 
f 704/781/701 761/838/758 1026/1103/1023 
f 1026/1103/1023 1023/1100/1020 704/781/701 
f 1213/1290/1210 837/914/834 836/913/833 
f 836/913/833 945/1022/942 1213/1290/1210 
f 1243/1320/1240 851/928/848 1293/1370/1290 
f 1046/1123/1043 852/929/849 613/690/610 
f 1400/1477/1397 1232/1309/1229 1231/1308/1228 
f 1231/1308/1228 1283/1360/1280 1400/1477/1397 
f 571/648/568 681/758/678 1236/1313/1233 
f 845/922/842 844/921/841 1444/1521/1441 
f 937/1014/934 719/796/716 896/973/893 
f 794/871/791 793/870/790 1322/1399/1319 
f 1322/1399/1319 1324/1401/1321 794/871/791 
f 1139/1216/1136 666/743/663 1147/1224/1144 
f 1139/1216/1136 1147/1224/1144 1149/1226/1146 
f 1149/1226/1146 1138/1215/1135 1139/1216/1136 
f 1364/1441/1361 840/917/837 839/916/836 
f 839/916/836 1292/1369/1289 1364/1441/1361 
f 830/907/827 829/906/826 1151/1228/1148 
f 1151/1228/1148 1154/1231/1151 830/907/827 
f 973/1050/970 742/819/739 1127/1204/1124 
f 1181/1258/1178 661/738/658 968/1045/965 
f 1238/1315/1235 715/792/712 714/791/711 
f 714/791/711 1111/1188/1108 1238/1315/1235 
f 1086/1163/1083 1448/1525/1445 1148/1225/1145 
f 1148/1225/1145 1146/1223/1143 1086/1163/1083 
f 1018/1095/1015 557/634/554 556/633/553 
f 556/633/553 1016/1093/1013 1018/1095/1015 
f 1148/1225/1145 1138/1215/1135 1149/1226/1146 
f 1136/1213/1133 667/744/664 1378/1455/1375 
f 1378/1455/1375 1134/1211/1131 1136/1213/1133 
f 1456/1533/1453 1204/1281/1201 1069/1146/1066 
f 673/750/670 1205/1282/1202 1204/1281/1201 
f 1204/1281/1201 1456/1533/1453 673/750/670 
f 1432/1509/1429 708/785/705 1045/1122/1042 
f 1045/1122/1042 1044/1121/1041 1432/1509/1429 
f 1115/1192/1112 1045/1122/1042 708/785/705 
f 708/785/705 707/784/704 1115/1192/1112 
f 976/1053/973 973/1050/970 1128/1205/1125 
f 615/692/612 614/691/611 1240/1317/1237 
f 1240/1317/1237 706/783/703 615/692/612 
f 1341/1418/1338 1096/1173/1093 810/887/807 
f 810/887/807 1420/1497/1417 1341/1418/1338 
f 570/647/567 569/646/566 1028/1105/1025 
f 1028/1105/1025 1027/1104/1024 570/647/567 
f 1058/1135/1055 752/829/749 1457/1534/1454 
f 1457/1534/1454 547/624/544 1058/1135/1055 
f 1267/1344/1264 767/844/764 825/902/822 
f 825/902/822 824/901/821 1267/1344/1264 
f 519/596/516 518/595/515 1167/1244/1164 
f 1083/1160/1080 962/1039/959 1337/1414/1334 
f 1337/1414/1334 590/667/587 1083/1160/1080 
f 1434/1511/1431 1373/1450/1370 895/972/892 
f 895/972/892 722/799/719 1434/1511/1431 
f 960/1037/957 1264/1341/1261 1263/1340/1260 
f 1263/1340/1260 1049/1126/1046 960/1037/957 
f 1396/1473/1393 559/636/556 791/868/788 
f 791/868/788 621/698/618 1396/1473/1393 
f 1406/1483/1403 1008/1085/1005 1007/1084/1004 
f 1253/1330/1250 893/970/890 696/773/693 
f 696/773/693 1251/1328/1248 1253/1330/1250 
f 1188/1265/1185 954/1031/951 884/961/881 
f 1322/1399/1319 562/639/559 1323/1400/1320 
f 1282/1359/1279 650/727/647 1283/1360/1280 
f 1283/1360/1280 1231/1308/1228 1282/1359/1279 
f 1282/1359/1279 943/1020/940 650/727/647 
f 603/680/600 573/650/570 1331/1408/1328 
f 1331/1408/1328 604/681/601 603/680/600 
f 665/742/662 664/741/661 1080/1157/1077 
f 1080/1157/1077 1079/1156/1076 665/742/662 
f 1274/1351/1271 1438/1515/1435 789/866/786 
f 789/866/786 787/864/784 1274/1351/1271 
f 604/681/601 1330/1407/1327 1194/1271/1191 
f 1194/1271/1191 1450/1527/1447 604/681/601 
f 1195/1272/1192 1194/1271/1191 1330/1407/1327 
f 1284/1361/1281 1089/1166/1086 952/1029/949 
f 1284/1361/1281 952/1029/949 951/1028/948 
f 951/1028/948 949/1026/946 1284/1361/1281 
f 1179/1256/1176 1178/1255/1175 1383/1460/1380 
f 1383/1460/1380 1126/1203/1123 1179/1256/1176 
f 827/904/824 826/903/823 1363/1440/1360 
f 1363/1440/1360 764/841/761 827/904/824 
f 1387/1464/1384 844/921/841 784/861/781 
f 844/921/841 1387/1464/1384 644/721/641 
f 644/721/641 1444/1521/1441 844/921/841 
f 698/775/695 1129/1206/1126 1273/1350/1270 
f 1273/1350/1270 699/776/696 698/775/695 
f 1092/1169/1089 1091/1168/1088 816/893/813 
f 816/893/813 1158/1235/1155 1092/1169/1089 
f 996/1073/993 877/954/874 1280/1357/1277 
f 877/954/874 996/1073/993 995/1072/992 
f 995/1072/992 878/955/875 877/954/874 
f 1070/1147/1067 1068/1145/1065 881/958/878 
f 881/958/878 880/957/877 1070/1147/1067 
f 718/795/715 833/910/830 899/976/896 
f 899/976/896 1449/1526/1446 718/795/715 
f 1311/1388/1308 633/710/630 1313/1390/1310 
f 1313/1390/1310 1413/1490/1410 1311/1388/1308 
f 1155/1232/1152 750/827/747 749/826/746 
f 749/826/746 1059/1136/1056 1155/1232/1152 
f 1048/1125/1045 748/825/745 611/688/608 
f 1106/1183/1103 1109/1186/1106 1108/1185/1105 
f 1108/1185/1105 647/724/644 1106/1183/1103 
f 1003/1080/1000 1144/1221/1141 1270/1347/1267 
f 1270/1347/1267 653/730/650 1003/1080/1000 
f 1368/1445/1365 956/1033/953 1224/1301/1221 
f 1224/1301/1221 1454/1531/1451 1368/1445/1365 
f 564/641/561 563/640/560 826/903/823 
f 1152/1229/1149 1374/1451/1371 897/974/894 
f 897/974/894 1374/1451/1371 1375/1452/1372 
f 1375/1452/1372 1290/1367/1287 897/974/894 
f 977/1054/974 1413/1490/1410 806/883/803 
f 806/883/803 975/1052/972 977/1054/974 
f 506/583/503 505/582/502 940/1017/937 
f 940/1017/937 618/695/615 506/583/503 
f 1384/1461/1381 1192/1269/1189 627/704/624 
f 627/704/624 626/703/623 1384/1461/1381 
f 836/913/833 1121/1198/1118 1124/1201/1121 
f 1366/1443/1363 617/694/614 616/693/613 
f 554/631/551 990/1067/987 555/632/552 
f 1335/1412/1332 630/707/627 909/986/906 
f 909/986/906 758/835/755 1335/1412/1332 
f 793/870/790 795/872/792 640/717/637 
f 640/717/637 584/661/581 793/870/790 
f 758/835/755 612/689/609 1335/1412/1332 
f 1290/1367/1287 1375/1452/1372 1287/1364/1284 
f 736/813/733 735/812/732 887/964/884 
f 1438/1515/1435 1274/1351/1271 1301/1378/1298 
f 1301/1378/1298 1439/1516/1436 1438/1515/1435 
f 814/891/811 1083/1160/1080 589/666/586 
f 589/666/586 815/892/812 814/891/811 
f 995/1072/992 998/1075/995 1055/1132/1052 
f 832/909/829 831/908/828 649/726/646 
f 649/726/646 1247/1324/1244 832/909/829 
f 664/741/661 960/1037/957 1391/1468/1388 
f 1391/1468/1388 1080/1157/1077 664/741/661 
f 515/592/512 1452/1529/1449 595/672/592 
f 1104/1181/1101 922/999/919 508/585/505 
f 748/825/745 922/999/919 1104/1181/1101 
f 1104/1181/1101 745/822/742 748/825/745 
f 1250/1327/1247 1160/1237/1157 903/980/900 
f 1372/1449/1369 662/739/659 728/805/725 
f 1249/1326/1246 905/982/902 1067/1144/1064 
f 1067/1144/1064 1357/1434/1354 1249/1326/1246 
f 1421/1498/1418 1006/1083/1003 1009/1086/1006 
f 1009/1086/1006 1420/1497/1417 1421/1498/1418 
f 932/1009/929 931/1008/928 1345/1422/1342 
f 1455/1532/1452 767/844/764 766/843/763 
f 766/843/763 983/1060/980 1455/1532/1452 
f 1455/1532/1452 983/1060/980 1088/1165/1085 
f 1088/1165/1085 1087/1164/1084 1455/1532/1452 
f 693/770/690 790/867/787 694/771/691 
f 1439/1516/1436 694/771/691 790/867/787 
f 790/867/787 1438/1515/1435 1439/1516/1436 
f 710/787/707 1165/1242/1162 1350/1427/1347 
f 1115/1192/1112 707/784/704 1012/1089/1009 
f 589/666/586 1083/1160/1080 590/667/587 
f 1416/1493/1413 1431/1508/1428 1182/1259/1179 
f 1182/1259/1179 1185/1262/1182 1416/1493/1413 
f 1237/1314/1234 883/960/880 1381/1458/1378 
f 1381/1458/1378 1379/1456/1376 1237/1314/1234 
f 679/756/676 1385/1462/1382 763/840/760 
f 1389/1466/1386 675/752/672 912/989/909 
f 912/989/909 911/988/908 1389/1466/1386 
f 1407/1484/1404 1141/1218/1138 848/925/845 
f 848/925/845 1408/1485/1405 1407/1484/1404 
f 1246/1323/1243 1141/1218/1138 1407/1484/1404 
f 490/567/487 1276/1353/1273 487/564/484 
f 1254/1331/1251 1131/1208/1128 818/895/815 
f 818/895/815 821/898/818 1254/1331/1251 
f 1122/1199/1119 835/912/832 838/915/835 
f 838/915/835 974/1051/971 1122/1199/1119 
f 1197/1274/1194 497/574/494 1388/1465/1385 
f 1388/1465/1385 856/933/853 1197/1274/1194 
f 1218/1295/1215 906/983/903 1306/1383/1303 
f 1306/1383/1303 908/985/905 1218/1295/1215 
f 1293/1370/1290 851/928/848 1435/1512/1432 
f 1435/1512/1432 872/949/869 1293/1370/1290 
f 894/971/891 893/970/890 543/620/540 
f 543/620/540 542/619/539 894/971/891 
f 666/743/663 669/746/666 823/900/820 
f 823/900/820 822/899/819 666/743/663 
f 984/1061/981 519/596/516 1343/1420/1340 
f 1343/1420/1340 985/1062/982 984/1061/981 
f 517/594/514 725/802/722 494/571/491 
f 494/571/491 493/570/490 517/594/514 
f 1440/1517/1437 1352/1429/1349 1043/1120/1040 
f 1043/1120/1040 1042/1119/1039 1440/1517/1437 
f 1043/1120/1040 1352/1429/1349 1216/1293/1213 
f 1216/1293/1213 632/709/629 1043/1120/1040 
f 992/1069/989 880/957/877 993/1070/990 
f 1349/1426/1346 853/930/850 1047/1124/1044 
f 821/898/818 820/897/817 1395/1472/1392 
f 1395/1472/1392 1277/1354/1274 821/898/818 
f 1384/1461/1381 1191/1268/1188 1192/1269/1189 
f 1424/1501/1421 892/969/889 891/968/888 
f 891/968/888 585/662/582 1424/1501/1421 
f 1305/1382/1302 1304/1381/1301 1198/1275/1195 
f 642/719/639 1317/1394/1314 1176/1253/1173 
f 1176/1253/1173 643/720/640 642/719/639 
f 950/1027/947 946/1023/943 949/1026/946 
f 949/1026/946 951/1028/948 950/1027/947 
f 933/1010/930 509/586/506 1417/1494/1414 
f 1417/1494/1414 1150/1227/1147 933/1010/930 
f 509/586/506 933/1010/930 932/1009/929 
f 577/654/574 1229/1306/1226 1232/1309/1229 
f 1232/1309/1229 1400/1477/1397 577/654/574 
f 867/944/864 620/697/617 868/945/865 
f 1228/1305/1225 1422/1499/1419 1225/1302/1222 
f 1225/1302/1222 546/623/543 1228/1305/1225 
f 1321/1398/1318 688/765/685 687/764/684 
f 1453/1530/1450 806/883/803 809/886/806 
f 809/886/806 1458/1535/1455 1453/1530/1450 
f 913/990/910 914/991/911 1117/1194/1114 
f 1160/1237/1157 1333/1410/1330 1159/1236/1156 
f 502/579/499 501/578/498 936/1013/933 
f 508/585/505 922/999/919 921/998/918 
f 921/998/918 1393/1470/1390 508/585/505 
f 1058/1135/1055 547/624/544 546/623/543 
f 1227/1304/1224 1155/1232/1152 1059/1136/1056 
f 1059/1136/1056 1225/1302/1222 1227/1304/1224 
f 1275/1352/1272 1183/1260/1180 1182/1259/1179 
f 1154/1231/1151 579/656/576 578/655/575 
f 578/655/575 830/907/827 1154/1231/1151 
f 583/660/580 1061/1138/1058 1443/1520/1440 
f 1443/1520/1440 732/809/729 583/660/580 
f 1174/1251/1171 870/947/867 1171/1248/1168 
f 825/902/822 767/844/764 1145/1222/1142 
f 1362/1439/1359 680/757/677 764/841/761 
f 764/841/761 1363/1440/1360 1362/1439/1359 
f 1286/1363/1283 1447/1524/1444 1089/1166/1086 
f 1179/1256/1176 1292/1369/1289 839/916/836 
f 788/865/785 1142/1219/1139 785/862/782 
f 1443/1520/1440 729/806/726 732/809/729 
f 1084/1161/1081 1082/1159/1079 1081/1158/1078 
f 1081/1158/1078 1390/1467/1387 1084/1161/1081 
f 740/817/737 739/816/736 1312/1389/1309 
f 1312/1389/1309 1313/1390/1310 740/817/737 
f 1433/1510/1430 1252/1329/1249 1278/1355/1275 
f 607/684/604 725/802/722 517/594/514 
f 1434/1511/1431 722/799/719 721/798/718 
f 953/1030/950 677/754/674 680/757/677 
f 680/757/677 1362/1439/1359 953/1030/950 
f 1135/1212/1132 801/878/798 800/877/797 
f 800/877/797 1372/1449/1369 1135/1212/1132 
f 1420/1497/1417 1009/1086/1006 1008/1085/1005 
f 1090/1167/1087 625/702/622 624/701/621 
f 687/764/684 638/715/635 888/965/885 
f 957/1034/954 956/1033/953 1369/1446/1366 
f 1005/1082/1002 1004/1081/1001 849/926/846 
f 849/926/846 1140/1217/1137 1005/1082/1002 
f 1422/1499/1419 1226/1303/1223 1225/1302/1222 
f 970/1047/967 1325/1402/1322 1326/1403/1323 
f 1326/1403/1323 966/1043/963 970/1047/967 
f 1413/1490/1410 977/1054/974 1309/1386/1306 
f 1309/1386/1306 1311/1388/1308 1413/1490/1410 
f 682/759/679 1382/1459/1379 683/760/680 
f 1314/1391/1311 845/922/842 1177/1254/1174 
f 1177/1254/1174 683/760/680 1314/1391/1311 
f 1251/1328/1248 696/773/693 695/772/692 
f 1458/1535/1455 1291/1368/1288 1125/1202/1122 
f 1125/1202/1122 1453/1530/1450 1458/1535/1455 
f 1000/1077/997 701/778/698 1181/1258/1178 
f 1181/1258/1178 1180/1257/1177 1000/1077/997 
f 1137/1214/1134 802/879/799 801/878/798 
f 801/878/798 1134/1211/1131 1137/1214/1134 
f 857/934/854 982/1059/979 765/842/762 
f 937/1014/934 654/731/651 720/797/717 
f 720/797/717 719/796/716 937/1014/934 
f 705/782/702 604/681/601 1450/1527/1447 
f 1450/1527/1447 702/779/699 705/782/702 
f 1021/1098/1018 1020/1097/1017 1022/1099/1019 
f 1323/1400/1320 562/639/559 565/642/562 
f 565/642/562 560/637/557 1323/1400/1320 
f 979/1056/976 1255/1332/1252 1451/1528/1448 
f 1318/1395/1315 915/992/912 918/995/915 
f 918/995/915 1403/1480/1400 1318/1395/1315 
f 925/1002/922 1046/1123/1043 580/657/577 
f 580/657/577 579/656/576 925/1002/922 
f 538/615/535 1200/1277/1197 539/616/536 
f 1429/1506/1426 1178/1255/1175 841/918/838 
f 841/918/838 1133/1210/1130 1429/1506/1426 
f 1010/1087/1007 1392/1469/1389 1048/1125/1045 
f 1048/1125/1045 611/688/608 1010/1087/1007 
f 1336/1413/1333 723/800/720 726/803/723 
f 760/837/757 1193/1270/1190 1365/1442/1362 
f 606/683/603 1019/1096/1016 1329/1406/1326 
f 532/609/529 535/612/532 931/1008/928 
f 1386/1463/1383 1449/1526/1446 1015/1092/1012 
f 1015/1092/1012 865/942/862 1386/1463/1383 
f 1254/1331/1251 1300/1377/1297 1131/1208/1128 
f 630/707/627 615/692/612 706/783/703 
f 706/783/703 631/708/628 630/707/627 
f 1266/1343/1263 823/900/820 1410/1487/1407 
f 1410/1487/1407 768/845/765 1266/1343/1263 
f 1100/1177/1097 652/729/649 1097/1174/1094 
f 1235/1312/1232 762/839/759 1250/1327/1247 
f 892/969/889 1423/1500/1420 1132/1209/1129 
f 911/988/908 1280/1357/1277 711/788/708 
f 816/893/813 815/892/812 1157/1234/1154 
f 1157/1234/1154 1158/1235/1155 816/893/813 
f 1270/1347/1267 654/731/651 653/730/650 
f 1285/1362/1282 1148/1225/1145 1448/1525/1445 
f 1448/1525/1445 1286/1363/1283 1285/1362/1282 
f 723/800/720 1336/1413/1333 1337/1414/1334 
f 1337/1414/1334 962/1039/959 723/800/720 
f 902/979/899 1357/1434/1354 988/1065/985 
f 855/932/852 980/1057/977 1305/1382/1302 
f 1305/1382/1302 856/933/853 855/932/852 
f 1441/1518/1438 885/962/882 1437/1514/1434 
f 646/723/643 521/598/518 520/597/517 
f 1199/1276/1196 1203/1280/1200 797/874/794 
f 797/874/794 539/616/536 1199/1276/1196 
f 1287/1364/1284 1375/1452/1372 721/798/718 
f 721/798/718 1268/1345/1265 1287/1364/1284 
f 1392/1469/1389 1348/1425/1345 924/1001/921 
f 1449/1526/1446 533/610/530 718/795/715 
f 744/821/741 743/820/740 838/915/835 
f 838/915/835 837/914/834 744/821/741 
f 838/915/835 743/820/740 974/1051/971 
f 1264/1341/1261 960/1037/957 961/1038/958 
f 961/1038/958 1265/1342/1262 1264/1341/1261 
f 774/851/771 1432/1509/1429 1044/1121/1041 
f 1019/1096/1016 1328/1405/1325 1020/1097/1017 
f 1399/1476/1396 1398/1475/1395 1397/1474/1394 
f 1397/1474/1394 1396/1473/1393 1399/1476/1396 
f 703/780/700 1194/1271/1191 760/837/757 
f 904/981/901 1159/1236/1156 671/748/668 
f 671/748/668 670/747/667 904/981/901 
f 1211/1288/1208 769/846/766 772/849/769 
f 772/849/769 1052/1129/1049 1211/1288/1208 
f 649/726/646 648/725/645 1247/1324/1244 
f 659/736/656 1210/1287/1207 1411/1488/1408 
f 879/956/876 882/959/879 672/749/669 
f 1377/1454/1374 1077/1154/1074 1076/1153/1073 
f 1076/1153/1073 1014/1091/1011 1377/1454/1374 
f 863/940/860 1289/1366/1286 1288/1365/1285 
f 1288/1365/1285 1418/1495/1415 863/940/860 
f 563/640/560 623/700/620 947/1024/944 
f 1356/1433/1353 655/732/652 896/973/893 
f 896/973/893 1247/1324/1244 1356/1433/1353 
f 1234/1311/1231 572/649/569 571/648/568 
f 1236/1313/1233 1235/1312/1232 900/977/897 
f 900/977/897 781/858/778 1236/1313/1233 
f 546/623/543 545/622/542 1017/1094/1014 
f 727/804/724 1094/1171/1091 1093/1170/1090 
f 1093/1170/1090 728/805/725 727/804/724 
f 1430/1507/1427 592/669/589 591/668/588 
f 591/668/588 1336/1413/1333 1430/1507/1427 
f 807/884/804 806/883/803 1414/1491/1411 
f 1414/1491/1411 1095/1172/1092 807/884/804 
f 697/774/694 511/588/508 514/591/511 
f 514/591/511 601/678/598 697/774/694 
f 656/733/653 659/736/656 1412/1489/1409 
f 1412/1489/1409 575/652/572 656/733/653 
f 1035/1112/1032 1298/1375/1295 1116/1193/1113 
f 1116/1193/1113 1036/1113/1033 1035/1112/1032 
f 709/786/706 870/947/867 871/948/868 
f 871/948/868 773/850/770 709/786/706 
f 978/1055/975 765/842/762 1409/1486/1406 
f 1409/1486/1406 1256/1333/1253 978/1055/975 
f 1431/1508/1428 1416/1493/1413 1415/1492/1412 
f 643/720/640 1444/1521/1441 644/721/641 
f 1390/1467/1387 1049/1126/1046 963/1040/960 
f 963/1040/960 1084/1161/1081 1390/1467/1387 
f 1317/1394/1314 551/628/548 684/761/681 
f 684/761/681 1176/1253/1173 1317/1394/1314 
f 938/1015/935 1366/1443/1363 1073/1150/1070 
f 1073/1150/1070 939/1016/936 938/1015/935 
f 1039/1116/1036 777/854/774 528/605/525 
f 1442/1519/1439 1441/1518/1438 1338/1415/1335 
f 1338/1415/1335 886/963/883 1442/1519/1439 
f 1213/1290/1210 744/821/741 837/914/834 
f 1454/1531/1451 1224/1301/1221 1340/1417/1337 
f 1344/1421/1341 1119/1196/1116 1118/1195/1115 
# 1839 faces

#
# object van_gogh_candle
#

v  32.2332 1.6967 -52.4881
v  32.5064 1.1770 -51.9020
v  31.9875 1.2386 -51.6495
v  31.7347 1.7192 -52.1916
v  32.5789 1.6754 -52.7097
v  32.8715 1.1190 -52.0822
v  32.8375 1.6166 -52.9976
v  33.1837 0.9583 -52.2552
v  33.5089 1.4777 -53.7055
v  33.9815 0.5789 -52.6919
v  34.4861 1.4264 -54.3072
v  35.0055 0.4386 -53.1934
v  35.6404 1.4840 -54.6815
v  36.1073 0.5961 -53.6802
v  36.6560 1.6388 -54.7149
v  36.9819 1.0190 -54.0159
v  36.9992 1.6997 -54.7018
v  37.2697 1.1853 -54.1218
v  37.3467 1.7259 -54.7894
v  37.5933 1.2569 -54.2605
v  37.5557 1.7273 -54.8829
v  37.8011 1.2607 -54.3567
v  37.9958 1.6996 -55.1670
v  38.2665 1.1849 -54.5866
v  38.2592 1.6133 -55.5351
v  38.6083 0.9492 -54.7863
v  38.6000 1.4768 -56.0822
v  39.0735 0.5763 -55.0668
v  39.1575 1.4264 -56.4855
v  39.6769 0.4386 -55.3717
v  39.8405 1.4791 -56.6541
v  40.3119 0.5826 -55.6432
v  40.4908 1.6214 -56.5527
v  40.8326 0.9714 -55.8197
v  40.8630 1.7064 -56.4846
v  41.1274 1.2036 -55.9175
v  41.2578 1.7410 -56.5702
v  41.4907 1.2982 -56.0708
v  41.2664 1.7411 -56.5742
v  41.4993 1.2982 -56.0748
v  41.5860 1.7067 -56.8208
v  41.8501 1.2045 -56.2544
v  41.7730 1.6218 -57.1494
v  42.1144 0.9725 -56.4172
v  42.1133 1.4792 -57.7136
v  42.5846 0.5829 -56.7029
v  42.6820 1.4264 -58.1290
v  43.2014 0.4386 -57.0151
v  43.3735 1.4804 -58.2979
v  43.8437 0.5861 -57.2895
v  44.0305 1.6260 -58.1903
v  44.3682 0.9838 -57.4662
v  44.4003 1.7105 -58.1224
v  44.6609 1.2148 -57.5633
v  44.9093 1.9968 -57.5457
v  32.2867 2.5165 -52.3732
v  31.7843 2.4775 -52.0853
v  32.6363 2.5533 -52.5867
v  32.9053 2.6552 -52.8520
v  33.6015 2.8957 -53.5068
v  34.5880 2.9846 -54.0889
v  35.7319 2.8847 -54.4852
v  36.7198 2.6167 -54.5779
v  37.0522 2.5112 -54.5881
v  37.3950 2.4658 -54.6857
v  37.6038 2.4635 -54.7798
v  38.0489 2.5115 -55.0532
v  38.3276 2.6609 -55.3883
v  38.6928 2.8973 -55.8832
v  39.2594 2.9846 -56.2672
v  39.9329 2.8933 -56.4560
v  40.5578 2.6468 -56.4090
v  40.9149 2.4996 -56.3734
v  41.3035 2.4397 -56.4723
v  41.3121 2.4397 -56.4763
v  41.6378 2.4991 -56.7098
v  41.8400 2.6461 -57.0059
v  42.2057 2.8931 -57.5155
v  42.7838 2.9846 -57.9107
v  43.4657 2.8911 -58.1003
v  44.0967 2.6390 -58.0484
v  44.4514 2.4926 -58.0128
v  32.6136 2.8166 -51.6723
v  32.0866 2.7551 -51.4371
v  32.9862 2.8747 -51.8362
v  33.3194 3.0354 -51.9641
v  34.1668 3.4148 -52.2946
v  35.2092 3.5550 -52.7567
v  36.2903 3.3975 -53.2877
v  37.1097 2.9746 -53.7419
v  37.3757 2.8083 -53.8944
v  37.6900 2.7367 -54.0531
v  37.8973 2.7330 -54.1504
v  38.3725 2.8087 -54.3591
v  38.7452 3.0444 -54.4927
v  39.2591 3.4173 -54.6687
v  39.8806 3.5550 -54.9350
v  40.4967 3.4111 -55.2469
v  40.9666 3.0222 -55.5323
v  41.2311 2.7901 -55.6953
v  41.5820 2.6955 -55.8750
v  41.5906 2.6955 -55.8790
v  41.9537 2.7892 -56.0323
v  42.2483 3.0211 -56.1302
v  42.7694 3.4107 -56.3067
v  43.4050 3.5550 -56.5785
v  44.0281 3.4075 -56.8942
v  44.5005 3.0098 -57.1823
v  44.7631 2.7789 -57.3442
v  32.8868 2.2970 -51.0863
v  32.3393 2.2744 -50.8951
v  33.2788 2.3182 -51.2087
v  33.6656 2.3771 -51.2217
v  34.6395 2.5160 -51.2810
v  35.7286 2.5673 -51.6428
v  36.7572 2.5096 -52.2864
v  37.4356 2.3548 -53.0430
v  37.6462 2.2939 -53.3143
v  37.9366 2.2677 -53.5242
v  38.1427 2.2663 -53.6242
v  38.6432 2.2941 -53.7787
v  39.0944 2.3804 -53.7438
v  39.7326 2.5169 -53.6533
v  40.4000 2.5673 -53.8211
v  40.9681 2.5146 -54.2359
v  41.3084 2.3722 -54.7993
v  41.4955 2.2872 -55.1282
v  41.8149 2.2526 -55.3756
v  41.8235 2.2526 -55.3796
v  42.2178 2.2869 -55.4660
v  42.5897 2.3718 -55.3980
v  43.2407 2.5145 -55.2960
v  43.9244 2.5673 -55.4646
v  44.4983 2.5133 -55.8858
v  44.8382 2.3677 -56.4582
v  45.0238 2.2831 -56.7852
v  32.8333 1.4772 -51.2011
v  32.2898 1.5162 -51.0013
v  33.2215 1.4404 -51.3317
v  33.5977 1.3385 -51.3672
v  34.5468 1.0980 -51.4797
v  35.6267 1.0091 -51.8612
v  36.6657 1.1089 -52.4827
v  37.3717 1.3770 -53.1800
v  37.5932 1.4824 -53.4280
v  37.8883 1.5278 -53.6279
v  38.0946 1.5302 -53.7274
v  38.5901 1.4822 -53.8925
v  39.0260 1.3328 -53.8906
v  39.6398 1.0964 -53.8523
v  40.2982 1.0091 -54.0395
v  40.8757 1.1004 -54.4341
v  41.2414 1.3468 -54.9430
v  41.4437 1.4940 -55.2394
v  41.7692 1.5540 -55.4735
v  41.7778 1.5540 -55.4775
v  42.1660 1.4946 -55.5770
v  42.5228 1.3476 -55.5415
v  43.1483 1.1006 -55.4941
v  43.8226 1.0091 -55.6830
v  44.4062 1.1026 -56.0834
v  44.7720 1.3547 -56.6002
v  44.9727 1.5011 -56.8947
v  24.9571 1.6996 -49.0870
v  25.2277 1.1849 -48.5066
v  24.7624 1.2607 -48.2767
v  24.5170 1.7273 -48.8029
v  25.2204 1.6133 -49.4551
v  25.5696 0.9492 -48.7062
v  25.5613 1.4768 -50.0021
v  26.0348 0.5763 -48.9867
v  26.1188 1.4264 -50.4055
v  26.6382 0.4386 -49.2916
v  26.8018 1.4791 -50.5741
v  27.2732 0.5826 -49.5631
v  27.4521 1.6214 -50.4726
v  27.7939 0.9714 -49.7396
v  27.8243 1.7064 -50.4045
v  28.0887 1.2036 -49.8375
v  28.2191 1.7410 -50.4902
v  28.4520 1.2982 -49.9908
v  28.2277 1.7411 -50.4942
v  28.4606 1.2982 -49.9948
v  28.5473 1.7067 -50.7407
v  28.8114 1.2045 -50.1743
v  28.7343 1.6218 -51.0693
v  29.0757 0.9726 -50.3372
v  29.0746 1.4792 -51.6336
v  29.5459 0.5829 -50.6229
v  29.6433 1.4264 -52.0489
v  30.1627 0.4386 -50.9351
v  30.3348 1.4804 -52.2179
v  30.8050 0.5861 -51.2095
v  30.9918 1.6260 -52.1103
v  31.3295 0.9838 -51.3862
v  31.3616 1.7105 -52.0423
v  31.6222 1.2148 -51.4833
v  25.0102 2.5115 -48.9732
v  24.5651 2.4635 -48.6998
v  25.2889 2.6609 -49.3083
v  25.6541 2.8973 -49.8031
v  26.2206 2.9846 -50.1871
v  26.8942 2.8933 -50.3759
v  27.5191 2.6468 -50.3289
v  27.8762 2.4996 -50.2934
v  28.2648 2.4397 -50.3923
v  28.2734 2.4397 -50.3963
v  28.5991 2.4991 -50.6297
v  28.8012 2.6461 -50.9258
v  29.1670 2.8931 -51.4355
v  29.7451 2.9846 -51.8306
v  30.4270 2.8911 -52.0202
v  31.0580 2.6390 -51.9683
v  31.4126 2.4926 -51.9327
v  25.3338 2.8087 -48.2791
v  24.8586 2.7330 -48.0704
v  25.7065 3.0444 -48.4126
v  26.2204 3.4173 -48.5886
v  26.8419 3.5550 -48.8549
v  27.4580 3.4111 -49.1668
v  27.9279 3.0222 -49.4523
v  28.1924 2.7901 -49.6152
v  28.5433 2.6955 -49.7950
v  28.5519 2.6955 -49.7990
v  28.9149 2.7892 -49.9523
v  29.2096 3.0211 -50.0501
v  29.7307 3.4107 -50.2266
v  30.3663 3.5550 -50.4984
v  30.9894 3.4075 -50.8141
v  31.4618 3.0098 -51.1023
v  31.7244 2.7789 -51.2641
v  25.6045 2.2941 -47.6987
v  25.1040 2.2663 -47.5442
v  26.0557 2.3804 -47.6638
v  26.6939 2.5169 -47.5732
v  27.3613 2.5673 -47.7411
v  27.9294 2.5146 -48.1559
v  28.2697 2.3722 -48.7193
v  28.4568 2.2872 -49.0482
v  28.7762 2.2526 -49.2956
v  28.7848 2.2526 -49.2996
v  29.1791 2.2869 -49.3859
v  29.5510 2.3718 -49.3179
v  30.2020 2.5145 -49.2159
v  30.8857 2.5673 -49.3846
v  31.4596 2.5133 -49.8057
v  31.7995 2.3677 -50.3782
v  31.9851 2.2831 -50.7051
v  25.5514 1.4822 -47.8124
v  25.0559 1.5302 -47.6473
v  25.9873 1.3328 -47.8106
v  26.6011 1.0964 -47.7723
v  27.2594 1.0091 -47.9594
v  27.8370 1.1004 -48.3540
v  28.2027 1.3468 -48.8630
v  28.4050 1.4940 -49.1593
v  28.7305 1.5540 -49.3934
v  28.7391 1.5540 -49.3975
v  29.1273 1.4946 -49.4969
v  29.4841 1.3476 -49.4615
v  30.1096 1.1006 -49.4141
v  30.7839 1.0091 -49.6029
v  31.3674 1.1026 -50.0034
v  31.7333 1.3547 -50.5201
v  31.9340 1.5011 -50.8147
v  9.8294 30.3523 -95.9542
v  10.5053 30.2426 -95.4861
v  10.4116 29.6723 -95.5396
v  9.7864 29.7738 -95.9727
v  9.8610 30.7623 -95.9558
v  10.5848 30.6448 -95.4545
v  9.8989 31.1357 -96.0671
v  10.7552 30.9967 -95.4740
v  9.9926 32.0836 -96.3203
v  11.1617 31.8937 -95.5105
v  10.0792 33.2289 -96.3025
v  11.3640 33.0203 -95.4126
v  10.1424 34.3979 -95.9784
v  11.2973 34.2104 -95.1785
v  10.1636 35.2649 -95.4267
v  10.9698 35.1340 -94.8683
v  10.1679 35.5446 -95.2182
v  10.8370 35.4360 -94.7548
v  10.1840 35.8828 -95.0980
v  10.7941 35.7837 -94.6755
v  10.1985 36.1087 -95.0626
v  10.8054 36.0101 -94.6422
v  10.2390 36.6316 -95.0664
v  10.9084 36.5229 -94.6027
v  10.2862 37.0527 -95.2472
v  11.1500 36.9125 -94.6489
v  10.3556 37.6364 -95.5448
v  11.5269 37.4462 -94.7336
v  10.4120 38.3227 -95.5887
v  11.6968 38.1141 -94.6989
v  10.4432 38.9855 -95.3494
v  11.6093 38.7962 -94.5418
v  10.4425 39.4736 -94.8854
v  11.2880 39.3363 -94.2998
v  10.4410 39.7475 -94.6108
v  11.0950 39.6412 -94.1578
v  10.4577 40.1242 -94.4618
v  11.0337 40.0306 -94.0628
v  10.4583 40.1336 -94.4604
v  11.0343 40.0400 -94.0615
v  10.4924 40.5353 -94.4995
v  11.1457 40.4292 -94.0470
v  10.5338 40.8711 -94.6884
v  11.3783 40.7340 -94.1035
v  10.6051 41.4637 -95.0018
v  11.7710 41.2744 -94.1944
v  10.6631 42.1658 -95.0503
v  11.9479 41.9572 -94.1604
v  10.6945 42.8360 -94.8063
v  11.8577 42.6472 -94.0007
v  10.6932 43.3263 -94.3329
v  11.5285 43.1907 -93.7544
v  10.6916 43.5982 -94.0598
v  11.3365 43.4935 -93.6132
v  10.6362 43.7519 -93.2426
v  9.0775 30.3523 -95.6037
v  9.0910 29.7738 -95.6484
v  9.0560 30.7623 -95.5804
v  8.9464 31.1357 -95.6229
v  8.6922 32.0836 -95.7139
v  8.6502 33.2289 -95.6361
v  8.8578 34.3979 -95.3794
v  9.2668 35.2649 -95.0085
v  9.4237 35.5446 -94.8712
v  9.5055 35.8828 -94.7816
v  9.5233 36.1087 -94.7478
v  9.4944 36.6316 -94.7192
v  9.3255 37.0527 -94.7992
v  9.0529 37.6364 -94.9373
v  8.9830 38.3227 -94.9224
v  9.1463 38.9855 -94.7446
v  9.5022 39.4736 -94.4469
v  9.7135 39.7475 -94.2716
v  9.8170 40.1242 -94.1630
v  9.8176 40.1336 -94.1617
v  9.7657 40.5353 -94.1606
v  9.5944 40.8711 -94.2504
v  9.3085 41.4637 -94.3972
v  9.2341 42.1658 -94.3839
v  9.4008 42.8360 -94.2030
v  9.7642 43.3263 -93.8997
v  9.9745 43.5982 -93.7254
v  9.0017 30.2426 -94.7849
v  9.0209 29.6723 -94.8911
v  8.9747 30.6448 -94.7037
v  8.8503 30.9967 -94.5857
v  8.5610 31.8937 -94.2978
v  8.5060 33.0203 -94.0799
v  8.7282 34.2104 -93.9805
v  9.1764 35.1340 -94.0320
v  9.3486 35.4360 -94.0608
v  9.4370 35.7837 -94.0427
v  9.4552 36.0101 -94.0126
v  9.4193 36.5229 -93.9083
v  9.2286 36.9125 -93.7529
v  8.9215 37.4463 -93.5187
v  8.8388 38.1141 -93.3662
v  9.0154 38.7962 -93.3322
v  9.4073 39.3363 -93.4228
v  9.6401 39.6413 -93.4794
v  9.7523 40.0306 -93.4652
v  9.7529 40.0400 -93.4639
v  9.6924 40.4292 -93.3693
v  9.4996 40.7340 -93.2274
v  9.1776 41.2744 -92.9851
v  9.0899 41.9572 -92.8277
v  9.2702 42.6472 -92.7941
v  9.6705 43.1907 -92.8880
v  9.9021 43.4935 -92.9444
v  9.6776 30.1328 -94.3167
v  9.6461 29.5708 -94.4581
v  9.6985 30.5273 -94.2024
v  9.7066 30.8576 -93.9926
v  9.7302 31.7039 -93.4880
v  9.7908 32.8117 -93.1901
v  9.8831 34.0229 -93.1806
v  9.9826 35.0031 -93.4736
v  10.0177 35.3273 -93.5974
v  10.0471 35.6847 -93.6201
v  10.0622 35.9115 -93.5922
v  10.0887 36.4142 -93.4447
v  10.0923 36.7722 -93.1547
v  10.0927 37.2561 -92.7075
v  10.1236 37.9055 -92.4764
v  10.1815 38.6068 -92.5246
v  10.2528 39.1990 -92.8372
v  10.2942 39.5350 -93.0264
v  10.3284 39.9371 -93.0663
v  10.3290 39.9465 -93.0650
v  10.3457 40.3231 -92.9168
v  10.3442 40.5968 -92.6425
v  10.3434 41.0851 -92.1777
v  10.3747 41.7486 -91.9379
v  10.4334 42.4583 -91.9885
v  10.5057 43.0550 -92.3095
v  10.5469 43.3887 -92.4978
v  10.4294 30.1328 -94.6673
v  10.3414 29.5708 -94.7824
v  10.5036 30.5273 -94.5778
v  10.6591 30.8576 -94.4367
v  11.0305 31.7039 -94.0944
v  11.2198 32.8117 -93.8564
v  11.1677 34.0229 -93.7796
v  10.8793 35.0031 -93.8917
v  10.7619 35.3273 -93.9444
v  10.7256 35.6847 -93.9365
v  10.7373 35.9115 -93.9070
v  10.8333 36.4142 -93.7919
v  11.0531 36.7722 -93.6027
v  11.3954 37.2561 -93.3149
v  11.5526 37.9055 -93.1427
v  11.4784 38.6068 -93.1294
v  11.1931 39.1990 -93.2757
v  11.0216 39.5350 -93.3656
v  10.9691 39.9371 -93.3650
v  10.9697 39.9465 -93.3637
v  11.0724 40.3231 -93.2557
v  11.2835 40.5968 -93.0805
v  11.6401 41.0851 -92.7823
v  11.8037 41.7486 -92.6042
v  11.7272 42.4583 -92.5918
v  11.4347 43.0550 -92.7427
v  11.2641 43.3887 -92.8322
v  8.9004 16.1346 -97.9464
v  9.5764 16.0249 -97.4782
v  9.4825 15.4519 -97.5322
v  8.8573 15.5534 -97.9652
v  8.9320 16.5446 -97.9480
v  9.6559 16.4271 -97.4467
v  8.9699 16.9180 -98.0592
v  9.8263 16.7789 -97.4661
v  9.0636 17.8658 -98.3124
v  10.2328 17.6760 -97.5027
v  9.1502 19.0112 -98.2946
v  10.4350 18.8026 -97.4048
v  9.2134 20.1802 -97.9706
v  10.3683 19.9927 -97.1707
v  9.2346 21.0472 -97.4188
v  10.0409 20.9163 -96.8604
v  9.2390 21.3269 -97.2104
v  9.9080 21.2182 -96.7470
v  9.2551 21.6651 -97.0902
v  9.8651 21.5660 -96.6676
v  9.2695 21.8909 -97.0547
v  9.8765 21.7924 -96.6343
v  9.3100 22.4139 -97.0585
v  9.9795 22.3052 -96.5949
v  9.3573 22.8350 -97.2393
v  10.2211 22.6948 -96.6411
v  9.4267 23.4187 -97.5369
v  10.5979 23.2285 -96.7257
v  9.4830 24.1050 -97.5809
v  10.7678 23.8964 -96.6911
v  9.5143 24.7678 -97.3415
v  10.6804 24.5785 -96.5339
v  9.5136 25.2559 -96.8775
v  10.3591 25.1186 -96.2919
v  9.5120 25.5297 -96.6029
v  10.1661 25.4235 -96.1499
v  9.5287 25.9064 -96.4539
v  10.1048 25.8129 -96.0549
v  9.5293 25.9158 -96.4526
v  10.1054 25.8223 -96.0536
v  9.5634 26.3176 -96.4916
v  10.2168 26.2115 -96.0392
v  9.6048 26.6534 -96.6806
v  10.4494 26.5162 -96.0956
v  9.6762 27.2460 -96.9940
v  10.8420 27.0567 -96.1865
v  9.7341 27.9481 -97.0424
v  11.0189 27.7395 -96.1526
v  9.7656 28.6183 -96.7984
v  10.9288 28.4294 -95.9928
v  9.7643 29.1086 -96.3251
v  10.5995 28.9729 -95.7466
v  9.7627 29.3804 -96.0520
v  10.4075 29.2757 -95.6054
v  8.1486 16.1346 -97.5958
v  8.1619 15.5534 -97.6409
v  8.1270 16.5446 -97.5726
v  8.0175 16.9180 -97.6151
v  7.7633 17.8658 -97.7060
v  7.7212 19.0112 -97.6283
v  7.9288 20.1802 -97.3716
v  8.3379 21.0472 -97.0007
v  8.4948 21.3269 -96.8634
v  8.5765 21.6651 -96.7738
v  8.5944 21.8909 -96.7399
v  8.5654 22.4139 -96.7113
v  8.3966 22.8350 -96.7913
v  8.1240 23.4187 -96.9295
v  8.0540 24.1050 -96.9146
v  8.2173 24.7678 -96.7368
v  8.5732 25.2559 -96.4390
v  8.7846 25.5297 -96.2637
v  8.8880 25.9064 -96.1551
v  8.8886 25.9158 -96.1538
v  8.8368 26.3176 -96.1528
v  8.6655 26.6534 -96.2425
v  8.3795 27.2460 -96.3893
v  8.3051 27.9481 -96.3761
v  8.4718 28.6183 -96.1952
v  8.8353 29.1086 -95.8919
v  9.0455 29.3804 -95.7176
v  8.0727 16.0249 -96.7771
v  8.0917 15.4519 -96.8837
v  8.0458 16.4271 -96.6959
v  7.9213 16.7789 -96.5779
v  7.6320 17.6760 -96.2899
v  7.5770 18.8026 -96.0721
v  7.7992 19.9927 -95.9727
v  8.2474 20.9163 -96.0241
v  8.4197 21.2182 -96.0529
v  8.5080 21.5660 -96.0348
v  8.5263 21.7924 -96.0047
v  8.4903 22.3052 -95.9005
v  8.2996 22.6948 -95.7451
v  7.9925 23.2285 -95.5108
v  7.9098 23.8964 -95.3584
v  8.0865 24.5785 -95.3244
v  8.4783 25.1186 -95.4149
v  8.7112 25.4235 -95.4715
v  8.8233 25.8129 -95.4574
v  8.8240 25.8223 -95.4561
v  8.7635 26.2115 -95.3615
v  8.5707 26.5163 -95.2196
v  8.2487 27.0567 -94.9772
v  8.1609 27.7395 -94.8199
v  8.3413 28.4294 -94.7863
v  8.7415 28.9729 -94.8802
v  8.9731 29.2757 -94.9365
v  8.7487 15.9151 -96.3089
v  8.7169 15.3504 -96.4507
v  8.7696 16.3096 -96.1946
v  8.7777 16.6399 -95.9847
v  8.8012 17.4861 -95.4802
v  8.8618 18.5939 -95.1822
v  8.9542 19.8051 -95.1728
v  9.0536 20.7854 -95.4657
v  9.0888 21.1096 -95.5895
v  9.1181 21.4670 -95.6123
v  9.1332 21.6938 -95.5843
v  9.1597 22.1965 -95.4368
v  9.1634 22.5545 -95.1468
v  9.1638 23.0383 -94.6996
v  9.1946 23.6877 -94.4685
v  9.2525 24.3891 -94.5167
v  9.3238 24.9813 -94.8294
v  9.3652 25.3173 -95.0185
v  9.3994 25.7194 -95.0584
v  9.4000 25.7288 -95.0571
v  9.4168 26.1054 -94.9090
v  9.4152 26.3791 -94.6347
v  9.4145 26.8674 -94.1698
v  9.4457 27.5309 -93.9300
v  9.5045 28.2406 -93.9807
v  9.5768 28.8373 -94.3017
v  9.6179 29.1710 -94.4899
v  9.5005 15.9151 -96.6595
v  9.4123 15.3504 -96.7749
v  9.5746 16.3096 -96.5700
v  9.7301 16.6399 -96.4289
v  10.1016 17.4861 -96.0865
v  10.2908 18.5939 -95.8486
v  10.2387 19.8051 -95.7718
v  9.9504 20.7854 -95.8839
v  9.8330 21.1096 -95.9365
v  9.7967 21.4670 -95.9287
v  9.8084 21.6938 -95.8991
v  9.9043 22.1965 -95.7840
v  10.1241 22.5545 -95.5948
v  10.4665 23.0383 -95.3071
v  10.6236 23.6877 -95.1349
v  10.5495 24.3891 -95.1215
v  10.2642 24.9813 -95.2679
v  10.0927 25.3173 -95.3577
v  10.0401 25.7194 -95.3572
v  10.0407 25.7288 -95.3559
v  10.1434 26.1054 -95.2478
v  10.3546 26.3791 -95.0727
v  10.7111 26.8674 -94.7744
v  10.8747 27.5309 -94.5964
v  10.7982 28.2406 -94.5839
v  10.5058 28.8373 -94.7349
v  10.3351 29.1710 -94.8244
v  7.9711 1.9116 -99.9393
v  8.6470 1.8018 -99.4711
v  8.6137 1.2405 -99.5513
v  7.9348 1.3508 -100.0216
v  8.0027 2.3215 -99.9409
v  8.7265 2.2040 -99.4396
v  8.0406 2.6949 -100.0521
v  8.8970 2.5559 -99.4590
v  8.1343 3.6428 -100.3053
v  9.3035 3.4529 -99.4956
v  8.2209 4.7881 -100.2875
v  9.5057 4.5795 -99.3977
v  8.2841 5.9571 -99.9635
v  9.4390 5.7696 -99.1636
v  8.3053 6.8241 -99.4117
v  9.1115 6.6932 -98.8533
v  8.3096 7.1038 -99.2033
v  8.9787 6.9952 -98.7399
v  8.3257 7.4420 -99.0831
v  8.9358 7.3429 -98.6605
v  8.3402 7.6679 -99.0476
v  8.9472 7.5693 -98.6272
v  8.3807 8.1908 -99.0514
v  9.0501 8.0821 -98.5878
v  8.4280 8.6120 -99.2322
v  9.2917 8.4717 -98.6340
v  8.4974 9.1956 -99.5298
v  9.6686 9.0055 -98.7187
v  8.5537 9.8819 -99.5738
v  9.8385 9.6733 -98.6840
v  8.5850 10.5447 -99.3344
v  9.7511 10.3554 -98.5268
v  8.5843 11.0328 -98.8704
v  9.4298 10.8955 -98.2849
v  8.5827 11.3067 -98.5958
v  9.2368 11.2005 -98.1428
v  8.5994 11.6834 -98.4468
v  9.1755 11.5898 -98.0478
v  8.6000 11.6928 -98.4455
v  9.1761 11.5992 -98.0465
v  8.6341 12.0945 -98.4846
v  9.2874 11.9884 -98.0321
v  8.6755 12.4303 -98.6735
v  9.5201 12.2932 -98.0885
v  8.7469 13.0229 -98.9869
v  9.9127 12.8336 -98.1794
v  8.8048 13.7251 -99.0353
v  10.0896 13.5164 -98.1455
v  8.8363 14.3952 -98.7913
v  9.9994 14.2064 -97.9857
v  8.8350 14.8855 -98.3180
v  9.6702 14.7499 -97.7395
v  8.8334 15.1574 -98.0449
v  9.4782 15.0527 -97.5983
v  7.2193 1.9116 -99.5887
v  7.1796 1.3508 -99.6694
v  7.1977 2.3215 -99.5655
v  7.0882 2.6949 -99.6080
v  6.8340 3.6428 -99.6989
v  6.7919 4.7881 -99.6212
v  6.9995 5.9571 -99.3645
v  7.4086 6.8241 -98.9936
v  7.5655 7.1038 -98.8563
v  7.6472 7.4420 -98.7667
v  7.6651 7.6679 -98.7328
v  7.6361 8.1908 -98.7042
v  7.4672 8.6120 -98.7842
v  7.1946 9.1956 -98.9224
v  7.1247 9.8819 -98.9075
v  7.2880 10.5447 -98.7297
v  7.6439 11.0328 -98.4319
v  7.8553 11.3067 -98.2566
v  7.9587 11.6834 -98.1480
v  7.9593 11.6928 -98.1467
v  7.9075 12.0945 -98.1457
v  7.7362 12.4303 -98.2355
v  7.4502 13.0229 -98.3822
v  7.3758 13.7251 -98.3690
v  7.5425 14.3952 -98.1881
v  7.9060 14.8855 -97.8848
v  8.1162 15.1574 -97.7105
v  7.1434 1.8018 -98.7700
v  7.1034 1.2405 -98.8471
v  7.1165 2.2040 -98.6888
v  6.9920 2.5559 -98.5708
v  6.7027 3.4529 -98.2828
v  6.6477 4.5795 -98.0650
v  6.8699 5.7696 -97.9656
v  7.3181 6.6932 -98.0170
v  7.4904 6.9952 -98.0458
v  7.5787 7.3429 -98.0277
v  7.5970 7.5693 -97.9976
v  7.5610 8.0821 -97.8934
v  7.3703 8.4717 -97.7380
v  7.0632 9.0055 -97.5037
v  6.9805 9.6733 -97.3513
v  7.1571 10.3554 -97.3173
v  7.5490 10.8955 -97.4079
v  7.7819 11.2005 -97.4644
v  7.8940 11.5898 -97.4503
v  7.8947 11.5992 -97.4490
v  7.8341 11.9884 -97.3544
v  7.6414 12.2932 -97.2125
v  7.3194 12.8336 -96.9702
v  7.2316 13.5164 -96.8128
v  7.4120 14.2064 -96.7792
v  7.8122 14.7499 -96.8731
v  8.0438 15.0527 -96.9294
v  7.8194 1.6920 -98.3018
v  7.7824 1.1303 -98.3768
v  7.8403 2.0865 -98.1875
v  7.8484 2.4168 -97.9777
v  7.8719 3.2631 -97.4731
v  7.9325 4.3709 -97.1751
v  8.0249 5.5821 -97.1657
v  8.1243 6.5623 -97.4586
v  8.1595 6.8865 -97.5824
v  8.1888 7.2439 -97.6052
v  8.2039 7.4707 -97.5772
v  8.2304 7.9734 -97.4297
v  8.2341 8.3314 -97.1397
v  8.2344 8.8153 -96.6925
v  8.2653 9.4647 -96.4614
v  8.3232 10.1660 -96.5096
v  8.3945 10.7582 -96.8223
v  8.4359 11.0943 -97.0114
v  8.4701 11.4963 -97.0513
v  8.4707 11.5057 -97.0500
v  8.4875 11.8823 -96.9019
v  8.4859 12.1560 -96.6276
v  8.4852 12.6443 -96.1627
v  8.5164 13.3078 -95.9229
v  8.5752 14.0175 -95.9736
v  8.6475 14.6142 -96.2946
v  8.6886 14.9480 -96.4828
v  8.5712 1.6920 -98.6524
v  8.5375 1.1303 -98.7290
v  8.6453 2.0865 -98.5629
v  8.8008 2.4168 -98.4218
v  9.1723 3.2631 -98.0795
v  9.3615 4.3709 -97.8415
v  9.3094 5.5821 -97.7647
v  9.0211 6.5623 -97.8768
v  8.9036 6.8865 -97.9295
v  8.8673 7.2439 -97.9216
v  8.8790 7.4707 -97.8920
v  8.9750 7.9734 -97.7769
v  9.1948 8.3314 -97.5877
v  9.5371 8.8153 -97.3000
v  9.6943 9.4647 -97.1278
v  9.6202 10.1660 -97.1144
v  9.3349 10.7582 -97.2608
v  9.1634 11.0943 -97.3506
v  9.1108 11.4963 -97.3501
v  9.1114 11.5057 -97.3488
v  9.2141 11.8823 -97.2407
v  9.4253 12.1560 -97.0656
v  9.7818 12.6443 -96.7673
v  9.9454 13.3078 -96.5893
v  9.8689 14.0175 -96.5768
v  9.5765 14.6142 -96.7278
v  9.4058 14.9480 -96.8173
v  -53.7525 2.8390 -11.0486
v  -54.0794 2.5389 -11.7494
v  -53.5524 2.6005 -11.9847
v  -53.2501 2.8781 -11.3364
v  -54.1021 2.8023 -10.8351
v  -54.4520 2.4809 -11.5856
v  -54.3712 2.7004 -10.5697
v  -54.7852 2.3201 -11.4576
v  -55.0674 2.4599 -9.9149
v  -55.6327 1.9407 -11.1272
v  -56.0538 2.3710 -9.3329
v  -56.6750 1.8005 -10.6651
v  -57.1977 2.4708 -8.9365
v  -57.7561 1.9580 -10.1341
v  -58.1857 2.7389 -8.8439
v  -58.5755 2.3809 -9.6798
v  -58.5180 2.8443 -8.8336
v  -58.8415 2.5472 -9.5274
v  -58.8608 2.8897 -8.7361
v  -59.1558 2.6188 -9.3686
v  -59.0697 2.8921 -8.6419
v  -59.3631 2.6225 -9.2713
v  -59.5147 2.8440 -8.3685
v  -59.8384 2.5468 -9.0626
v  -59.7934 2.6946 -8.0334
v  -60.2110 2.3111 -8.9291
v  -60.1586 2.4583 -7.5386
v  -60.7249 1.9382 -8.7530
v  -60.7252 2.3710 -7.1546
v  -61.3464 1.8005 -8.4867
v  -61.3987 2.4622 -6.9658
v  -61.9625 1.9445 -8.1749
v  -62.0236 2.7087 -7.0127
v  -62.4324 2.3333 -7.8894
v  -62.3807 2.8559 -7.0483
v  -62.6969 2.5655 -7.7265
v  -62.7693 2.9158 -6.9494
v  -63.0478 2.6600 -7.5467
v  -62.7779 2.9158 -6.9454
v  -63.0564 2.6601 -7.5427
v  -63.1036 2.8564 -6.7120
v  -63.4195 2.5663 -7.3894
v  -63.3058 2.7094 -6.4159
v  -63.7141 2.3344 -7.2916
v  -63.6715 2.4624 -5.9062
v  -64.2352 1.9448 -7.1151
v  -64.2496 2.3710 -5.5111
v  -64.8708 1.8005 -6.8433
v  -64.9315 2.4645 -5.3215
v  -65.4939 1.9480 -6.5276
v  -65.5625 2.7166 -5.3734
v  -65.9664 2.3457 -6.2394
v  -65.9172 2.8630 -5.4090
v  -66.2289 2.5767 -6.0776
v  -66.4046 3.3587 -5.8623
v  -53.6990 3.6588 -10.9337
v  -53.2006 3.6363 -11.2302
v  -54.0447 3.6801 -10.7121
v  -54.3033 3.7389 -10.4242
v  -54.9747 3.8778 -9.7162
v  -55.9520 3.9292 -9.1145
v  -57.1062 3.8715 -8.7403
v  -58.1218 3.7167 -8.7068
v  -58.4650 3.6558 -8.7199
v  -58.8125 3.6296 -8.6324
v  -59.0216 3.6282 -8.5388
v  -59.4616 3.6559 -8.2547
v  -59.7250 3.7422 -7.8866
v  -60.0658 3.8788 -7.3396
v  -60.6234 3.9292 -6.9362
v  -61.3063 3.8765 -6.7676
v  -61.9567 3.7341 -6.8691
v  -62.3289 3.6491 -6.9372
v  -62.7236 3.6145 -6.8515
v  -62.7323 3.6145 -6.8475
v  -63.0518 3.6488 -6.6010
v  -63.2388 3.7337 -6.2724
v  -63.5791 3.8763 -5.7081
v  -64.1478 3.9292 -5.2928
v  -64.8393 3.8752 -5.1238
v  -65.4963 3.7296 -5.2314
v  -65.8661 3.6450 -5.2994
v  -53.9722 4.1785 -11.5197
v  -53.4533 4.1169 -11.7722
v  -54.3373 4.2365 -11.3396
v  -54.6495 4.3973 -11.1666
v  -55.4474 4.7767 -10.7298
v  -56.4714 4.9169 -10.2284
v  -57.5731 4.7594 -9.7415
v  -58.4477 4.3365 -9.4058
v  -58.7355 4.1702 -9.3000
v  -59.0591 4.0986 -9.1613
v  -59.2669 4.0949 -9.0650
v  -59.7323 4.1706 -8.8351
v  -60.0742 4.4063 -8.6355
v  -60.5393 4.7792 -8.3550
v  -61.1428 4.9169 -8.0501
v  -61.7777 4.7729 -7.7786
v  -62.2985 4.3841 -7.6021
v  -62.5933 4.1519 -7.5042
v  -62.9565 4.0574 -7.3509
v  -62.9651 4.0573 -7.3469
v  -63.3159 4.1511 -7.1674
v  -63.5803 4.3830 -7.0045
v  -64.0504 4.7726 -6.7188
v  -64.6672 4.9169 -6.4066
v  -65.3096 4.7694 -6.1322
v  -65.8340 4.3717 -5.9555
v  -66.1268 4.1407 -5.8584
v  -54.2991 3.8784 -12.2206
v  -53.7556 3.8393 -12.4205
v  -54.6873 3.9151 -12.0901
v  -55.0635 4.0170 -12.0545
v  -56.0127 4.2575 -11.9421
v  -57.0926 4.3464 -11.5606
v  -58.1315 4.2466 -10.9390
v  -58.8375 3.9785 -10.2418
v  -59.0590 3.8731 -9.9938
v  -59.3541 3.8277 -9.7939
v  -59.5604 3.8253 -9.6944
v  -60.0559 3.8734 -9.5293
v  -60.4918 4.0228 -9.5311
v  -61.1056 4.2591 -9.5694
v  -61.7640 4.3464 -9.3823
v  -62.3415 4.2552 -8.9876
v  -62.7072 4.0087 -8.4787
v  -62.9095 3.8615 -8.1824
v  -63.2351 3.8016 -7.9482
v  -63.2437 3.8016 -7.9442
v  -63.6318 3.8610 -7.8448
v  -63.9886 4.0080 -7.8802
v  -64.6141 4.2550 -7.9276
v  -65.2884 4.3464 -7.7388
v  -65.8720 4.2529 -7.3383
v  -66.2378 4.0008 -6.8216
v  -66.4385 3.8544 -6.5270
v  -54.3526 3.0586 -12.3355
v  -53.8051 3.0811 -12.5267
v  -54.7446 3.0373 -12.2131
v  -55.1314 2.9785 -12.2000
v  -56.1053 2.8396 -12.1408
v  -57.1944 2.7882 -11.7789
v  -58.2230 2.8459 -11.1353
v  -58.9014 3.0007 -10.3788
v  -59.1120 3.0616 -10.1075
v  -59.4024 3.0878 -9.8975
v  -59.6085 3.0892 -9.7975
v  -60.1090 3.0615 -9.6430
v  -60.5602 2.9752 -9.6779
v  -61.1984 2.8386 -9.7685
v  -61.8658 2.7882 -9.6006
v  -62.4339 2.8409 -9.1858
v  -62.7742 2.9833 -8.6224
v  -62.9613 3.0683 -8.2935
v  -63.2807 3.1029 -8.0461
v  -63.2893 3.1029 -8.0421
v  -63.6836 3.0686 -7.9558
v  -64.0555 2.9837 -8.0238
v  -64.7065 2.8411 -8.1257
v  -65.3902 2.7882 -7.9571
v  -65.9641 2.8422 -7.5360
v  -66.3040 2.9878 -6.9635
v  -66.4896 3.0724 -6.6366
v  -46.7547 2.6946 -14.1135
v  -47.1723 2.3111 -15.0091
v  -46.7997 2.5468 -15.1427
v  -46.4760 2.8440 -14.4486
v  -47.1199 2.4583 -13.6186
v  -47.6862 1.9382 -14.8331
v  -47.6865 2.3710 -13.2346
v  -48.3077 1.8005 -14.5668
v  -48.3600 2.4622 -13.0458
v  -48.9238 1.9445 -14.2549
v  -48.9849 2.7087 -13.0928
v  -49.3937 2.3333 -13.9695
v  -49.3420 2.8559 -13.1284
v  -49.6582 2.5655 -13.8065
v  -49.7306 2.9158 -13.0295
v  -50.0091 2.6600 -13.6268
v  -49.7392 2.9158 -13.0255
v  -50.0177 2.6601 -13.6228
v  -50.0649 2.8564 -12.7920
v  -50.3808 2.5663 -13.4695
v  -50.2671 2.7094 -12.4959
v  -50.6754 2.3344 -13.3716
v  -50.6328 2.4624 -11.9863
v  -51.1965 1.9448 -13.1951
v  -51.2109 2.3710 -11.5911
v  -51.8321 1.8005 -12.9233
v  -51.8928 2.4645 -11.4015
v  -52.4552 1.9480 -12.6076
v  -52.5238 2.7166 -11.4534
v  -52.9276 2.3457 -12.3195
v  -52.8785 2.8630 -11.4890
v  -53.1902 2.5767 -12.1576
v  -46.6863 3.7422 -13.9667
v  -46.4229 3.6559 -14.3348
v  -47.0271 3.8788 -13.4196
v  -47.5846 3.9292 -13.0163
v  -48.2676 3.8765 -12.8477
v  -48.9179 3.7341 -12.9491
v  -49.2901 3.6491 -13.0172
v  -49.6849 3.6145 -12.9316
v  -49.6936 3.6145 -12.9276
v  -50.0131 3.6488 -12.6810
v  -50.2001 3.7337 -12.3524
v  -50.5404 3.8763 -11.7882
v  -51.1091 3.9292 -11.3728
v  -51.8006 3.8752 -11.2039
v  -52.4576 3.7296 -11.3115
v  -52.8274 3.6450 -11.3794
v  -47.0354 4.4063 -14.7155
v  -46.6936 4.1706 -14.9152
v  -47.5006 4.7792 -14.4350
v  -48.1040 4.9169 -14.1301
v  -48.7390 4.7729 -13.8586
v  -49.2597 4.3841 -13.6821
v  -49.5546 4.1519 -13.5842
v  -49.9178 4.0574 -13.4310
v  -49.9264 4.0573 -13.4270
v  -50.2772 4.1511 -13.2474
v  -50.5416 4.3830 -13.0846
v  -51.0117 4.7726 -12.7989
v  -51.6285 4.9169 -12.4867
v  -52.2708 4.7694 -12.2123
v  -52.7953 4.3717 -12.0356
v  -53.0880 4.1407 -11.9385
v  -47.4531 4.0228 -15.6112
v  -47.0172 3.8734 -15.6093
v  -48.0669 4.2591 -15.6495
v  -48.7253 4.3464 -15.4623
v  -49.3028 4.2552 -15.0677
v  -49.6685 4.0087 -14.5588
v  -49.8708 3.8615 -14.2624
v  -50.1963 3.8016 -14.0283
v  -50.2050 3.8016 -14.0243
v  -50.5931 3.8610 -13.9248
v  -50.9499 4.0080 -13.9603
v  -51.5754 4.2550 -14.0077
v  -52.2497 4.3464 -13.8188
v  -52.8333 4.2529 -13.4184
v  -53.1991 4.0008 -12.9016
v  -53.3998 3.8544 -12.6071
v  -47.5215 2.9752 -15.7580
v  -47.0703 3.0615 -15.7231
v  -48.1597 2.8386 -15.8485
v  -48.8271 2.7882 -15.6806
v  -49.3952 2.8409 -15.2659
v  -49.7355 2.9833 -14.7025
v  -49.9226 3.0683 -14.3736
v  -50.2420 3.1029 -14.1262
v  -50.2506 3.1029 -14.1222
v  -50.6449 3.0686 -14.0359
v  -51.0168 2.9837 -14.1038
v  -51.6678 2.8411 -14.2058
v  -52.3515 2.7882 -14.0372
v  -52.9254 2.8422 -13.6160
v  -53.2653 2.9878 -13.0436
v  -53.4509 3.0724 -12.7166
v  41.4136 5.3442 -87.1336
v  46.6416 4.4953 -83.5128
v  47.4143 3.1940 -84.0951
v  41.4152 4.1681 -88.2501
v  41.4121 6.5204 -86.0171
v  45.8688 5.7967 -82.9305
v  41.2516 6.2881 -84.2847
v  44.2780 5.7967 -82.1886
v  41.2141 6.4076 -83.7182
v  43.7950 5.9885 -81.9307
v  41.2147 6.8693 -83.2940
v  43.5042 6.4975 -81.7083
v  41.2768 8.6334 -82.4017
v  43.0436 8.3465 -81.1780
v  41.3143 9.2558 -82.2761
v  43.0500 8.9740 -81.0740
v  41.3764 9.8790 -82.4488
v  43.3228 9.5630 -81.1007
v  41.4921 10.9841 -82.8219
v  43.8663 10.5986 -81.1775
v  41.5892 12.2284 -82.8387
v  44.1183 11.8177 -81.0871
v  41.6575 13.5962 -82.3914
v  43.9794 13.2192 -80.7832
v  41.6685 14.6414 -81.5495
v  43.4269 14.3559 -80.3317
v  41.6711 15.1502 -81.1062
v  43.1280 14.9136 -80.0972
v  41.7002 15.7831 -80.8690
v  43.0368 15.5661 -79.9433
v  41.7590 16.6914 -80.7344
v  43.0896 16.4753 -79.8129
v  41.8121 17.3582 -80.7572
v  43.2369 17.1268 -79.7704
v  41.8786 17.9705 -80.9934
v  43.5644 17.6968 -79.8259
v  42.0427 19.5236 -81.5356
v  44.3442 19.1499 -79.9416
v  42.1875 21.3855 -81.5557
v  44.7166 20.9748 -79.8040
v  42.2848 23.2718 -80.9759
v  44.5583 22.9026 -79.4013
v  42.3055 24.6564 -79.9349
v  43.8925 24.3987 -78.8357
v  42.3071 25.1017 -79.5393
v  43.6242 24.8879 -78.6271
v  42.3309 25.6462 -79.3197
v  43.5318 25.4512 -78.4879
v  42.3542 26.0119 -79.2609
v  43.5490 25.8179 -78.4334
v  42.4222 26.8625 -79.2935
v  43.7401 26.6486 -78.3808
v  42.5064 27.5558 -79.6684
v  44.2068 27.2797 -78.4907
v  42.6308 28.5187 -80.2803
v  44.9365 28.1443 -78.6835
v  42.7266 29.6368 -80.3995
v  45.2557 29.2261 -78.6478
v  42.7726 30.7038 -79.9616
v  45.0680 30.3310 -78.3718
v  42.7589 31.4762 -79.0746
v  44.4232 31.2060 -77.9219
v  42.7489 31.9090 -78.5490
v  44.0364 31.6999 -77.6572
v  42.7729 32.5148 -78.2747
v  43.9069 32.3306 -77.4893
v  42.7739 32.5300 -78.2725
v  43.9078 32.3459 -77.4871
v  42.8321 33.1851 -78.3684
v  44.1182 32.9763 -77.4777
v  42.9066 33.7399 -78.7552
v  44.5691 33.4700 -77.6037
v  43.0348 34.7181 -79.3985
v  45.3297 34.3454 -77.8091
v  43.1334 35.8622 -79.5272
v  45.6625 35.4515 -77.7756
v  43.1795 36.9409 -79.0807
v  45.4692 36.5691 -77.4948
v  43.1646 37.7165 -78.1754
v  44.8088 37.4495 -77.0366
v  43.1546 38.1461 -77.6526
v  44.4239 37.9400 -76.7735
v  43.1794 38.7505 -77.3897
v  44.3042 38.5679 -76.6106
v  43.2055 39.1397 -77.3435
v  44.3371 38.9559 -76.5597
v  43.2590 39.7004 -77.4703
v  44.5571 39.4896 -76.5713
v  43.3167 39.9827 -77.9065
v  45.0003 39.7093 -76.7404
v  43.3616 40.0477 -78.3913
v  45.4454 39.7093 -76.9480
v  43.4342 40.8976 -78.4793
v  45.6859 40.5319 -76.9198
v  43.5429 41.9865 -78.7825
v  46.1639 41.5609 -76.9672
v  43.6422 42.8410 -79.1914
v  46.6917 42.3458 -77.0794
v  43.7280 43.6758 -79.4542
v  47.0852 43.1307 -77.1290
v  43.7284 43.8971 -79.2520
v  46.9468 43.3745 -77.0229
v  43.2580 41.7037 -75.5878
v  35.5990 5.3442 -84.4222
v  34.7427 4.1681 -85.1387
v  36.4552 6.5204 -83.7057
v  37.8855 6.2881 -82.7151
v  38.3436 6.4076 -82.3796
v  38.6682 6.8693 -82.1065
v  39.3118 8.6334 -81.4854
v  39.3839 9.2558 -81.3759
v  39.2117 9.8790 -81.4393
v  38.8515 10.9841 -81.5905
v  38.7762 12.2284 -81.5270
v  39.0750 13.5962 -81.1871
v  39.7128 14.6414 -80.6375
v  40.0507 15.1502 -80.3506
v  40.2137 15.7831 -80.1758
v  40.2790 16.6914 -80.0443
v  40.2274 17.3582 -80.0183
v  40.0037 17.9705 -80.1191
v  39.4829 19.5236 -80.3420
v  39.3745 21.3855 -80.2439
v  39.7561 23.2718 -79.7968
v  40.5403 24.6564 -79.1117
v  40.8422 25.1017 -78.8562
v  40.9952 25.6463 -78.6968
v  41.0252 26.0119 -78.6412
v  40.9565 26.8626 -78.6100
v  40.6152 27.5558 -78.7865
v  40.0665 28.5187 -79.0846
v  39.9136 29.6368 -79.0878
v  40.2195 30.7038 -78.7711
v  40.9078 31.4762 -78.2114
v  41.3169 31.9090 -77.8812
v  41.5116 32.5148 -77.6865
v  41.5126 32.5300 -77.6844
v  41.4017 33.1851 -77.7014
v  41.0575 33.7399 -77.8929
v  40.4823 34.7181 -78.2083
v  40.3204 35.8622 -78.2155
v  40.6328 36.9409 -77.8931
v  41.3359 37.7165 -77.3226
v  41.7428 38.1461 -76.9943
v  41.9283 38.7505 -76.8063
v  41.9468 39.1397 -76.7566
v  41.8153 39.7004 -76.7971
v  41.4441 39.9827 -77.0333
v  41.0439 40.0477 -77.3105
v  40.9297 40.8976 -77.3115
v  40.6277 41.9865 -77.4231
v  40.2505 42.8410 -77.6099
v  39.9941 43.6758 -77.7130
v  40.1487 43.8971 -77.5828
v  35.0122 4.4953 -78.0899
v  34.0694 3.1940 -77.8723
v  35.9550 5.7967 -78.3076
v  37.5458 5.7967 -79.0494
v  38.0539 5.9885 -79.2536
v  38.4112 6.4975 -79.3334
v  39.1135 8.3465 -79.3454
v  39.1891 8.9740 -79.2736
v  38.9932 9.5630 -79.0818
v  38.5850 10.5986 -78.7148
v  38.4923 11.8177 -78.4636
v  38.8144 13.2192 -78.3747
v  39.5155 14.3559 -78.5078
v  39.8872 14.9136 -78.5860
v  40.0637 15.5661 -78.5570
v  40.1297 16.4753 -78.4326
v  40.0675 17.1268 -78.2925
v  39.8145 17.6968 -78.0773
v  39.2246 19.1499 -77.5543
v  39.0906 20.9748 -77.1806
v  39.5009 22.9026 -77.0430
v  40.3621 24.3987 -77.1894
v  40.6944 24.8879 -77.2609
v  40.8604 25.4512 -77.2422
v  40.8911 25.8179 -77.1940
v  40.8086 26.6486 -77.0138
v  40.4244 27.2797 -76.7270
v  39.8077 28.1443 -76.2919
v  39.6298 29.2261 -76.0244
v  39.9619 30.3310 -75.9908
v  40.7210 31.2060 -76.1955
v  41.1724 31.6999 -76.3218
v  41.3843 32.3306 -76.3130
v  41.3854 32.3459 -76.3109
v  41.2574 32.9763 -76.1437
v  40.8709 33.4700 -75.8792
v  40.2248 34.3454 -75.4286
v  40.0365 35.4515 -75.1521
v  40.3758 36.5691 -75.1197
v  41.1513 37.4495 -75.3311
v  41.6003 37.9400 -75.4568
v  41.8020 38.5679 -75.4438
v  41.8198 38.9559 -75.3859
v  41.6696 39.4896 -75.2248
v  41.2552 39.7093 -74.9941
v  40.8100 39.7093 -74.7865
v  40.6770 40.5319 -74.5841
v  40.3335 41.5609 -74.2484
v  39.9082 42.3458 -73.9162
v  39.6173 43.1307 -73.6467
v  39.7875 43.3745 -73.6845
v  43.2580 41.7038 -75.5878
v  40.2402 3.6464 -74.4691
v  40.0686 2.2198 -73.7173
v  40.4117 5.0730 -75.2209
v  40.5723 5.3052 -76.9533
v  40.6348 5.5694 -77.4660
v  40.7008 6.1257 -77.7477
v  40.8802 8.0596 -78.1218
v  40.9247 8.6922 -78.0715
v  40.9396 9.2469 -77.7338
v  40.9592 10.2131 -77.0705
v  41.0215 11.4071 -76.7120
v  41.1363 12.8422 -76.7666
v  41.2738 14.0704 -77.2899
v  41.3441 14.6771 -77.5770
v  41.4002 15.3491 -77.6313
v  41.4603 16.2592 -77.5110
v  41.4923 16.8955 -77.3057
v  41.5003 17.4231 -76.9098
v  41.5261 18.7762 -75.9603
v  41.6198 20.5641 -75.4289
v  41.7744 22.5335 -75.4684
v  41.9492 24.1410 -76.0902
v  42.0115 24.6740 -76.3486
v  42.0613 25.2562 -76.4104
v  42.0860 25.6239 -76.3664
v  42.1264 26.4346 -76.1011
v  42.1247 27.0036 -75.5493
v  42.1133 27.7699 -74.6951
v  42.1589 28.8154 -74.2728
v  42.2573 29.9583 -74.4010
v  42.3853 30.9357 -75.0428
v  42.4599 31.4908 -75.4301
v  42.5183 32.1465 -75.5276
v  42.5193 32.1617 -75.5255
v  42.5434 32.7675 -75.2529
v  42.5334 33.2000 -74.7278
v  42.5197 33.9728 -73.8391
v  42.5657 35.0408 -73.4005
v  42.6655 36.1973 -73.5338
v  42.7955 37.1825 -74.1924
v  42.8696 37.7339 -74.5777
v  42.9269 38.3852 -74.6647
v  42.9515 38.7722 -74.6021
v  42.9677 39.2788 -74.3257
v  42.9387 39.4359 -73.8280
v  42.8938 39.3709 -73.3432
v  42.9287 40.1663 -73.0246
v  42.9545 41.1353 -72.4331
v  42.9577 41.8506 -71.8042
v  42.9745 42.5855 -71.3215
v  43.0060 42.8519 -71.4554
v  46.0548 3.6464 -77.1805
v  46.7410 2.2198 -76.8287
v  45.3686 5.0730 -77.5323
v  43.9383 5.3052 -78.5229
v  43.5054 5.5694 -78.8046
v  43.2472 6.1257 -78.9351
v  42.8453 8.0596 -79.0381
v  42.8552 8.6922 -78.9717
v  43.1044 9.2469 -78.7433
v  43.5999 10.2131 -78.3018
v  43.8345 11.4071 -78.0237
v  43.7188 12.8422 -77.9708
v  43.2295 14.0704 -78.2019
v  42.9645 14.6771 -78.3326
v  42.8868 15.3491 -78.3245
v  42.9403 16.2592 -78.2012
v  43.0770 16.8955 -78.0446
v  43.3752 17.4231 -77.7841
v  44.0859 18.7762 -77.1540
v  44.4328 20.5641 -76.7406
v  44.3031 22.5335 -76.6476
v  43.7144 24.1410 -76.9133
v  43.4764 24.6740 -77.0318
v  43.3970 25.2562 -77.0333
v  43.4149 25.6239 -76.9861
v  43.5922 26.4346 -76.7846
v  44.0159 27.0036 -76.4312
v  44.6777 27.7699 -75.8909
v  44.9719 28.8154 -75.5845
v  44.8104 29.9583 -75.5915
v  44.2365 30.9357 -75.9060
v  43.8919 31.4908 -76.0978
v  43.7796 32.1465 -76.1157
v  43.7806 32.1617 -76.1136
v  43.9739 32.7675 -75.9199
v  44.3826 33.2000 -75.5900
v  45.0722 33.9728 -75.0294
v  45.3786 35.0408 -74.7122
v  45.2123 36.1973 -74.7214
v  44.6242 37.1825 -75.0451
v  44.2814 37.7339 -75.2360
v  44.1780 38.3852 -75.2481
v  44.2101 38.7722 -75.1890
v  44.4114 39.2788 -74.9990
v  44.8113 39.4359 -74.7012
v  45.2116 39.3709 -74.4240
v  45.4332 40.1663 -74.1925
v  45.8697 41.1353 -73.7925
v  46.3494 41.8506 -73.3858
v  46.7084 42.5855 -73.0627
v  46.5856 42.8519 -73.1246
v  45.1038 43.7285 -76.2324
v  46.1537 42.4717 -76.9459
v  44.3841 42.8126 -78.5539
v  44.0358 43.9501 -77.2041
v  42.5782 43.9951 -77.1468
v  41.9758 42.9538 -78.4387
v  41.5847 43.8372 -76.0940
v  40.3394 42.8126 -76.6678
v  41.6374 43.5689 -74.6624
v  40.4337 42.4717 -74.2786
v  42.7054 43.3473 -73.6906
v  42.2034 42.1308 -72.6707
v  44.6117 41.9896 -72.7859
v  44.1631 43.3023 -73.7479
v  46.2480 42.1308 -74.5567
v  45.1566 43.4602 -74.8007
v  43.4006 51.1321 -73.1369
v  44.4486 51.2927 -73.1356
v  45.1519 51.3633 -73.8737
v  45.1355 51.8699 -74.8394
v  44.3792 52.0591 -75.5309
v  43.3384 52.0093 -75.5166
v  42.6227 51.7496 -74.8050
v  42.6515 51.4321 -73.8128
v  45.7239 52.2873 -75.0295
v  45.2448 46.9579 -75.7376
v  44.2213 47.1867 -76.6702
v  44.6219 52.5630 -76.0371
v  42.8201 47.1880 -76.6280
v  43.1053 52.4904 -76.0163
v  41.8619 46.9609 -75.6357
v  42.0626 52.1120 -74.9794
v  41.9081 46.6385 -74.2746
v  42.1045 51.6495 -73.5338
v  42.9315 46.4097 -73.3419
v  43.1993 51.2630 -72.5417
v  44.3328 46.4084 -73.3841
v  44.7231 51.4463 -72.5470
v  45.2909 46.6355 -74.3764
v  45.7535 51.6356 -73.6104
v  44.0375 51.2701 -74.3718
v  44.0090 51.8565 -74.2732
v  43.9257 51.8025 -74.1053
v  43.9580 51.2232 -74.1805
v  43.7199 51.7600 -74.1206
v  43.7480 51.1988 -74.2008
v  43.6761 51.7877 -74.2979
v  43.6976 51.2306 -74.4047
v  43.8548 51.8473 -74.3922
v  43.8765 51.2747 -74.5104
v  43.8421 52.3878 -74.1489
v  43.7688 52.2922 -74.0064
v  43.5869 52.1775 -74.0326
v  43.5477 52.2023 -74.1913
v  43.7054 52.3323 -74.2631
v  43.3609 52.7772 -73.9692
v  43.3256 52.6498 -73.8660
v  43.2164 52.4766 -73.9098
v  43.1842 52.4970 -74.0401
v  43.2735 52.6828 -74.0768
v  42.7552 52.9778 -73.7882
v  42.7279 52.8514 -73.7396
v  42.6556 52.6646 -73.7745
v  42.6383 52.6756 -73.8446
v  42.6999 52.8692 -73.8531
v  22.5841 5.6057 -65.4335
v  23.0735 6.2724 -65.4845
v  22.8083 6.3834 -66.1074
v  22.3557 5.7668 -66.0603
v  22.7320 5.4931 -64.9849
v  23.2560 6.2070 -65.0395
v  22.7617 5.4028 -64.5435
v  23.3817 6.2474 -64.6080
v  22.8651 5.1702 -63.4316
v  23.7115 6.3234 -63.5197
v  23.2994 4.8533 -62.1851
v  24.2296 6.1205 -62.2819
v  24.0350 4.4959 -61.0046
v  24.8712 5.6350 -61.0916
v  24.8782 4.1962 -60.2225
v  25.4619 4.9914 -60.2833
v  25.1793 4.0962 -59.9793
v  25.6637 4.7561 -60.0298
v  25.4174 3.9899 -59.6458
v  25.8591 4.5916 -59.6917
v  25.5336 3.9238 -59.4096
v  25.9731 4.5225 -59.4553
v  25.7205 3.7804 -58.8369
v  26.2052 4.4407 -58.8873
v  25.7012 3.6847 -58.3223
v  26.3266 4.5366 -58.3874
v  25.6294 3.5572 -57.5951
v  26.4774 4.7124 -57.6834
v  25.8374 3.3734 -56.8319
v  26.7676 4.6406 -56.9287
v  26.3077 3.1645 -56.1792
v  27.1519 4.3147 -56.2671
v  26.9290 2.9788 -55.7849
v  27.5411 3.8128 -55.8486
v  27.2912 2.8731 -55.5680
v  27.7647 3.5182 -55.6173
v  27.5709 2.7529 -55.2010
v  27.9879 3.3211 -55.2444
v  27.5756 2.7502 -55.1911
v  27.9926 3.3184 -55.2345
v  27.6846 2.6441 -54.7403
v  28.1576 3.2885 -54.7895
v  27.6264 2.5727 -54.3166
v  28.2379 3.4057 -54.3802
v  27.5428 2.4445 -53.5749
v  28.3869 3.5944 -53.6627
v  27.7524 2.2568 -52.7930
v  28.6825 3.5240 -52.8898
v  28.2297 2.0454 -52.1337
v  29.0719 3.1927 -52.2213
v  28.8607 1.8581 -51.7398
v  29.4654 2.6819 -51.8027
v  29.2208 1.7530 -51.5246
v  29.6876 2.3890 -51.5731
v  30.0578 1.6201 -51.6016
v  22.8372 4.8783 -65.7481
v  22.5898 5.0940 -66.3512
v  23.0030 4.7142 -65.3218
v  23.0823 4.4813 -64.9420
v  23.3028 3.9121 -63.9757
v  23.7804 3.4707 -62.7830
v  24.4674 3.2531 -61.5421
v  25.1801 3.3287 -60.5977
v  25.4298 3.3762 -60.2907
v  25.6459 3.3334 -59.9297
v  25.7609 3.2707 -59.6920
v  25.9712 3.0601 -59.1484
v  26.0246 2.7552 -58.7243
v  26.0679 2.2969 -58.1402
v  26.3185 1.9908 -57.4298
v  26.7443 1.9098 -56.7219
v  27.2456 2.0690 -56.1784
v  27.5361 2.1693 -55.8724
v  27.7866 2.1331 -55.4690
v  27.7913 2.1303 -55.4592
v  27.9292 1.9411 -55.0443
v  27.9426 1.6639 -54.7096
v  27.9793 1.1900 -54.1174
v  28.2334 0.8743 -53.3909
v  28.6652 0.7938 -52.6750
v  29.1735 0.9593 -52.1285
v  29.4622 1.0592 -51.8246
v  23.5797 4.8176 -66.1136
v  23.2765 5.0379 -66.6893
v  23.7980 4.6493 -65.7132
v  24.0229 4.4044 -65.4051
v  24.5870 3.8072 -64.6079
v  25.1917 3.3555 -63.4778
v  25.7360 3.1494 -62.1666
v  26.0657 3.2563 -61.0337
v  26.1648 3.3162 -60.6525
v  26.3160 3.2786 -60.2595
v  26.4276 3.2162 -60.0202
v  26.7065 3.0000 -59.5104
v  26.9734 2.6777 -59.1914
v  27.3545 2.1917 -58.7735
v  27.7297 1.8755 -58.1245
v  28.0252 1.8051 -57.3524
v  28.1743 1.9932 -56.6356
v  28.2545 2.1106 -56.2260
v  28.4193 2.0814 -55.7805
v  28.4240 2.0786 -55.7706
v  28.6468 1.8824 -55.3976
v  28.8703 1.5881 -55.1663
v  29.2599 1.0854 -54.7478
v  29.6446 0.7590 -54.0856
v  29.9429 0.6894 -53.3039
v  30.0909 0.8844 -52.5801
v  30.1705 1.0013 -52.1733
v  24.0690 5.4843 -66.1646
v  23.7291 5.6546 -66.7364
v  24.3220 5.3632 -65.7677
v  24.6429 5.2491 -65.4696
v  25.4335 4.9604 -64.6960
v  26.1218 4.6227 -63.5746
v  26.5722 4.2886 -62.2536
v  26.6494 4.0515 -61.0944
v  26.6492 3.9761 -60.7029
v  26.7577 3.8804 -60.3055
v  26.8670 3.8149 -60.0660
v  27.1912 3.6603 -59.5608
v  27.5987 3.5296 -59.2565
v  28.2024 3.3470 -58.8618
v  28.6599 3.1428 -58.2213
v  28.8694 2.9552 -57.4403
v  28.7864 2.8271 -56.6993
v  28.7280 2.7557 -56.2753
v  28.8364 2.6496 -55.8239
v  28.8410 2.6468 -55.8140
v  29.1198 2.5268 -55.4468
v  29.4817 2.4211 -55.2299
v  30.1039 2.2353 -54.8357
v  30.5748 2.0262 -54.1824
v  30.7850 1.8367 -53.3916
v  30.6956 1.7082 -52.6431
v  30.6373 1.6373 -52.2219
v  23.8160 6.2117 -65.8500
v  23.4951 6.3273 -66.4455
v  24.0510 6.1420 -65.4309
v  24.3223 6.1705 -65.0711
v  24.9957 6.2185 -64.1519
v  25.6408 6.0052 -62.9767
v  26.1398 5.5314 -61.7161
v  26.3475 4.9191 -60.7192
v  26.3987 4.6961 -60.3916
v  26.5292 4.5368 -60.0216
v  26.6398 4.4680 -59.7835
v  26.9405 4.3806 -59.2493
v  27.2753 4.4591 -58.8545
v  27.7639 4.6073 -58.3167
v  28.1789 4.5253 -57.6234
v  28.4328 4.2100 -56.8976
v  28.4698 3.7369 -56.3058
v  28.4831 3.4595 -55.9709
v  28.6207 3.2694 -55.5559
v  28.6254 3.2667 -55.5460
v  28.8752 3.2298 -55.1428
v  29.1655 3.3299 -54.8369
v  29.6674 3.4898 -54.2931
v  30.0938 3.4087 -53.5845
v  30.3495 3.0883 -52.8503
v  30.3829 2.6070 -52.2544
v  30.3959 2.3312 -51.9218
v  15.4999 9.7364 -80.3754
v  15.9892 10.4031 -80.4264
v  15.7228 10.5149 -81.0521
v  15.2701 9.8983 -81.0050
v  15.6477 9.6238 -79.9269
v  16.1718 10.3377 -79.9814
v  15.6774 9.5335 -79.4854
v  16.2974 10.3781 -79.5499
v  15.7808 9.3009 -78.3735
v  16.6273 10.4541 -78.4616
v  16.2151 8.9840 -77.1270
v  17.1453 10.2512 -77.2238
v  16.9508 8.6266 -75.9465
v  17.7869 9.7657 -76.0335
v  17.7940 8.3270 -75.1644
v  18.3777 9.1222 -75.2252
v  18.0951 8.2269 -74.9212
v  18.5795 8.8869 -74.9717
v  18.3332 8.1206 -74.5877
v  18.7749 8.7223 -74.6336
v  18.4494 8.0545 -74.3515
v  18.8888 8.6532 -74.3972
v  18.6363 7.9112 -73.7788
v  19.1210 8.5714 -73.8292
v  18.6170 7.8154 -73.2642
v  19.2423 8.6674 -73.3293
v  18.5452 7.6879 -72.5370
v  19.3932 8.8432 -72.6253
v  18.7532 7.5041 -71.7738
v  19.6834 8.7713 -71.8706
v  19.2235 7.2953 -71.1211
v  20.0677 8.4454 -71.2090
v  19.8448 7.1096 -70.7268
v  20.4569 7.9435 -70.7905
v  20.2070 7.0038 -70.5099
v  20.6805 7.6489 -70.5592
v  20.4866 6.8837 -70.1429
v  20.9037 7.4519 -70.1863
v  20.4913 6.8809 -70.1330
v  20.9084 7.4491 -70.1764
v  20.6004 6.7748 -69.6822
v  21.0734 7.4192 -69.7314
v  20.5422 6.7034 -69.2585
v  21.1536 7.5364 -69.3221
v  20.4586 6.5752 -68.5168
v  21.3026 7.7251 -68.6046
v  20.6681 6.3875 -67.7349
v  21.5983 7.6548 -67.8317
v  21.1455 6.1762 -67.0756
v  21.9876 7.3234 -67.1632
v  21.7765 5.9888 -66.6817
v  22.3812 6.8127 -66.7446
v  22.1365 5.8838 -66.4665
v  22.6034 6.5198 -66.5150
v  15.7529 9.0090 -80.6900
v  15.5042 9.2255 -81.2960
v  15.9187 8.8449 -80.2637
v  15.9981 8.6120 -79.8839
v  16.2186 8.0428 -78.9176
v  16.6962 7.6015 -77.7250
v  17.3832 7.3838 -76.4840
v  18.0959 7.4594 -75.5396
v  18.3456 7.5069 -75.2326
v  18.5616 7.4641 -74.8716
v  18.6767 7.4014 -74.6339
v  18.8869 7.1908 -74.0903
v  18.9404 6.8859 -73.6662
v  18.9837 6.4276 -73.0821
v  19.2343 6.1216 -72.3717
v  19.6601 6.0405 -71.6638
v  20.1613 6.1998 -71.1203
v  20.4519 6.3000 -70.8143
v  20.7023 6.2638 -70.4109
v  20.7070 6.2611 -70.4011
v  20.8450 6.0718 -69.9862
v  20.8584 5.7946 -69.6515
v  20.8951 5.3207 -69.0594
v  21.1492 5.0050 -68.3328
v  21.5810 4.9245 -67.6169
v  22.0892 5.0900 -67.0704
v  22.3780 5.1899 -66.7665
v  16.4954 8.9483 -81.0555
v  16.1909 9.1694 -81.6340
v  16.7138 8.7800 -80.6551
v  16.9387 8.5351 -80.3470
v  17.5028 7.9379 -79.5498
v  18.1074 7.4862 -78.4197
v  18.6518 7.2801 -77.1085
v  18.9814 7.3870 -75.9756
v  19.0806 7.4469 -75.5944
v  19.2317 7.4094 -75.2015
v  19.3434 7.3469 -74.9621
v  19.6223 7.1307 -74.4523
v  19.8892 6.8084 -74.1333
v  20.2702 6.3225 -73.7154
v  20.6455 6.0062 -73.0664
v  20.9409 5.9358 -72.2943
v  21.0900 6.1239 -71.5775
v  21.1703 6.2413 -71.1679
v  21.3351 6.2121 -70.7224
v  21.3398 6.2094 -70.7126
v  21.5626 6.0131 -70.3395
v  21.7861 5.7188 -70.1082
v  22.1756 5.2161 -69.6897
v  22.5604 4.8897 -69.0275
v  22.8587 4.8201 -68.2459
v  23.0067 5.0151 -67.5220
v  23.0863 5.1320 -67.1152
v  16.9848 9.6151 -81.1065
v  16.6436 9.7861 -81.6811
v  17.2378 9.4939 -80.7096
v  17.5587 9.3798 -80.4115
v  18.3492 9.0911 -79.6379
v  19.0376 8.7534 -78.5165
v  19.4880 8.4193 -77.1955
v  19.5651 8.1822 -76.0363
v  19.5650 8.1068 -75.6448
v  19.6734 8.0111 -75.2474
v  19.7828 7.9456 -75.0079
v  20.1069 7.7910 -74.5027
v  20.5145 7.6604 -74.1984
v  21.1182 7.4777 -73.8037
v  21.5757 7.2735 -73.1632
v  21.7852 7.0860 -72.3822
v  21.7021 6.9578 -71.6412
v  21.6438 6.8864 -71.2172
v  21.7522 6.7803 -70.7658
v  21.7568 6.7775 -70.7560
v  22.0356 6.6575 -70.3887
v  22.3975 6.5518 -70.1718
v  23.0197 6.3660 -69.7776
v  23.4906 6.1569 -69.1243
v  23.7008 5.9674 -68.3335
v  23.6114 5.8389 -67.5850
v  23.5531 5.7680 -67.1638
v  16.7317 10.3424 -80.7919
v  16.4095 10.4588 -81.3902
v  16.9668 10.2728 -80.3728
v  17.2381 10.3013 -80.0130
v  17.9115 10.3492 -79.0938
v  18.5566 10.1359 -77.9186
v  19.0555 9.6621 -76.6580
v  19.2633 9.0498 -75.6611
v  19.3144 8.8268 -75.3335
v  19.4450 8.6676 -74.9635
v  19.5556 8.5987 -74.7254
v  19.8563 8.5114 -74.1912
v  20.1911 8.5899 -73.7964
v  20.6797 8.7380 -73.2586
v  21.0946 8.6560 -72.5653
v  21.3486 8.3407 -71.8395
v  21.3856 7.8676 -71.2477
v  21.3989 7.5902 -70.9128
v  21.5365 7.4002 -70.4978
v  21.5411 7.3974 -70.4879
v  21.7910 7.3606 -70.0847
v  22.0813 7.4606 -69.7788
v  22.5832 7.6205 -69.2350
v  23.0096 7.5395 -68.5264
v  23.2653 7.2191 -67.7922
v  23.2987 6.7377 -67.1963
v  23.3117 6.4619 -66.8637
v  8.4130 13.8687 -95.3230
v  8.9023 14.5354 -95.3739
v  8.6216 14.7017 -95.9624
v  8.1300 14.0320 -95.9112
v  8.5608 13.7561 -94.8744
v  9.0848 14.4700 -94.9289
v  8.5906 13.6658 -94.4330
v  9.2105 14.5104 -94.4975
v  8.6939 13.4332 -93.3211
v  9.5404 14.5864 -93.4092
v  9.1282 13.1163 -92.0746
v  10.0584 14.3835 -92.1714
v  9.8639 12.7589 -90.8941
v  10.7000 13.8980 -90.9811
v  10.7071 12.4592 -90.1120
v  11.2908 13.2544 -90.1727
v  11.0082 12.3592 -89.8688
v  11.4926 13.0191 -89.9192
v  11.2463 12.2529 -89.5352
v  11.6880 12.8546 -89.5812
v  11.3625 12.1868 -89.2990
v  11.8019 12.7855 -89.3447
v  11.5494 12.0434 -88.7263
v  12.0341 12.7037 -88.7767
v  11.5301 11.9477 -88.2118
v  12.1554 12.7997 -88.2769
v  11.4583 11.8202 -87.4846
v  12.3063 12.9754 -87.5728
v  11.6663 11.6364 -86.7213
v  12.5965 12.9036 -86.8181
v  12.1366 11.4275 -86.0687
v  12.9808 12.5777 -86.1565
v  12.7579 11.2418 -85.6744
v  13.3700 12.0758 -85.7381
v  13.1201 11.1361 -85.4574
v  13.5936 11.7812 -85.5067
v  13.3997 11.0159 -85.0904
v  13.8168 11.5841 -85.1338
v  13.4044 11.0132 -85.0805
v  13.8215 11.5814 -85.1239
v  13.5135 10.9071 -84.6297
v  13.9865 11.5515 -84.6790
v  13.4553 10.8357 -84.2061
v  14.0667 11.6687 -84.2697
v  13.3717 10.7075 -83.4643
v  14.2157 11.8574 -83.5522
v  13.5812 10.5198 -82.6824
v  14.5114 11.7870 -82.7792
v  14.0586 10.3084 -82.0231
v  14.9007 11.4557 -82.1107
v  14.6896 10.1211 -81.6292
v  15.2943 10.9449 -81.6922
v  15.0496 10.0160 -81.4140
v  15.5165 10.6520 -81.4626
v  8.6660 13.1413 -95.6376
v  8.3842 13.3014 -96.2272
v  8.8318 12.9772 -95.2113
v  8.9112 12.7443 -94.8315
v  9.1317 12.1751 -93.8652
v  9.6093 11.7338 -92.6725
v  10.2963 11.5161 -91.4316
v  11.0090 11.5917 -90.4872
v  11.2587 11.6392 -90.1802
v  11.4747 11.5964 -89.8191
v  11.5898 11.5337 -89.5815
v  11.8000 11.3231 -89.0379
v  11.8535 11.0182 -88.6138
v  11.8968 10.5599 -88.0297
v  12.1474 10.2538 -87.3192
v  12.5732 10.1728 -86.6113
v  13.0744 10.3320 -86.0678
v  13.3650 10.4323 -85.7618
v  13.6154 10.3961 -85.3585
v  13.6201 10.3933 -85.3486
v  13.7581 10.2041 -84.9338
v  13.7715 9.9269 -84.5991
v  13.8082 9.4530 -84.0069
v  14.0623 9.1373 -83.2803
v  14.4941 9.0568 -82.5644
v  15.0023 9.2223 -82.0180
v  15.2911 9.3222 -81.7141
v  9.4085 13.0806 -96.0031
v  9.1300 13.2405 -96.5943
v  9.6269 12.9123 -95.6026
v  9.8518 12.6674 -95.2945
v  10.4159 12.0702 -94.4974
v  11.0205 11.6185 -93.3672
v  11.5649 11.4124 -92.0560
v  11.8945 11.5193 -90.9232
v  11.9937 11.5792 -90.5420
v  12.1448 11.5416 -90.1490
v  12.2565 11.4792 -89.9097
v  12.5354 11.2630 -89.3998
v  12.8022 10.9407 -89.0809
v  13.1833 10.4547 -88.6630
v  13.5586 10.1385 -88.0139
v  13.8540 10.0681 -87.2419
v  14.0031 10.2562 -86.5250
v  14.0834 10.3736 -86.1155
v  14.2482 10.3444 -85.6700
v  14.2529 10.3416 -85.6601
v  14.4757 10.1454 -85.2870
v  14.6992 9.8511 -85.0558
v  15.0887 9.3484 -84.6373
v  15.4735 9.0220 -83.9751
v  15.7718 8.9524 -83.1934
v  15.9198 9.1474 -82.4696
v  15.9993 9.2643 -82.0628
v  9.8979 13.7473 -96.0540
v  9.6215 13.9101 -96.6455
v  10.1509 13.6262 -95.6571
v  10.4718 13.5121 -95.3591
v  11.2623 13.2234 -94.5854
v  11.9507 12.8857 -93.4640
v  12.4011 12.5516 -92.1431
v  12.4782 12.3145 -90.9839
v  12.4781 12.2391 -90.5924
v  12.5865 12.1434 -90.1950
v  12.6959 12.0779 -89.9554
v  13.0200 11.9233 -89.4503
v  13.4276 11.7926 -89.1459
v  14.0313 11.6100 -88.7512
v  14.4888 11.4058 -88.1108
v  14.6983 11.2182 -87.3297
v  14.6152 11.0901 -86.5887
v  14.5569 11.0187 -86.1647
v  14.6652 10.9125 -85.7134
v  14.6699 10.9098 -85.7035
v  14.9487 10.7898 -85.3363
v  15.3106 10.6841 -85.1194
v  15.9328 10.4983 -84.7251
v  16.4037 10.2892 -84.0719
v  16.6139 10.0997 -83.2810
v  16.5245 9.9712 -82.5325
v  16.4662 9.9003 -82.1113
v  9.6448 14.4747 -95.7394
v  9.3673 14.6407 -96.3295
v  9.8799 14.4050 -95.3203
v  10.1512 14.4336 -94.9605
v  10.8246 14.4815 -94.0414
v  11.4697 14.2682 -92.8661
v  11.9686 13.7943 -91.6056
v  12.1764 13.1821 -90.6087
v  12.2275 12.9591 -90.2810
v  12.3581 12.7998 -89.9111
v  12.4687 12.7310 -89.6729
v  12.7694 12.6437 -89.1387
v  13.1042 12.7221 -88.7439
v  13.5928 12.8703 -88.2061
v  14.0077 12.7883 -87.5128
v  14.2617 12.4730 -86.7870
v  14.2987 11.9999 -86.1953
v  14.3120 11.7225 -85.8604
v  14.4496 11.5324 -85.4453
v  14.4542 11.5297 -85.4354
v  14.7041 11.4928 -85.0322
v  14.9944 11.5929 -84.7263
v  15.4963 11.7528 -84.1826
v  15.9227 11.6717 -83.4740
v  16.1784 11.3513 -82.7397
v  16.2118 10.8700 -82.1438
v  16.2248 10.5942 -81.8113
# 1871 vertices

vn -0.5468 -0.3562 -0.7577
vn -0.2225 -0.9730 -0.0622
vn -0.0957 -0.9877 -0.1238
vn -0.4250 -0.3616 -0.8298
vn -0.7216 -0.3320 -0.6075
vn -0.4193 -0.9069 0.0408
vn -0.8093 -0.3086 -0.4999
vn -0.5283 -0.8428 0.1026
vn -0.6703 -0.3417 -0.6587
vn -0.3593 -0.9332 0.0084
vn -0.3894 -0.3618 -0.8470
vn -0.0600 -0.9882 -0.1406
vn -0.0533 -0.3391 -0.9392
vn 0.2554 -0.9263 -0.2771
vn 0.1924 -0.2974 -0.9352
vn 0.4632 -0.8123 -0.3545
vn 0.0874 -0.3178 -0.9441
vn 0.3767 -0.8679 -0.3237
vn -0.2459 -0.3573 -0.9011
vn 0.0794 -0.9759 -0.2035
vn -0.4773 -0.3602 -0.8015
vn -0.1493 -0.9839 -0.0982
vn -0.7757 -0.3188 -0.5446
vn -0.4854 -0.8708 0.0778
vn -0.9049 -0.2655 -0.3328
vn -0.6632 -0.7251 0.1855
vn -0.7755 -0.3189 -0.5449
vn -0.4852 -0.8710 0.0777
vn -0.3914 -0.3618 -0.8461
vn -0.0619 -0.9883 -0.1397
vn 0.0903 -0.3173 -0.9440
vn 0.3791 -0.8666 -0.3246
vn 0.3762 -0.2519 -0.8916
vn 0.6056 -0.6881 -0.3998
vn 0.2059 -0.2945 -0.9332
vn 0.4740 -0.8044 -0.3582
vn -0.2309 -0.3563 -0.9054
vn 0.0935 -0.9733 -0.2096
vn -0.5423 -0.3565 -0.7608
vn -0.2177 -0.9739 -0.0646
vn -0.8465 -0.2948 -0.4433
vn -0.5782 -0.8051 0.1323
vn -0.9250 -0.2518 -0.2846
vn -0.6957 -0.6879 0.2071
vn -0.7815 -0.3172 -0.5373
vn -0.4927 -0.8663 0.0820
vn -0.3927 -0.3618 -0.8455
vn -0.0633 -0.9883 -0.1391
vn 0.0953 -0.3164 -0.9438
vn 0.3834 -0.8641 -0.3262
vn 0.3811 -0.2505 -0.8899
vn 0.6092 -0.6843 -0.4008
vn 0.5678 -0.1887 -0.8012
vn 0.7396 -0.5154 -0.4328
vn 0.9063 -0.0000 -0.4226
vn -0.4832 0.6167 -0.6214
vn -0.3604 0.6261 -0.6915
vn -0.6624 0.5749 -0.4804
vn -0.7542 0.5343 -0.3818
vn -0.6094 0.5915 -0.5280
vn -0.3248 0.6264 -0.7086
vn 0.0072 0.5871 -0.8094
vn 0.2455 0.5149 -0.8214
vn 0.1441 0.5502 -0.8225
vn -0.1821 0.6186 -0.7643
vn -0.4130 0.6237 -0.6637
vn -0.7188 0.5520 -0.4226
vn -0.8575 0.4596 -0.2312
vn -0.7186 0.5521 -0.4229
vn -0.3268 0.6264 -0.7077
vn 0.1469 0.5493 -0.8226
vn 0.4212 0.4362 -0.7952
vn 0.2584 0.5099 -0.8205
vn -0.1673 0.6170 -0.7690
vn -0.4787 0.6173 -0.6243
vn -0.7939 0.5104 -0.3304
vn -0.8800 0.4360 -0.1883
vn -0.7249 0.5492 -0.4159
vn -0.3281 0.6264 -0.7070
vn 0.1518 0.5477 -0.8228
vn 0.4258 0.4338 -0.7941
vn 0.6015 0.3267 -0.7290
vn -0.0953 0.9730 0.2104
vn 0.0333 0.9877 0.1529
vn -0.3008 0.9069 0.2950
vn -0.4182 0.8428 0.3388
vn -0.2373 0.9332 0.2699
vn 0.0691 0.9882 0.1363
vn 0.3765 0.9263 -0.0175
vn 0.5693 0.8123 -0.1269
vn 0.4901 0.8679 -0.0805
vn 0.2069 0.9759 0.0700
vn -0.0207 0.9839 0.1775
vn -0.3717 0.8708 0.3218
vn -0.5684 0.7251 0.3887
vn -0.3713 0.8710 0.3217
vn 0.0672 0.9883 0.1372
vn 0.4923 0.8666 -0.0818
vn 0.6955 0.6881 -0.2069
vn 0.5791 0.8044 -0.1328
vn 0.2207 0.9733 0.0631
vn -0.0904 0.9739 0.2083
vn -0.4730 0.8051 0.3579
vn -0.6058 0.6879 0.3998
vn -0.3795 0.8663 0.3247
vn 0.0659 0.9883 0.1379
vn 0.4963 0.8641 -0.0840
vn 0.6986 0.6843 -0.2090
vn 0.8070 0.5154 -0.2884
vn 0.2290 0.3562 0.9059
vn 0.3625 0.3616 0.8590
vn 0.0015 0.3320 0.9433
vn -0.1373 0.3086 0.9412
vn 0.0737 0.3417 0.9369
vn 0.3986 0.3618 0.8428
vn 0.6852 0.3391 0.6446
vn 0.8401 0.2974 0.4537
vn 0.7794 0.3178 0.5399
vn 0.5322 0.3573 0.7676
vn 0.3072 0.3602 0.8808
vn -0.0814 0.3188 0.9443
vn -0.3267 0.2655 0.9071
vn -0.0810 0.3189 0.9443
vn 0.3966 0.3618 0.8437
vn 0.7812 0.3173 0.5377
vn 0.9248 0.2519 0.2849
vn 0.8472 0.2945 0.4422
vn 0.5451 0.3563 0.7589
vn 0.2342 0.3566 0.9044
vn -0.2046 0.2948 0.9334
vn -0.3765 0.2518 0.8915
vn -0.0907 0.3172 0.9440
vn 0.3953 0.3618 0.8443
vn 0.7843 0.3164 0.5337
vn 0.9267 0.2505 0.2801
vn 0.9788 0.1887 0.0801
vn 0.1654 -0.6167 0.7696
vn 0.2980 -0.6261 0.7206
vn -0.0578 -0.5749 0.8162
vn -0.1923 -0.5343 0.8232
vn 0.0127 -0.5915 0.8062
vn 0.3340 -0.6264 0.7043
vn 0.6247 -0.5871 0.5148
vn 0.7870 -0.5149 0.3399
vn 0.7227 -0.5502 0.4183
vn 0.4684 -0.6186 0.6308
vn 0.2429 -0.6237 0.7430
vn -0.1383 -0.5520 0.8223
vn -0.3741 -0.4596 0.8055
vn -0.1379 -0.5521 0.8223
vn 0.3320 -0.6264 0.7052
vn 0.7246 -0.5493 0.4163
vn 0.8799 -0.4362 0.1885
vn 0.7947 -0.5099 0.3295
vn 0.4815 -0.6170 0.6225
vn 0.1706 -0.6173 0.7680
vn -0.2572 -0.5104 0.8206
vn -0.4215 -0.4360 0.7951
vn -0.1473 -0.5492 0.8226
vn 0.3307 -0.6264 0.7058
vn 0.7278 -0.5477 0.4126
vn 0.8820 -0.4338 0.1842
vn 0.9451 -0.3267 0.0078
vn -0.2470 -0.9677 -0.0499
vn -0.5696 -0.3543 -0.7417
vn 0.0993 -0.3157 -0.9437
vn 0.3866 -0.8622 -0.3274
vn -0.5063 0.6134 -0.6061
vn 0.1556 0.5465 -0.8229
vn -0.1205 0.9677 0.2213
vn 0.4993 0.8622 -0.0858
vn 0.2020 0.3543 0.9130
vn 0.7867 0.3157 0.5305
vn 0.1388 -0.6134 0.7774
vn 0.7304 -0.5465 0.4097
vn 0.1507 0.0117 -0.9885
vn 0.8968 -0.0888 -0.4334
vn 0.9051 -0.0171 -0.4250
vn 0.1614 0.1042 -0.9814
vn 0.1472 -0.1486 -0.9779
vn 0.8718 -0.2102 -0.4424
vn 0.1294 -0.2507 -0.9594
vn 0.8457 -0.2952 -0.4447
vn 0.1334 -0.1037 -0.9856
vn 0.8787 -0.1830 -0.4410
vn 0.1496 0.1310 -0.9800
vn 0.9065 0.0027 -0.4222
vn 0.1635 0.3663 -0.9160
vn 0.9011 0.1960 -0.3867
vn 0.1781 0.5244 -0.8326
vn 0.8753 0.3321 -0.3515
vn 0.1856 0.4504 -0.8733
vn 0.8911 0.2613 -0.3710
vn 0.1700 0.2282 -0.9587
vn 0.9086 0.0791 -0.4102
vn 0.1587 0.0657 -0.9851
vn 0.9022 -0.0467 -0.4287
vn 0.1454 -0.2129 -0.9662
vn 0.8575 -0.2598 -0.4442
vn 0.1181 -0.4029 -0.9076
vn 0.7935 -0.4190 -0.4415
vn 0.1217 -0.2258 -0.9666
vn 0.8489 -0.2858 -0.4446
vn 0.1453 0.1300 -0.9808
vn 0.9064 0.0016 -0.4224
vn 0.1670 0.4712 -0.8661
vn 0.8848 0.2926 -0.3627
vn 0.1836 0.6556 -0.7324
vn 0.8320 0.4605 -0.3094
vn 0.1917 0.5358 -0.8223
vn 0.8739 0.3373 -0.3500
vn 0.1723 0.2382 -0.9558
vn 0.9085 0.0870 -0.4088
vn 0.1578 0.0148 -0.9874
vn 0.8974 -0.0852 -0.4330
vn 0.1366 -0.3092 -0.9411
vn 0.8301 -0.3366 -0.4445
vn 0.1115 -0.4483 -0.8869
vn 0.7717 -0.4607 -0.4384
vn 0.1209 -0.2339 -0.9647
vn 0.8464 -0.2929 -0.4447
vn 0.1450 0.1290 -0.9810
vn 0.9064 0.0008 -0.4225
vn 0.1671 0.4751 -0.8639
vn 0.8840 0.2963 -0.3617
vn 0.1838 0.6592 -0.7292
vn 0.8305 0.4641 -0.3081
vn 0.1784 0.8162 -0.5496
vn 0.6981 0.6849 -0.2087
vn 0.0646 0.9883 0.1385
vn -0.8541 0.0117 -0.5200
vn -0.8555 0.1042 -0.5072
vn -0.8437 -0.1486 -0.5159
vn -0.8181 -0.2507 -0.5176
vn -0.8408 -0.1037 -0.5313
vn -0.8469 0.1310 -0.5153
vn -0.8068 0.3663 -0.4635
vn -0.7523 0.5244 -0.3987
vn -0.7883 0.4504 -0.4192
vn -0.8436 0.2282 -0.4860
vn -0.8566 0.0657 -0.5117
vn -0.8336 -0.2129 -0.5097
vn -0.7711 -0.4029 -0.4929
vn -0.8187 -0.2258 -0.5280
vn -0.8447 0.1300 -0.5192
vn -0.7708 0.4712 -0.4288
vn -0.6791 0.6556 -0.3301
vn -0.7531 0.5358 -0.3817
vn -0.8430 0.2382 -0.4824
vn -0.8578 0.0148 -0.5138
vn -0.8087 -0.3092 -0.5003
vn -0.7511 -0.4483 -0.4847
vn -0.8167 -0.2339 -0.5275
vn -0.8447 0.1290 -0.5195
vn -0.7692 0.4751 -0.4273
vn -0.6767 0.6592 -0.3279
vn -0.5356 0.8162 -0.2166
vn -0.9084 -0.0888 0.4085
vn -0.9073 -0.0171 0.4202
vn -0.8993 -0.2102 0.3835
vn -0.8842 -0.2951 0.3620
vn -0.9026 -0.1830 0.3897
vn -0.9061 0.0027 0.4230
vn -0.8755 0.1960 0.4417
vn -0.8319 0.3321 0.4446
vn -0.8570 0.2613 0.4442
vn -0.8982 0.0791 0.4323
vn -0.9083 -0.0467 0.4156
vn -0.8914 -0.2598 0.3713
vn -0.8482 -0.4190 0.3241
vn -0.8863 -0.2858 0.3645
vn -0.9062 0.0016 0.4228
vn -0.8466 0.2926 0.4447
vn -0.7718 0.4605 0.4385
vn -0.8298 0.3373 0.4445
vn -0.8971 0.0870 0.4332
vn -0.9085 -0.0853 0.4091
vn -0.8741 -0.3366 0.3502
vn -0.8319 -0.4607 0.3093
vn -0.8847 -0.2929 0.3626
vn -0.9063 0.0008 0.4227
vn -0.8452 0.2963 0.4447
vn -0.7699 0.4641 0.4381
vn -0.6086 0.6849 0.4006
vn -0.1656 -0.2402 0.9565
vn -0.1643 -0.1486 0.9752
vn -0.1824 -0.3905 0.9024
vn -0.1775 -0.4851 0.8563
vn -0.1632 -0.3516 0.9218
vn -0.1492 -0.1242 0.9810
vn -0.1318 0.1194 0.9841
vn -0.1246 0.2948 0.9474
vn -0.1421 0.2141 0.9664
vn -0.1566 -0.0232 0.9874
vn -0.1666 -0.1868 0.9682
vn -0.1886 -0.4488 0.8735
vn -0.1847 -0.6175 0.7646
vn -0.1668 -0.4642 0.8699
vn -0.1450 -0.1260 0.9814
vn -0.1210 0.2335 0.9648
vn -0.1115 0.4480 0.8870
vn -0.1364 0.3101 0.9409
vn -0.1576 -0.0125 0.9874
vn -0.1722 -0.2360 0.9564
vn -0.1917 -0.5349 0.8229
vn -0.1837 -0.6559 0.7322
vn -0.1670 -0.4716 0.8659
vn -0.1449 -0.1270 0.9813
vn -0.1205 0.2378 0.9638
vn -0.1112 0.4523 0.8849
vn -0.0825 0.6504 0.7551
vn 0.8392 -0.2402 0.4880
vn 0.8526 -0.1486 0.5010
vn 0.8085 -0.3905 0.4403
vn 0.7700 -0.4851 0.4145
vn 0.8111 -0.3516 0.4675
vn 0.8474 -0.1242 0.5163
vn 0.8385 0.1194 0.5316
vn 0.8059 0.2948 0.5135
vn 0.8317 0.2140 0.5123
vn 0.8570 -0.0232 0.5148
vn 0.8487 -0.1868 0.4947
vn 0.7904 -0.4488 0.4170
vn 0.7045 -0.6175 0.3500
vn 0.7736 -0.4642 0.4314
vn 0.8450 -0.1260 0.5198
vn 0.8168 0.2335 0.5275
vn 0.7512 0.4480 0.4847
vn 0.8084 0.3101 0.5003
vn 0.8577 -0.0125 0.5140
vn 0.8433 -0.2360 0.4828
vn 0.7536 -0.5349 0.3821
vn 0.6790 -0.6559 0.3300
vn 0.7706 -0.4716 0.4286
vn 0.8448 -0.1270 0.5198
vn 0.8158 0.2378 0.5272
vn 0.7494 0.4523 0.4836
vn 0.6315 0.6504 0.4221
vn 0.1507 0.0119 -0.9885
vn 0.8969 -0.0887 -0.4333
vn 0.9051 -0.0171 -0.4249
vn 0.1614 0.1043 -0.9814
vn 0.1699 0.2282 -0.9587
vn 0.1217 -0.2257 -0.9666
vn 0.1959 0.4702 -0.8606
vn 0.8876 0.2793 -0.3663
vn -0.8541 0.0119 -0.5200
vn -0.8555 0.1043 -0.5072
vn -0.7532 0.5358 -0.3817
vn -0.7851 0.4702 -0.4031
vn -0.9084 -0.0887 0.4085
vn -0.8842 -0.2952 0.3620
vn -0.8511 0.2793 0.4445
vn -0.1656 -0.2399 0.9566
vn -0.1496 0.2377 0.9597
vn 0.8392 -0.2399 0.4880
vn 0.8317 0.2141 0.5123
vn 0.8314 0.2377 0.5023
vn 0.1580 0.0627 -0.9854
vn 0.9020 -0.0490 -0.4290
vn 0.9066 0.0046 -0.4220
vn 0.1572 0.1329 -0.9786
vn 0.1959 0.4700 -0.8606
vn 0.8876 0.2791 -0.3663
vn -0.8564 0.0627 -0.5124
vn -0.8507 0.1329 -0.5086
vn -0.7852 0.4700 -0.4032
vn -0.9084 -0.0490 0.4152
vn -0.9060 0.0046 0.4233
vn -0.8512 0.2791 0.4445
vn -0.1663 -0.1897 0.9676
vn -0.1564 -0.1211 0.9802
vn -0.1497 0.2375 0.9598
vn 0.8481 -0.1897 0.4946
vn 0.8514 -0.1211 0.5103
vn 0.8314 0.2375 0.5023
vn 0.4832 -0.6167 0.6214
vn 0.0953 -0.9730 -0.2104
vn -0.0333 -0.9877 -0.1529
vn 0.3604 -0.6261 0.6915
vn 0.6624 -0.5749 0.4804
vn 0.3008 -0.9069 -0.2950
vn 0.7542 -0.5343 0.3818
vn 0.4182 -0.8428 -0.3388
vn 0.6094 -0.5915 0.5280
vn 0.2373 -0.9332 -0.2699
vn 0.3248 -0.6264 0.7086
vn -0.0691 -0.9882 -0.1363
vn -0.0072 -0.5872 0.8094
vn -0.3765 -0.9263 0.0175
vn -0.2455 -0.5149 0.8214
vn -0.5693 -0.8123 0.1269
vn -0.1441 -0.5502 0.8225
vn -0.4901 -0.8679 0.0805
vn 0.1821 -0.6186 0.7643
vn -0.2069 -0.9759 -0.0700
vn 0.4130 -0.6237 0.6637
vn 0.0207 -0.9839 -0.1775
vn 0.7188 -0.5520 0.4226
vn 0.3717 -0.8708 -0.3219
vn 0.8575 -0.4596 0.2312
vn 0.5684 -0.7251 -0.3887
vn 0.7186 -0.5521 0.4229
vn 0.3713 -0.8710 -0.3217
vn 0.3268 -0.6264 0.7077
vn -0.0672 -0.9883 -0.1372
vn -0.1469 -0.5493 0.8226
vn -0.4923 -0.8665 0.0818
vn -0.4212 -0.4362 0.7952
vn -0.6955 -0.6881 0.2069
vn -0.2584 -0.5099 0.8205
vn -0.5791 -0.8044 0.1328
vn 0.1673 -0.6170 0.7690
vn -0.2207 -0.9733 -0.0631
vn 0.4787 -0.6173 0.6243
vn 0.0904 -0.9739 -0.2083
vn 0.7939 -0.5104 0.3304
vn 0.4730 -0.8051 -0.3579
vn 0.8800 -0.4360 0.1883
vn 0.6058 -0.6879 -0.3998
vn 0.7249 -0.5492 0.4159
vn 0.3795 -0.8663 -0.3247
vn 0.3281 -0.6264 0.7070
vn -0.0659 -0.9883 -0.1379
vn -0.1518 -0.5477 0.8228
vn -0.4963 -0.8641 0.0840
vn -0.4258 -0.4338 0.7941
vn -0.6986 -0.6843 0.2090
vn -0.5940 -0.3320 0.7328
vn -0.8028 -0.5237 0.2850
vn -0.9063 0.0000 0.4226
vn 0.5468 0.3562 0.7577
vn 0.4250 0.3616 0.8299
vn 0.7216 0.3320 0.6075
vn 0.8093 0.3086 0.4999
vn 0.6703 0.3416 0.6587
vn 0.3894 0.3618 0.8470
vn 0.0533 0.3391 0.9392
vn -0.1924 0.2974 0.9352
vn -0.0874 0.3178 0.9441
vn 0.2459 0.3573 0.9011
vn 0.4773 0.3602 0.8015
vn 0.7757 0.3188 0.5446
vn 0.9049 0.2655 0.3328
vn 0.7755 0.3189 0.5449
vn 0.3914 0.3618 0.8461
vn -0.0903 0.3173 0.9440
vn -0.3762 0.2519 0.8916
vn -0.2059 0.2945 0.9332
vn 0.2309 0.3563 0.9054
vn 0.5423 0.3565 0.7608
vn 0.8465 0.2948 0.4433
vn 0.9250 0.2518 0.2846
vn 0.7815 0.3172 0.5373
vn 0.3927 0.3618 0.8455
vn -0.0953 0.3164 0.9438
vn -0.3811 0.2505 0.8899
vn -0.5598 0.1917 0.8062
vn 0.2225 0.9730 0.0622
vn 0.0957 0.9877 0.1238
vn 0.4193 0.9069 -0.0408
vn 0.5283 0.8428 -0.1026
vn 0.3593 0.9332 -0.0084
vn 0.0600 0.9882 0.1406
vn -0.2554 0.9263 0.2771
vn -0.4632 0.8123 0.3545
vn -0.3767 0.8679 0.3237
vn -0.0794 0.9759 0.2035
vn 0.1493 0.9839 0.0982
vn 0.4855 0.8708 -0.0778
vn 0.6632 0.7251 -0.1855
vn 0.4852 0.8710 -0.0777
vn 0.0619 0.9883 0.1397
vn -0.3791 0.8665 0.3246
vn -0.6056 0.6881 0.3998
vn -0.4740 0.8044 0.3582
vn -0.0935 0.9733 0.2096
vn 0.2177 0.9739 0.0646
vn 0.5782 0.8051 -0.1323
vn 0.6957 0.6879 -0.2071
vn 0.4927 0.8663 -0.0820
vn 0.0633 0.9883 0.1391
vn -0.3834 0.8641 0.3262
vn -0.6092 0.6843 0.4008
vn -0.7344 0.5237 0.4318
vn -0.1654 0.6167 -0.7696
vn -0.2980 0.6261 -0.7206
vn 0.0578 0.5749 -0.8162
vn 0.1923 0.5343 -0.8232
vn -0.0127 0.5915 -0.8062
vn -0.3340 0.6264 -0.7043
vn -0.6247 0.5872 -0.5148
vn -0.7870 0.5149 -0.3399
vn -0.7227 0.5502 -0.4183
vn -0.4684 0.6186 -0.6308
vn -0.2429 0.6237 -0.7430
vn 0.1383 0.5520 -0.8223
vn 0.3741 0.4596 -0.8055
vn 0.1379 0.5521 -0.8223
vn -0.3320 0.6264 -0.7052
vn -0.7246 0.5493 -0.4162
vn -0.8799 0.4362 -0.1885
vn -0.7947 0.5099 -0.3294
vn -0.4815 0.6170 -0.6225
vn -0.1706 0.6173 -0.7680
vn 0.2572 0.5104 -0.8206
vn 0.4215 0.4360 -0.7951
vn 0.1473 0.5492 -0.8226
vn -0.3307 0.6264 -0.7058
vn -0.7278 0.5477 -0.4126
vn -0.8820 0.4338 -0.1842
vn -0.9431 0.3320 -0.0160
vn -0.2290 -0.3562 -0.9059
vn -0.3625 -0.3616 -0.8590
vn -0.0015 -0.3320 -0.9433
vn 0.1373 -0.3086 -0.9412
vn -0.0737 -0.3416 -0.9369
vn -0.3986 -0.3618 -0.8428
vn -0.6852 -0.3391 -0.6446
vn -0.8401 -0.2974 -0.4537
vn -0.7794 -0.3178 -0.5399
vn -0.5322 -0.3573 -0.7676
vn -0.3072 -0.3602 -0.8808
vn 0.0814 -0.3188 -0.9443
vn 0.3267 -0.2655 -0.9071
vn 0.0810 -0.3189 -0.9443
vn -0.3966 -0.3618 -0.8437
vn -0.7812 -0.3173 -0.5377
vn -0.9248 -0.2519 -0.2849
vn -0.8472 -0.2945 -0.4422
vn -0.5451 -0.3563 -0.7589
vn -0.2342 -0.3565 -0.9044
vn 0.2046 -0.2948 -0.9334
vn 0.3765 -0.2518 -0.8915
vn 0.0907 -0.3172 -0.9440
vn -0.3953 -0.3618 -0.8443
vn -0.7843 -0.3164 -0.5337
vn -0.9267 -0.2505 -0.2801
vn -0.9774 -0.1917 -0.0894
vn 0.5369 -0.7538 -0.3789
vn 0.8374 -0.4778 0.2655
vn -0.4923 -0.8666 0.0818
vn -0.1556 -0.5465 0.8229
vn -0.4993 -0.8622 0.0858
vn 0.8866 0.2760 0.3711
vn -0.0993 0.3156 0.9437
vn 0.6354 0.7538 -0.1677
vn -0.3791 0.8666 0.3246
vn -0.3833 0.8641 0.3262
vn -0.3866 0.8622 0.3274
vn 0.3349 0.4778 -0.8121
vn -0.7246 0.5493 -0.4163
vn -0.7304 0.5465 -0.4097
vn 0.2856 -0.2760 -0.9178
vn -0.2342 -0.3565 -0.9045
vn -0.7867 -0.3156 -0.5305
vn 0.1840 0.6472 -0.7398
vn 0.8359 0.4510 -0.3129
vn 0.1415 0.6544 -0.7428
vn 0.2122 0.6418 -0.7369
vn 0.0771 0.9967 0.0246
vn 0.2210 0.9732 0.0630
vn 0.1645 0.8883 -0.4288
vn 0.6501 0.7390 -0.1771
vn 0.1881 0.5465 -0.8161
vn 0.8711 0.3476 -0.3469
vn 0.1776 0.3082 -0.9346
vn 0.9061 0.1427 -0.3982
vn 0.1618 -0.0481 -0.9856
vn 0.8895 -0.1323 -0.4374
vn 0.1295 -0.2763 -0.9523
vn 0.8388 -0.3141 -0.4447
vn 0.1297 -0.1438 -0.9811
vn 0.8703 -0.2160 -0.4427
vn 0.1480 0.1384 -0.9792
vn 0.9068 0.0085 -0.4214
vn 0.1656 0.4284 -0.8883
vn 0.8928 0.2520 -0.3733
vn 0.1819 0.5989 -0.7799
vn 0.8539 0.4028 -0.3295
vn 0.1890 0.4945 -0.8484
vn 0.8832 0.2999 -0.3607
vn 0.1711 0.2324 -0.9575
vn 0.9085 0.0824 -0.4096
vn 0.1581 0.0487 -0.9862
vn 0.9008 -0.0596 -0.4302
vn 0.1441 -0.2036 -0.9684
vn 0.8596 -0.2529 -0.4440
vn 0.1236 -0.3192 -0.9396
vn 0.8242 -0.3511 -0.4442
vn 0.1292 -0.1467 -0.9807
vn 0.8696 -0.2186 -0.4428
vn 0.1482 0.1318 -0.9801
vn 0.9065 0.0032 -0.4222
vn 0.1648 0.4082 -0.8979
vn 0.8959 0.2336 -0.3779
vn 0.1806 0.5873 -0.7889
vn 0.8574 0.3926 -0.3328
vn 0.1890 0.5083 -0.8402
vn 0.8803 0.3123 -0.3572
vn 0.1726 0.2498 -0.9528
vn 0.9083 0.0961 -0.4071
vn 0.1590 0.0523 -0.9859
vn 0.9011 -0.0568 -0.4299
vn 0.1412 -0.2763 -0.9506
vn 0.8403 -0.3099 -0.4447
vn 0.1093 -0.4835 -0.8685
vn 0.7557 -0.4890 -0.4358
vn 0.1166 -0.2821 -0.9523
vn 0.8307 -0.3351 -0.4445
vn 0.1431 0.1306 -0.9811
vn 0.9064 0.0019 -0.4223
vn 0.1689 0.5220 -0.8361
vn 0.8725 0.3426 -0.3484
vn 0.1841 0.7212 -0.6678
vn 0.7983 0.5325 -0.2814
vn 0.1937 0.5995 -0.7766
vn 0.8557 0.3977 -0.3311
vn 0.1755 0.2618 -0.9490
vn 0.9080 0.1056 -0.4054
vn 0.1578 -0.0095 -0.9874
vn 0.8945 -0.1036 -0.4348
vn 0.1296 -0.3826 -0.9148
vn 0.8041 -0.3969 -0.4426
vn 0.1024 -0.5286 -0.8427
vn 0.7285 -0.5328 -0.4306
vn 0.1158 -0.2907 -0.9498
vn 0.8276 -0.3430 -0.4444
vn 0.1428 0.1294 -0.9813
vn 0.9064 0.0010 -0.4225
vn 0.1690 0.5260 -0.8335
vn 0.8714 0.3467 -0.3472
vn 0.1841 0.7247 -0.6640
vn 0.7963 0.5363 -0.2798
vn 0.1941 0.5950 -0.7799
vn 0.8571 0.3935 -0.3325
vn 0.1748 0.2444 -0.9538
vn 0.9084 0.0919 -0.4079
vn 0.1561 -0.0596 -0.9859
vn 0.8877 -0.1415 -0.4381
vn 0.0903 -0.6332 -0.7687
vn 0.6625 -0.6234 -0.4153
vn -0.0470 -0.9582 -0.2821
vn 0.1357 -0.9642 -0.2277
vn -0.0646 -0.9883 -0.1385
vn 0.1407 -0.1809 -0.9734
vn 0.8645 -0.2365 -0.4435
vn 0.8813 -0.1718 -0.4403
vn 0.1563 -0.0959 -0.9831
vn 0.1015 -0.2485 -0.9633
vn 0.8464 -0.2931 -0.4447
vn 0.1198 -0.3329 -0.9353
vn 0.8181 -0.3657 -0.4439
vn 0.7919 -0.4221 -0.4413
vn 0.1442 -0.4040 -0.9033
vn 0.0967 -0.2788 -0.9555
vn 0.8375 -0.3175 -0.4447
vn 0.2115 0.6280 -0.7489
vn 0.8416 0.4365 -0.3180
vn 0.1424 0.6402 -0.7549
vn -0.5347 0.8327 0.1442
vn -0.0604 0.9118 -0.4062
vn -0.4109 0.8475 0.3362
vn 0.0108 0.8421 0.5392
vn -0.6850 0.6472 -0.3346
vn -0.6600 0.6544 -0.3691
vn -0.7010 0.6418 -0.3111
vn -0.0307 0.9967 0.0749
vn -0.4342 0.8883 -0.1496
vn -0.7461 0.5465 -0.3804
vn -0.8301 0.3082 -0.4647
vn -0.8591 -0.0481 -0.5096
vn -0.8128 -0.2763 -0.5129
vn -0.8349 -0.1438 -0.5312
vn -0.8453 0.1384 -0.5161
vn -0.7869 0.4284 -0.4441
vn -0.7144 0.5989 -0.3620
vn -0.7714 0.4945 -0.4005
vn -0.8434 0.2324 -0.4844
vn -0.8571 0.0487 -0.5128
vn -0.8345 -0.2036 -0.5121
vn -0.7992 -0.3192 -0.5093
vn -0.8343 -0.1467 -0.5314
vn -0.8461 0.1318 -0.5165
vn -0.7938 0.4082 -0.4509
vn -0.7204 0.5873 -0.3688
vn -0.7651 0.5083 -0.3953
vn -0.8408 0.2498 -0.4802
vn -0.8574 0.0523 -0.5120
vn -0.8190 -0.2763 -0.5029
vn -0.7356 -0.4835 -0.4745
vn -0.8044 -0.2821 -0.5228
vn -0.8435 0.1306 -0.5210
vn -0.7490 0.5220 -0.4081
vn -0.6299 0.7212 -0.2882
vn -0.7194 0.5995 -0.3508
vn -0.8398 0.2618 -0.4756
vn -0.8579 -0.0095 -0.5138
vn -0.7841 -0.3826 -0.4887
vn -0.7114 -0.5286 -0.4632
vn -0.8020 -0.2907 -0.5218
vn -0.8435 0.1294 -0.5214
vn -0.7472 0.5260 -0.4063
vn -0.6270 0.7247 -0.2857
vn -0.7222 0.5950 -0.3527
vn -0.8430 0.2444 -0.4792
vn -0.8556 -0.0596 -0.5142
vn -0.6469 -0.6332 -0.4249
vn -0.1859 -0.9582 -0.2174
vn -0.8361 -0.1809 -0.5179
vn -0.8535 -0.0959 -0.5122
vn -0.8032 -0.2485 -0.5415
vn -0.7935 -0.3329 -0.5094
vn -0.7847 -0.4040 -0.4702
vn -0.7941 -0.2788 -0.5401
vn -0.7097 0.6280 -0.3194
vn -0.6698 0.6402 -0.3762
vn -0.4612 0.7099 0.5323
vn 0.4061 0.8421 0.3548
vn -0.7770 0.4510 0.4392
vn -0.0938 0.9732 0.2098
vn -0.5535 0.7390 0.3842
vn -0.8257 0.3476 0.4443
vn -0.8875 0.1427 0.4382
vn -0.9068 -0.1323 0.4003
vn -0.8798 -0.3141 0.3567
vn -0.8985 -0.2160 0.3821
vn -0.9057 0.0085 0.4238
vn -0.8599 0.2520 0.4440
vn -0.8013 0.4028 0.4424
vn -0.8440 0.2999 0.4447
vn -0.8978 0.0824 0.4327
vn -0.9086 -0.0596 0.4135
vn -0.8927 -0.2529 0.3731
vn -0.8701 -0.3511 0.3459
vn -0.8981 -0.2186 0.3815
vn -0.9061 0.0032 0.4231
vn -0.8654 0.2336 0.4434
vn -0.8061 0.3926 0.4428
vn -0.8395 0.3123 0.4447
vn -0.8957 0.0961 0.4341
vn -0.9085 -0.0568 0.4140
vn -0.8808 -0.3099 0.3579
vn -0.8195 -0.4890 0.2987
vn -0.8745 -0.3351 0.3506
vn -0.9062 0.0019 0.4229
vn -0.8277 0.3426 0.4444
vn -0.7287 0.5325 0.4306
vn -0.8037 0.3977 0.4426
vn -0.8942 0.1056 0.4350
vn -0.9081 -0.1036 0.4058
vn -0.8559 -0.3969 0.3314
vn -0.7982 -0.5328 0.2813
vn -0.8724 -0.3430 0.3483
vn -0.9062 0.0010 0.4228
vn -0.8261 0.3467 0.4443
vn -0.7262 0.5363 0.4301
vn -0.8057 0.3935 0.4428
vn -0.8964 0.0919 0.4337
vn -0.9062 -0.1415 0.3984
vn -0.7440 -0.6234 0.2406
vn -0.2617 -0.9642 -0.0425
vn -0.8954 -0.2365 0.3772
vn -0.9037 -0.1718 0.3921
vn -0.8847 -0.2931 0.3625
vn -0.8659 -0.3657 0.3414
vn -0.8471 -0.4221 0.3230
vn -0.8790 -0.3175 0.3557
vn -0.7846 0.4365 0.4403
vn 0.1911 0.7940 0.5771
vn 0.5216 0.8475 -0.0987
vn -0.1131 0.4380 0.8918
vn -0.0701 0.4386 0.8960
vn -0.1417 0.4372 0.8881
vn 0.0512 0.9668 0.2505
vn -0.0574 0.7505 0.6584
vn -0.1314 0.3216 0.9377
vn -0.1535 0.0607 0.9863
vn -0.1842 -0.2950 0.9376
vn -0.1807 -0.5075 0.8425
vn -0.1646 -0.3891 0.9064
vn -0.1466 -0.1172 0.9822
vn -0.1255 0.1864 0.9744
vn -0.1179 0.3807 0.9172
vn -0.1395 0.2633 0.9546
vn -0.1571 -0.0187 0.9874
vn -0.1682 -0.2033 0.9646
vn -0.1862 -0.4408 0.8781
vn -0.1801 -0.5456 0.8184
vn -0.1644 -0.3917 0.9053
vn -0.1476 -0.1237 0.9813
vn -0.1274 0.1644 0.9781
vn -0.1182 0.3670 0.9227
vn -0.1376 0.2787 0.9505
vn -0.1563 -0.0006 0.9877
vn -0.1686 -0.1997 0.9652
vn -0.1923 -0.5055 0.8411
vn -0.1856 -0.6847 0.7048
vn -0.1686 -0.5147 0.8407
vn -0.1427 -0.1258 0.9817
vn -0.1158 0.2903 0.9499
vn -0.1024 0.5283 0.8429
vn -0.1294 0.3836 0.9144
vn -0.1576 0.0122 0.9874
vn -0.1754 -0.2591 0.9498
vn -0.1937 -0.5986 0.7773
vn -0.1841 -0.7215 0.6675
vn -0.1689 -0.5223 0.8358
vn -0.1426 -0.1270 0.9816
vn -0.1154 0.2949 0.9485
vn -0.1020 0.5327 0.8401
vn -0.1305 0.3785 0.9163
vn -0.1592 -0.0058 0.9872
vn -0.1800 -0.3068 0.9346
vn -0.1841 -0.8025 0.5675
vn -0.0807 -0.9967 0.0082
vn -0.1800 -0.4209 0.8891
vn -0.1848 -0.3405 0.9219
vn -0.1496 -0.4876 0.8601
vn -0.1781 -0.5581 0.8105
vn -0.2107 -0.6139 0.7607
vn -0.1485 -0.5149 0.8443
vn -0.1430 0.4207 0.8959
vn -0.0730 0.4218 0.9037
vn 0.5926 0.8039 -0.0508
vn 0.1064 0.9518 -0.2878
vn 0.7559 0.4380 0.4866
vn 0.7314 0.4386 0.5222
vn 0.7715 0.4372 0.4623
vn 0.1590 0.9668 0.2002
vn 0.5412 0.7505 0.3793
vn 0.8028 0.3216 0.5021
vn 0.8542 0.0607 0.5164
vn 0.8366 -0.2950 0.4615
vn 0.7616 -0.5075 0.4031
vn 0.8001 -0.3891 0.4566
vn 0.8467 -0.1172 0.5190
vn 0.8271 0.1864 0.5302
vn 0.7784 0.3807 0.4992
vn 0.8209 0.2633 0.5067
vn 0.8574 -0.0187 0.5143
vn 0.8470 -0.2033 0.4911
vn 0.7924 -0.4408 0.4218
vn 0.7427 -0.5456 0.3881
vn 0.7991 -0.3917 0.4560
vn 0.8466 -0.1237 0.5177
vn 0.8312 0.1644 0.5312
vn 0.7828 0.3670 0.5025
vn 0.8165 0.2787 0.5056
vn 0.8571 -0.0007 0.5151
vn 0.8478 -0.1997 0.4913
vn 0.7679 -0.5055 0.3933
vn 0.6592 -0.6847 0.3108
vn 0.7524 -0.5147 0.4112
vn 0.8438 -0.1258 0.5217
vn 0.8021 0.2903 0.5219
vn 0.7115 0.5283 0.4633
vn 0.7836 0.3836 0.4886
vn 0.8577 0.0122 0.5140
vn 0.8403 -0.2591 0.4762
vn 0.7200 -0.5986 0.3512
vn 0.6297 -0.7215 0.2881
vn 0.7489 -0.5223 0.4079
vn 0.8436 -0.1270 0.5217
vn 0.8008 0.2949 0.5213
vn 0.7091 0.5327 0.4619
vn 0.7858 0.3785 0.4891
vn 0.8586 -0.0058 0.5127
vn 0.8317 -0.3068 0.4629
vn 0.5531 -0.8025 0.2238
vn 0.0582 -0.9967 -0.0566
vn 0.7968 -0.4209 0.4336
vn 0.8250 -0.3405 0.4511
vn 0.7551 -0.4876 0.4383
vn 0.7353 -0.5581 0.3846
vn 0.7182 -0.6139 0.3275
vn 0.7422 -0.5149 0.4289
vn 0.7782 0.4207 0.4663
vn 0.7392 0.4218 0.5250
vn 0.5575 0.7636 -0.3258
vn -0.2889 0.9518 -0.1035
vn 0.8825 0.3172 -0.3472
vn 0.7777 0.5723 -0.2601
vn 0.3643 0.7081 -0.6049
vn 0.4669 0.4436 -0.7650
vn -0.3619 0.5704 -0.7373
vn -0.2509 0.8127 -0.5259
vn -0.8794 0.4625 -0.1127
vn -0.6711 0.7356 -0.0929
vn -0.8202 0.3560 0.4478
vn -0.6632 0.6212 0.4174
vn -0.4146 0.3239 0.8504
vn -0.2571 0.6161 0.7446
vn 0.3234 0.6339 0.7026
vn 0.3791 0.3280 0.8653
vn 0.7587 0.5831 0.2904
vn 0.9246 0.2862 0.2515
vn 0.1222 0.9925 -0.0005
vn -0.2067 0.9711 -0.1194
vn -0.3775 0.8937 0.2426
vn -0.4538 0.7369 0.5010
vn -0.2461 0.7825 0.5719
vn 0.0347 0.8276 0.5602
vn 0.2786 0.8842 0.3749
vn 0.3510 0.9208 0.1702
vn 0.5516 0.8338 0.0215
vn 0.9065 -0.0009 -0.4222
vn 0.4623 0.0929 -0.8819
vn 0.2951 0.8829 -0.3654
vn -0.4084 0.1506 -0.9003
vn -0.3051 0.8450 -0.4392
vn -0.9701 0.0932 -0.2239
vn -0.6408 0.7631 0.0838
vn -0.9068 0.0001 0.4215
vn -0.4846 0.7407 0.4653
vn -0.4615 -0.0927 0.8823
vn -0.3588 0.6051 0.7107
vn 0.4086 -0.1538 0.8996
vn 0.2568 0.6080 0.7512
vn 0.9699 -0.0973 0.2232
vn 0.6462 0.6803 0.3458
vn 0.9722 -0.0031 0.2340
vn 0.9459 0.0699 0.3169
vn 0.9517 0.0582 0.3013
vn 0.9745 0.0015 0.2245
vn -0.2249 -0.1288 0.9658
vn -0.1805 -0.1613 0.9702
vn -0.1884 -0.1555 0.9697
vn -0.2310 -0.1307 0.9641
vn -0.9572 -0.0585 0.2835
vn -0.9518 -0.1508 0.2671
vn -0.9515 -0.1536 0.2665
vn -0.5651 0.1497 -0.8113
vn -0.5202 0.1166 -0.8460
vn -0.5236 0.1092 -0.8450
vn -0.5723 0.1508 -0.8060
vn 0.7228 0.1220 -0.6802
vn 0.6788 0.2037 -0.7055
vn 0.6850 0.2085 -0.6980
vn 0.7301 0.1175 -0.6732
vn 0.7929 0.3281 0.5136
vn 0.8362 0.2819 0.4704
vn -0.0983 -0.2480 0.9637
vn -0.1166 -0.2361 0.9647
vn -0.8641 -0.4661 0.1898
vn -0.8553 -0.4843 0.1842
vn -0.4476 0.0431 -0.8932
vn -0.4365 0.0236 -0.8994
vn 0.5411 0.4333 -0.7207
vn 0.5358 0.4600 -0.7080
vn 0.4776 0.4594 0.7489
vn 0.5369 0.4666 0.7028
vn -0.0115 -0.2776 0.9606
vn -0.0216 -0.2889 0.9571
vn -0.5975 -0.8000 0.0547
vn -0.5765 -0.8158 0.0458
vn -0.3497 0.0046 -0.9369
vn -0.3566 -0.0062 -0.9343
vn 0.2452 0.6294 -0.7374
vn 0.2546 0.6511 -0.7150
vn 0.3353 0.2669 0.9035
vn 0.3378 0.3162 0.8865
vn 0.0192 -0.2202 0.9753
vn 0.0185 -0.2402 0.9705
vn -0.4159 -0.9092 -0.0183
vn -0.2771 0.0596 -0.9590
vn -0.2954 0.0408 -0.9545
vn -0.0556 0.5458 -0.8360
vn -0.0101 0.5841 -0.8116
vn -0.9219 0.2220 0.3176
vn -0.9219 0.2219 0.3177
vn -0.9258 0.0740 0.3706
vn -0.3906 0.8669 0.3097
vn -0.3612 0.8501 0.3832
vn -0.9029 0.0592 0.4257
vn -0.9573 0.0970 0.2723
vn -0.4476 0.8757 0.1813
vn -0.9732 0.1148 0.1992
vn -0.4713 0.8774 0.0902
vn -0.9511 0.0939 0.2942
vn -0.4228 0.8810 0.2121
vn -0.8958 0.0566 0.4409
vn -0.3431 0.8499 0.3998
vn -0.8132 0.0159 0.5818
vn -0.2482 0.7778 0.5775
vn -0.7386 -0.0150 0.6740
vn -0.1780 0.6975 0.6942
vn -0.7803 -0.0000 0.6254
vn -0.2219 0.7327 0.6433
vn -0.8668 0.0394 0.4970
vn -0.3153 0.8200 0.4776
vn -0.9128 0.0651 0.4032
vn -0.3748 0.8572 0.3533
vn -0.9674 0.1064 0.2297
vn -0.4695 0.8738 0.1266
vn -0.9867 0.1385 0.0846
vn -0.5136 0.8566 -0.0493
vn -0.9720 0.1149 0.2049
vn -0.4586 0.8824 0.1051
vn -0.8961 0.0573 0.4402
vn -0.3408 0.8519 0.3977
vn -0.7602 -0.0057 0.6497
vn -0.1971 0.7291 0.6554
vn -0.6505 -0.0461 0.7581
vn -0.1045 0.6051 0.7892
vn -0.7356 -0.0178 0.6772
vn -0.1805 0.6836 0.7072
vn -0.8636 0.0376 0.5027
vn -0.3124 0.8164 0.4857
vn -0.9249 0.0726 0.3733
vn -0.3939 0.8638 0.3141
vn -0.9794 0.1213 0.1613
vn -0.4968 0.8669 0.0403
vn -0.9882 0.1470 0.0428
vn -0.5230 0.8470 -0.0951
vn -0.9732 0.1164 0.1984
vn -0.4609 0.8821 0.0976
vn -0.8963 0.0575 0.4396
vn -0.3410 0.8522 0.3968
vn -0.7579 -0.0065 0.6523
vn -0.1951 0.7270 0.6583
vn -0.6479 -0.0470 0.7603
vn -0.1024 0.6022 0.7918
vn -0.4172 -0.1118 0.9019
vn 0.0255 0.4259 0.9044
vn 0.4146 -0.2373 0.8785
vn -0.6809 -0.7323 0.0105
vn -0.6543 -0.7520 0.0800
vn -0.7276 -0.6784 -0.1019
vn -0.7439 -0.6425 -0.1838
vn -0.7080 -0.7017 -0.0804
vn -0.6377 -0.7646 0.0932
vn -0.5403 -0.7963 0.2720
vn -0.4604 -0.7922 0.4006
vn -0.5104 -0.7883 0.3437
vn -0.6100 -0.7737 0.1712
vn -0.6667 -0.7435 0.0518
vn -0.7438 -0.6518 -0.1479
vn -0.7684 -0.5658 -0.2990
vn -0.7345 -0.6555 -0.1756
vn -0.6355 -0.7668 0.0904
vn -0.4824 -0.7997 0.3574
vn -0.3704 -0.7724 0.5160
vn -0.4626 -0.7830 0.4158
vn -0.6071 -0.7741 0.1793
vn -0.6838 -0.7295 0.0160
vn -0.7615 -0.6094 -0.2207
vn -0.7715 -0.5394 -0.3374
vn -0.7361 -0.6519 -0.1821
vn -0.6357 -0.7667 0.0896
vn -0.4800 -0.7997 0.3607
vn -0.3677 -0.7714 0.5193
vn -0.1891 -0.7006 0.6881
vn 0.3074 -0.8186 -0.4852
vn 0.3451 -0.8407 -0.4173
vn 0.2494 -0.7607 -0.5992
vn 0.1988 -0.7193 -0.6656
vn 0.2551 -0.7836 -0.5665
vn 0.3456 -0.8514 -0.3946
vn 0.4275 -0.8819 -0.1987
vn 0.4829 -0.8742 -0.0501
vn 0.4675 -0.8751 -0.1253
vn 0.3899 -0.8634 -0.3203
vn 0.3307 -0.8316 -0.4462
vn 0.2244 -0.7317 -0.6436
vn 0.1293 -0.6343 -0.7622
vn 0.2007 -0.7328 -0.6502
vn 0.3422 -0.8528 -0.3945
vn 0.4608 -0.8821 -0.0980
vn 0.5229 -0.8471 0.0948
vn 0.4970 -0.8668 -0.0394
vn 0.3947 -0.8641 -0.3123
vn 0.3133 -0.8170 -0.4841
vn 0.1809 -0.6841 -0.7066
vn 0.1044 -0.6049 -0.7894
vn 0.1969 -0.7289 -0.6557
vn 0.3417 -0.8526 -0.3953
vn 0.4620 -0.8819 -0.0941
vn 0.5240 -0.8459 0.0990
vn 0.5576 -0.7617 0.3300
vn 0.8627 -0.0379 -0.5043
vn 0.8908 -0.0522 -0.4514
vn 0.8072 -0.0113 -0.5902
vn 0.7609 0.0066 -0.6489
vn 0.8197 -0.0187 -0.5725
vn 0.8977 -0.0577 -0.4369
vn 0.9542 -0.0966 -0.2832
vn 0.9786 -0.1222 -0.1658
vn 0.9676 -0.1069 -0.2289
vn 0.9230 -0.0715 -0.3782
vn 0.8797 -0.0462 -0.4734
vn 0.7810 0.0001 -0.6246
vn 0.6816 0.0359 -0.7309
vn 0.7642 0.0041 -0.6449
vn 0.8972 -0.0579 -0.4378
vn 0.9731 -0.1163 -0.1987
vn 0.9882 -0.1470 -0.0430
vn 0.9795 -0.1214 -0.1607
vn 0.9254 -0.0729 -0.3719
vn 0.8644 -0.0380 -0.5014
vn 0.7360 0.0176 -0.6767
vn 0.6504 0.0461 -0.7582
vn 0.7600 0.0057 -0.6499
vn 0.8969 -0.0578 -0.4384
vn 0.9737 -0.1171 -0.1953
vn 0.9883 -0.1477 -0.0394
vn 0.9528 -0.1950 0.2327
vn 0.6023 0.7782 -0.1779
vn 0.6391 0.7609 -0.1123
vn 0.5409 0.7873 -0.2960
vn 0.4846 0.7935 -0.3681
vn 0.5478 0.7951 -0.2604
vn 0.6400 0.7633 -0.0881
vn 0.7116 0.6964 0.0926
vn 0.7512 0.6229 0.2183
vn 0.7421 0.6532 0.1501
vn 0.6802 0.7327 -0.0214
vn 0.6252 0.7677 -0.1403
vn 0.5129 0.7864 -0.3443
vn 0.4016 0.7790 -0.4816
vn 0.4866 0.7998 -0.3515
vn 0.6369 0.7660 -0.0874
vn 0.7360 0.6521 0.1818
vn 0.7715 0.5395 0.3372
vn 0.7617 0.6090 0.2214
vn 0.6844 0.7289 -0.0144
vn 0.6080 0.7738 -0.1777
vn 0.4632 0.7830 -0.4152
vn 0.3702 0.7723 -0.5162
vn 0.4822 0.7997 -0.3577
vn 0.6364 0.7663 -0.0880
vn 0.7368 0.6502 0.1852
vn 0.7719 0.5369 0.3405
vn 0.7632 0.3696 0.5301
vn -0.9258 0.0740 0.3708
vn -0.3905 0.8669 0.3098
vn -0.3612 0.8501 0.3833
vn -0.9029 0.0592 0.4258
vn -0.9674 0.1064 0.2298
vn -0.8960 0.0573 0.4402
vn -0.8636 0.0376 0.5028
vn -0.3124 0.8164 0.4858
vn -0.9248 0.0725 0.3734
vn -0.3939 0.8638 0.3142
vn -0.7695 -0.0054 0.6387
vn -0.2171 0.7167 0.6628
vn -0.6809 -0.7323 0.0106
vn -0.7439 -0.6425 -0.1839
vn -0.6069 -0.7742 0.1796
vn -0.6836 -0.7296 0.0164
vn -0.5039 -0.7822 0.3663
vn 0.3075 -0.8186 -0.4850
vn 0.3451 -0.8407 -0.4172
vn 0.3947 -0.8641 -0.3122
vn 0.3134 -0.8170 -0.4840
vn 0.1044 -0.6050 -0.7894
vn 0.4819 -0.8700 -0.1045
vn 0.8628 -0.0379 -0.5041
vn 0.9254 -0.0729 -0.3718
vn 0.8644 -0.0381 -0.5013
vn 0.9712 -0.1096 -0.2115
vn 0.6024 0.7781 -0.1778
vn 0.6843 0.7290 -0.0147
vn 0.6078 0.7739 -0.1780
vn 0.7529 0.6373 0.1646
vn -0.9135 0.0656 0.4014
vn -0.3755 0.8578 0.3509
vn -0.3461 0.8471 0.4032
vn -0.8950 0.0568 0.4425
vn -0.2219 0.7327 0.6434
vn -0.1805 0.6836 0.7071
vn -0.3125 0.8164 0.4856
vn -0.9248 0.0726 0.3734
vn -0.3940 0.8638 0.3140
vn -0.7695 -0.0054 0.6386
vn -0.2172 0.7168 0.6627
vn -0.6674 -0.7430 0.0495
vn -0.6421 -0.7603 0.0986
vn -0.6667 -0.7435 0.0519
vn -0.6070 -0.7742 0.1795
vn -0.6837 -0.7296 0.0163
vn -0.5040 -0.7822 0.3662
vn 0.3293 -0.8310 -0.4483
vn 0.3523 -0.8486 -0.3948
vn 0.4970 -0.8668 -0.0395
vn 0.3946 -0.8641 -0.3124
vn 0.3133 -0.8169 -0.4842
vn 0.4819 -0.8700 -0.1046
vn 0.8788 -0.0458 -0.4751
vn 0.8987 -0.0558 -0.4350
vn 0.9676 -0.1070 -0.2288
vn 0.9253 -0.0728 -0.3721
vn 0.8643 -0.0380 -0.5016
vn 0.9883 -0.1476 -0.0394
vn 0.9712 -0.1096 -0.2116
vn 0.6239 0.7685 -0.1422
vn 0.6445 0.7595 -0.0887
vn 0.6844 0.7290 -0.0147
vn 0.6078 0.7739 -0.1779
vn 0.7368 0.6502 0.1853
vn 0.7528 0.6373 0.1644
# 1201 vertex normals

vt 0.5190 0.3129 0.0000
vt 0.4955 0.3134 0.0000
vt 0.4956 0.3045 0.0000
vt 0.5188 0.3040 0.0000
vt 0.5195 0.3192 0.0000
vt 0.4957 0.3198 0.0000
vt 0.5199 0.3258 0.0000
vt 0.4955 0.3265 0.0000
vt 0.5214 0.3436 0.0000
vt 0.4952 0.3437 0.0000
vt 0.5225 0.3631 0.0000
vt 0.4953 0.3636 0.0000
vt 0.5227 0.3834 0.0000
vt 0.4963 0.3842 0.0000
vt 0.5213 0.4018 0.0000
vt 0.4958 0.4021 0.0000
vt 0.5202 0.4079 0.0000
vt 0.4955 0.4079 0.0000
vt 0.5195 0.4134 0.0000
vt 0.4955 0.4134 0.0000
vt 0.5192 0.4169 0.0000
vt 0.4956 0.4168 0.0000
vt 0.5196 0.4249 0.0000
vt 0.4957 0.4249 0.0000
vt 0.5198 0.4326 0.0000
vt 0.4952 0.4326 0.0000
vt 0.5209 0.4448 0.0000
vt 0.4948 0.4448 0.0000
vt 0.5219 0.4566 0.0000
vt 0.4950 0.4565 0.0000
vt 0.5219 0.4683 0.0000
vt 0.4956 0.4685 0.0000
vt 0.5212 0.4808 0.0000
vt 0.4957 0.4808 0.0000
vt 0.5199 0.4878 0.0000
vt 0.4954 0.4878 0.0000
vt 0.5188 0.4944 0.0000
vt 0.4957 0.4939 0.0000
vt 0.5188 0.4945 0.0000
vt 0.4957 0.4941 0.0000
vt 0.5196 0.5005 0.0000
vt 0.4960 0.5000 0.0000
vt 0.5198 0.5072 0.0000
vt 0.4954 0.5067 0.0000
vt 0.5211 0.5185 0.0000
vt 0.4949 0.5184 0.0000
vt 0.5235 0.5295 0.0000
vt 0.4951 0.5293 0.0000
vt 0.4586 0.9517 0.0000
vt 0.4901 0.9675 0.0000
vt 0.4886 0.9777 0.0000
vt 0.4490 0.9555 0.0000
vt 0.4686 0.9467 0.0000
vt 0.4908 0.9564 0.0000
vt 0.4743 0.9428 0.0000
vt 0.4906 0.9490 0.0000
vt 0.4881 0.9323 0.0000
vt 0.5414 0.3118 0.0000
vt 0.5408 0.3031 0.0000
vt 0.5425 0.3180 0.0000
vt 0.5437 0.3245 0.0000
vt 0.5462 0.3410 0.0000
vt 0.5485 0.3610 0.0000
vt 0.5481 0.3816 0.0000
vt 0.5455 0.4015 0.0000
vt 0.5433 0.4080 0.0000
vt 0.5420 0.4139 0.0000
vt 0.5414 0.4175 0.0000
vt 0.5422 0.4254 0.0000
vt 0.5433 0.4330 0.0000
vt 0.5455 0.4445 0.0000
vt 0.5475 0.4564 0.0000
vt 0.5469 0.4680 0.0000
vt 0.5453 0.4811 0.0000
vt 0.5430 0.4887 0.0000
vt 0.5409 0.4957 0.0000
vt 0.5409 0.4959 0.0000
vt 0.5419 0.5019 0.0000
vt 0.5429 0.5086 0.0000
vt 0.5460 0.5196 0.0000
vt 0.5497 0.5303 0.0000
vt 0.4566 0.9164 0.0000
vt 0.4485 0.9101 0.0000
vt 0.4659 0.9225 0.0000
vt 0.4723 0.9255 0.0000
vt 0.5613 0.3105 0.0000
vt 0.5600 0.3018 0.0000
vt 0.5625 0.3169 0.0000
vt 0.5649 0.3234 0.0000
vt 0.5696 0.3409 0.0000
vt 0.5727 0.3619 0.0000
vt 0.5725 0.3845 0.0000
vt 0.5669 0.4039 0.0000
vt 0.5639 0.4100 0.0000
vt 0.5613 0.4156 0.0000
vt 0.5610 0.4190 0.0000
vt 0.5610 0.4265 0.0000
vt 0.5641 0.4345 0.0000
vt 0.5685 0.4462 0.0000
vt 0.5701 0.4577 0.0000
vt 0.5705 0.4711 0.0000
vt 0.5674 0.4840 0.0000
vt 0.5641 0.4912 0.0000
vt 0.5611 0.4979 0.0000
vt 0.5611 0.4981 0.0000
vt 0.5607 0.5043 0.0000
vt 0.5635 0.5108 0.0000
vt 0.5689 0.5217 0.0000
vt 0.5723 0.5316 0.0000
vt 0.4862 0.8971 0.0000
vt 0.4875 0.8869 0.0000
vt 0.4855 0.9082 0.0000
vt 0.4860 0.9150 0.0000
vt 0.4498 0.3133 0.0000
vt 0.4297 0.3125 0.0000
vt 0.4316 0.3034 0.0000
vt 0.4509 0.3043 0.0000
vt 0.4488 0.3200 0.0000
vt 0.4282 0.3190 0.0000
vt 0.4473 0.3269 0.0000
vt 0.4259 0.3261 0.0000
vt 0.4445 0.3451 0.0000
vt 0.4215 0.3445 0.0000
vt 0.4423 0.3654 0.0000
vt 0.4183 0.3659 0.0000
vt 0.4430 0.3864 0.0000
vt 0.4185 0.3881 0.0000
vt 0.4467 0.4040 0.0000
vt 0.4253 0.4061 0.0000
vt 0.4483 0.4097 0.0000
vt 0.4283 0.4117 0.0000
vt 0.4497 0.4150 0.0000
vt 0.4302 0.4168 0.0000
vt 0.4497 0.4185 0.0000
vt 0.4304 0.4204 0.0000
vt 0.4490 0.4266 0.0000
vt 0.4291 0.4277 0.0000
vt 0.4469 0.4345 0.0000
vt 0.4259 0.4363 0.0000
vt 0.4443 0.4469 0.0000
vt 0.4213 0.4484 0.0000
vt 0.4430 0.4587 0.0000
vt 0.4201 0.4592 0.0000
vt 0.4438 0.4708 0.0000
vt 0.4196 0.4730 0.0000
vt 0.4466 0.4829 0.0000
vt 0.4247 0.4853 0.0000
vt 0.4490 0.4897 0.0000
vt 0.4290 0.4919 0.0000
vt 0.4514 0.4959 0.0000
vt 0.4322 0.4983 0.0000
vt 0.4514 0.4960 0.0000
vt 0.4323 0.4984 0.0000
vt 0.4505 0.5017 0.0000
vt 0.4311 0.5042 0.0000
vt 0.4482 0.5084 0.0000
vt 0.4279 0.5107 0.0000
vt 0.4444 0.5197 0.0000
vt 0.4220 0.5214 0.0000
vt 0.4410 0.5299 0.0000
vt 0.4188 0.5310 0.0000
vt 0.5176 0.9131 0.0000
vt 0.5271 0.9091 0.0000
vt 0.5077 0.9181 0.0000
vt 0.5018 0.9215 0.0000
vt 0.4719 0.3136 0.0000
vt 0.4726 0.3046 0.0000
vt 0.4715 0.3201 0.0000
vt 0.4708 0.3268 0.0000
vt 0.4694 0.3443 0.0000
vt 0.4682 0.3644 0.0000
vt 0.4692 0.3851 0.0000
vt 0.4705 0.4028 0.0000
vt 0.4711 0.4086 0.0000
vt 0.4718 0.4140 0.0000
vt 0.4719 0.4174 0.0000
vt 0.4715 0.4255 0.0000
vt 0.4703 0.4333 0.0000
vt 0.4689 0.4455 0.0000
vt 0.4682 0.4573 0.0000
vt 0.4691 0.4695 0.0000
vt 0.4704 0.4815 0.0000
vt 0.4715 0.4882 0.0000
vt 0.4729 0.4944 0.0000
vt 0.4729 0.4946 0.0000
vt 0.4724 0.5005 0.0000
vt 0.4710 0.5072 0.0000
vt 0.4688 0.5187 0.0000
vt 0.4668 0.5294 0.0000
vt 0.5195 0.9482 0.0000
vt 0.5276 0.9545 0.0000
vt 0.5103 0.9421 0.0000
vt 0.5042 0.9383 0.0000
vt 0.5194 0.1614 0.0000
vt 0.4956 0.1617 0.0000
vt 0.4948 0.1540 0.0000
vt 0.5184 0.1537 0.0000
vt 0.5205 0.1693 0.0000
vt 0.4952 0.1697 0.0000
vt 0.5211 0.1812 0.0000
vt 0.4950 0.1814 0.0000
vt 0.5212 0.1926 0.0000
vt 0.4954 0.1929 0.0000
vt 0.5196 0.2038 0.0000
vt 0.4956 0.2043 0.0000
vt 0.5191 0.2155 0.0000
vt 0.4954 0.2163 0.0000
vt 0.5181 0.2224 0.0000
vt 0.4952 0.2230 0.0000
vt 0.5174 0.2287 0.0000
vt 0.4951 0.2292 0.0000
vt 0.5174 0.2288 0.0000
vt 0.4951 0.2294 0.0000
vt 0.5188 0.2348 0.0000
vt 0.4956 0.2354 0.0000
vt 0.5195 0.2416 0.0000
vt 0.4953 0.2423 0.0000
vt 0.5207 0.2538 0.0000
vt 0.4952 0.2544 0.0000
vt 0.5214 0.2660 0.0000
vt 0.4956 0.2666 0.0000
vt 0.5213 0.2777 0.0000
vt 0.4962 0.2788 0.0000
vt 0.5202 0.2908 0.0000
vt 0.4959 0.2915 0.0000
vt 0.5192 0.2978 0.0000
vt 0.4956 0.2983 0.0000
vt 0.5430 0.1604 0.0000
vt 0.5407 0.1527 0.0000
vt 0.5448 0.1683 0.0000
vt 0.5466 0.1803 0.0000
vt 0.5466 0.1917 0.0000
vt 0.5437 0.2028 0.0000
vt 0.5416 0.2140 0.0000
vt 0.5396 0.2210 0.0000
vt 0.5384 0.2273 0.0000
vt 0.5384 0.2274 0.0000
vt 0.5406 0.2334 0.0000
vt 0.5426 0.2401 0.0000
vt 0.5452 0.2526 0.0000
vt 0.5462 0.2650 0.0000
vt 0.5456 0.2762 0.0000
vt 0.5431 0.2893 0.0000
vt 0.5414 0.2966 0.0000
vt 0.5635 0.1593 0.0000
vt 0.5613 0.1510 0.0000
vt 0.5677 0.1671 0.0000
vt 0.5717 0.1787 0.0000
vt 0.5699 0.1907 0.0000
vt 0.5669 0.2011 0.0000
vt 0.5615 0.2125 0.0000
vt 0.5585 0.2192 0.0000
vt 0.5570 0.2251 0.0000
vt 0.5571 0.2252 0.0000
vt 0.5598 0.2313 0.0000
vt 0.5639 0.2379 0.0000
vt 0.5690 0.2503 0.0000
vt 0.5690 0.2638 0.0000
vt 0.5677 0.2759 0.0000
vt 0.5633 0.2889 0.0000
vt 0.5606 0.2961 0.0000
vt 0.4462 0.1604 0.0000
vt 0.4231 0.1593 0.0000
vt 0.4259 0.1507 0.0000
vt 0.4477 0.1524 0.0000
vt 0.4444 0.1686 0.0000
vt 0.4204 0.1673 0.0000
vt 0.4431 0.1804 0.0000
vt 0.4185 0.1792 0.0000
vt 0.4436 0.1919 0.0000
vt 0.4209 0.1910 0.0000
vt 0.4463 0.2032 0.0000
vt 0.4238 0.2018 0.0000
vt 0.4491 0.2149 0.0000
vt 0.4290 0.2132 0.0000
vt 0.4506 0.2215 0.0000
vt 0.4319 0.2198 0.0000
vt 0.4512 0.2278 0.0000
vt 0.4317 0.2259 0.0000
vt 0.4512 0.2280 0.0000
vt 0.4317 0.2260 0.0000
vt 0.4496 0.2344 0.0000
vt 0.4290 0.2325 0.0000
vt 0.4476 0.2415 0.0000
vt 0.4258 0.2397 0.0000
vt 0.4454 0.2542 0.0000
vt 0.4226 0.2528 0.0000
vt 0.4448 0.2667 0.0000
vt 0.4227 0.2661 0.0000
vt 0.4467 0.2788 0.0000
vt 0.4245 0.2784 0.0000
vt 0.4492 0.2914 0.0000
vt 0.4292 0.2908 0.0000
vt 0.4504 0.2980 0.0000
vt 0.4317 0.2975 0.0000
vt 0.4706 0.1614 0.0000
vt 0.4709 0.1535 0.0000
vt 0.4694 0.1694 0.0000
vt 0.4687 0.1812 0.0000
vt 0.4687 0.1927 0.0000
vt 0.4705 0.2040 0.0000
vt 0.4717 0.2160 0.0000
vt 0.4723 0.2227 0.0000
vt 0.4726 0.2289 0.0000
vt 0.4726 0.2291 0.0000
vt 0.4721 0.2353 0.0000
vt 0.4709 0.2422 0.0000
vt 0.4699 0.2546 0.0000
vt 0.4694 0.2668 0.0000
vt 0.4709 0.2789 0.0000
vt 0.4718 0.2916 0.0000
vt 0.4723 0.2983 0.0000
vt 0.9022 0.3295 0.0000
vt 0.9223 0.3303 0.0000
vt 0.9223 0.3424 0.0000
vt 0.9029 0.3415 0.0000
vt 0.9018 0.3206 0.0000
vt 0.9221 0.3217 0.0000
vt 0.9011 0.3129 0.0000
vt 0.9221 0.3140 0.0000
vt 0.8981 0.2927 0.0000
vt 0.9224 0.2944 0.0000
vt 0.8982 0.2707 0.0000
vt 0.9241 0.2725 0.0000
vt 0.9010 0.2464 0.0000
vt 0.9252 0.2446 0.0000
vt 0.8997 0.2219 0.0000
vt 0.9228 0.2224 0.0000
vt 0.9017 0.2156 0.0000
vt 0.9224 0.2152 0.0000
vt 0.9014 0.2072 0.0000
vt 0.9216 0.2073 0.0000
vt 0.9013 0.2024 0.0000
vt 0.9219 0.2026 0.0000
vt 0.9008 0.1894 0.0000
vt 0.9212 0.1918 0.0000
vt 0.9006 0.1811 0.0000
vt 0.9219 0.1825 0.0000
vt 0.8988 0.1677 0.0000
vt 0.9224 0.1693 0.0000
vt 0.8987 0.1540 0.0000
vt 0.9235 0.1555 0.0000
vt 0.9028 0.1419 0.0000
vt 0.9256 0.1412 0.0000
vt 0.9038 0.1281 0.0000
vt 0.9228 0.1279 0.0000
vt 0.9030 0.1185 0.0000
vt 0.9229 0.1200 0.0000
vt 0.9053 0.1108 0.0000
vt 0.9218 0.1115 0.0000
vt 0.9051 0.1106 0.0000
vt 0.9218 0.1112 0.0000
vt 0.9007 0.1002 0.0000
vt 0.9205 0.1013 0.0000
vt 0.8993 0.0910 0.0000
vt 0.9209 0.0944 0.0000
vt 0.8999 0.0802 0.0000
vt 0.9212 0.0805 0.0000
vt 0.8992 0.0656 0.0000
vt 0.9216 0.0659 0.0000
vt 0.9026 0.0511 0.0000
vt 0.9226 0.0532 0.0000
vt 0.7909 0.2740 0.0000
vt 0.7940 0.2978 0.0000
vt 0.7823 0.3011 0.0000
vt 0.7823 0.2645 0.0000
vt 0.7983 0.2779 0.0000
vt 0.8004 0.2941 0.0000
vt 0.8113 0.2868 0.0000
vt 0.8832 0.3302 0.0000
vt 0.8828 0.3421 0.0000
vt 0.8825 0.3218 0.0000
vt 0.8820 0.3138 0.0000
vt 0.8789 0.2937 0.0000
vt 0.8777 0.2689 0.0000
vt 0.8787 0.2431 0.0000
vt 0.8805 0.2227 0.0000
vt 0.8805 0.2164 0.0000
vt 0.8804 0.2090 0.0000
vt 0.8820 0.2047 0.0000
vt 0.8805 0.1919 0.0000
vt 0.8803 0.1816 0.0000
vt 0.8790 0.1689 0.0000
vt 0.8779 0.1539 0.0000
vt 0.8791 0.1409 0.0000
vt 0.8815 0.1308 0.0000
vt 0.8794 0.1196 0.0000
vt 0.8783 0.1102 0.0000
vt 0.8784 0.1098 0.0000
vt 0.8781 0.1005 0.0000
vt 0.8776 0.0910 0.0000
vt 0.8773 0.0785 0.0000
vt 0.8761 0.0656 0.0000
vt 0.8724 0.0504 0.0000
vt 0.8085 0.2627 0.0000
vt 0.8110 0.2505 0.0000
vt 0.8084 0.2709 0.0000
vt 0.8602 0.3307 0.0000
vt 0.8603 0.3428 0.0000
vt 0.8594 0.3221 0.0000
vt 0.8579 0.3143 0.0000
vt 0.8531 0.2953 0.0000
vt 0.8514 0.2696 0.0000
vt 0.8508 0.2433 0.0000
vt 0.8543 0.2218 0.0000
vt 0.8559 0.2147 0.0000
vt 0.8572 0.2070 0.0000
vt 0.8577 0.2022 0.0000
vt 0.8580 0.1912 0.0000
vt 0.8566 0.1823 0.0000
vt 0.8522 0.1712 0.0000
vt 0.8517 0.1552 0.0000
vt 0.8507 0.1402 0.0000
vt 0.8528 0.1269 0.0000
vt 0.8543 0.1193 0.0000
vt 0.8556 0.1105 0.0000
vt 0.8555 0.1102 0.0000
vt 0.8539 0.1036 0.0000
vt 0.8546 0.0946 0.0000
vt 0.8515 0.0820 0.0000
vt 0.8482 0.0677 0.0000
vt 0.8461 0.0529 0.0000
vt 0.8287 0.2760 0.0000
vt 0.8402 0.2726 0.0000
vt 0.8224 0.2798 0.0000
vt 0.9606 0.3288 0.0000
vt 0.9825 0.3291 0.0000
vt 0.9817 0.3412 0.0000
vt 0.9606 0.3408 0.0000
vt 0.9619 0.3205 0.0000
vt 0.9833 0.3205 0.0000
vt 0.9630 0.3125 0.0000
vt 0.9847 0.3126 0.0000
vt 0.9657 0.2917 0.0000
vt 0.9893 0.2941 0.0000
vt 0.9667 0.2662 0.0000
vt 0.9912 0.2677 0.0000
vt 0.9662 0.2400 0.0000
vt 0.9917 0.2416 0.0000
vt 0.9634 0.2197 0.0000
vt 0.9864 0.2203 0.0000
vt 0.9626 0.2128 0.0000
vt 0.9841 0.2133 0.0000
vt 0.9615 0.2058 0.0000
vt 0.9825 0.2058 0.0000
vt 0.9610 0.2013 0.0000
vt 0.9821 0.2010 0.0000
vt 0.9615 0.1906 0.0000
vt 0.9827 0.1901 0.0000
vt 0.9627 0.1810 0.0000
vt 0.9846 0.1811 0.0000
vt 0.9645 0.1670 0.0000
vt 0.9889 0.1709 0.0000
vt 0.9653 0.1520 0.0000
vt 0.9896 0.1541 0.0000
vt 0.9646 0.1363 0.0000
vt 0.9903 0.1392 0.0000
vt 0.9642 0.1253 0.0000
vt 0.9866 0.1258 0.0000
vt 0.9629 0.1171 0.0000
vt 0.9837 0.1182 0.0000
vt 0.9606 0.1094 0.0000
vt 0.9814 0.1095 0.0000
vt 0.9606 0.1090 0.0000
vt 0.9814 0.1094 0.0000
vt 0.9603 0.0997 0.0000
vt 0.9845 0.1035 0.0000
vt 0.9611 0.0914 0.0000
vt 0.9836 0.0938 0.0000
vt 0.9632 0.0768 0.0000
vt 0.9870 0.0813 0.0000
vt 0.9648 0.0629 0.0000
vt 0.9904 0.0670 0.0000
vt 0.9686 0.0500 0.0000
vt 0.9925 0.0523 0.0000
vt 0.8316 0.2998 0.0000
vt 0.8403 0.3092 0.0000
vt 0.8248 0.2952 0.0000
vt 0.9424 0.3298 0.0000
vt 0.9421 0.3420 0.0000
vt 0.9437 0.3213 0.0000
vt 0.9447 0.3133 0.0000
vt 0.9476 0.2932 0.0000
vt 0.9484 0.2688 0.0000
vt 0.9481 0.2425 0.0000
vt 0.9440 0.2213 0.0000
vt 0.9425 0.2142 0.0000
vt 0.9421 0.2069 0.0000
vt 0.9413 0.2023 0.0000
vt 0.9424 0.1916 0.0000
vt 0.9440 0.1821 0.0000
vt 0.9462 0.1688 0.0000
vt 0.9466 0.1543 0.0000
vt 0.9465 0.1394 0.0000
vt 0.9445 0.1268 0.0000
vt 0.9421 0.1189 0.0000
vt 0.9374 0.1108 0.0000
vt 0.9376 0.1105 0.0000
vt 0.9407 0.1011 0.0000
vt 0.9408 0.0919 0.0000
vt 0.9437 0.0787 0.0000
vt 0.9452 0.0661 0.0000
vt 0.9407 0.0511 0.0000
vt 0.8141 0.3110 0.0000
vt 0.8115 0.3232 0.0000
vt 0.8151 0.3017 0.0000
vt 0.9036 0.6514 0.0000
vt 0.9235 0.6515 0.0000
vt 0.9234 0.6638 0.0000
vt 0.9043 0.6634 0.0000
vt 0.9031 0.6423 0.0000
vt 0.9233 0.6429 0.0000
vt 0.9024 0.6347 0.0000
vt 0.9232 0.6349 0.0000
vt 0.8996 0.6142 0.0000
vt 0.9231 0.6145 0.0000
vt 0.8991 0.5895 0.0000
vt 0.9237 0.5893 0.0000
vt 0.8994 0.5624 0.0000
vt 0.9242 0.5632 0.0000
vt 0.9020 0.5423 0.0000
vt 0.9238 0.5423 0.0000
vt 0.9041 0.5356 0.0000
vt 0.9237 0.5354 0.0000
vt 0.9044 0.5278 0.0000
vt 0.9235 0.5281 0.0000
vt 0.9049 0.5233 0.0000
vt 0.9233 0.5234 0.0000
vt 0.9036 0.5121 0.0000
vt 0.9232 0.5125 0.0000
vt 0.9025 0.5030 0.0000
vt 0.9233 0.5034 0.0000
vt 0.9006 0.4899 0.0000
vt 0.9234 0.4903 0.0000
vt 0.8997 0.4752 0.0000
vt 0.9234 0.4754 0.0000
vt 0.8997 0.4595 0.0000
vt 0.9234 0.4601 0.0000
vt 0.9019 0.4462 0.0000
vt 0.9234 0.4469 0.0000
vt 0.9038 0.4391 0.0000
vt 0.9234 0.4394 0.0000
vt 0.9057 0.4314 0.0000
vt 0.9231 0.4313 0.0000
vt 0.9056 0.4312 0.0000
vt 0.9231 0.4311 0.0000
vt 0.9039 0.4230 0.0000
vt 0.9227 0.4230 0.0000
vt 0.9028 0.4144 0.0000
vt 0.9227 0.4158 0.0000
vt 0.9005 0.4007 0.0000
vt 0.9230 0.4021 0.0000
vt 0.8996 0.3856 0.0000
vt 0.9229 0.3869 0.0000
vt 0.8993 0.3696 0.0000
vt 0.9228 0.3714 0.0000
vt 0.9008 0.3569 0.0000
vt 0.9226 0.3579 0.0000
vt 0.9020 0.3498 0.0000
vt 0.9224 0.3506 0.0000
vt 0.8854 0.6527 0.0000
vt 0.8858 0.6645 0.0000
vt 0.8842 0.6442 0.0000
vt 0.8832 0.6362 0.0000
vt 0.8811 0.6158 0.0000
vt 0.8804 0.5909 0.0000
vt 0.8811 0.5643 0.0000
vt 0.8832 0.5429 0.0000
vt 0.8844 0.5357 0.0000
vt 0.8854 0.5286 0.0000
vt 0.8857 0.5241 0.0000
vt 0.8848 0.5136 0.0000
vt 0.8840 0.5044 0.0000
vt 0.8825 0.4913 0.0000
vt 0.8816 0.4762 0.0000
vt 0.8818 0.4609 0.0000
vt 0.8828 0.4470 0.0000
vt 0.8839 0.4392 0.0000
vt 0.8851 0.4313 0.0000
vt 0.8851 0.4311 0.0000
vt 0.8842 0.4232 0.0000
vt 0.8841 0.4157 0.0000
vt 0.8828 0.4022 0.0000
vt 0.8814 0.3867 0.0000
vt 0.8808 0.3714 0.0000
vt 0.8809 0.3574 0.0000
vt 0.8817 0.3499 0.0000
vt 0.8629 0.6528 0.0000
vt 0.8637 0.6649 0.0000
vt 0.8619 0.6441 0.0000
vt 0.8601 0.6361 0.0000
vt 0.8549 0.6144 0.0000
vt 0.8553 0.5908 0.0000
vt 0.8567 0.5644 0.0000
vt 0.8612 0.5432 0.0000
vt 0.8629 0.5363 0.0000
vt 0.8640 0.5288 0.0000
vt 0.8642 0.5240 0.0000
vt 0.8636 0.5131 0.0000
vt 0.8617 0.5041 0.0000
vt 0.8575 0.4908 0.0000
vt 0.8579 0.4763 0.0000
vt 0.8583 0.4610 0.0000
vt 0.8611 0.4477 0.0000
vt 0.8630 0.4402 0.0000
vt 0.8640 0.4317 0.0000
vt 0.8641 0.4315 0.0000
vt 0.8614 0.4235 0.0000
vt 0.8616 0.4159 0.0000
vt 0.8586 0.4029 0.0000
vt 0.8573 0.3877 0.0000
vt 0.8571 0.3723 0.0000
vt 0.8586 0.3588 0.0000
vt 0.8600 0.3513 0.0000
vt 0.9632 0.6514 0.0000
vt 0.9858 0.6512 0.0000
vt 0.9847 0.6635 0.0000
vt 0.9625 0.6634 0.0000
vt 0.9647 0.6427 0.0000
vt 0.9866 0.6424 0.0000
vt 0.9659 0.6345 0.0000
vt 0.9879 0.6344 0.0000
vt 0.9670 0.6132 0.0000
vt 0.9911 0.6129 0.0000
vt 0.9671 0.5881 0.0000
vt 0.9921 0.5886 0.0000
vt 0.9661 0.5622 0.0000
vt 0.9912 0.5622 0.0000
vt 0.9635 0.5418 0.0000
vt 0.9863 0.5414 0.0000
vt 0.9630 0.5348 0.0000
vt 0.9844 0.5346 0.0000
vt 0.9622 0.5276 0.0000
vt 0.9833 0.5272 0.0000
vt 0.9618 0.5230 0.0000
vt 0.9832 0.5225 0.0000
vt 0.9631 0.5121 0.0000
vt 0.9838 0.5114 0.0000
vt 0.9646 0.5023 0.0000
vt 0.9853 0.5022 0.0000
vt 0.9652 0.4883 0.0000
vt 0.9880 0.4893 0.0000
vt 0.9655 0.4736 0.0000
vt 0.9887 0.4742 0.0000
vt 0.9644 0.4581 0.0000
vt 0.9883 0.4590 0.0000
vt 0.9628 0.4454 0.0000
vt 0.9847 0.4458 0.0000
vt 0.9622 0.4380 0.0000
vt 0.9824 0.4385 0.0000
vt 0.9604 0.4304 0.0000
vt 0.9812 0.4302 0.0000
vt 0.9604 0.4302 0.0000
vt 0.9812 0.4300 0.0000
vt 0.9618 0.4219 0.0000
vt 0.9833 0.4224 0.0000
vt 0.9632 0.4139 0.0000
vt 0.9834 0.4141 0.0000
vt 0.9636 0.3991 0.0000
vt 0.9856 0.4009 0.0000
vt 0.9637 0.3838 0.0000
vt 0.9868 0.3857 0.0000
vt 0.9628 0.3684 0.0000
vt 0.9868 0.3703 0.0000
vt 0.9620 0.3558 0.0000
vt 0.9841 0.3570 0.0000
vt 0.9621 0.3485 0.0000
vt 0.9820 0.3497 0.0000
vt 0.9441 0.6516 0.0000
vt 0.9438 0.6637 0.0000
vt 0.9453 0.6432 0.0000
vt 0.9461 0.6352 0.0000
vt 0.9482 0.6149 0.0000
vt 0.9484 0.5899 0.0000
vt 0.9477 0.5636 0.0000
vt 0.9453 0.5424 0.0000
vt 0.9441 0.5353 0.0000
vt 0.9438 0.5280 0.0000
vt 0.9432 0.5234 0.0000
vt 0.9442 0.5127 0.0000
vt 0.9455 0.5035 0.0000
vt 0.9472 0.4902 0.0000
vt 0.9474 0.4753 0.0000
vt 0.9464 0.4601 0.0000
vt 0.9443 0.4466 0.0000
vt 0.9431 0.4390 0.0000
vt 0.9406 0.4309 0.0000
vt 0.9404 0.4306 0.0000
vt 0.9429 0.4227 0.0000
vt 0.9443 0.4150 0.0000
vt 0.9463 0.4015 0.0000
vt 0.9461 0.3862 0.0000
vt 0.9451 0.3711 0.0000
vt 0.9430 0.3574 0.0000
vt 0.9428 0.3499 0.0000
vt 0.9002 0.9696 0.0000
vt 0.9207 0.9710 0.0000
vt 0.9218 0.9823 0.0000
vt 0.9056 0.9898 0.0000
vt 0.9000 0.9591 0.0000
vt 0.9211 0.9622 0.0000
vt 0.9017 0.9497 0.0000
vt 0.9222 0.9539 0.0000
vt 0.8990 0.9310 0.0000
vt 0.9228 0.9334 0.0000
vt 0.8981 0.9072 0.0000
vt 0.9231 0.9084 0.0000
vt 0.8992 0.8808 0.0000
vt 0.9233 0.8835 0.0000
vt 0.9045 0.8640 0.0000
vt 0.9234 0.8636 0.0000
vt 0.9051 0.8579 0.0000
vt 0.9238 0.8566 0.0000
vt 0.9054 0.8492 0.0000
vt 0.9236 0.8491 0.0000
vt 0.9062 0.8445 0.0000
vt 0.9233 0.8437 0.0000
vt 0.9032 0.8330 0.0000
vt 0.9226 0.8325 0.0000
vt 0.9030 0.8225 0.0000
vt 0.9224 0.8226 0.0000
vt 0.9018 0.8098 0.0000
vt 0.9230 0.8076 0.0000
vt 0.9005 0.7958 0.0000
vt 0.9237 0.7949 0.0000
vt 0.9009 0.7801 0.0000
vt 0.9236 0.7805 0.0000
vt 0.9041 0.7686 0.0000
vt 0.9240 0.7681 0.0000
vt 0.9053 0.7612 0.0000
vt 0.9243 0.7607 0.0000
vt 0.9075 0.7532 0.0000
vt 0.9234 0.7523 0.0000
vt 0.9074 0.7530 0.0000
vt 0.9234 0.7521 0.0000
vt 0.9045 0.7447 0.0000
vt 0.9232 0.7423 0.0000
vt 0.9042 0.7362 0.0000
vt 0.9229 0.7339 0.0000
vt 0.9008 0.7227 0.0000
vt 0.9218 0.7212 0.0000
vt 0.8997 0.7079 0.0000
vt 0.9224 0.7057 0.0000
vt 0.9000 0.6920 0.0000
vt 0.9231 0.6914 0.0000
vt 0.9020 0.6786 0.0000
vt 0.9234 0.6789 0.0000
vt 0.9039 0.6716 0.0000
vt 0.9238 0.6718 0.0000
vt 0.8820 0.9726 0.0000
vt 0.8842 0.9857 0.0000
vt 0.8799 0.9635 0.0000
vt 0.8788 0.9552 0.0000
vt 0.8788 0.9333 0.0000
vt 0.8782 0.9119 0.0000
vt 0.8797 0.8850 0.0000
vt 0.8827 0.8651 0.0000
vt 0.8858 0.8589 0.0000
vt 0.8865 0.8519 0.0000
vt 0.8859 0.8479 0.0000
vt 0.8838 0.8353 0.0000
vt 0.8825 0.8260 0.0000
vt 0.8817 0.8117 0.0000
vt 0.8816 0.7991 0.0000
vt 0.8825 0.7835 0.0000
vt 0.8837 0.7695 0.0000
vt 0.8854 0.7617 0.0000
vt 0.8863 0.7541 0.0000
vt 0.8863 0.7537 0.0000
vt 0.8847 0.7459 0.0000
vt 0.8837 0.7386 0.0000
vt 0.8829 0.7255 0.0000
vt 0.8818 0.7099 0.0000
vt 0.8822 0.6943 0.0000
vt 0.8833 0.6800 0.0000
vt 0.8843 0.6722 0.0000
vt 0.8549 0.9713 0.0000
vt 0.8556 0.9834 0.0000
vt 0.8537 0.9625 0.0000
vt 0.8521 0.9545 0.0000
vt 0.8483 0.9310 0.0000
vt 0.8507 0.9098 0.0000
vt 0.8545 0.8843 0.0000
vt 0.8602 0.8641 0.0000
vt 0.8618 0.8573 0.0000
vt 0.8626 0.8499 0.0000
vt 0.8623 0.8451 0.0000
vt 0.8608 0.8340 0.0000
vt 0.8584 0.8247 0.0000
vt 0.8546 0.8092 0.0000
vt 0.8565 0.7970 0.0000
vt 0.8584 0.7821 0.0000
vt 0.8621 0.7694 0.0000
vt 0.8641 0.7621 0.0000
vt 0.8652 0.7537 0.0000
vt 0.8652 0.7535 0.0000
vt 0.8637 0.7452 0.0000
vt 0.8613 0.7377 0.0000
vt 0.8565 0.7224 0.0000
vt 0.8577 0.7092 0.0000
vt 0.8585 0.6939 0.0000
vt 0.8616 0.6807 0.0000
vt 0.8635 0.6734 0.0000
vt 0.9675 0.9707 0.0000
vt 0.9955 0.9712 0.0000
vt 0.9948 0.9834 0.0000
vt 0.9675 0.9839 0.0000
vt 0.9678 0.9610 0.0000
vt 0.9962 0.9624 0.0000
vt 0.9688 0.9532 0.0000
vt 0.9973 0.9543 0.0000
vt 0.9712 0.9317 0.0000
vt 0.9985 0.9317 0.0000
vt 0.9696 0.9099 0.0000
vt 0.9979 0.9094 0.0000
vt 0.9681 0.8838 0.0000
vt 0.9953 0.8837 0.0000
vt 0.9664 0.8653 0.0000
vt 0.9906 0.8634 0.0000
vt 0.9663 0.8578 0.0000
vt 0.9892 0.8566 0.0000
vt 0.9650 0.8494 0.0000
vt 0.9887 0.8492 0.0000
vt 0.9642 0.8441 0.0000
vt 0.9890 0.8443 0.0000
vt 0.9648 0.8316 0.0000
vt 0.9896 0.8331 0.0000
vt 0.9664 0.8210 0.0000
vt 0.9909 0.8238 0.0000
vt 0.9683 0.8095 0.0000
vt 0.9928 0.8089 0.0000
vt 0.9676 0.7963 0.0000
vt 0.9927 0.7959 0.0000
vt 0.9663 0.7810 0.0000
vt 0.9915 0.7809 0.0000
vt 0.9663 0.7706 0.0000
vt 0.9881 0.7681 0.0000
vt 0.9649 0.7613 0.0000
vt 0.9863 0.7609 0.0000
vt 0.9641 0.7534 0.0000
vt 0.9857 0.7526 0.0000
vt 0.9641 0.7531 0.0000
vt 0.9857 0.7524 0.0000
vt 0.9637 0.7438 0.0000
vt 0.9866 0.7438 0.0000
vt 0.9644 0.7349 0.0000
vt 0.9881 0.7362 0.0000
vt 0.9669 0.7209 0.0000
vt 0.9907 0.7215 0.0000
vt 0.9662 0.7075 0.0000
vt 0.9905 0.7075 0.0000
vt 0.9653 0.6921 0.0000
vt 0.9898 0.6922 0.0000
vt 0.9635 0.6789 0.0000
vt 0.9864 0.6792 0.0000
vt 0.9638 0.6714 0.0000
vt 0.9846 0.6720 0.0000
vt 0.9440 0.9734 0.0000
vt 0.9460 0.9846 0.0000
vt 0.9453 0.9642 0.0000
vt 0.9462 0.9563 0.0000
vt 0.9480 0.9339 0.0000
vt 0.9490 0.9119 0.0000
vt 0.9483 0.8855 0.0000
vt 0.9463 0.8651 0.0000
vt 0.9447 0.8591 0.0000
vt 0.9456 0.8513 0.0000
vt 0.9447 0.8468 0.0000
vt 0.9442 0.8333 0.0000
vt 0.9434 0.8216 0.0000
vt 0.9451 0.8094 0.0000
vt 0.9476 0.7967 0.0000
vt 0.9472 0.7823 0.0000
vt 0.9462 0.7702 0.0000
vt 0.9443 0.7619 0.0000
vt 0.9407 0.7528 0.0000
vt 0.9404 0.7525 0.0000
vt 0.9437 0.7436 0.0000
vt 0.9445 0.7348 0.0000
vt 0.9458 0.7207 0.0000
vt 0.9466 0.7067 0.0000
vt 0.9469 0.6925 0.0000
vt 0.9451 0.6791 0.0000
vt 0.9445 0.6716 0.0000
vt 0.3915 0.5457 0.0000
vt 0.3692 0.5465 0.0000
vt 0.3690 0.5377 0.0000
vt 0.3910 0.5370 0.0000
vt 0.3926 0.5519 0.0000
vt 0.3696 0.5529 0.0000
vt 0.3938 0.5584 0.0000
vt 0.3699 0.5595 0.0000
vt 0.3961 0.5750 0.0000
vt 0.3713 0.5774 0.0000
vt 0.3982 0.5951 0.0000
vt 0.3722 0.5970 0.0000
vt 0.3976 0.6158 0.0000
vt 0.3718 0.6173 0.0000
vt 0.3947 0.6357 0.0000
vt 0.3706 0.6358 0.0000
vt 0.3926 0.6421 0.0000
vt 0.3694 0.6418 0.0000
vt 0.3912 0.6480 0.0000
vt 0.3687 0.6474 0.0000
vt 0.3906 0.6518 0.0000
vt 0.3683 0.6509 0.0000
vt 0.3913 0.6597 0.0000
vt 0.3688 0.6590 0.0000
vt 0.3923 0.6673 0.0000
vt 0.3688 0.6667 0.0000
vt 0.3945 0.6789 0.0000
vt 0.3698 0.6790 0.0000
vt 0.3963 0.6909 0.0000
vt 0.3708 0.6909 0.0000
vt 0.3957 0.7026 0.0000
vt 0.3707 0.7025 0.0000
vt 0.3939 0.7156 0.0000
vt 0.3698 0.7150 0.0000
vt 0.3916 0.7232 0.0000
vt 0.3685 0.7221 0.0000
vt 0.3894 0.7302 0.0000
vt 0.3673 0.7286 0.0000
vt 0.3894 0.7304 0.0000
vt 0.3673 0.7288 0.0000
vt 0.3903 0.7365 0.0000
vt 0.3681 0.7348 0.0000
vt 0.3913 0.7431 0.0000
vt 0.3682 0.7414 0.0000
vt 0.3944 0.7542 0.0000
vt 0.3695 0.7529 0.0000
vt 0.3980 0.7649 0.0000
vt 0.3718 0.7639 0.0000
vt 0.8284 0.3462 0.0000
vt 0.7969 0.3303 0.0000
vt 0.7982 0.3201 0.0000
vt 0.8378 0.3423 0.0000
vt 0.8185 0.3512 0.0000
vt 0.7963 0.3413 0.0000
vt 0.8123 0.3545 0.0000
vt 0.7966 0.3482 0.0000
vt 0.7988 0.3655 0.0000
vt 0.4115 0.5445 0.0000
vt 0.4103 0.5358 0.0000
vt 0.4127 0.5508 0.0000
vt 0.4150 0.5575 0.0000
vt 0.4195 0.5751 0.0000
vt 0.4224 0.5963 0.0000
vt 0.4219 0.6190 0.0000
vt 0.4161 0.6384 0.0000
vt 0.4131 0.6445 0.0000
vt 0.4104 0.6500 0.0000
vt 0.4102 0.6535 0.0000
vt 0.4100 0.6609 0.0000
vt 0.4131 0.6690 0.0000
vt 0.4174 0.6809 0.0000
vt 0.4189 0.6923 0.0000
vt 0.4192 0.7059 0.0000
vt 0.4160 0.7189 0.0000
vt 0.4126 0.7260 0.0000
vt 0.4096 0.7328 0.0000
vt 0.4095 0.7329 0.0000
vt 0.4090 0.7390 0.0000
vt 0.4119 0.7457 0.0000
vt 0.4172 0.7567 0.0000
vt 0.4205 0.7665 0.0000
vt 0.8304 0.3813 0.0000
vt 0.8385 0.3877 0.0000
vt 0.8211 0.3752 0.0000
vt 0.8148 0.3715 0.0000
vt 0.2996 0.5463 0.0000
vt 0.2794 0.5454 0.0000
vt 0.2814 0.5363 0.0000
vt 0.3008 0.5374 0.0000
vt 0.2986 0.5530 0.0000
vt 0.2779 0.5519 0.0000
vt 0.2970 0.5600 0.0000
vt 0.2755 0.5590 0.0000
vt 0.2941 0.5783 0.0000
vt 0.2710 0.5775 0.0000
vt 0.2916 0.5987 0.0000
vt 0.2676 0.5991 0.0000
vt 0.2922 0.6197 0.0000
vt 0.2676 0.6214 0.0000
vt 0.2958 0.6375 0.0000
vt 0.2743 0.6394 0.0000
vt 0.2973 0.6431 0.0000
vt 0.2773 0.6451 0.0000
vt 0.2987 0.6484 0.0000
vt 0.2792 0.6501 0.0000
vt 0.2988 0.6519 0.0000
vt 0.2793 0.6537 0.0000
vt 0.2979 0.6601 0.0000
vt 0.2780 0.6610 0.0000
vt 0.2958 0.6680 0.0000
vt 0.2746 0.6696 0.0000
vt 0.2930 0.6804 0.0000
vt 0.2700 0.6818 0.0000
vt 0.2918 0.6923 0.0000
vt 0.2687 0.6927 0.0000
vt 0.2924 0.7045 0.0000
vt 0.2681 0.7066 0.0000
vt 0.2951 0.7166 0.0000
vt 0.2732 0.7190 0.0000
vt 0.2975 0.7234 0.0000
vt 0.2775 0.7256 0.0000
vt 0.2998 0.7297 0.0000
vt 0.2807 0.7320 0.0000
vt 0.2999 0.7299 0.0000
vt 0.2807 0.7322 0.0000
vt 0.2989 0.7355 0.0000
vt 0.2796 0.7378 0.0000
vt 0.2966 0.7422 0.0000
vt 0.2762 0.7445 0.0000
vt 0.2927 0.7535 0.0000
vt 0.2702 0.7552 0.0000
vt 0.2892 0.7637 0.0000
vt 0.2670 0.7646 0.0000
vt 0.8010 0.4007 0.0000
vt 0.7995 0.4109 0.0000
vt 0.8017 0.3897 0.0000
vt 0.8010 0.3825 0.0000
vt 0.3219 0.5468 0.0000
vt 0.3226 0.5378 0.0000
vt 0.3214 0.5533 0.0000
vt 0.3206 0.5600 0.0000
vt 0.3191 0.5777 0.0000
vt 0.3177 0.5979 0.0000
vt 0.3186 0.6186 0.0000
vt 0.3197 0.6364 0.0000
vt 0.3203 0.6421 0.0000
vt 0.3210 0.6475 0.0000
vt 0.3209 0.6510 0.0000
vt 0.3205 0.6591 0.0000
vt 0.3193 0.6669 0.0000
vt 0.3178 0.6793 0.0000
vt 0.3170 0.6911 0.0000
vt 0.3178 0.7033 0.0000
vt 0.3190 0.7154 0.0000
vt 0.3201 0.7221 0.0000
vt 0.3213 0.7284 0.0000
vt 0.3214 0.7285 0.0000
vt 0.3208 0.7344 0.0000
vt 0.3194 0.7410 0.0000
vt 0.3170 0.7526 0.0000
vt 0.3151 0.7633 0.0000
vt 0.7694 0.3850 0.0000
vt 0.7598 0.3888 0.0000
vt 0.7793 0.3800 0.0000
vt 0.7848 0.3759 0.0000
vt 0.3455 0.5469 0.0000
vt 0.3458 0.5379 0.0000
vt 0.3456 0.5533 0.0000
vt 0.3454 0.5600 0.0000
vt 0.3449 0.5773 0.0000
vt 0.3449 0.5973 0.0000
vt 0.3454 0.6181 0.0000
vt 0.3450 0.6359 0.0000
vt 0.3448 0.6417 0.0000
vt 0.3447 0.6472 0.0000
vt 0.3447 0.6506 0.0000
vt 0.3447 0.6587 0.0000
vt 0.3442 0.6665 0.0000
vt 0.3437 0.6787 0.0000
vt 0.3438 0.6905 0.0000
vt 0.3444 0.7026 0.0000
vt 0.3443 0.7148 0.0000
vt 0.3442 0.7217 0.0000
vt 0.3442 0.7280 0.0000
vt 0.3442 0.7282 0.0000
vt 0.3445 0.7341 0.0000
vt 0.3438 0.7408 0.0000
vt 0.3432 0.7525 0.0000
vt 0.3433 0.7634 0.0000
vt 0.7673 0.3496 0.0000
vt 0.7592 0.3434 0.0000
vt 0.7766 0.3557 0.0000
vt 0.7829 0.3587 0.0000
vt 0.3963 0.4020 0.0000
vt 0.3718 0.4027 0.0000
vt 0.3708 0.3955 0.0000
vt 0.3942 0.3947 0.0000
vt 0.3980 0.4140 0.0000
vt 0.3724 0.4146 0.0000
vt 0.3979 0.4255 0.0000
vt 0.3724 0.4261 0.0000
vt 0.3949 0.4366 0.0000
vt 0.3706 0.4373 0.0000
vt 0.3928 0.4477 0.0000
vt 0.3701 0.4490 0.0000
vt 0.3907 0.4546 0.0000
vt 0.3690 0.4559 0.0000
vt 0.3893 0.4609 0.0000
vt 0.3682 0.4621 0.0000
vt 0.3893 0.4611 0.0000
vt 0.3682 0.4623 0.0000
vt 0.3914 0.4671 0.0000
vt 0.3695 0.4683 0.0000
vt 0.3933 0.4738 0.0000
vt 0.3702 0.4750 0.0000
vt 0.3958 0.4863 0.0000
vt 0.3712 0.4874 0.0000
vt 0.3968 0.4989 0.0000
vt 0.3718 0.4996 0.0000
vt 0.3960 0.5100 0.0000
vt 0.3717 0.5113 0.0000
vt 0.3934 0.5232 0.0000
vt 0.3705 0.5244 0.0000
vt 0.3917 0.5305 0.0000
vt 0.3695 0.5314 0.0000
vt 0.4193 0.4011 0.0000
vt 0.4157 0.3934 0.0000
vt 0.4232 0.4128 0.0000
vt 0.4213 0.4248 0.0000
vt 0.4183 0.4352 0.0000
vt 0.4129 0.4466 0.0000
vt 0.4096 0.4532 0.0000
vt 0.4079 0.4589 0.0000
vt 0.4079 0.4590 0.0000
vt 0.4105 0.4651 0.0000
vt 0.4147 0.4717 0.0000
vt 0.4197 0.4842 0.0000
vt 0.4195 0.4978 0.0000
vt 0.4182 0.5099 0.0000
vt 0.4137 0.5229 0.0000
vt 0.4110 0.5301 0.0000
vt 0.2954 0.4013 0.0000
vt 0.2713 0.4000 0.0000
vt 0.2742 0.3919 0.0000
vt 0.2967 0.3937 0.0000
vt 0.2938 0.4133 0.0000
vt 0.2690 0.4120 0.0000
vt 0.2941 0.4248 0.0000
vt 0.2712 0.4239 0.0000
vt 0.2967 0.4363 0.0000
vt 0.2738 0.4347 0.0000
vt 0.2994 0.4479 0.0000
vt 0.2789 0.4462 0.0000
vt 0.3009 0.4545 0.0000
vt 0.2821 0.4526 0.0000
vt 0.3014 0.4608 0.0000
vt 0.2818 0.4587 0.0000
vt 0.3014 0.4610 0.0000
vt 0.2817 0.4589 0.0000
vt 0.2998 0.4673 0.0000
vt 0.2791 0.4654 0.0000
vt 0.2978 0.4744 0.0000
vt 0.2758 0.4726 0.0000
vt 0.2955 0.4872 0.0000
vt 0.2725 0.4857 0.0000
vt 0.2949 0.4997 0.0000
vt 0.2726 0.4990 0.0000
vt 0.2967 0.5119 0.0000
vt 0.2743 0.5113 0.0000
vt 0.2992 0.5244 0.0000
vt 0.2790 0.5237 0.0000
vt 0.3004 0.5311 0.0000
vt 0.2815 0.5305 0.0000
vt 0.3206 0.4023 0.0000
vt 0.3210 0.3949 0.0000
vt 0.3197 0.4142 0.0000
vt 0.3195 0.4258 0.0000
vt 0.3212 0.4372 0.0000
vt 0.3222 0.4491 0.0000
vt 0.3228 0.4558 0.0000
vt 0.3231 0.4621 0.0000
vt 0.3230 0.4622 0.0000
vt 0.3225 0.4684 0.0000
vt 0.3213 0.4753 0.0000
vt 0.3201 0.4877 0.0000
vt 0.3196 0.5000 0.0000
vt 0.3210 0.5121 0.0000
vt 0.3219 0.5249 0.0000
vt 0.3224 0.5316 0.0000
vt 0.3464 0.4029 0.0000
vt 0.3461 0.3956 0.0000
vt 0.3461 0.4146 0.0000
vt 0.3464 0.4261 0.0000
vt 0.3464 0.4376 0.0000
vt 0.3462 0.4496 0.0000
vt 0.3459 0.4563 0.0000
vt 0.3457 0.4625 0.0000
vt 0.3457 0.4627 0.0000
vt 0.3461 0.4687 0.0000
vt 0.3459 0.4756 0.0000
vt 0.3457 0.4877 0.0000
vt 0.3460 0.5000 0.0000
vt 0.3465 0.5122 0.0000
vt 0.3461 0.5250 0.0000
vt 0.3458 0.5317 0.0000
vt 0.5163 0.7576 0.0000
vt 0.5909 0.8457 0.0000
vt 0.5633 0.8773 0.0000
vt 0.4749 0.7748 0.0000
vt 0.5639 0.7401 0.0000
vt 0.6287 0.8239 0.0000
vt 0.6379 0.9417 0.0000
vt 0.7023 0.9613 0.0000
vt 0.7260 0.9889 0.0000
vt 0.6313 0.9601 0.0000
vt 0.1658 0.9772 0.0000
vt 0.2204 0.9589 0.0000
vt 0.2210 0.9685 0.0000
vt 0.1589 0.9900 0.0000
vt 0.1658 0.9680 0.0000
vt 0.2191 0.9460 0.0000
vt 0.1681 0.9278 0.0000
vt 0.2127 0.9091 0.0000
vt 0.1661 0.9158 0.0000
vt 0.2084 0.8976 0.0000
vt 0.1581 0.9048 0.0000
vt 0.2040 0.8863 0.0000
vt 0.1446 0.8821 0.0000
vt 0.1964 0.8649 0.0000
vt 0.1330 0.8555 0.0000
vt 0.1875 0.8380 0.0000
vt 0.1276 0.8204 0.0000
vt 0.1793 0.8067 0.0000
vt 0.1290 0.7903 0.0000
vt 0.1729 0.7802 0.0000
vt 0.1313 0.7758 0.0000
vt 0.1701 0.7679 0.0000
vt 0.1300 0.7623 0.0000
vt 0.1664 0.7550 0.0000
vt 0.1258 0.7451 0.0000
vt 0.1609 0.7381 0.0000
vt 0.6251 0.4065 0.0000
vt 0.5821 0.4137 0.0000
vt 0.5857 0.4003 0.0000
vt 0.6269 0.3880 0.0000
vt 0.6214 0.4235 0.0000
vt 0.5785 0.4286 0.0000
vt 0.6215 0.4636 0.0000
vt 0.5733 0.4699 0.0000
vt 0.6260 0.5128 0.0000
vt 0.5758 0.5197 0.0000
vt 0.6347 0.5610 0.0000
vt 0.5869 0.5710 0.0000
vt 0.6461 0.5963 0.0000
vt 0.6086 0.6087 0.0000
vt 0.6496 0.6089 0.0000
vt 0.6135 0.6192 0.0000
vt 0.6530 0.6212 0.0000
vt 0.6207 0.6326 0.0000
vt 0.6548 0.6291 0.0000
vt 0.6220 0.6404 0.0000
vt 0.6532 0.6494 0.0000
vt 0.6195 0.6587 0.0000
vt 0.6478 0.6682 0.0000
vt 0.6113 0.6745 0.0000
vt 0.6399 0.6909 0.0000
vt 0.5973 0.6966 0.0000
vt 0.6311 0.7157 0.0000
vt 0.5839 0.7209 0.0000
vt 0.6227 0.7414 0.0000
vt 0.5711 0.7436 0.0000
vt 0.2505 0.3768 0.0000
vt 0.2545 0.3448 0.0000
vt 0.2717 0.3331 0.0000
vt 0.2734 0.3684 0.0000
vt 0.2376 0.3790 0.0000
vt 0.2436 0.3495 0.0000
vt 0.2247 0.3801 0.0000
vt 0.2338 0.3489 0.0000
vt 0.2244 0.3797 0.0000
vt 0.2336 0.3488 0.0000
vt 0.2080 0.3724 0.0000
vt 0.2204 0.3404 0.0000
vt 0.1925 0.3658 0.0000
vt 0.2066 0.3311 0.0000
vt 0.1602 0.3582 0.0000
vt 0.1747 0.3189 0.0000
vt 0.1282 0.3516 0.0000
vt 0.1342 0.3112 0.0000
vt 0.0975 0.3509 0.0000
vt 0.0958 0.3090 0.0000
vt 0.0730 0.3579 0.0000
vt 0.0658 0.3242 0.0000
vt 0.0604 0.3654 0.0000
vt 0.0547 0.3335 0.0000
vt 0.0481 0.3701 0.0000
vt 0.0417 0.3411 0.0000
vt 0.0407 0.3729 0.0000
vt 0.0348 0.3426 0.0000
vt 0.0302 0.3725 0.0000
vt 0.0251 0.3400 0.0000
vt 0.2670 0.2950 0.0000
vt 0.2296 0.3162 0.0000
vt 0.2328 0.3020 0.0000
vt 0.2635 0.2839 0.0000
vt 0.2307 0.0509 0.0000
vt 0.2534 0.0990 0.0000
vt 0.2541 0.1025 0.0000
vt 0.2357 0.0636 0.0000
vt 0.1186 0.7294 0.0000
vt 0.1580 0.6901 0.0000
vt 0.1645 0.7059 0.0000
vt 0.1271 0.7420 0.0000
vt 0.1029 0.7125 0.0000
vt 0.1485 0.6695 0.0000
vt 0.0866 0.6982 0.0000
vt 0.1396 0.6515 0.0000
vt 0.0703 0.6833 0.0000
vt 0.1309 0.6342 0.0000
vt 0.0672 0.6764 0.0000
vt 0.1279 0.6285 0.0000
vt 0.0660 0.6017 0.0000
vt 0.4893 0.6669 0.0000
vt 0.4557 0.6717 0.0000
vt 0.5316 0.6653 0.0000
vt 0.5799 0.9144 0.0000
vt 0.5659 0.9318 0.0000
vt 0.6363 0.1188 0.0000
vt 0.5879 0.1229 0.0000
vt 0.5822 0.1112 0.0000
vt 0.6353 0.1068 0.0000
vt 0.6375 0.1327 0.0000
vt 0.5916 0.1366 0.0000
vt 0.6435 0.1789 0.0000
vt 0.6010 0.1817 0.0000
vt 0.6436 0.1939 0.0000
vt 0.6024 0.1967 0.0000
vt 0.6441 0.2087 0.0000
vt 0.6004 0.2126 0.0000
vt 0.6417 0.2355 0.0000
vt 0.5993 0.2420 0.0000
vt 0.6446 0.2660 0.0000
vt 0.6038 0.2737 0.0000
vt 0.6504 0.3021 0.0000
vt 0.6092 0.3087 0.0000
vt 0.6583 0.3325 0.0000
vt 0.6199 0.3382 0.0000
vt 0.6643 0.3470 0.0000
vt 0.6257 0.3522 0.0000
vt 0.6671 0.3622 0.0000
vt 0.6285 0.3672 0.0000
vt 0.6688 0.3838 0.0000
vt 0.6674 0.3989 0.0000
vt 0.6653 0.4140 0.0000
vt 0.6636 0.4530 0.0000
vt 0.6665 0.4995 0.0000
vt 0.6737 0.5511 0.0000
vt 0.6824 0.5887 0.0000
vt 0.6847 0.6016 0.0000
vt 0.6864 0.6144 0.0000
vt 0.6874 0.6224 0.0000
vt 0.6860 0.6422 0.0000
vt 0.6826 0.6602 0.0000
vt 0.6783 0.6861 0.0000
vt 0.6753 0.7125 0.0000
vt 0.6726 0.7360 0.0000
vt 0.2453 0.4042 0.0000
vt 0.2663 0.3992 0.0000
vt 0.2329 0.4050 0.0000
vt 0.2206 0.4064 0.0000
vt 0.2202 0.4064 0.0000
vt 0.2053 0.4024 0.0000
vt 0.1905 0.3977 0.0000
vt 0.1622 0.3921 0.0000
vt 0.1315 0.3872 0.0000
vt 0.0995 0.3881 0.0000
vt 0.0750 0.3927 0.0000
vt 0.0625 0.3969 0.0000
vt 0.0500 0.3997 0.0000
vt 0.0424 0.4004 0.0000
vt 0.0310 0.3989 0.0000
vt 0.2927 0.2638 0.0000
vt 0.2850 0.2556 0.0000
vt 0.3005 0.2716 0.0000
vt 0.2703 0.3049 0.0000
vt 0.3202 0.2835 0.0000
vt 0.2862 0.3213 0.0000
vt 0.3460 0.2988 0.0000
vt 0.3081 0.3408 0.0000
vt 0.3664 0.3133 0.0000
vt 0.3234 0.3623 0.0000
vt 0.3857 0.3261 0.0000
vt 0.3379 0.3767 0.0000
vt 0.3936 0.3297 0.0000
vt 0.3460 0.3814 0.0000
vt 0.0697 0.8896 0.0000
vt 0.0787 0.8060 0.0000
vt 0.1245 0.8248 0.0000
vt 0.4832 0.5493 0.0000
vt 0.4636 0.5340 0.0000
vt 0.5027 0.5620 0.0000
vt 0.5142 0.8590 0.0000
vt 0.4887 0.8750 0.0000
vt 0.6925 0.1180 0.0000
vt 0.6945 0.1051 0.0000
vt 0.6932 0.1323 0.0000
vt 0.6917 0.1719 0.0000
vt 0.6909 0.1883 0.0000
vt 0.6942 0.2017 0.0000
vt 0.6960 0.2283 0.0000
vt 0.6958 0.2553 0.0000
vt 0.6986 0.2876 0.0000
vt 0.7027 0.3195 0.0000
vt 0.7143 0.3329 0.0000
vt 0.7182 0.3561 0.0000
vt 0.7207 0.3778 0.0000
vt 0.7243 0.3934 0.0000
vt 0.7209 0.4088 0.0000
vt 0.7219 0.4463 0.0000
vt 0.7248 0.4918 0.0000
vt 0.7246 0.5424 0.0000
vt 0.7285 0.5824 0.0000
vt 0.7282 0.5951 0.0000
vt 0.7264 0.6092 0.0000
vt 0.7274 0.6176 0.0000
vt 0.7287 0.6372 0.0000
vt 0.7285 0.6539 0.0000
vt 0.7291 0.6775 0.0000
vt 0.7321 0.7026 0.0000
vt 0.7377 0.7270 0.0000
vt 0.2396 0.4455 0.0000
vt 0.2592 0.4492 0.0000
vt 0.2295 0.4428 0.0000
vt 0.2189 0.4423 0.0000
vt 0.2186 0.4423 0.0000
vt 0.2047 0.4420 0.0000
vt 0.1917 0.4410 0.0000
vt 0.1655 0.4399 0.0000
vt 0.1344 0.4388 0.0000
vt 0.1017 0.4383 0.0000
vt 0.0755 0.4376 0.0000
vt 0.0625 0.4374 0.0000
vt 0.0499 0.4375 0.0000
vt 0.0422 0.4376 0.0000
vt 0.0326 0.4371 0.0000
vt 0.3061 0.2146 0.0000
vt 0.2968 0.2148 0.0000
vt 0.3151 0.2166 0.0000
vt 0.3384 0.2214 0.0000
vt 0.3681 0.2276 0.0000
vt 0.3927 0.2329 0.0000
vt 0.4139 0.2384 0.0000
vt 0.4218 0.2414 0.0000
vt 0.1379 0.9065 0.0000
vt 0.3750 0.8267 0.0000
vt 0.4478 0.9058 0.0000
vt 0.4078 0.9377 0.0000
vt 0.3308 0.8478 0.0000
vt 0.4186 0.8031 0.0000
vt 0.4665 0.7914 0.0000
vt 0.7314 0.1029 0.0000
vt 0.7338 0.0881 0.0000
vt 0.7336 0.1143 0.0000
vt 0.7275 0.1595 0.0000
vt 0.7261 0.1763 0.0000
vt 0.7344 0.1843 0.0000
vt 0.7392 0.2134 0.0000
vt 0.7392 0.2432 0.0000
vt 0.7476 0.2811 0.0000
vt 0.7349 0.3067 0.0000
vt 0.7366 0.3206 0.0000
vt 0.2252 0.7272 0.0000
vt 0.2381 0.6999 0.0000
vt 0.2441 0.7056 0.0000
vt 0.2357 0.7371 0.0000
vt 0.2155 0.7127 0.0000
vt 0.2317 0.6876 0.0000
vt 0.2114 0.6991 0.0000
vt 0.2293 0.6773 0.0000
vt 0.7714 0.4225 0.0000
vt 0.7653 0.4058 0.0000
vt 0.7787 0.4567 0.0000
vt 0.7796 0.4993 0.0000
vt 0.7748 0.5450 0.0000
vt 0.7681 0.5858 0.0000
vt 0.7651 0.5995 0.0000
vt 0.7631 0.6137 0.0000
vt 0.7623 0.6229 0.0000
vt 0.7662 0.6402 0.0000
vt 0.7697 0.6557 0.0000
vt 0.7755 0.6783 0.0000
vt 0.7811 0.7019 0.0000
vt 0.7924 0.7325 0.0000
vt 0.2415 0.4829 0.0000
vt 0.2656 0.4881 0.0000
vt 0.2300 0.4784 0.0000
vt 0.2199 0.4780 0.0000
vt 0.2195 0.4780 0.0000
vt 0.2057 0.4799 0.0000
vt 0.1924 0.4836 0.0000
vt 0.1664 0.4892 0.0000
vt 0.1370 0.4902 0.0000
vt 0.1043 0.4858 0.0000
vt 0.0759 0.4807 0.0000
vt 0.0618 0.4765 0.0000
vt 0.0477 0.4741 0.0000
vt 0.0393 0.4734 0.0000
vt 0.0277 0.4736 0.0000
vt 0.2947 0.1771 0.0000
vt 0.2874 0.1785 0.0000
vt 0.3041 0.1705 0.0000
vt 0.3270 0.1594 0.0000
vt 0.3585 0.1558 0.0000
vt 0.3845 0.1505 0.0000
vt 0.0969 0.9771 0.0000
vt 0.1426 0.9104 0.0000
vt 0.1560 0.9244 0.0000
vt 0.1132 0.9869 0.0000
vt 0.0945 0.9704 0.0000
vt 0.6826 0.9173 0.0000
vt 0.7743 0.9689 0.0000
vt 0.7767 0.9899 0.0000
vt 0.6780 0.9585 0.0000
vt 0.6945 0.8985 0.0000
vt 0.7784 0.9339 0.0000
vt 0.4514 0.7287 0.0000
vt 0.4295 0.7288 0.0000
vt 0.2816 0.9403 0.0000
vt 0.3201 0.9239 0.0000
vt 0.3293 0.9319 0.0000
vt 0.2891 0.9490 0.0000
vt 0.2756 0.9290 0.0000
vt 0.3126 0.9145 0.0000
vt 0.2593 0.8932 0.0000
vt 0.2933 0.8806 0.0000
vt 0.2549 0.8808 0.0000
vt 0.2894 0.8687 0.0000
vt 0.2526 0.8677 0.0000
vt 0.2893 0.8545 0.0000
vt 0.2479 0.8433 0.0000
vt 0.2871 0.8272 0.0000
vt 0.2411 0.8166 0.0000
vt 0.2798 0.7981 0.0000
vt 0.2294 0.7884 0.0000
vt 0.2654 0.7679 0.0000
vt 0.2163 0.7646 0.0000
vt 0.2468 0.7460 0.0000
vt 0.2090 0.7538 0.0000
vt 0.2027 0.7421 0.0000
vt 0.1956 0.7260 0.0000
vt 0.1939 0.7130 0.0000
vt 0.8067 0.4289 0.0000
vt 0.8001 0.4146 0.0000
vt 0.8140 0.4659 0.0000
vt 0.8144 0.5165 0.0000
vt 0.8058 0.5599 0.0000
vt 0.7938 0.5991 0.0000
vt 0.7899 0.6110 0.0000
vt 0.7868 0.6233 0.0000
vt 0.7862 0.6315 0.0000
vt 0.7919 0.6505 0.0000
vt 0.7958 0.6640 0.0000
vt 0.8050 0.6844 0.0000
vt 0.8135 0.7088 0.0000
vt 0.8187 0.7340 0.0000
vt 0.2508 0.5142 0.0000
vt 0.2746 0.5270 0.0000
vt 0.2375 0.5073 0.0000
vt 0.2245 0.5036 0.0000
vt 0.2241 0.5037 0.0000
vt 0.2113 0.5101 0.0000
vt 0.1988 0.5167 0.0000
vt 0.1730 0.5258 0.0000
vt 0.1409 0.5259 0.0000
vt 0.1026 0.5209 0.0000
vt 0.0711 0.5131 0.0000
vt 0.0566 0.5074 0.0000
vt 0.0434 0.5015 0.0000
vt 0.0352 0.4991 0.0000
vt 0.0242 0.4989 0.0000
vt 0.2787 0.1485 0.0000
vt 0.2715 0.1557 0.0000
vt 0.2773 0.1384 0.0000
vt 0.2967 0.1221 0.0000
vt 0.2062 0.6470 0.0000
vt 0.2520 0.6427 0.0000
vt 0.2491 0.6668 0.0000
vt 0.2103 0.6721 0.0000
vt 0.2054 0.6266 0.0000
vt 0.2590 0.6241 0.0000
vt 0.2054 0.6078 0.0000
vt 0.2647 0.6087 0.0000
vt 0.0288 0.9650 0.0000
vt 0.0279 0.9707 0.0000
vt 0.4527 0.6357 0.0000
vt 0.4257 0.6198 0.0000
vt 0.1573 0.7254 0.0000
vt 0.8459 0.4350 0.0000
vt 0.8346 0.4224 0.0000
vt 0.8526 0.4709 0.0000
vt 0.8582 0.5338 0.0000
vt 0.8427 0.5797 0.0000
vt 0.8231 0.6201 0.0000
vt 0.8181 0.6321 0.0000
vt 0.8120 0.6398 0.0000
vt 0.8112 0.6442 0.0000
vt 0.8156 0.6575 0.0000
vt 0.8226 0.6694 0.0000
vt 0.8385 0.6882 0.0000
vt 0.8515 0.7099 0.0000
vt 0.8523 0.7429 0.0000
vt 0.2491 0.5436 0.0000
vt 0.2672 0.5602 0.0000
vt 0.2407 0.5375 0.0000
vt 0.2325 0.5329 0.0000
vt 0.2322 0.5332 0.0000
vt 0.2224 0.5403 0.0000
vt 0.2110 0.5491 0.0000
vt 0.1826 0.5645 0.0000
vt 0.1420 0.5635 0.0000
vt 0.0979 0.5587 0.0000
vt 0.0608 0.5502 0.0000
vt 0.0447 0.5425 0.0000
vt 0.0316 0.5335 0.0000
vt 0.0264 0.5300 0.0000
vt 0.0331 0.3345 0.0000
vt 0.0314 0.3052 0.0000
vt 0.0445 0.3079 0.0000
vt 0.0442 0.3354 0.0000
vt 0.0232 0.3363 0.0000
vt 0.0240 0.2981 0.0000
vt 0.2126 0.6892 0.0000
vt 0.2017 0.6023 0.0000
vt 0.0013 0.9034 0.0000
vt 0.5422 0.0799 0.0000
vt 0.5724 0.0752 0.0000
vt 0.5745 0.1222 0.0000
vt 0.5435 0.1123 0.0000
vt 0.5491 0.1382 0.0000
vt 0.5795 0.1581 0.0000
vt 0.1594 0.2770 0.0000
vt 0.1840 0.2780 0.0000
vt 0.2000 0.3086 0.0000
vt 0.1678 0.3066 0.0000
vt 0.1260 0.2778 0.0000
vt 0.1230 0.3060 0.0000
vt 0.0937 0.2779 0.0000
vt 0.0785 0.3070 0.0000
vt 0.0530 0.3033 0.0000
vt 0.0719 0.2763 0.0000
vt 0.5465 0.0247 0.0000
vt 0.5723 0.0012 0.0000
vt 0.5727 0.0308 0.0000
vt 0.5436 0.0487 0.0000
vt 0.1123 0.1043 0.0000
vt 0.0959 0.0965 0.0000
vt 0.1001 0.0803 0.0000
vt 0.1264 0.0679 0.0000
vt 0.1617 0.0743 0.0000
vt 0.1774 0.0877 0.0000
vt 0.1595 0.0972 0.0000
vt 0.1380 0.1052 0.0000
vt 0.3679 0.0957 0.0000
vt 0.4778 0.0861 0.0000
vt 0.4771 0.1189 0.0000
vt 0.3692 0.1258 0.0000
vt 0.4836 0.1432 0.0000
vt 0.3678 0.1484 0.0000
vt 0.1879 0.2117 0.0000
vt 0.1634 0.2145 0.0000
vt 0.1691 0.1089 0.0000
vt 0.1913 0.0954 0.0000
vt 0.1313 0.2172 0.0000
vt 0.1401 0.1136 0.0000
vt 0.1002 0.2166 0.0000
vt 0.1075 0.1149 0.0000
vt 0.0769 0.2122 0.0000
vt 0.0837 0.1026 0.0000
vt 0.3726 0.0363 0.0000
vt 0.4820 0.0308 0.0000
vt 0.4791 0.0549 0.0000
vt 0.3748 0.0627 0.0000
vt 0.3528 0.1160 0.0000
vt 0.3569 0.0888 0.0000
vt 0.3532 0.1362 0.0000
vt 0.3617 0.0629 0.0000
vt 0.3601 0.0433 0.0000
vt 0.0082 0.8525 0.0000
vt 0.0038 0.8413 0.0000
vt 0.0076 0.8407 0.0000
vt 0.0120 0.8518 0.0000
vt 0.0115 0.8406 0.0000
vt 0.0148 0.8516 0.0000
vt 0.0015 0.8966 0.0000
vt 0.0031 0.8851 0.0000
vt 0.0066 0.8860 0.0000
vt 0.0049 0.8965 0.0000
vt 0.0103 0.8860 0.0000
vt 0.0085 0.8971 0.0000
vt 0.0148 0.8862 0.0000
vt 0.0133 0.8979 0.0000
vt 0.0011 0.8304 0.0000
vt 0.0050 0.8308 0.0000
vt 0.0097 0.8313 0.0000
vt 0.0030 0.8764 0.0000
vt 0.0069 0.8770 0.0000
vt 0.0110 0.8760 0.0000
vt 0.0154 0.8751 0.0000
vt 0.0011 0.8205 0.0000
vt 0.0041 0.8208 0.0000
vt 0.0088 0.8227 0.0000
vt 0.0023 0.8685 0.0000
vt 0.0046 0.8682 0.0000
vt 0.0087 0.8665 0.0000
vt 0.0126 0.8646 0.0000
vt 0.0075 0.8562 0.0000
vt 0.0104 0.8551 0.0000
vt 0.0142 0.8621 0.0000
vt 0.0093 0.8124 0.0000
vt 0.0117 0.8148 0.0000
vt 0.0141 0.8142 0.0000
vt 0.0113 0.8226 0.0000
vt 0.0015 0.8598 0.0000
vt 0.0046 0.8580 0.0000
vt 0.0101 0.8099 0.0000
vt 0.0123 0.8110 0.0000
# 1710 texture coords

g van_gogh_candle
usemtl 01___Defd
s 2
f 1459/1536/1456 1460/1537/1457 1461/1538/1458 
f 1461/1538/1458 1462/1539/1459 1459/1536/1456 
f 1463/1540/1460 1464/1541/1461 1460/1537/1457 
f 1460/1537/1457 1459/1536/1456 1463/1540/1460 
f 1465/1542/1462 1466/1543/1463 1464/1541/1461 
f 1464/1541/1461 1463/1540/1460 1465/1542/1462 
f 1467/1544/1464 1468/1545/1465 1466/1543/1463 
f 1466/1543/1463 1465/1542/1462 1467/1544/1464 
f 1469/1546/1466 1470/1547/1467 1468/1545/1465 
f 1468/1545/1465 1467/1544/1464 1469/1546/1466 
f 1471/1548/1468 1472/1549/1469 1470/1547/1467 
f 1470/1547/1467 1469/1546/1466 1471/1548/1468 
f 1473/1550/1470 1474/1551/1471 1472/1549/1469 
f 1472/1549/1469 1471/1548/1468 1473/1550/1470 
f 1475/1552/1472 1476/1553/1473 1474/1551/1471 
f 1474/1551/1471 1473/1550/1470 1475/1552/1472 
f 1477/1554/1474 1478/1555/1475 1476/1553/1473 
f 1476/1553/1473 1475/1552/1472 1477/1554/1474 
f 1479/1556/1476 1480/1557/1477 1478/1555/1475 
f 1478/1555/1475 1477/1554/1474 1479/1556/1476 
f 1481/1558/1478 1482/1559/1479 1480/1557/1477 
f 1480/1557/1477 1479/1556/1476 1481/1558/1478 
f 1483/1560/1480 1484/1561/1481 1482/1559/1479 
f 1482/1559/1479 1481/1558/1478 1483/1560/1480 
f 1485/1562/1482 1486/1563/1483 1484/1561/1481 
f 1484/1561/1481 1483/1560/1480 1485/1562/1482 
f 1487/1564/1484 1488/1565/1485 1486/1563/1483 
f 1486/1563/1483 1485/1562/1482 1487/1564/1484 
f 1489/1566/1486 1490/1567/1487 1488/1565/1485 
f 1488/1565/1485 1487/1564/1484 1489/1566/1486 
f 1491/1568/1488 1492/1569/1489 1490/1567/1487 
f 1490/1567/1487 1489/1566/1486 1491/1568/1488 
f 1493/1570/1490 1494/1571/1491 1492/1569/1489 
f 1492/1569/1489 1491/1568/1488 1493/1570/1490 
f 1495/1572/1492 1496/1573/1493 1494/1571/1491 
f 1494/1571/1491 1493/1570/1490 1495/1572/1492 
f 1497/1574/1494 1498/1575/1495 1496/1573/1493 
f 1496/1573/1493 1495/1572/1492 1497/1574/1494 
f 1499/1576/1496 1500/1577/1497 1498/1575/1495 
f 1498/1575/1495 1497/1574/1494 1499/1576/1496 
f 1501/1578/1498 1502/1579/1499 1500/1577/1497 
f 1500/1577/1497 1499/1576/1496 1501/1578/1498 
f 1503/1580/1500 1504/1581/1501 1502/1579/1499 
f 1502/1579/1499 1501/1578/1498 1503/1580/1500 
f 1505/1582/1502 1506/1583/1503 1504/1581/1501 
f 1504/1581/1501 1503/1580/1500 1505/1582/1502 
f 1507/1584/1504 1508/1585/1505 1506/1586/1503 
f 1506/1586/1503 1505/1587/1502 1507/1584/1504 
f 1509/1588/1506 1510/1589/1507 1508/1585/1505 
f 1508/1585/1505 1507/1584/1504 1509/1588/1506 
f 1511/1590/1508 1512/1591/1509 1510/1589/1507 
f 1510/1589/1507 1509/1588/1506 1511/1590/1508 
f 1512/1591/1509 1511/1590/1508 1513/1592/1510 
f 1514/1593/1511 1459/1536/1456 1462/1539/1459 
f 1462/1539/1459 1515/1594/1512 1514/1593/1511 
f 1516/1595/1513 1463/1540/1460 1459/1536/1456 
f 1459/1536/1456 1514/1593/1511 1516/1595/1513 
f 1517/1596/1514 1465/1542/1462 1463/1540/1460 
f 1463/1540/1460 1516/1595/1513 1517/1596/1514 
f 1518/1597/1515 1467/1544/1464 1465/1542/1462 
f 1465/1542/1462 1517/1596/1514 1518/1597/1515 
f 1519/1598/1516 1469/1546/1466 1467/1544/1464 
f 1467/1544/1464 1518/1597/1515 1519/1598/1516 
f 1520/1599/1517 1471/1548/1468 1469/1546/1466 
f 1469/1546/1466 1519/1598/1516 1520/1599/1517 
f 1521/1600/1518 1473/1550/1470 1471/1548/1468 
f 1471/1548/1468 1520/1599/1517 1521/1600/1518 
f 1522/1601/1519 1475/1552/1472 1473/1550/1470 
f 1473/1550/1470 1521/1600/1518 1522/1601/1519 
f 1523/1602/1520 1477/1554/1474 1475/1552/1472 
f 1475/1552/1472 1522/1601/1519 1523/1602/1520 
f 1524/1603/1521 1479/1556/1476 1477/1554/1474 
f 1477/1554/1474 1523/1602/1520 1524/1603/1521 
f 1525/1604/1522 1481/1558/1478 1479/1556/1476 
f 1479/1556/1476 1524/1603/1521 1525/1604/1522 
f 1526/1605/1523 1483/1560/1480 1481/1558/1478 
f 1481/1558/1478 1525/1604/1522 1526/1605/1523 
f 1527/1606/1524 1485/1562/1482 1483/1560/1480 
f 1483/1560/1480 1526/1605/1523 1527/1606/1524 
f 1528/1607/1525 1487/1564/1484 1485/1562/1482 
f 1485/1562/1482 1527/1606/1524 1528/1607/1525 
f 1529/1608/1526 1489/1566/1486 1487/1564/1484 
f 1487/1564/1484 1528/1607/1525 1529/1608/1526 
f 1530/1609/1527 1491/1568/1488 1489/1566/1486 
f 1489/1566/1486 1529/1608/1526 1530/1609/1527 
f 1531/1610/1528 1493/1570/1490 1491/1568/1488 
f 1491/1568/1488 1530/1609/1527 1531/1610/1528 
f 1532/1611/1529 1495/1572/1492 1493/1570/1490 
f 1493/1570/1490 1531/1610/1528 1532/1611/1529 
f 1533/1612/1530 1497/1574/1494 1495/1572/1492 
f 1495/1572/1492 1532/1611/1529 1533/1612/1530 
f 1534/1613/1531 1499/1576/1496 1497/1574/1494 
f 1497/1574/1494 1533/1612/1530 1534/1613/1531 
f 1535/1614/1532 1501/1578/1498 1499/1576/1496 
f 1499/1576/1496 1534/1613/1531 1535/1614/1532 
f 1536/1615/1533 1503/1580/1500 1501/1578/1498 
f 1501/1578/1498 1535/1614/1532 1536/1615/1533 
f 1537/1616/1534 1505/1582/1502 1503/1580/1500 
f 1503/1580/1500 1536/1615/1533 1537/1616/1534 
f 1538/1617/1535 1507/1584/1504 1505/1587/1502 
f 1505/1587/1502 1537/1618/1534 1538/1617/1535 
f 1539/1619/1536 1509/1588/1506 1507/1584/1504 
f 1507/1584/1504 1538/1617/1535 1539/1619/1536 
f 1540/1620/1537 1511/1590/1508 1509/1588/1506 
f 1509/1588/1506 1539/1619/1536 1540/1620/1537 
f 1511/1590/1508 1540/1620/1537 1513/1592/1510 
f 1541/1621/1538 1514/1593/1511 1515/1594/1512 
f 1515/1594/1512 1542/1622/1539 1541/1621/1538 
f 1543/1623/1540 1516/1595/1513 1514/1593/1511 
f 1514/1593/1511 1541/1621/1538 1543/1623/1540 
f 1544/1624/1541 1517/1596/1514 1516/1595/1513 
f 1516/1595/1513 1543/1623/1540 1544/1624/1541 
f 1545/1625/1542 1518/1597/1515 1517/1596/1514 
f 1517/1596/1514 1544/1624/1541 1545/1625/1542 
f 1546/1626/1543 1519/1598/1516 1518/1597/1515 
f 1518/1597/1515 1545/1625/1542 1546/1626/1543 
f 1547/1627/1544 1520/1599/1517 1519/1598/1516 
f 1519/1598/1516 1546/1626/1543 1547/1627/1544 
f 1548/1628/1545 1521/1600/1518 1520/1599/1517 
f 1520/1599/1517 1547/1627/1544 1548/1628/1545 
f 1549/1629/1546 1522/1601/1519 1521/1600/1518 
f 1521/1600/1518 1548/1628/1545 1549/1629/1546 
f 1550/1630/1547 1523/1602/1520 1522/1601/1519 
f 1522/1601/1519 1549/1629/1546 1550/1630/1547 
f 1551/1631/1548 1524/1603/1521 1523/1602/1520 
f 1523/1602/1520 1550/1630/1547 1551/1631/1548 
f 1552/1632/1549 1525/1604/1522 1524/1603/1521 
f 1524/1603/1521 1551/1631/1548 1552/1632/1549 
f 1553/1633/1550 1526/1605/1523 1525/1604/1522 
f 1525/1604/1522 1552/1632/1549 1553/1633/1550 
f 1554/1634/1551 1527/1606/1524 1526/1605/1523 
f 1526/1605/1523 1553/1633/1550 1554/1634/1551 
f 1555/1635/1552 1528/1607/1525 1527/1606/1524 
f 1527/1606/1524 1554/1634/1551 1555/1635/1552 
f 1556/1636/1553 1529/1608/1526 1528/1607/1525 
f 1528/1607/1525 1555/1635/1552 1556/1636/1553 
f 1557/1637/1554 1530/1609/1527 1529/1608/1526 
f 1529/1608/1526 1556/1636/1553 1557/1637/1554 
f 1558/1638/1555 1531/1610/1528 1530/1609/1527 
f 1530/1609/1527 1557/1637/1554 1558/1638/1555 
f 1559/1639/1556 1532/1611/1529 1531/1610/1528 
f 1531/1610/1528 1558/1638/1555 1559/1639/1556 
f 1560/1640/1557 1533/1612/1530 1532/1611/1529 
f 1532/1611/1529 1559/1639/1556 1560/1640/1557 
f 1561/1641/1558 1534/1613/1531 1533/1612/1530 
f 1533/1612/1530 1560/1640/1557 1561/1641/1558 
f 1562/1642/1559 1535/1614/1532 1534/1613/1531 
f 1534/1613/1531 1561/1641/1558 1562/1642/1559 
f 1563/1643/1560 1536/1615/1533 1535/1614/1532 
f 1535/1614/1532 1562/1642/1559 1563/1643/1560 
f 1564/1644/1561 1537/1616/1534 1536/1615/1533 
f 1536/1615/1533 1563/1643/1560 1564/1644/1561 
f 1565/1645/1562 1538/1617/1535 1537/1618/1534 
f 1537/1618/1534 1564/1646/1561 1565/1645/1562 
f 1566/1647/1563 1539/1619/1536 1538/1617/1535 
f 1538/1617/1535 1565/1645/1562 1566/1647/1563 
f 1567/1648/1564 1540/1620/1537 1539/1619/1536 
f 1539/1619/1536 1566/1647/1563 1567/1648/1564 
f 1540/1620/1537 1567/1648/1564 1513/1592/1510 
f 1568/1649/1565 1541/1650/1538 1542/1651/1539 
f 1542/1651/1539 1569/1652/1566 1568/1649/1565 
f 1570/1653/1567 1543/1654/1540 1541/1650/1538 
f 1541/1650/1538 1568/1649/1565 1570/1653/1567 
f 1571/1655/1568 1544/1656/1541 1543/1654/1540 
f 1543/1654/1540 1570/1653/1567 1571/1655/1568 
f 1572/1657/1569 1545/1658/1542 1544/1656/1541 
f 1544/1656/1541 1571/1655/1568 1572/1657/1569 
f 1573/1659/1570 1546/1660/1543 1545/1658/1542 
f 1545/1658/1542 1572/1657/1569 1573/1659/1570 
f 1574/1661/1571 1547/1662/1544 1546/1660/1543 
f 1546/1660/1543 1573/1659/1570 1574/1661/1571 
f 1575/1663/1572 1548/1664/1545 1547/1662/1544 
f 1547/1662/1544 1574/1661/1571 1575/1663/1572 
f 1576/1665/1573 1549/1666/1546 1548/1664/1545 
f 1548/1664/1545 1575/1663/1572 1576/1665/1573 
f 1577/1667/1574 1550/1668/1547 1549/1666/1546 
f 1549/1666/1546 1576/1665/1573 1577/1667/1574 
f 1578/1669/1575 1551/1670/1548 1550/1668/1547 
f 1550/1668/1547 1577/1667/1574 1578/1669/1575 
f 1579/1671/1576 1552/1672/1549 1551/1670/1548 
f 1551/1670/1548 1578/1669/1575 1579/1671/1576 
f 1580/1673/1577 1553/1674/1550 1552/1672/1549 
f 1552/1672/1549 1579/1671/1576 1580/1673/1577 
f 1581/1675/1578 1554/1676/1551 1553/1674/1550 
f 1553/1674/1550 1580/1673/1577 1581/1675/1578 
f 1582/1677/1579 1555/1678/1552 1554/1676/1551 
f 1554/1676/1551 1581/1675/1578 1582/1677/1579 
f 1583/1679/1580 1556/1680/1553 1555/1678/1552 
f 1555/1678/1552 1582/1677/1579 1583/1679/1580 
f 1584/1681/1581 1557/1682/1554 1556/1680/1553 
f 1556/1680/1553 1583/1679/1580 1584/1681/1581 
f 1585/1683/1582 1558/1684/1555 1557/1682/1554 
f 1557/1682/1554 1584/1681/1581 1585/1683/1582 
f 1586/1685/1583 1559/1686/1556 1558/1684/1555 
f 1558/1684/1555 1585/1683/1582 1586/1685/1583 
f 1587/1687/1584 1560/1688/1557 1559/1686/1556 
f 1559/1686/1556 1586/1685/1583 1587/1687/1584 
f 1588/1689/1585 1561/1690/1558 1560/1688/1557 
f 1560/1688/1557 1587/1687/1584 1588/1689/1585 
f 1589/1691/1586 1562/1692/1559 1561/1690/1558 
f 1561/1690/1558 1588/1689/1585 1589/1691/1586 
f 1590/1693/1587 1563/1694/1560 1562/1692/1559 
f 1562/1692/1559 1589/1691/1586 1590/1693/1587 
f 1591/1695/1588 1564/1696/1561 1563/1694/1560 
f 1563/1694/1560 1590/1693/1587 1591/1695/1588 
f 1592/1697/1589 1565/1645/1562 1564/1646/1561 
f 1564/1646/1561 1591/1698/1588 1592/1697/1589 
f 1593/1699/1590 1566/1647/1563 1565/1645/1562 
f 1565/1645/1562 1592/1697/1589 1593/1699/1590 
f 1594/1700/1591 1567/1648/1564 1566/1647/1563 
f 1566/1647/1563 1593/1699/1590 1594/1700/1591 
f 1567/1648/1564 1594/1700/1591 1513/1592/1510 
f 1595/1701/1592 1568/1649/1565 1569/1652/1566 
f 1569/1652/1566 1596/1702/1593 1595/1701/1592 
f 1597/1703/1594 1570/1653/1567 1568/1649/1565 
f 1568/1649/1565 1595/1701/1592 1597/1703/1594 
f 1598/1704/1595 1571/1655/1568 1570/1653/1567 
f 1570/1653/1567 1597/1703/1594 1598/1704/1595 
f 1599/1705/1596 1572/1657/1569 1571/1655/1568 
f 1571/1655/1568 1598/1704/1595 1599/1705/1596 
f 1600/1706/1597 1573/1659/1570 1572/1657/1569 
f 1572/1657/1569 1599/1705/1596 1600/1706/1597 
f 1601/1707/1598 1574/1661/1571 1573/1659/1570 
f 1573/1659/1570 1600/1706/1597 1601/1707/1598 
f 1602/1708/1599 1575/1663/1572 1574/1661/1571 
f 1574/1661/1571 1601/1707/1598 1602/1708/1599 
f 1603/1709/1600 1576/1665/1573 1575/1663/1572 
f 1575/1663/1572 1602/1708/1599 1603/1709/1600 
f 1604/1710/1601 1577/1667/1574 1576/1665/1573 
f 1576/1665/1573 1603/1709/1600 1604/1710/1601 
f 1605/1711/1602 1578/1669/1575 1577/1667/1574 
f 1577/1667/1574 1604/1710/1601 1605/1711/1602 
f 1606/1712/1603 1579/1671/1576 1578/1669/1575 
f 1578/1669/1575 1605/1711/1602 1606/1712/1603 
f 1607/1713/1604 1580/1673/1577 1579/1671/1576 
f 1579/1671/1576 1606/1712/1603 1607/1713/1604 
f 1608/1714/1605 1581/1675/1578 1580/1673/1577 
f 1580/1673/1577 1607/1713/1604 1608/1714/1605 
f 1609/1715/1606 1582/1677/1579 1581/1675/1578 
f 1581/1675/1578 1608/1714/1605 1609/1715/1606 
f 1610/1716/1607 1583/1679/1580 1582/1677/1579 
f 1582/1677/1579 1609/1715/1606 1610/1716/1607 
f 1611/1717/1608 1584/1681/1581 1583/1679/1580 
f 1583/1679/1580 1610/1716/1607 1611/1717/1608 
f 1612/1718/1609 1585/1683/1582 1584/1681/1581 
f 1584/1681/1581 1611/1717/1608 1612/1718/1609 
f 1613/1719/1610 1586/1685/1583 1585/1683/1582 
f 1585/1683/1582 1612/1718/1609 1613/1719/1610 
f 1614/1720/1611 1587/1687/1584 1586/1685/1583 
f 1586/1685/1583 1613/1719/1610 1614/1720/1611 
f 1615/1721/1612 1588/1689/1585 1587/1687/1584 
f 1587/1687/1584 1614/1720/1611 1615/1721/1612 
f 1616/1722/1613 1589/1691/1586 1588/1689/1585 
f 1588/1689/1585 1615/1721/1612 1616/1722/1613 
f 1617/1723/1614 1590/1693/1587 1589/1691/1586 
f 1589/1691/1586 1616/1722/1613 1617/1723/1614 
f 1618/1724/1615 1591/1695/1588 1590/1693/1587 
f 1590/1693/1587 1617/1723/1614 1618/1724/1615 
f 1619/1725/1616 1592/1697/1589 1591/1698/1588 
f 1591/1698/1588 1618/1726/1615 1619/1725/1616 
f 1620/1727/1617 1593/1699/1590 1592/1697/1589 
f 1592/1697/1589 1619/1725/1616 1620/1727/1617 
f 1621/1728/1618 1594/1700/1591 1593/1699/1590 
f 1593/1699/1590 1620/1727/1617 1621/1728/1618 
f 1594/1700/1591 1621/1728/1618 1513/1592/1510 
f 1460/1537/1457 1595/1701/1592 1596/1702/1593 
f 1596/1702/1593 1461/1538/1458 1460/1537/1457 
f 1464/1541/1461 1597/1703/1594 1595/1701/1592 
f 1595/1701/1592 1460/1537/1457 1464/1541/1461 
f 1466/1543/1463 1598/1704/1595 1597/1703/1594 
f 1597/1703/1594 1464/1541/1461 1466/1543/1463 
f 1468/1545/1465 1599/1705/1596 1598/1704/1595 
f 1598/1704/1595 1466/1543/1463 1468/1545/1465 
f 1470/1547/1467 1600/1706/1597 1599/1705/1596 
f 1599/1705/1596 1468/1545/1465 1470/1547/1467 
f 1472/1549/1469 1601/1707/1598 1600/1706/1597 
f 1600/1706/1597 1470/1547/1467 1472/1549/1469 
f 1474/1551/1471 1602/1708/1599 1601/1707/1598 
f 1601/1707/1598 1472/1549/1469 1474/1551/1471 
f 1476/1553/1473 1603/1709/1600 1602/1708/1599 
f 1602/1708/1599 1474/1551/1471 1476/1553/1473 
f 1478/1555/1475 1604/1710/1601 1603/1709/1600 
f 1603/1709/1600 1476/1553/1473 1478/1555/1475 
f 1480/1557/1477 1605/1711/1602 1604/1710/1601 
f 1604/1710/1601 1478/1555/1475 1480/1557/1477 
f 1482/1559/1479 1606/1712/1603 1605/1711/1602 
f 1605/1711/1602 1480/1557/1477 1482/1559/1479 
f 1484/1561/1481 1607/1713/1604 1606/1712/1603 
f 1606/1712/1603 1482/1559/1479 1484/1561/1481 
f 1486/1563/1483 1608/1714/1605 1607/1713/1604 
f 1607/1713/1604 1484/1561/1481 1486/1563/1483 
f 1488/1565/1485 1609/1715/1606 1608/1714/1605 
f 1608/1714/1605 1486/1563/1483 1488/1565/1485 
f 1490/1567/1487 1610/1716/1607 1609/1715/1606 
f 1609/1715/1606 1488/1565/1485 1490/1567/1487 
f 1492/1569/1489 1611/1717/1608 1610/1716/1607 
f 1610/1716/1607 1490/1567/1487 1492/1569/1489 
f 1494/1571/1491 1612/1718/1609 1611/1717/1608 
f 1611/1717/1608 1492/1569/1489 1494/1571/1491 
f 1496/1573/1493 1613/1719/1610 1612/1718/1609 
f 1612/1718/1609 1494/1571/1491 1496/1573/1493 
f 1498/1575/1495 1614/1720/1611 1613/1719/1610 
f 1613/1719/1610 1496/1573/1493 1498/1575/1495 
f 1500/1577/1497 1615/1721/1612 1614/1720/1611 
f 1614/1720/1611 1498/1575/1495 1500/1577/1497 
f 1502/1579/1499 1616/1722/1613 1615/1721/1612 
f 1615/1721/1612 1500/1577/1497 1502/1579/1499 
f 1504/1581/1501 1617/1723/1614 1616/1722/1613 
f 1616/1722/1613 1502/1579/1499 1504/1581/1501 
f 1506/1583/1503 1618/1724/1615 1617/1723/1614 
f 1617/1723/1614 1504/1581/1501 1506/1583/1503 
f 1508/1585/1505 1619/1725/1616 1618/1726/1615 
f 1618/1726/1615 1506/1586/1503 1508/1585/1505 
f 1510/1589/1507 1620/1727/1617 1619/1725/1616 
f 1619/1725/1616 1508/1585/1505 1510/1589/1507 
f 1512/1591/1509 1621/1728/1618 1620/1727/1617 
f 1620/1727/1617 1510/1589/1507 1512/1591/1509 
f 1621/1728/1618 1512/1591/1509 1513/1592/1510 
f 1622/1729/1478 1623/1730/1479 1624/1731/1619 
f 1624/1731/1619 1625/1732/1620 1622/1729/1478 
f 1626/1733/1480 1627/1734/1481 1623/1730/1479 
f 1623/1730/1479 1622/1729/1478 1626/1733/1480 
f 1628/1735/1482 1629/1736/1483 1627/1734/1481 
f 1627/1734/1481 1626/1733/1480 1628/1735/1482 
f 1630/1737/1484 1631/1738/1485 1629/1736/1483 
f 1629/1736/1483 1628/1735/1482 1630/1737/1484 
f 1632/1739/1486 1633/1740/1487 1631/1738/1485 
f 1631/1738/1485 1630/1737/1484 1632/1739/1486 
f 1634/1741/1488 1635/1742/1489 1633/1740/1487 
f 1633/1740/1487 1632/1739/1486 1634/1741/1488 
f 1636/1743/1490 1637/1744/1491 1635/1742/1489 
f 1635/1742/1489 1634/1741/1488 1636/1743/1490 
f 1638/1745/1492 1639/1746/1493 1637/1744/1491 
f 1637/1744/1491 1636/1743/1490 1638/1745/1492 
f 1640/1747/1494 1641/1748/1495 1639/1746/1493 
f 1639/1746/1493 1638/1745/1492 1640/1747/1494 
f 1642/1749/1496 1643/1750/1497 1641/1748/1495 
f 1641/1748/1495 1640/1747/1494 1642/1749/1496 
f 1644/1751/1498 1645/1752/1499 1643/1750/1497 
f 1643/1750/1497 1642/1749/1496 1644/1751/1498 
f 1646/1753/1500 1647/1754/1501 1645/1752/1499 
f 1645/1752/1499 1644/1751/1498 1646/1753/1500 
f 1648/1755/1502 1649/1756/1503 1647/1754/1501 
f 1647/1754/1501 1646/1753/1500 1648/1755/1502 
f 1650/1757/1504 1651/1758/1505 1649/1756/1503 
f 1649/1756/1503 1648/1755/1502 1650/1757/1504 
f 1652/1759/1506 1653/1760/1507 1651/1758/1505 
f 1651/1758/1505 1650/1757/1504 1652/1759/1506 
f 1654/1761/1621 1655/1762/1622 1653/1760/1507 
f 1653/1760/1507 1652/1759/1506 1654/1761/1621 
f 1462/1539/1459 1461/1538/1458 1655/1762/1622 
f 1655/1762/1622 1654/1761/1621 1462/1539/1459 
f 1656/1763/1522 1622/1729/1478 1625/1732/1620 
f 1625/1732/1620 1657/1764/1623 1656/1763/1522 
f 1658/1765/1523 1626/1733/1480 1622/1729/1478 
f 1622/1729/1478 1656/1763/1522 1658/1765/1523 
f 1659/1766/1524 1628/1735/1482 1626/1733/1480 
f 1626/1733/1480 1658/1765/1523 1659/1766/1524 
f 1660/1767/1525 1630/1737/1484 1628/1735/1482 
f 1628/1735/1482 1659/1766/1524 1660/1767/1525 
f 1661/1768/1526 1632/1739/1486 1630/1737/1484 
f 1630/1737/1484 1660/1767/1525 1661/1768/1526 
f 1662/1769/1527 1634/1741/1488 1632/1739/1486 
f 1632/1739/1486 1661/1768/1526 1662/1769/1527 
f 1663/1770/1528 1636/1743/1490 1634/1741/1488 
f 1634/1741/1488 1662/1769/1527 1663/1770/1528 
f 1664/1771/1529 1638/1745/1492 1636/1743/1490 
f 1636/1743/1490 1663/1770/1528 1664/1771/1529 
f 1665/1772/1530 1640/1747/1494 1638/1745/1492 
f 1638/1745/1492 1664/1771/1529 1665/1772/1530 
f 1666/1773/1531 1642/1749/1496 1640/1747/1494 
f 1640/1747/1494 1665/1772/1530 1666/1773/1531 
f 1667/1774/1532 1644/1751/1498 1642/1749/1496 
f 1642/1749/1496 1666/1773/1531 1667/1774/1532 
f 1668/1775/1533 1646/1753/1500 1644/1751/1498 
f 1644/1751/1498 1667/1774/1532 1668/1775/1533 
f 1669/1776/1534 1648/1755/1502 1646/1753/1500 
f 1646/1753/1500 1668/1775/1533 1669/1776/1534 
f 1670/1777/1535 1650/1757/1504 1648/1755/1502 
f 1648/1755/1502 1669/1776/1534 1670/1777/1535 
f 1671/1778/1536 1652/1759/1506 1650/1757/1504 
f 1650/1757/1504 1670/1777/1535 1671/1778/1536 
f 1672/1779/1624 1654/1761/1621 1652/1759/1506 
f 1652/1759/1506 1671/1778/1536 1672/1779/1624 
f 1515/1594/1512 1462/1539/1459 1654/1761/1621 
f 1654/1761/1621 1672/1779/1624 1515/1594/1512 
f 1673/1780/1549 1656/1763/1522 1657/1764/1623 
f 1657/1764/1623 1674/1781/1625 1673/1780/1549 
f 1675/1782/1550 1658/1765/1523 1656/1763/1522 
f 1656/1763/1522 1673/1780/1549 1675/1782/1550 
f 1676/1783/1551 1659/1766/1524 1658/1765/1523 
f 1658/1765/1523 1675/1782/1550 1676/1783/1551 
f 1677/1784/1552 1660/1767/1525 1659/1766/1524 
f 1659/1766/1524 1676/1783/1551 1677/1784/1552 
f 1678/1785/1553 1661/1768/1526 1660/1767/1525 
f 1660/1767/1525 1677/1784/1552 1678/1785/1553 
f 1679/1786/1554 1662/1769/1527 1661/1768/1526 
f 1661/1768/1526 1678/1785/1553 1679/1786/1554 
f 1680/1787/1555 1663/1770/1528 1662/1769/1527 
f 1662/1769/1527 1679/1786/1554 1680/1787/1555 
f 1681/1788/1556 1664/1771/1529 1663/1770/1528 
f 1663/1770/1528 1680/1787/1555 1681/1788/1556 
f 1682/1789/1557 1665/1772/1530 1664/1771/1529 
f 1664/1771/1529 1681/1788/1556 1682/1789/1557 
f 1683/1790/1558 1666/1773/1531 1665/1772/1530 
f 1665/1772/1530 1682/1789/1557 1683/1790/1558 
f 1684/1791/1559 1667/1774/1532 1666/1773/1531 
f 1666/1773/1531 1683/1790/1558 1684/1791/1559 
f 1685/1792/1560 1668/1775/1533 1667/1774/1532 
f 1667/1774/1532 1684/1791/1559 1685/1792/1560 
f 1686/1793/1561 1669/1776/1534 1668/1775/1533 
f 1668/1775/1533 1685/1792/1560 1686/1793/1561 
f 1687/1794/1562 1670/1777/1535 1669/1776/1534 
f 1669/1776/1534 1686/1793/1561 1687/1794/1562 
f 1688/1795/1563 1671/1778/1536 1670/1777/1535 
f 1670/1777/1535 1687/1794/1562 1688/1795/1563 
f 1689/1796/1626 1672/1779/1624 1671/1778/1536 
f 1671/1778/1536 1688/1795/1563 1689/1796/1626 
f 1542/1622/1539 1515/1594/1512 1672/1779/1624 
f 1672/1779/1624 1689/1796/1626 1542/1622/1539 
f 1690/1797/1576 1673/1798/1549 1674/1799/1625 
f 1674/1799/1625 1691/1800/1627 1690/1797/1576 
f 1692/1801/1577 1675/1802/1550 1673/1798/1549 
f 1673/1798/1549 1690/1797/1576 1692/1801/1577 
f 1693/1803/1578 1676/1804/1551 1675/1802/1550 
f 1675/1802/1550 1692/1801/1577 1693/1803/1578 
f 1694/1805/1579 1677/1806/1552 1676/1804/1551 
f 1676/1804/1551 1693/1803/1578 1694/1805/1579 
f 1695/1807/1580 1678/1808/1553 1677/1806/1552 
f 1677/1806/1552 1694/1805/1579 1695/1807/1580 
f 1696/1809/1581 1679/1810/1554 1678/1808/1553 
f 1678/1808/1553 1695/1807/1580 1696/1809/1581 
f 1697/1811/1582 1680/1812/1555 1679/1810/1554 
f 1679/1810/1554 1696/1809/1581 1697/1811/1582 
f 1698/1813/1583 1681/1814/1556 1680/1812/1555 
f 1680/1812/1555 1697/1811/1582 1698/1813/1583 
f 1699/1815/1584 1682/1816/1557 1681/1814/1556 
f 1681/1814/1556 1698/1813/1583 1699/1815/1584 
f 1700/1817/1585 1683/1818/1558 1682/1816/1557 
f 1682/1816/1557 1699/1815/1584 1700/1817/1585 
f 1701/1819/1586 1684/1820/1559 1683/1818/1558 
f 1683/1818/1558 1700/1817/1585 1701/1819/1586 
f 1702/1821/1587 1685/1822/1560 1684/1820/1559 
f 1684/1820/1559 1701/1819/1586 1702/1821/1587 
f 1703/1823/1588 1686/1824/1561 1685/1822/1560 
f 1685/1822/1560 1702/1821/1587 1703/1823/1588 
f 1704/1825/1589 1687/1826/1562 1686/1824/1561 
f 1686/1824/1561 1703/1823/1588 1704/1825/1589 
f 1705/1827/1590 1688/1828/1563 1687/1826/1562 
f 1687/1826/1562 1704/1825/1589 1705/1827/1590 
f 1706/1829/1628 1689/1830/1626 1688/1828/1563 
f 1688/1828/1563 1705/1827/1590 1706/1829/1628 
f 1569/1652/1566 1542/1651/1539 1689/1830/1626 
f 1689/1830/1626 1706/1829/1628 1569/1652/1566 
f 1707/1831/1603 1690/1797/1576 1691/1800/1627 
f 1691/1800/1627 1708/1832/1629 1707/1831/1603 
f 1709/1833/1604 1692/1801/1577 1690/1797/1576 
f 1690/1797/1576 1707/1831/1603 1709/1833/1604 
f 1710/1834/1605 1693/1803/1578 1692/1801/1577 
f 1692/1801/1577 1709/1833/1604 1710/1834/1605 
f 1711/1835/1606 1694/1805/1579 1693/1803/1578 
f 1693/1803/1578 1710/1834/1605 1711/1835/1606 
f 1712/1836/1607 1695/1807/1580 1694/1805/1579 
f 1694/1805/1579 1711/1835/1606 1712/1836/1607 
f 1713/1837/1608 1696/1809/1581 1695/1807/1580 
f 1695/1807/1580 1712/1836/1607 1713/1837/1608 
f 1714/1838/1609 1697/1811/1582 1696/1809/1581 
f 1696/1809/1581 1713/1837/1608 1714/1838/1609 
f 1715/1839/1610 1698/1813/1583 1697/1811/1582 
f 1697/1811/1582 1714/1838/1609 1715/1839/1610 
f 1716/1840/1611 1699/1815/1584 1698/1813/1583 
f 1698/1813/1583 1715/1839/1610 1716/1840/1611 
f 1717/1841/1612 1700/1817/1585 1699/1815/1584 
f 1699/1815/1584 1716/1840/1611 1717/1841/1612 
f 1718/1842/1613 1701/1819/1586 1700/1817/1585 
f 1700/1817/1585 1717/1841/1612 1718/1842/1613 
f 1719/1843/1614 1702/1821/1587 1701/1819/1586 
f 1701/1819/1586 1718/1842/1613 1719/1843/1614 
f 1720/1844/1615 1703/1823/1588 1702/1821/1587 
f 1702/1821/1587 1719/1843/1614 1720/1844/1615 
f 1721/1845/1616 1704/1825/1589 1703/1823/1588 
f 1703/1823/1588 1720/1844/1615 1721/1845/1616 
f 1722/1846/1617 1705/1827/1590 1704/1825/1589 
f 1704/1825/1589 1721/1845/1616 1722/1846/1617 
f 1723/1847/1630 1706/1829/1628 1705/1827/1590 
f 1705/1827/1590 1722/1846/1617 1723/1847/1630 
f 1596/1702/1593 1569/1652/1566 1706/1829/1628 
f 1706/1829/1628 1723/1847/1630 1596/1702/1593 
f 1623/1730/1479 1707/1831/1603 1708/1832/1629 
f 1708/1832/1629 1624/1731/1619 1623/1730/1479 
f 1627/1734/1481 1709/1833/1604 1707/1831/1603 
f 1707/1831/1603 1623/1730/1479 1627/1734/1481 
f 1629/1736/1483 1710/1834/1605 1709/1833/1604 
f 1709/1833/1604 1627/1734/1481 1629/1736/1483 
f 1631/1738/1485 1711/1835/1606 1710/1834/1605 
f 1710/1834/1605 1629/1736/1483 1631/1738/1485 
f 1633/1740/1487 1712/1836/1607 1711/1835/1606 
f 1711/1835/1606 1631/1738/1485 1633/1740/1487 
f 1635/1742/1489 1713/1837/1608 1712/1836/1607 
f 1712/1836/1607 1633/1740/1487 1635/1742/1489 
f 1637/1744/1491 1714/1838/1609 1713/1837/1608 
f 1713/1837/1608 1635/1742/1489 1637/1744/1491 
f 1639/1746/1493 1715/1839/1610 1714/1838/1609 
f 1714/1838/1609 1637/1744/1491 1639/1746/1493 
f 1641/1748/1495 1716/1840/1611 1715/1839/1610 
f 1715/1839/1610 1639/1746/1493 1641/1748/1495 
f 1643/1750/1497 1717/1841/1612 1716/1840/1611 
f 1716/1840/1611 1641/1748/1495 1643/1750/1497 
f 1645/1752/1499 1718/1842/1613 1717/1841/1612 
f 1717/1841/1612 1643/1750/1497 1645/1752/1499 
f 1647/1754/1501 1719/1843/1614 1718/1842/1613 
f 1718/1842/1613 1645/1752/1499 1647/1754/1501 
f 1649/1756/1503 1720/1844/1615 1719/1843/1614 
f 1719/1843/1614 1647/1754/1501 1649/1756/1503 
f 1651/1758/1505 1721/1845/1616 1720/1844/1615 
f 1720/1844/1615 1649/1756/1503 1651/1758/1505 
f 1653/1760/1507 1722/1846/1617 1721/1845/1616 
f 1721/1845/1616 1651/1758/1505 1653/1760/1507 
f 1655/1762/1622 1723/1847/1630 1722/1846/1617 
f 1722/1846/1617 1653/1760/1507 1655/1762/1622 
f 1461/1538/1458 1596/1702/1593 1723/1847/1630 
f 1723/1847/1630 1655/1762/1622 1461/1538/1458 
f 1724/1848/1631 1725/1849/1632 1726/1850/1633 
f 1726/1850/1633 1727/1851/1634 1724/1848/1631 
f 1728/1852/1635 1729/1853/1636 1725/1849/1632 
f 1725/1849/1632 1724/1848/1631 1728/1852/1635 
f 1730/1854/1637 1731/1855/1638 1729/1853/1636 
f 1729/1853/1636 1728/1852/1635 1730/1854/1637 
f 1732/1856/1639 1733/1857/1640 1731/1855/1638 
f 1731/1855/1638 1730/1854/1637 1732/1856/1639 
f 1734/1858/1641 1735/1859/1642 1733/1857/1640 
f 1733/1857/1640 1732/1856/1639 1734/1858/1641 
f 1736/1860/1643 1737/1861/1644 1735/1859/1642 
f 1735/1859/1642 1734/1858/1641 1736/1860/1643 
f 1738/1862/1645 1739/1863/1646 1737/1861/1644 
f 1737/1861/1644 1736/1860/1643 1738/1862/1645 
f 1740/1864/1647 1741/1865/1648 1739/1863/1646 
f 1739/1863/1646 1738/1862/1645 1740/1864/1647 
f 1742/1866/1649 1743/1867/1650 1741/1865/1648 
f 1741/1865/1648 1740/1864/1647 1742/1866/1649 
f 1744/1868/1651 1745/1869/1652 1743/1867/1650 
f 1743/1867/1650 1742/1866/1649 1744/1868/1651 
f 1746/1870/1653 1747/1871/1654 1745/1869/1652 
f 1745/1869/1652 1744/1868/1651 1746/1870/1653 
f 1748/1872/1655 1749/1873/1656 1747/1871/1654 
f 1747/1871/1654 1746/1870/1653 1748/1872/1655 
f 1750/1874/1657 1751/1875/1658 1749/1873/1656 
f 1749/1873/1656 1748/1872/1655 1750/1874/1657 
f 1752/1876/1659 1753/1877/1660 1751/1875/1658 
f 1751/1875/1658 1750/1874/1657 1752/1876/1659 
f 1754/1878/1661 1755/1879/1662 1753/1877/1660 
f 1753/1877/1660 1752/1876/1659 1754/1878/1661 
f 1756/1880/1663 1757/1881/1664 1755/1879/1662 
f 1755/1879/1662 1754/1878/1661 1756/1880/1663 
f 1758/1882/1665 1759/1883/1666 1757/1881/1664 
f 1757/1881/1664 1756/1880/1663 1758/1882/1665 
f 1760/1884/1667 1761/1885/1668 1759/1883/1666 
f 1759/1883/1666 1758/1882/1665 1760/1884/1667 
f 1762/1886/1669 1763/1887/1670 1761/1885/1668 
f 1761/1885/1668 1760/1884/1667 1762/1886/1669 
f 1764/1888/1671 1765/1889/1672 1763/1887/1670 
f 1763/1887/1670 1762/1886/1669 1764/1888/1671 
f 1766/1890/1673 1767/1891/1674 1765/1889/1672 
f 1765/1889/1672 1764/1888/1671 1766/1890/1673 
f 1768/1892/1675 1769/1893/1676 1767/1891/1674 
f 1767/1891/1674 1766/1890/1673 1768/1892/1675 
f 1770/1894/1677 1771/1895/1678 1769/1893/1676 
f 1769/1893/1676 1768/1892/1675 1770/1894/1677 
f 1772/1896/1679 1773/1897/1680 1771/1895/1678 
f 1771/1895/1678 1770/1894/1677 1772/1896/1679 
f 1774/1898/1681 1775/1899/1682 1773/1900/1680 
f 1773/1900/1680 1772/1901/1679 1774/1898/1681 
f 1776/1902/1683 1777/1903/1684 1775/1899/1682 
f 1775/1899/1682 1774/1898/1681 1776/1902/1683 
f 1777/1903/1684 1776/1902/1683 1778/1904/1685 
f 1779/1905/1686 1724/1848/1631 1727/1851/1634 
f 1727/1851/1634 1780/1906/1687 1779/1905/1686 
f 1781/1907/1688 1728/1852/1635 1724/1848/1631 
f 1724/1848/1631 1779/1905/1686 1781/1907/1688 
f 1782/1908/1689 1730/1854/1637 1728/1852/1635 
f 1728/1852/1635 1781/1907/1688 1782/1908/1689 
f 1783/1909/1690 1732/1856/1639 1730/1854/1637 
f 1730/1854/1637 1782/1908/1689 1783/1909/1690 
f 1784/1910/1691 1734/1858/1641 1732/1856/1639 
f 1732/1856/1639 1783/1909/1690 1784/1910/1691 
f 1785/1911/1692 1736/1860/1643 1734/1858/1641 
f 1734/1858/1641 1784/1910/1691 1785/1911/1692 
f 1786/1912/1693 1738/1862/1645 1736/1860/1643 
f 1736/1860/1643 1785/1911/1692 1786/1912/1693 
f 1787/1913/1694 1740/1864/1647 1738/1862/1645 
f 1738/1862/1645 1786/1912/1693 1787/1913/1694 
f 1788/1914/1695 1742/1866/1649 1740/1864/1647 
f 1740/1864/1647 1787/1913/1694 1788/1914/1695 
f 1789/1915/1696 1744/1868/1651 1742/1866/1649 
f 1742/1866/1649 1788/1914/1695 1789/1915/1696 
f 1790/1916/1697 1746/1870/1653 1744/1868/1651 
f 1744/1868/1651 1789/1915/1696 1790/1916/1697 
f 1791/1917/1698 1748/1872/1655 1746/1870/1653 
f 1746/1870/1653 1790/1916/1697 1791/1917/1698 
f 1792/1918/1699 1750/1874/1657 1748/1872/1655 
f 1748/1872/1655 1791/1917/1698 1792/1918/1699 
f 1793/1919/1700 1752/1876/1659 1750/1874/1657 
f 1750/1874/1657 1792/1918/1699 1793/1919/1700 
f 1794/1920/1701 1754/1878/1661 1752/1876/1659 
f 1752/1876/1659 1793/1919/1700 1794/1920/1701 
f 1795/1921/1702 1756/1880/1663 1754/1878/1661 
f 1754/1878/1661 1794/1920/1701 1795/1921/1702 
f 1796/1922/1703 1758/1882/1665 1756/1880/1663 
f 1756/1880/1663 1795/1921/1702 1796/1922/1703 
f 1797/1923/1704 1760/1884/1667 1758/1882/1665 
f 1758/1882/1665 1796/1922/1703 1797/1923/1704 
f 1798/1924/1705 1762/1886/1669 1760/1884/1667 
f 1760/1884/1667 1797/1923/1704 1798/1924/1705 
f 1799/1925/1706 1764/1888/1671 1762/1886/1669 
f 1762/1886/1669 1798/1924/1705 1799/1925/1706 
f 1800/1926/1707 1766/1890/1673 1764/1888/1671 
f 1764/1888/1671 1799/1925/1706 1800/1926/1707 
f 1801/1927/1708 1768/1892/1675 1766/1890/1673 
f 1766/1890/1673 1800/1926/1707 1801/1927/1708 
f 1802/1928/1709 1770/1894/1677 1768/1892/1675 
f 1768/1892/1675 1801/1927/1708 1802/1928/1709 
f 1803/1929/1710 1772/1896/1679 1770/1894/1677 
f 1770/1894/1677 1802/1928/1709 1803/1929/1710 
f 1804/1930/1711 1774/1898/1681 1772/1901/1679 
f 1772/1901/1679 1803/1931/1710 1804/1930/1711 
f 1805/1932/1712 1776/1902/1683 1774/1898/1681 
f 1774/1898/1681 1804/1930/1711 1805/1932/1712 
f 1776/1902/1683 1805/1932/1712 1778/1904/1685 
f 1806/1933/1713 1779/1905/1686 1780/1906/1687 
f 1780/1906/1687 1807/1934/1714 1806/1933/1713 
f 1808/1935/1715 1781/1907/1688 1779/1905/1686 
f 1779/1905/1686 1806/1933/1713 1808/1935/1715 
f 1809/1936/1716 1782/1908/1689 1781/1907/1688 
f 1781/1907/1688 1808/1935/1715 1809/1936/1716 
f 1810/1937/1717 1783/1909/1690 1782/1908/1689 
f 1782/1908/1689 1809/1936/1716 1810/1937/1717 
f 1811/1938/1718 1784/1910/1691 1783/1909/1690 
f 1783/1909/1690 1810/1937/1717 1811/1938/1718 
f 1812/1939/1719 1785/1911/1692 1784/1910/1691 
f 1784/1910/1691 1811/1938/1718 1812/1939/1719 
f 1813/1940/1720 1786/1912/1693 1785/1911/1692 
f 1785/1911/1692 1812/1939/1719 1813/1940/1720 
f 1814/1941/1721 1787/1913/1694 1786/1912/1693 
f 1786/1912/1693 1813/1940/1720 1814/1941/1721 
f 1815/1942/1722 1788/1914/1695 1787/1913/1694 
f 1787/1913/1694 1814/1941/1721 1815/1942/1722 
f 1816/1943/1723 1789/1915/1696 1788/1914/1695 
f 1788/1914/1695 1815/1942/1722 1816/1943/1723 
f 1817/1944/1724 1790/1916/1697 1789/1915/1696 
f 1789/1915/1696 1816/1943/1723 1817/1944/1724 
f 1818/1945/1725 1791/1917/1698 1790/1916/1697 
f 1790/1916/1697 1817/1944/1724 1818/1945/1725 
f 1819/1946/1726 1792/1918/1699 1791/1917/1698 
f 1791/1917/1698 1818/1945/1725 1819/1946/1726 
f 1820/1947/1727 1793/1919/1700 1792/1918/1699 
f 1792/1918/1699 1819/1946/1726 1820/1947/1727 
f 1821/1948/1728 1794/1920/1701 1793/1919/1700 
f 1793/1919/1700 1820/1947/1727 1821/1948/1728 
f 1822/1949/1729 1795/1921/1702 1794/1920/1701 
f 1794/1920/1701 1821/1948/1728 1822/1949/1729 
f 1823/1950/1730 1796/1922/1703 1795/1921/1702 
f 1795/1921/1702 1822/1949/1729 1823/1950/1730 
f 1824/1951/1731 1797/1923/1704 1796/1922/1703 
f 1796/1922/1703 1823/1950/1730 1824/1951/1731 
f 1825/1952/1732 1798/1924/1705 1797/1923/1704 
f 1797/1923/1704 1824/1951/1731 1825/1952/1732 
f 1826/1953/1733 1799/1925/1706 1798/1924/1705 
f 1798/1924/1705 1825/1952/1732 1826/1953/1733 
f 1827/1954/1734 1800/1926/1707 1799/1925/1706 
f 1799/1925/1706 1826/1953/1733 1827/1954/1734 
f 1828/1955/1735 1801/1927/1708 1800/1926/1707 
f 1800/1926/1707 1827/1954/1734 1828/1955/1735 
f 1829/1956/1736 1802/1928/1709 1801/1927/1708 
f 1801/1927/1708 1828/1955/1735 1829/1956/1736 
f 1830/1957/1737 1803/1929/1710 1802/1928/1709 
f 1802/1928/1709 1829/1956/1736 1830/1957/1737 
f 1831/1958/1738 1804/1930/1711 1803/1931/1710 
f 1803/1931/1710 1830/1959/1737 1831/1958/1738 
f 1832/1960/1739 1805/1932/1712 1804/1930/1711 
f 1804/1930/1711 1831/1958/1738 1832/1960/1739 
f 1805/1932/1712 1832/1960/1739 1778/1904/1685 
f 1833/1961/1740 1806/1962/1713 1807/1963/1714 
f 1807/1963/1714 1834/1964/1741 1833/1961/1740 
f 1835/1965/1742 1808/1966/1715 1806/1962/1713 
f 1806/1962/1713 1833/1961/1740 1835/1965/1742 
f 1836/1967/1743 1809/1968/1716 1808/1966/1715 
f 1808/1966/1715 1835/1965/1742 1836/1967/1743 
f 1837/1969/1744 1810/1970/1717 1809/1968/1716 
f 1809/1968/1716 1836/1967/1743 1837/1969/1744 
f 1838/1971/1745 1811/1972/1718 1810/1970/1717 
f 1810/1970/1717 1837/1969/1744 1838/1971/1745 
f 1839/1973/1746 1812/1974/1719 1811/1972/1718 
f 1811/1972/1718 1838/1971/1745 1839/1973/1746 
f 1840/1975/1747 1813/1976/1720 1812/1974/1719 
f 1812/1974/1719 1839/1973/1746 1840/1975/1747 
f 1841/1977/1748 1814/1978/1721 1813/1976/1720 
f 1813/1976/1720 1840/1975/1747 1841/1977/1748 
f 1842/1979/1749 1815/1980/1722 1814/1978/1721 
f 1814/1978/1721 1841/1977/1748 1842/1979/1749 
f 1843/1981/1750 1816/1982/1723 1815/1980/1722 
f 1815/1980/1722 1842/1979/1749 1843/1981/1750 
f 1844/1983/1751 1817/1984/1724 1816/1982/1723 
f 1816/1982/1723 1843/1981/1750 1844/1983/1751 
f 1845/1985/1752 1818/1986/1725 1817/1984/1724 
f 1817/1984/1724 1844/1983/1751 1845/1985/1752 
f 1846/1987/1753 1819/1988/1726 1818/1986/1725 
f 1818/1986/1725 1845/1985/1752 1846/1987/1753 
f 1847/1989/1754 1820/1990/1727 1819/1988/1726 
f 1819/1988/1726 1846/1987/1753 1847/1989/1754 
f 1848/1991/1755 1821/1992/1728 1820/1990/1727 
f 1820/1990/1727 1847/1989/1754 1848/1991/1755 
f 1849/1993/1756 1822/1994/1729 1821/1992/1728 
f 1821/1992/1728 1848/1991/1755 1849/1993/1756 
f 1850/1995/1757 1823/1996/1730 1822/1994/1729 
f 1822/1994/1729 1849/1993/1756 1850/1995/1757 
f 1851/1997/1758 1824/1998/1731 1823/1996/1730 
f 1823/1996/1730 1850/1995/1757 1851/1997/1758 
f 1852/1999/1759 1825/2000/1732 1824/1998/1731 
f 1824/1998/1731 1851/1997/1758 1852/1999/1759 
f 1853/2001/1760 1826/2002/1733 1825/2000/1732 
f 1825/2000/1732 1852/1999/1759 1853/2001/1760 
f 1854/2003/1761 1827/2004/1734 1826/2002/1733 
f 1826/2002/1733 1853/2001/1760 1854/2003/1761 
f 1855/2005/1762 1828/2006/1735 1827/2004/1734 
f 1827/2004/1734 1854/2003/1761 1855/2005/1762 
f 1856/2007/1763 1829/2008/1736 1828/2006/1735 
f 1828/2006/1735 1855/2005/1762 1856/2007/1763 
f 1857/2009/1764 1830/2010/1737 1829/2008/1736 
f 1829/2008/1736 1856/2007/1763 1857/2009/1764 
f 1858/2011/1765 1831/1958/1738 1830/1959/1737 
f 1830/1959/1737 1857/2012/1764 1858/2011/1765 
f 1859/2013/1766 1832/1960/1739 1831/1958/1738 
f 1831/1958/1738 1858/2011/1765 1859/2013/1766 
f 1832/1960/1739 1859/2013/1766 1778/1904/1685 
f 1860/2014/1767 1833/1961/1740 1834/1964/1741 
f 1834/1964/1741 1861/2015/1768 1860/2014/1767 
f 1862/2016/1769 1835/1965/1742 1833/1961/1740 
f 1833/1961/1740 1860/2014/1767 1862/2016/1769 
f 1863/2017/1770 1836/1967/1743 1835/1965/1742 
f 1835/1965/1742 1862/2016/1769 1863/2017/1770 
f 1864/2018/1771 1837/1969/1744 1836/1967/1743 
f 1836/1967/1743 1863/2017/1770 1864/2018/1771 
f 1865/2019/1772 1838/1971/1745 1837/1969/1744 
f 1837/1969/1744 1864/2018/1771 1865/2019/1772 
f 1866/2020/1773 1839/1973/1746 1838/1971/1745 
f 1838/1971/1745 1865/2019/1772 1866/2020/1773 
f 1867/2021/1774 1840/1975/1747 1839/1973/1746 
f 1839/1973/1746 1866/2020/1773 1867/2021/1774 
f 1868/2022/1775 1841/1977/1748 1840/1975/1747 
f 1840/1975/1747 1867/2021/1774 1868/2022/1775 
f 1869/2023/1776 1842/1979/1749 1841/1977/1748 
f 1841/1977/1748 1868/2022/1775 1869/2023/1776 
f 1870/2024/1777 1843/1981/1750 1842/1979/1749 
f 1842/1979/1749 1869/2023/1776 1870/2024/1777 
f 1871/2025/1778 1844/1983/1751 1843/1981/1750 
f 1843/1981/1750 1870/2024/1777 1871/2025/1778 
f 1872/2026/1779 1845/1985/1752 1844/1983/1751 
f 1844/1983/1751 1871/2025/1778 1872/2026/1779 
f 1873/2027/1780 1846/1987/1753 1845/1985/1752 
f 1845/1985/1752 1872/2026/1779 1873/2027/1780 
f 1874/2028/1781 1847/1989/1754 1846/1987/1753 
f 1846/1987/1753 1873/2027/1780 1874/2028/1781 
f 1875/2029/1782 1848/1991/1755 1847/1989/1754 
f 1847/1989/1754 1874/2028/1781 1875/2029/1782 
f 1876/2030/1783 1849/1993/1756 1848/1991/1755 
f 1848/1991/1755 1875/2029/1782 1876/2030/1783 
f 1877/2031/1784 1850/1995/1757 1849/1993/1756 
f 1849/1993/1756 1876/2030/1783 1877/2031/1784 
f 1878/2032/1785 1851/1997/1758 1850/1995/1757 
f 1850/1995/1757 1877/2031/1784 1878/2032/1785 
f 1879/2033/1786 1852/1999/1759 1851/1997/1758 
f 1851/1997/1758 1878/2032/1785 1879/2033/1786 
f 1880/2034/1787 1853/2001/1760 1852/1999/1759 
f 1852/1999/1759 1879/2033/1786 1880/2034/1787 
f 1881/2035/1788 1854/2003/1761 1853/2001/1760 
f 1853/2001/1760 1880/2034/1787 1881/2035/1788 
f 1882/2036/1789 1855/2005/1762 1854/2003/1761 
f 1854/2003/1761 1881/2035/1788 1882/2036/1789 
f 1883/2037/1790 1856/2007/1763 1855/2005/1762 
f 1855/2005/1762 1882/2036/1789 1883/2037/1790 
f 1884/2038/1791 1857/2009/1764 1856/2007/1763 
f 1856/2007/1763 1883/2037/1790 1884/2038/1791 
f 1885/2039/1792 1858/2011/1765 1857/2012/1764 
f 1857/2012/1764 1884/2040/1791 1885/2039/1792 
f 1886/2041/1793 1859/2013/1766 1858/2011/1765 
f 1858/2011/1765 1885/2039/1792 1886/2041/1793 
f 1859/2013/1766 1886/2041/1793 1778/1904/1685 
f 1725/1849/1632 1860/2014/1767 1861/2015/1768 
f 1861/2015/1768 1726/1850/1633 1725/1849/1632 
f 1729/1853/1636 1862/2016/1769 1860/2014/1767 
f 1860/2014/1767 1725/1849/1632 1729/1853/1636 
f 1731/1855/1638 1863/2017/1770 1862/2016/1769 
f 1862/2016/1769 1729/1853/1636 1731/1855/1638 
f 1733/1857/1640 1864/2018/1771 1863/2017/1770 
f 1863/2017/1770 1731/1855/1638 1733/1857/1640 
f 1735/1859/1642 1865/2019/1772 1864/2018/1771 
f 1864/2018/1771 1733/1857/1640 1735/1859/1642 
f 1737/1861/1644 1866/2020/1773 1865/2019/1772 
f 1865/2019/1772 1735/1859/1642 1737/1861/1644 
f 1739/1863/1646 1867/2021/1774 1866/2020/1773 
f 1866/2020/1773 1737/1861/1644 1739/1863/1646 
f 1741/1865/1648 1868/2022/1775 1867/2021/1774 
f 1867/2021/1774 1739/1863/1646 1741/1865/1648 
f 1743/1867/1650 1869/2023/1776 1868/2022/1775 
f 1868/2022/1775 1741/1865/1648 1743/1867/1650 
f 1745/1869/1652 1870/2024/1777 1869/2023/1776 
f 1869/2023/1776 1743/1867/1650 1745/1869/1652 
f 1747/1871/1654 1871/2025/1778 1870/2024/1777 
f 1870/2024/1777 1745/1869/1652 1747/1871/1654 
f 1749/1873/1656 1872/2026/1779 1871/2025/1778 
f 1871/2025/1778 1747/1871/1654 1749/1873/1656 
f 1751/1875/1658 1873/2027/1780 1872/2026/1779 
f 1872/2026/1779 1749/1873/1656 1751/1875/1658 
f 1753/1877/1660 1874/2028/1781 1873/2027/1780 
f 1873/2027/1780 1751/1875/1658 1753/1877/1660 
f 1755/1879/1662 1875/2029/1782 1874/2028/1781 
f 1874/2028/1781 1753/1877/1660 1755/1879/1662 
f 1757/1881/1664 1876/2030/1783 1875/2029/1782 
f 1875/2029/1782 1755/1879/1662 1757/1881/1664 
f 1759/1883/1666 1877/2031/1784 1876/2030/1783 
f 1876/2030/1783 1757/1881/1664 1759/1883/1666 
f 1761/1885/1668 1878/2032/1785 1877/2031/1784 
f 1877/2031/1784 1759/1883/1666 1761/1885/1668 
f 1763/1887/1670 1879/2033/1786 1878/2032/1785 
f 1878/2032/1785 1761/1885/1668 1763/1887/1670 
f 1765/1889/1672 1880/2034/1787 1879/2033/1786 
f 1879/2033/1786 1763/1887/1670 1765/1889/1672 
f 1767/1891/1674 1881/2035/1788 1880/2034/1787 
f 1880/2034/1787 1765/1889/1672 1767/1891/1674 
f 1769/1893/1676 1882/2036/1789 1881/2035/1788 
f 1881/2035/1788 1767/1891/1674 1769/1893/1676 
f 1771/1895/1678 1883/2037/1790 1882/2036/1789 
f 1882/2036/1789 1769/1893/1676 1771/1895/1678 
f 1773/1897/1680 1884/2038/1791 1883/2037/1790 
f 1883/2037/1790 1771/1895/1678 1773/1897/1680 
f 1775/1899/1682 1885/2039/1792 1884/2040/1791 
f 1884/2040/1791 1773/1900/1680 1775/1899/1682 
f 1777/1903/1684 1886/2041/1793 1885/2039/1792 
f 1885/2039/1792 1775/1899/1682 1777/1903/1684 
f 1886/2041/1793 1777/1903/1684 1778/1904/1685 
f 1887/2042/1794 1888/2043/1795 1889/2044/1796 
f 1889/2044/1796 1890/2045/1797 1887/2042/1794 
f 1891/2046/1635 1892/2047/1636 1888/2043/1795 
f 1888/2043/1795 1887/2042/1794 1891/2046/1635 
f 1893/2048/1637 1894/2049/1638 1892/2047/1636 
f 1892/2047/1636 1891/2046/1635 1893/2048/1637 
f 1895/2050/1639 1896/2051/1640 1894/2049/1638 
f 1894/2049/1638 1893/2048/1637 1895/2050/1639 
f 1897/2052/1641 1898/2053/1642 1896/2051/1640 
f 1896/2051/1640 1895/2050/1639 1897/2052/1641 
f 1899/2054/1643 1900/2055/1644 1898/2053/1642 
f 1898/2053/1642 1897/2052/1641 1899/2054/1643 
f 1901/2056/1645 1902/2057/1646 1900/2055/1644 
f 1900/2055/1644 1899/2054/1643 1901/2056/1645 
f 1903/2058/1647 1904/2059/1648 1902/2057/1646 
f 1902/2057/1646 1901/2056/1645 1903/2058/1647 
f 1905/2060/1798 1906/2061/1650 1904/2059/1648 
f 1904/2059/1648 1903/2058/1647 1905/2060/1798 
f 1907/2062/1651 1908/2063/1652 1906/2061/1650 
f 1906/2061/1650 1905/2060/1798 1907/2062/1651 
f 1909/2064/1653 1910/2065/1654 1908/2063/1652 
f 1908/2063/1652 1907/2062/1651 1909/2064/1653 
f 1911/2066/1655 1912/2067/1656 1910/2065/1654 
f 1910/2065/1654 1909/2064/1653 1911/2066/1655 
f 1913/2068/1799 1914/2069/1658 1912/2067/1656 
f 1912/2067/1656 1911/2066/1655 1913/2068/1799 
f 1915/2070/1659 1916/2071/1660 1914/2069/1658 
f 1914/2069/1658 1913/2068/1799 1915/2070/1659 
f 1917/2072/1661 1918/2073/1662 1916/2071/1660 
f 1916/2071/1660 1915/2070/1659 1917/2072/1661 
f 1919/2074/1663 1920/2075/1664 1918/2073/1662 
f 1918/2073/1662 1917/2072/1661 1919/2074/1663 
f 1921/2076/1665 1922/2077/1666 1920/2075/1664 
f 1920/2075/1664 1919/2074/1663 1921/2076/1665 
f 1923/2078/1667 1924/2079/1668 1922/2077/1666 
f 1922/2077/1666 1921/2076/1665 1923/2078/1667 
f 1925/2080/1669 1926/2081/1670 1924/2079/1668 
f 1924/2079/1668 1923/2078/1667 1925/2080/1669 
f 1927/2082/1671 1928/2083/1672 1926/2081/1670 
f 1926/2081/1670 1925/2080/1669 1927/2082/1671 
f 1929/2084/1673 1930/2085/1674 1928/2083/1672 
f 1928/2083/1672 1927/2082/1671 1929/2084/1673 
f 1931/2086/1675 1932/2087/1676 1930/2085/1674 
f 1930/2085/1674 1929/2084/1673 1931/2086/1675 
f 1933/2088/1677 1934/2089/1678 1932/2087/1676 
f 1932/2087/1676 1931/2086/1675 1933/2088/1677 
f 1935/2090/1679 1936/2091/1680 1934/2089/1678 
f 1934/2089/1678 1933/2088/1677 1935/2090/1679 
f 1937/2092/1681 1938/2093/1682 1936/2091/1680 
f 1936/2091/1680 1935/2090/1679 1937/2092/1681 
f 1939/2094/1800 1940/2095/1801 1938/2093/1682 
f 1938/2093/1682 1937/2092/1681 1939/2094/1800 
f 1727/1851/1634 1726/1850/1633 1940/2095/1801 
f 1940/2095/1801 1939/2094/1800 1727/1851/1634 
f 1941/2096/1802 1887/2042/1794 1890/2045/1797 
f 1890/2045/1797 1942/2097/1803 1941/2096/1802 
f 1943/2098/1688 1891/2046/1635 1887/2042/1794 
f 1887/2042/1794 1941/2096/1802 1943/2098/1688 
f 1944/2099/1689 1893/2048/1637 1891/2046/1635 
f 1891/2046/1635 1943/2098/1688 1944/2099/1689 
f 1945/2100/1690 1895/2050/1639 1893/2048/1637 
f 1893/2048/1637 1944/2099/1689 1945/2100/1690 
f 1946/2101/1691 1897/2052/1641 1895/2050/1639 
f 1895/2050/1639 1945/2100/1690 1946/2101/1691 
f 1947/2102/1692 1899/2054/1643 1897/2052/1641 
f 1897/2052/1641 1946/2101/1691 1947/2102/1692 
f 1948/2103/1693 1901/2056/1645 1899/2054/1643 
f 1899/2054/1643 1947/2102/1692 1948/2103/1693 
f 1949/2104/1694 1903/2058/1647 1901/2056/1645 
f 1901/2056/1645 1948/2103/1693 1949/2104/1694 
f 1950/2105/1695 1905/2060/1798 1903/2058/1647 
f 1903/2058/1647 1949/2104/1694 1950/2105/1695 
f 1951/2106/1696 1907/2062/1651 1905/2060/1798 
f 1905/2060/1798 1950/2105/1695 1951/2106/1696 
f 1952/2107/1697 1909/2064/1653 1907/2062/1651 
f 1907/2062/1651 1951/2106/1696 1952/2107/1697 
f 1953/2108/1698 1911/2066/1655 1909/2064/1653 
f 1909/2064/1653 1952/2107/1697 1953/2108/1698 
f 1954/2109/1699 1913/2068/1799 1911/2066/1655 
f 1911/2066/1655 1953/2108/1698 1954/2109/1699 
f 1955/2110/1700 1915/2070/1659 1913/2068/1799 
f 1913/2068/1799 1954/2109/1699 1955/2110/1700 
f 1956/2111/1701 1917/2072/1661 1915/2070/1659 
f 1915/2070/1659 1955/2110/1700 1956/2111/1701 
f 1957/2112/1702 1919/2074/1663 1917/2072/1661 
f 1917/2072/1661 1956/2111/1701 1957/2112/1702 
f 1958/2113/1804 1921/2076/1665 1919/2074/1663 
f 1919/2074/1663 1957/2112/1702 1958/2113/1804 
f 1959/2114/1704 1923/2078/1667 1921/2076/1665 
f 1921/2076/1665 1958/2113/1804 1959/2114/1704 
f 1960/2115/1705 1925/2080/1669 1923/2078/1667 
f 1923/2078/1667 1959/2114/1704 1960/2115/1705 
f 1961/2116/1706 1927/2082/1671 1925/2080/1669 
f 1925/2080/1669 1960/2115/1705 1961/2116/1706 
f 1962/2117/1707 1929/2084/1673 1927/2082/1671 
f 1927/2082/1671 1961/2116/1706 1962/2117/1707 
f 1963/2118/1708 1931/2086/1675 1929/2084/1673 
f 1929/2084/1673 1962/2117/1707 1963/2118/1708 
f 1964/2119/1709 1933/2088/1677 1931/2086/1675 
f 1931/2086/1675 1963/2118/1708 1964/2119/1709 
f 1965/2120/1710 1935/2090/1679 1933/2088/1677 
f 1933/2088/1677 1964/2119/1709 1965/2120/1710 
f 1966/2121/1711 1937/2092/1681 1935/2090/1679 
f 1935/2090/1679 1965/2120/1710 1966/2121/1711 
f 1967/2122/1805 1939/2094/1800 1937/2092/1681 
f 1937/2092/1681 1966/2121/1711 1967/2122/1805 
f 1780/1906/1687 1727/1851/1634 1939/2094/1800 
f 1939/2094/1800 1967/2122/1805 1780/1906/1687 
f 1968/2123/1806 1941/2096/1802 1942/2097/1803 
f 1942/2097/1803 1969/2124/1714 1968/2123/1806 
f 1970/2125/1715 1943/2098/1688 1941/2096/1802 
f 1941/2096/1802 1968/2123/1806 1970/2125/1715 
f 1971/2126/1807 1944/2099/1689 1943/2098/1688 
f 1943/2098/1688 1970/2125/1715 1971/2126/1807 
f 1972/2127/1717 1945/2100/1690 1944/2099/1689 
f 1944/2099/1689 1971/2126/1807 1972/2127/1717 
f 1973/2128/1718 1946/2101/1691 1945/2100/1690 
f 1945/2100/1690 1972/2127/1717 1973/2128/1718 
f 1974/2129/1719 1947/2102/1692 1946/2101/1691 
f 1946/2101/1691 1973/2128/1718 1974/2129/1719 
f 1975/2130/1720 1948/2103/1693 1947/2102/1692 
f 1947/2102/1692 1974/2129/1719 1975/2130/1720 
f 1976/2131/1721 1949/2104/1694 1948/2103/1693 
f 1948/2103/1693 1975/2130/1720 1976/2131/1721 
f 1977/2132/1722 1950/2105/1695 1949/2104/1694 
f 1949/2104/1694 1976/2131/1721 1977/2132/1722 
f 1978/2133/1723 1951/2106/1696 1950/2105/1695 
f 1950/2105/1695 1977/2132/1722 1978/2133/1723 
f 1979/2134/1724 1952/2107/1697 1951/2106/1696 
f 1951/2106/1696 1978/2133/1723 1979/2134/1724 
f 1980/2135/1725 1953/2108/1698 1952/2107/1697 
f 1952/2107/1697 1979/2134/1724 1980/2135/1725 
f 1981/2136/1726 1954/2109/1699 1953/2108/1698 
f 1953/2108/1698 1980/2135/1725 1981/2136/1726 
f 1982/2137/1727 1955/2110/1700 1954/2109/1699 
f 1954/2109/1699 1981/2136/1726 1982/2137/1727 
f 1983/2138/1728 1956/2111/1701 1955/2110/1700 
f 1955/2110/1700 1982/2137/1727 1983/2138/1728 
f 1984/2139/1729 1957/2112/1702 1956/2111/1701 
f 1956/2111/1701 1983/2138/1728 1984/2139/1729 
f 1985/2140/1730 1958/2113/1804 1957/2112/1702 
f 1957/2112/1702 1984/2139/1729 1985/2140/1730 
f 1986/2141/1731 1959/2114/1704 1958/2113/1804 
f 1958/2113/1804 1985/2140/1730 1986/2141/1731 
f 1987/2142/1732 1960/2115/1705 1959/2114/1704 
f 1959/2114/1704 1986/2141/1731 1987/2142/1732 
f 1988/2143/1733 1961/2116/1706 1960/2115/1705 
f 1960/2115/1705 1987/2142/1732 1988/2143/1733 
f 1989/2144/1734 1962/2117/1707 1961/2116/1706 
f 1961/2116/1706 1988/2143/1733 1989/2144/1734 
f 1990/2145/1735 1963/2118/1708 1962/2117/1707 
f 1962/2117/1707 1989/2144/1734 1990/2145/1735 
f 1991/2146/1736 1964/2119/1709 1963/2118/1708 
f 1963/2118/1708 1990/2145/1735 1991/2146/1736 
f 1992/2147/1737 1965/2120/1710 1964/2119/1709 
f 1964/2119/1709 1991/2146/1736 1992/2147/1737 
f 1993/2148/1738 1966/2121/1711 1965/2120/1710 
f 1965/2120/1710 1992/2147/1737 1993/2148/1738 
f 1994/2149/1808 1967/2122/1805 1966/2121/1711 
f 1966/2121/1711 1993/2148/1738 1994/2149/1808 
f 1807/1934/1714 1780/1906/1687 1967/2122/1805 
f 1967/2122/1805 1994/2149/1808 1807/1934/1714 
f 1995/2150/1809 1968/2151/1806 1969/2152/1714 
f 1969/2152/1714 1996/2153/1741 1995/2150/1809 
f 1997/2154/1742 1970/2155/1715 1968/2151/1806 
f 1968/2151/1806 1995/2150/1809 1997/2154/1742 
f 1998/2156/1743 1971/2157/1807 1970/2155/1715 
f 1970/2155/1715 1997/2154/1742 1998/2156/1743 
f 1999/2158/1744 1972/2159/1717 1971/2157/1807 
f 1971/2157/1807 1998/2156/1743 1999/2158/1744 
f 2000/2160/1745 1973/2161/1718 1972/2159/1717 
f 1972/2159/1717 1999/2158/1744 2000/2160/1745 
f 2001/2162/1746 1974/2163/1719 1973/2161/1718 
f 1973/2161/1718 2000/2160/1745 2001/2162/1746 
f 2002/2164/1747 1975/2165/1720 1974/2163/1719 
f 1974/2163/1719 2001/2162/1746 2002/2164/1747 
f 2003/2166/1748 1976/2167/1721 1975/2165/1720 
f 1975/2165/1720 2002/2164/1747 2003/2166/1748 
f 2004/2168/1749 1977/2169/1722 1976/2167/1721 
f 1976/2167/1721 2003/2166/1748 2004/2168/1749 
f 2005/2170/1750 1978/2171/1723 1977/2169/1722 
f 1977/2169/1722 2004/2168/1749 2005/2170/1750 
f 2006/2172/1751 1979/2173/1724 1978/2171/1723 
f 1978/2171/1723 2005/2170/1750 2006/2172/1751 
f 2007/2174/1752 1980/2175/1725 1979/2173/1724 
f 1979/2173/1724 2006/2172/1751 2007/2174/1752 
f 2008/2176/1753 1981/2177/1726 1980/2175/1725 
f 1980/2175/1725 2007/2174/1752 2008/2176/1753 
f 2009/2178/1754 1982/2179/1727 1981/2177/1726 
f 1981/2177/1726 2008/2176/1753 2009/2178/1754 
f 2010/2180/1755 1983/2181/1728 1982/2179/1727 
f 1982/2179/1727 2009/2178/1754 2010/2180/1755 
f 2011/2182/1756 1984/2183/1729 1983/2181/1728 
f 1983/2181/1728 2010/2180/1755 2011/2182/1756 
f 2012/2184/1757 1985/2185/1730 1984/2183/1729 
f 1984/2183/1729 2011/2182/1756 2012/2184/1757 
f 2013/2186/1758 1986/2187/1731 1985/2185/1730 
f 1985/2185/1730 2012/2184/1757 2013/2186/1758 
f 2014/2188/1759 1987/2189/1732 1986/2187/1731 
f 1986/2187/1731 2013/2186/1758 2014/2188/1759 
f 2015/2190/1760 1988/2191/1733 1987/2189/1732 
f 1987/2189/1732 2014/2188/1759 2015/2190/1760 
f 2016/2192/1761 1989/2193/1734 1988/2191/1733 
f 1988/2191/1733 2015/2190/1760 2016/2192/1761 
f 2017/2194/1762 1990/2195/1735 1989/2193/1734 
f 1989/2193/1734 2016/2192/1761 2017/2194/1762 
f 2018/2196/1763 1991/2197/1736 1990/2195/1735 
f 1990/2195/1735 2017/2194/1762 2018/2196/1763 
f 2019/2198/1764 1992/2199/1737 1991/2197/1736 
f 1991/2197/1736 2018/2196/1763 2019/2198/1764 
f 2020/2200/1765 1993/2201/1738 1992/2199/1737 
f 1992/2199/1737 2019/2198/1764 2020/2200/1765 
f 2021/2202/1810 1994/2203/1808 1993/2201/1738 
f 1993/2201/1738 2020/2200/1765 2021/2202/1810 
f 1834/1964/1741 1807/1963/1714 1994/2203/1808 
f 1994/2203/1808 2021/2202/1810 1834/1964/1741 
f 2022/2204/1811 1995/2150/1809 1996/2153/1741 
f 1996/2153/1741 2023/2205/1768 2022/2204/1811 
f 2024/2206/1769 1997/2154/1742 1995/2150/1809 
f 1995/2150/1809 2022/2204/1811 2024/2206/1769 
f 2025/2207/1770 1998/2156/1743 1997/2154/1742 
f 1997/2154/1742 2024/2206/1769 2025/2207/1770 
f 2026/2208/1771 1999/2158/1744 1998/2156/1743 
f 1998/2156/1743 2025/2207/1770 2026/2208/1771 
f 2027/2209/1772 2000/2160/1745 1999/2158/1744 
f 1999/2158/1744 2026/2208/1771 2027/2209/1772 
f 2028/2210/1773 2001/2162/1746 2000/2160/1745 
f 2000/2160/1745 2027/2209/1772 2028/2210/1773 
f 2029/2211/1774 2002/2164/1747 2001/2162/1746 
f 2001/2162/1746 2028/2210/1773 2029/2211/1774 
f 2030/2212/1812 2003/2166/1748 2002/2164/1747 
f 2002/2164/1747 2029/2211/1774 2030/2212/1812 
f 2031/2213/1776 2004/2168/1749 2003/2166/1748 
f 2003/2166/1748 2030/2212/1812 2031/2213/1776 
f 2032/2214/1777 2005/2170/1750 2004/2168/1749 
f 2004/2168/1749 2031/2213/1776 2032/2214/1777 
f 2033/2215/1778 2006/2172/1751 2005/2170/1750 
f 2005/2170/1750 2032/2214/1777 2033/2215/1778 
f 2034/2216/1779 2007/2174/1752 2006/2172/1751 
f 2006/2172/1751 2033/2215/1778 2034/2216/1779 
f 2035/2217/1780 2008/2176/1753 2007/2174/1752 
f 2007/2174/1752 2034/2216/1779 2035/2217/1780 
f 2036/2218/1781 2009/2178/1754 2008/2176/1753 
f 2008/2176/1753 2035/2217/1780 2036/2218/1781 
f 2037/2219/1782 2010/2180/1755 2009/2178/1754 
f 2009/2178/1754 2036/2218/1781 2037/2219/1782 
f 2038/2220/1783 2011/2182/1756 2010/2180/1755 
f 2010/2180/1755 2037/2219/1782 2038/2220/1783 
f 2039/2221/1784 2012/2184/1757 2011/2182/1756 
f 2011/2182/1756 2038/2220/1783 2039/2221/1784 
f 2040/2222/1785 2013/2186/1758 2012/2184/1757 
f 2012/2184/1757 2039/2221/1784 2040/2222/1785 
f 2041/2223/1786 2014/2188/1759 2013/2186/1758 
f 2013/2186/1758 2040/2222/1785 2041/2223/1786 
f 2042/2224/1787 2015/2190/1760 2014/2188/1759 
f 2014/2188/1759 2041/2223/1786 2042/2224/1787 
f 2043/2225/1788 2016/2192/1761 2015/2190/1760 
f 2015/2190/1760 2042/2224/1787 2043/2225/1788 
f 2044/2226/1789 2017/2194/1762 2016/2192/1761 
f 2016/2192/1761 2043/2225/1788 2044/2226/1789 
f 2045/2227/1790 2018/2196/1763 2017/2194/1762 
f 2017/2194/1762 2044/2226/1789 2045/2227/1790 
f 2046/2228/1791 2019/2198/1764 2018/2196/1763 
f 2018/2196/1763 2045/2227/1790 2046/2228/1791 
f 2047/2229/1792 2020/2200/1765 2019/2198/1764 
f 2019/2198/1764 2046/2228/1791 2047/2229/1792 
f 2048/2230/1813 2021/2202/1810 2020/2200/1765 
f 2020/2200/1765 2047/2229/1792 2048/2230/1813 
f 1861/2015/1768 1834/1964/1741 2021/2202/1810 
f 2021/2202/1810 2048/2230/1813 1861/2015/1768 
f 1888/2043/1795 2022/2204/1811 2023/2205/1768 
f 2023/2205/1768 1889/2044/1796 1888/2043/1795 
f 1892/2047/1636 2024/2206/1769 2022/2204/1811 
f 2022/2204/1811 1888/2043/1795 1892/2047/1636 
f 1894/2049/1638 2025/2207/1770 2024/2206/1769 
f 2024/2206/1769 1892/2047/1636 1894/2049/1638 
f 1896/2051/1640 2026/2208/1771 2025/2207/1770 
f 2025/2207/1770 1894/2049/1638 1896/2051/1640 
f 1898/2053/1642 2027/2209/1772 2026/2208/1771 
f 2026/2208/1771 1896/2051/1640 1898/2053/1642 
f 1900/2055/1644 2028/2210/1773 2027/2209/1772 
f 2027/2209/1772 1898/2053/1642 1900/2055/1644 
f 1902/2057/1646 2029/2211/1774 2028/2210/1773 
f 2028/2210/1773 1900/2055/1644 1902/2057/1646 
f 1904/2059/1648 2030/2212/1812 2029/2211/1774 
f 2029/2211/1774 1902/2057/1646 1904/2059/1648 
f 1906/2061/1650 2031/2213/1776 2030/2212/1812 
f 2030/2212/1812 1904/2059/1648 1906/2061/1650 
f 1908/2063/1652 2032/2214/1777 2031/2213/1776 
f 2031/2213/1776 1906/2061/1650 1908/2063/1652 
f 1910/2065/1654 2033/2215/1778 2032/2214/1777 
f 2032/2214/1777 1908/2063/1652 1910/2065/1654 
f 1912/2067/1656 2034/2216/1779 2033/2215/1778 
f 2033/2215/1778 1910/2065/1654 1912/2067/1656 
f 1914/2069/1658 2035/2217/1780 2034/2216/1779 
f 2034/2216/1779 1912/2067/1656 1914/2069/1658 
f 1916/2071/1660 2036/2218/1781 2035/2217/1780 
f 2035/2217/1780 1914/2069/1658 1916/2071/1660 
f 1918/2073/1662 2037/2219/1782 2036/2218/1781 
f 2036/2218/1781 1916/2071/1660 1918/2073/1662 
f 1920/2075/1664 2038/2220/1783 2037/2219/1782 
f 2037/2219/1782 1918/2073/1662 1920/2075/1664 
f 1922/2077/1666 2039/2221/1784 2038/2220/1783 
f 2038/2220/1783 1920/2075/1664 1922/2077/1666 
f 1924/2079/1668 2040/2222/1785 2039/2221/1784 
f 2039/2221/1784 1922/2077/1666 1924/2079/1668 
f 1926/2081/1670 2041/2223/1786 2040/2222/1785 
f 2040/2222/1785 1924/2079/1668 1926/2081/1670 
f 1928/2083/1672 2042/2224/1787 2041/2223/1786 
f 2041/2223/1786 1926/2081/1670 1928/2083/1672 
f 1930/2085/1674 2043/2225/1788 2042/2224/1787 
f 2042/2224/1787 1928/2083/1672 1930/2085/1674 
f 1932/2087/1676 2044/2226/1789 2043/2225/1788 
f 2043/2225/1788 1930/2085/1674 1932/2087/1676 
f 1934/2089/1678 2045/2227/1790 2044/2226/1789 
f 2044/2226/1789 1932/2087/1676 1934/2089/1678 
f 1936/2091/1680 2046/2228/1791 2045/2227/1790 
f 2045/2227/1790 1934/2089/1678 1936/2091/1680 
f 1938/2093/1682 2047/2229/1792 2046/2228/1791 
f 2046/2228/1791 1936/2091/1680 1938/2093/1682 
f 1940/2095/1801 2048/2230/1813 2047/2229/1792 
f 2047/2229/1792 1938/2093/1682 1940/2095/1801 
f 1726/1850/1633 1861/2015/1768 2048/2230/1813 
f 2048/2230/1813 1940/2095/1801 1726/1850/1633 
f 2049/2231/1814 2050/2232/1815 2051/2233/1816 
f 2051/2233/1816 2052/2234/1817 2049/2231/1814 
f 2053/2235/1635 2054/2236/1636 2050/2232/1815 
f 2050/2232/1815 2049/2231/1814 2053/2235/1635 
f 2055/2237/1637 2056/2238/1638 2054/2236/1636 
f 2054/2236/1636 2053/2235/1635 2055/2237/1637 
f 2057/2239/1639 2058/2240/1640 2056/2238/1638 
f 2056/2238/1638 2055/2237/1637 2057/2239/1639 
f 2059/2241/1641 2060/2242/1642 2058/2240/1640 
f 2058/2240/1640 2057/2239/1639 2059/2241/1641 
f 2061/2243/1643 2062/2244/1644 2060/2242/1642 
f 2060/2242/1642 2059/2241/1641 2061/2243/1643 
f 2063/2245/1645 2064/2246/1646 2062/2244/1644 
f 2062/2244/1644 2061/2243/1643 2063/2245/1645 
f 2065/2247/1647 2066/2248/1648 2064/2246/1646 
f 2064/2246/1646 2063/2245/1645 2065/2247/1647 
f 2067/2249/1798 2068/2250/1650 2066/2248/1648 
f 2066/2248/1648 2065/2247/1647 2067/2249/1798 
f 2069/2251/1651 2070/2252/1652 2068/2250/1650 
f 2068/2250/1650 2067/2249/1798 2069/2251/1651 
f 2071/2253/1653 2072/2254/1654 2070/2252/1652 
f 2070/2252/1652 2069/2251/1651 2071/2253/1653 
f 2073/2255/1655 2074/2256/1656 2072/2254/1654 
f 2072/2254/1654 2071/2253/1653 2073/2255/1655 
f 2075/2257/1799 2076/2258/1658 2074/2256/1656 
f 2074/2256/1656 2073/2255/1655 2075/2257/1799 
f 2077/2259/1659 2078/2260/1660 2076/2258/1658 
f 2076/2258/1658 2075/2257/1799 2077/2259/1659 
f 2079/2261/1661 2080/2262/1662 2078/2260/1660 
f 2078/2260/1660 2077/2259/1659 2079/2261/1661 
f 2081/2263/1663 2082/2264/1664 2080/2262/1662 
f 2080/2262/1662 2079/2261/1661 2081/2263/1663 
f 2083/2265/1665 2084/2266/1666 2082/2264/1664 
f 2082/2264/1664 2081/2263/1663 2083/2265/1665 
f 2085/2267/1667 2086/2268/1668 2084/2266/1666 
f 2084/2266/1666 2083/2265/1665 2085/2267/1667 
f 2087/2269/1669 2088/2270/1670 2086/2268/1668 
f 2086/2268/1668 2085/2267/1667 2087/2269/1669 
f 2089/2271/1671 2090/2272/1672 2088/2270/1670 
f 2088/2270/1670 2087/2269/1669 2089/2271/1671 
f 2091/2273/1673 2092/2274/1674 2090/2272/1672 
f 2090/2272/1672 2089/2271/1671 2091/2273/1673 
f 2093/2275/1675 2094/2276/1676 2092/2274/1674 
f 2092/2274/1674 2091/2273/1673 2093/2275/1675 
f 2095/2277/1677 2096/2278/1678 2094/2276/1676 
f 2094/2276/1676 2093/2275/1675 2095/2277/1677 
f 2097/2279/1679 2098/2280/1680 2096/2278/1678 
f 2096/2278/1678 2095/2277/1677 2097/2279/1679 
f 2099/2281/1681 2100/2282/1682 2098/2280/1680 
f 2098/2280/1680 2097/2279/1679 2099/2281/1681 
f 2101/2283/1818 2102/2284/1819 2100/2282/1682 
f 2100/2282/1682 2099/2281/1681 2101/2283/1818 
f 1890/2045/1797 1889/2044/1796 2102/2284/1819 
f 2102/2284/1819 2101/2283/1818 1890/2045/1797 
f 2103/2285/1820 2049/2231/1814 2052/2234/1817 
f 2052/2234/1817 2104/2286/1821 2103/2285/1820 
f 2105/2287/1688 2053/2235/1635 2049/2231/1814 
f 2049/2231/1814 2103/2285/1820 2105/2287/1688 
f 2106/2288/1689 2055/2237/1637 2053/2235/1635 
f 2053/2235/1635 2105/2287/1688 2106/2288/1689 
f 2107/2289/1690 2057/2239/1639 2055/2237/1637 
f 2055/2237/1637 2106/2288/1689 2107/2289/1690 
f 2108/2290/1691 2059/2241/1641 2057/2239/1639 
f 2057/2239/1639 2107/2289/1690 2108/2290/1691 
f 2109/2291/1692 2061/2243/1643 2059/2241/1641 
f 2059/2241/1641 2108/2290/1691 2109/2291/1692 
f 2110/2292/1693 2063/2245/1645 2061/2243/1643 
f 2061/2243/1643 2109/2291/1692 2110/2292/1693 
f 2111/2293/1694 2065/2247/1647 2063/2245/1645 
f 2063/2245/1645 2110/2292/1693 2111/2293/1694 
f 2112/2294/1695 2067/2249/1798 2065/2247/1647 
f 2065/2247/1647 2111/2293/1694 2112/2294/1695 
f 2113/2295/1696 2069/2251/1651 2067/2249/1798 
f 2067/2249/1798 2112/2294/1695 2113/2295/1696 
f 2114/2296/1697 2071/2253/1653 2069/2251/1651 
f 2069/2251/1651 2113/2295/1696 2114/2296/1697 
f 2115/2297/1698 2073/2255/1655 2071/2253/1653 
f 2071/2253/1653 2114/2296/1697 2115/2297/1698 
f 2116/2298/1699 2075/2257/1799 2073/2255/1655 
f 2073/2255/1655 2115/2297/1698 2116/2298/1699 
f 2117/2299/1700 2077/2259/1659 2075/2257/1799 
f 2075/2257/1799 2116/2298/1699 2117/2299/1700 
f 2118/2300/1701 2079/2261/1661 2077/2259/1659 
f 2077/2259/1659 2117/2299/1700 2118/2300/1701 
f 2119/2301/1702 2081/2263/1663 2079/2261/1661 
f 2079/2261/1661 2118/2300/1701 2119/2301/1702 
f 2120/2302/1703 2083/2265/1665 2081/2263/1663 
f 2081/2263/1663 2119/2301/1702 2120/2302/1703 
f 2121/2303/1704 2085/2267/1667 2083/2265/1665 
f 2083/2265/1665 2120/2302/1703 2121/2303/1704 
f 2122/2304/1705 2087/2269/1669 2085/2267/1667 
f 2085/2267/1667 2121/2303/1704 2122/2304/1705 
f 2123/2305/1706 2089/2271/1671 2087/2269/1669 
f 2087/2269/1669 2122/2304/1705 2123/2305/1706 
f 2124/2306/1707 2091/2273/1673 2089/2271/1671 
f 2089/2271/1671 2123/2305/1706 2124/2306/1707 
f 2125/2307/1708 2093/2275/1675 2091/2273/1673 
f 2091/2273/1673 2124/2306/1707 2125/2307/1708 
f 2126/2308/1709 2095/2277/1677 2093/2275/1675 
f 2093/2275/1675 2125/2307/1708 2126/2308/1709 
f 2127/2309/1710 2097/2279/1679 2095/2277/1677 
f 2095/2277/1677 2126/2308/1709 2127/2309/1710 
f 2128/2310/1711 2099/2281/1681 2097/2279/1679 
f 2097/2279/1679 2127/2309/1710 2128/2310/1711 
f 2129/2311/1822 2101/2283/1818 2099/2281/1681 
f 2099/2281/1681 2128/2310/1711 2129/2311/1822 
f 1942/2097/1803 1890/2045/1797 2101/2283/1818 
f 2101/2283/1818 2129/2311/1822 1942/2097/1803 
f 2130/2312/1823 2103/2285/1820 2104/2286/1821 
f 2104/2286/1821 2131/2313/1824 2130/2312/1823 
f 2132/2314/1715 2105/2287/1688 2103/2285/1820 
f 2103/2285/1820 2130/2312/1823 2132/2314/1715 
f 2133/2315/1807 2106/2288/1689 2105/2287/1688 
f 2105/2287/1688 2132/2314/1715 2133/2315/1807 
f 2134/2316/1717 2107/2289/1690 2106/2288/1689 
f 2106/2288/1689 2133/2315/1807 2134/2316/1717 
f 2135/2317/1718 2108/2290/1691 2107/2289/1690 
f 2107/2289/1690 2134/2316/1717 2135/2317/1718 
f 2136/2318/1719 2109/2291/1692 2108/2290/1691 
f 2108/2290/1691 2135/2317/1718 2136/2318/1719 
f 2137/2319/1720 2110/2292/1693 2109/2291/1692 
f 2109/2291/1692 2136/2318/1719 2137/2319/1720 
f 2138/2320/1721 2111/2293/1694 2110/2292/1693 
f 2110/2292/1693 2137/2319/1720 2138/2320/1721 
f 2139/2321/1722 2112/2294/1695 2111/2293/1694 
f 2111/2293/1694 2138/2320/1721 2139/2321/1722 
f 2140/2322/1723 2113/2295/1696 2112/2294/1695 
f 2112/2294/1695 2139/2321/1722 2140/2322/1723 
f 2141/2323/1724 2114/2296/1697 2113/2295/1696 
f 2113/2295/1696 2140/2322/1723 2141/2323/1724 
f 2142/2324/1725 2115/2297/1698 2114/2296/1697 
f 2114/2296/1697 2141/2323/1724 2142/2324/1725 
f 2143/2325/1726 2116/2298/1699 2115/2297/1698 
f 2115/2297/1698 2142/2324/1725 2143/2325/1726 
f 2144/2326/1727 2117/2299/1700 2116/2298/1699 
f 2116/2298/1699 2143/2325/1726 2144/2326/1727 
f 2145/2327/1728 2118/2300/1701 2117/2299/1700 
f 2117/2299/1700 2144/2326/1727 2145/2327/1728 
f 2146/2328/1729 2119/2301/1702 2118/2300/1701 
f 2118/2300/1701 2145/2327/1728 2146/2328/1729 
f 2147/2329/1730 2120/2302/1703 2119/2301/1702 
f 2119/2301/1702 2146/2328/1729 2147/2329/1730 
f 2148/2330/1731 2121/2303/1704 2120/2302/1703 
f 2120/2302/1703 2147/2329/1730 2148/2330/1731 
f 2149/2331/1732 2122/2304/1705 2121/2303/1704 
f 2121/2303/1704 2148/2330/1731 2149/2331/1732 
f 2150/2332/1733 2123/2305/1706 2122/2304/1705 
f 2122/2304/1705 2149/2331/1732 2150/2332/1733 
f 2151/2333/1734 2124/2306/1707 2123/2305/1706 
f 2123/2305/1706 2150/2332/1733 2151/2333/1734 
f 2152/2334/1735 2125/2307/1708 2124/2306/1707 
f 2124/2306/1707 2151/2333/1734 2152/2334/1735 
f 2153/2335/1736 2126/2308/1709 2125/2307/1708 
f 2125/2307/1708 2152/2334/1735 2153/2335/1736 
f 2154/2336/1737 2127/2309/1710 2126/2308/1709 
f 2126/2308/1709 2153/2335/1736 2154/2336/1737 
f 2155/2337/1738 2128/2310/1711 2127/2309/1710 
f 2127/2309/1710 2154/2336/1737 2155/2337/1738 
f 2156/2338/1825 2129/2311/1822 2128/2310/1711 
f 2128/2310/1711 2155/2337/1738 2156/2338/1825 
f 1969/2124/1714 1942/2097/1803 2129/2311/1822 
f 2129/2311/1822 2156/2338/1825 1969/2124/1714 
f 2157/2339/1826 2130/2340/1823 2131/2341/1824 
f 2131/2341/1824 2158/2342/1827 2157/2339/1826 
f 2159/2343/1742 2132/2344/1715 2130/2340/1823 
f 2130/2340/1823 2157/2339/1826 2159/2343/1742 
f 2160/2345/1743 2133/2346/1807 2132/2344/1715 
f 2132/2344/1715 2159/2343/1742 2160/2345/1743 
f 2161/2347/1744 2134/2348/1717 2133/2346/1807 
f 2133/2346/1807 2160/2345/1743 2161/2347/1744 
f 2162/2349/1745 2135/2350/1718 2134/2348/1717 
f 2134/2348/1717 2161/2347/1744 2162/2349/1745 
f 2163/2351/1746 2136/2352/1719 2135/2350/1718 
f 2135/2350/1718 2162/2349/1745 2163/2351/1746 
f 2164/2353/1747 2137/2354/1720 2136/2352/1719 
f 2136/2352/1719 2163/2351/1746 2164/2353/1747 
f 2165/2355/1748 2138/2356/1721 2137/2354/1720 
f 2137/2354/1720 2164/2353/1747 2165/2355/1748 
f 2166/2357/1749 2139/2358/1722 2138/2356/1721 
f 2138/2356/1721 2165/2355/1748 2166/2357/1749 
f 2167/2359/1750 2140/2360/1723 2139/2358/1722 
f 2139/2358/1722 2166/2357/1749 2167/2359/1750 
f 2168/2361/1751 2141/2362/1724 2140/2360/1723 
f 2140/2360/1723 2167/2359/1750 2168/2361/1751 
f 2169/2363/1752 2142/2364/1725 2141/2362/1724 
f 2141/2362/1724 2168/2361/1751 2169/2363/1752 
f 2170/2365/1753 2143/2366/1726 2142/2364/1725 
f 2142/2364/1725 2169/2363/1752 2170/2365/1753 
f 2171/2367/1754 2144/2368/1727 2143/2366/1726 
f 2143/2366/1726 2170/2365/1753 2171/2367/1754 
f 2172/2369/1755 2145/2370/1728 2144/2368/1727 
f 2144/2368/1727 2171/2367/1754 2172/2369/1755 
f 2173/2371/1756 2146/2372/1729 2145/2370/1728 
f 2145/2370/1728 2172/2369/1755 2173/2371/1756 
f 2174/2373/1757 2147/2374/1730 2146/2372/1729 
f 2146/2372/1729 2173/2371/1756 2174/2373/1757 
f 2175/2375/1758 2148/2376/1731 2147/2374/1730 
f 2147/2374/1730 2174/2373/1757 2175/2375/1758 
f 2176/2377/1759 2149/2378/1732 2148/2376/1731 
f 2148/2376/1731 2175/2375/1758 2176/2377/1759 
f 2177/2379/1760 2150/2380/1733 2149/2378/1732 
f 2149/2378/1732 2176/2377/1759 2177/2379/1760 
f 2178/2381/1761 2151/2382/1734 2150/2380/1733 
f 2150/2380/1733 2177/2379/1760 2178/2381/1761 
f 2179/2383/1762 2152/2384/1735 2151/2382/1734 
f 2151/2382/1734 2178/2381/1761 2179/2383/1762 
f 2180/2385/1763 2153/2386/1736 2152/2384/1735 
f 2152/2384/1735 2179/2383/1762 2180/2385/1763 
f 2181/2387/1764 2154/2388/1737 2153/2386/1736 
f 2153/2386/1736 2180/2385/1763 2181/2387/1764 
f 2182/2389/1765 2155/2390/1738 2154/2388/1737 
f 2154/2388/1737 2181/2387/1764 2182/2389/1765 
f 2183/2391/1828 2156/2392/1825 2155/2390/1738 
f 2155/2390/1738 2182/2389/1765 2183/2391/1828 
f 1996/2153/1741 1969/2152/1714 2156/2392/1825 
f 2156/2392/1825 2183/2391/1828 1996/2153/1741 
f 2184/2393/1829 2157/2339/1826 2158/2342/1827 
f 2158/2342/1827 2185/2394/1830 2184/2393/1829 
f 2186/2395/1769 2159/2343/1742 2157/2339/1826 
f 2157/2339/1826 2184/2393/1829 2186/2395/1769 
f 2187/2396/1770 2160/2345/1743 2159/2343/1742 
f 2159/2343/1742 2186/2395/1769 2187/2396/1770 
f 2188/2397/1771 2161/2347/1744 2160/2345/1743 
f 2160/2345/1743 2187/2396/1770 2188/2397/1771 
f 2189/2398/1772 2162/2349/1745 2161/2347/1744 
f 2161/2347/1744 2188/2397/1771 2189/2398/1772 
f 2190/2399/1773 2163/2351/1746 2162/2349/1745 
f 2162/2349/1745 2189/2398/1772 2190/2399/1773 
f 2191/2400/1774 2164/2353/1747 2163/2351/1746 
f 2163/2351/1746 2190/2399/1773 2191/2400/1774 
f 2192/2401/1812 2165/2355/1748 2164/2353/1747 
f 2164/2353/1747 2191/2400/1774 2192/2401/1812 
f 2193/2402/1776 2166/2357/1749 2165/2355/1748 
f 2165/2355/1748 2192/2401/1812 2193/2402/1776 
f 2194/2403/1777 2167/2359/1750 2166/2357/1749 
f 2166/2357/1749 2193/2402/1776 2194/2403/1777 
f 2195/2404/1778 2168/2361/1751 2167/2359/1750 
f 2167/2359/1750 2194/2403/1777 2195/2404/1778 
f 2196/2405/1779 2169/2363/1752 2168/2361/1751 
f 2168/2361/1751 2195/2404/1778 2196/2405/1779 
f 2197/2406/1780 2170/2365/1753 2169/2363/1752 
f 2169/2363/1752 2196/2405/1779 2197/2406/1780 
f 2198/2407/1781 2171/2367/1754 2170/2365/1753 
f 2170/2365/1753 2197/2406/1780 2198/2407/1781 
f 2199/2408/1782 2172/2369/1755 2171/2367/1754 
f 2171/2367/1754 2198/2407/1781 2199/2408/1782 
f 2200/2409/1783 2173/2371/1756 2172/2369/1755 
f 2172/2369/1755 2199/2408/1782 2200/2409/1783 
f 2201/2410/1784 2174/2373/1757 2173/2371/1756 
f 2173/2371/1756 2200/2409/1783 2201/2410/1784 
f 2202/2411/1785 2175/2375/1758 2174/2373/1757 
f 2174/2373/1757 2201/2410/1784 2202/2411/1785 
f 2203/2412/1786 2176/2377/1759 2175/2375/1758 
f 2175/2375/1758 2202/2411/1785 2203/2412/1786 
f 2204/2413/1787 2177/2379/1760 2176/2377/1759 
f 2176/2377/1759 2203/2412/1786 2204/2413/1787 
f 2205/2414/1788 2178/2381/1761 2177/2379/1760 
f 2177/2379/1760 2204/2413/1787 2205/2414/1788 
f 2206/2415/1789 2179/2383/1762 2178/2381/1761 
f 2178/2381/1761 2205/2414/1788 2206/2415/1789 
f 2207/2416/1790 2180/2385/1763 2179/2383/1762 
f 2179/2383/1762 2206/2415/1789 2207/2416/1790 
f 2208/2417/1791 2181/2387/1764 2180/2385/1763 
f 2180/2385/1763 2207/2416/1790 2208/2417/1791 
f 2209/2418/1792 2182/2389/1765 2181/2387/1764 
f 2181/2387/1764 2208/2417/1791 2209/2418/1792 
f 2210/2419/1831 2183/2391/1828 2182/2389/1765 
f 2182/2389/1765 2209/2418/1792 2210/2419/1831 
f 2023/2205/1768 1996/2153/1741 2183/2391/1828 
f 2183/2391/1828 2210/2419/1831 2023/2205/1768 
f 2050/2232/1815 2184/2393/1829 2185/2394/1830 
f 2185/2394/1830 2051/2233/1816 2050/2232/1815 
f 2054/2236/1636 2186/2395/1769 2184/2393/1829 
f 2184/2393/1829 2050/2232/1815 2054/2236/1636 
f 2056/2238/1638 2187/2396/1770 2186/2395/1769 
f 2186/2395/1769 2054/2236/1636 2056/2238/1638 
f 2058/2240/1640 2188/2397/1771 2187/2396/1770 
f 2187/2396/1770 2056/2238/1638 2058/2240/1640 
f 2060/2242/1642 2189/2398/1772 2188/2397/1771 
f 2188/2397/1771 2058/2240/1640 2060/2242/1642 
f 2062/2244/1644 2190/2399/1773 2189/2398/1772 
f 2189/2398/1772 2060/2242/1642 2062/2244/1644 
f 2064/2246/1646 2191/2400/1774 2190/2399/1773 
f 2190/2399/1773 2062/2244/1644 2064/2246/1646 
f 2066/2248/1648 2192/2401/1812 2191/2400/1774 
f 2191/2400/1774 2064/2246/1646 2066/2248/1648 
f 2068/2250/1650 2193/2402/1776 2192/2401/1812 
f 2192/2401/1812 2066/2248/1648 2068/2250/1650 
f 2070/2252/1652 2194/2403/1777 2193/2402/1776 
f 2193/2402/1776 2068/2250/1650 2070/2252/1652 
f 2072/2254/1654 2195/2404/1778 2194/2403/1777 
f 2194/2403/1777 2070/2252/1652 2072/2254/1654 
f 2074/2256/1656 2196/2405/1779 2195/2404/1778 
f 2195/2404/1778 2072/2254/1654 2074/2256/1656 
f 2076/2258/1658 2197/2406/1780 2196/2405/1779 
f 2196/2405/1779 2074/2256/1656 2076/2258/1658 
f 2078/2260/1660 2198/2407/1781 2197/2406/1780 
f 2197/2406/1780 2076/2258/1658 2078/2260/1660 
f 2080/2262/1662 2199/2408/1782 2198/2407/1781 
f 2198/2407/1781 2078/2260/1660 2080/2262/1662 
f 2082/2264/1664 2200/2409/1783 2199/2408/1782 
f 2199/2408/1782 2080/2262/1662 2082/2264/1664 
f 2084/2266/1666 2201/2410/1784 2200/2409/1783 
f 2200/2409/1783 2082/2264/1664 2084/2266/1666 
f 2086/2268/1668 2202/2411/1785 2201/2410/1784 
f 2201/2410/1784 2084/2266/1666 2086/2268/1668 
f 2088/2270/1670 2203/2412/1786 2202/2411/1785 
f 2202/2411/1785 2086/2268/1668 2088/2270/1670 
f 2090/2272/1672 2204/2413/1787 2203/2412/1786 
f 2203/2412/1786 2088/2270/1670 2090/2272/1672 
f 2092/2274/1674 2205/2414/1788 2204/2413/1787 
f 2204/2413/1787 2090/2272/1672 2092/2274/1674 
f 2094/2276/1676 2206/2415/1789 2205/2414/1788 
f 2205/2414/1788 2092/2274/1674 2094/2276/1676 
f 2096/2278/1678 2207/2416/1790 2206/2415/1789 
f 2206/2415/1789 2094/2276/1676 2096/2278/1678 
f 2098/2280/1680 2208/2417/1791 2207/2416/1790 
f 2207/2416/1790 2096/2278/1678 2098/2280/1680 
f 2100/2282/1682 2209/2418/1792 2208/2417/1791 
f 2208/2417/1791 2098/2280/1680 2100/2282/1682 
f 2102/2284/1819 2210/2419/1831 2209/2418/1792 
f 2209/2418/1792 2100/2282/1682 2102/2284/1819 
f 1889/2044/1796 2023/2205/1768 2210/2419/1831 
f 2210/2419/1831 2102/2284/1819 1889/2044/1796 
f 2211/2420/1832 2212/2421/1833 2213/2422/1834 
f 2213/2422/1834 2214/2423/1835 2211/2420/1832 
f 2215/2424/1836 2216/2425/1837 2212/2421/1833 
f 2212/2421/1833 2211/2420/1832 2215/2424/1836 
f 2217/2426/1838 2218/2427/1839 2216/2425/1837 
f 2216/2425/1837 2215/2424/1836 2217/2426/1838 
f 2219/2428/1840 2220/2429/1841 2218/2427/1839 
f 2218/2427/1839 2217/2426/1838 2219/2428/1840 
f 2221/2430/1842 2222/2431/1843 2220/2429/1841 
f 2220/2429/1841 2219/2428/1840 2221/2430/1842 
f 2223/2432/1844 2224/2433/1845 2222/2431/1843 
f 2222/2431/1843 2221/2430/1842 2223/2432/1844 
f 2225/2434/1846 2226/2435/1847 2224/2433/1845 
f 2224/2433/1845 2223/2432/1844 2225/2434/1846 
f 2227/2436/1848 2228/2437/1849 2226/2435/1847 
f 2226/2435/1847 2225/2434/1846 2227/2436/1848 
f 2229/2438/1850 2230/2439/1851 2228/2437/1849 
f 2228/2437/1849 2227/2436/1848 2229/2438/1850 
f 2231/2440/1852 2232/2441/1853 2230/2439/1851 
f 2230/2439/1851 2229/2438/1850 2231/2440/1852 
f 2233/2442/1854 2234/2443/1855 2232/2441/1853 
f 2232/2441/1853 2231/2440/1852 2233/2442/1854 
f 2235/2444/1856 2236/2445/1857 2234/2443/1855 
f 2234/2443/1855 2233/2442/1854 2235/2444/1856 
f 2237/2446/1858 2238/2447/1859 2236/2445/1857 
f 2236/2445/1857 2235/2444/1856 2237/2446/1858 
f 2239/2448/1860 2240/2449/1861 2238/2447/1859 
f 2238/2447/1859 2237/2446/1858 2239/2448/1860 
f 2241/2450/1862 2242/2451/1863 2240/2449/1861 
f 2240/2449/1861 2239/2448/1860 2241/2450/1862 
f 2243/2452/1864 2244/2453/1865 2242/2451/1863 
f 2242/2451/1863 2241/2450/1862 2243/2452/1864 
f 2245/2454/1866 2246/2455/1867 2244/2453/1865 
f 2244/2453/1865 2243/2452/1864 2245/2454/1866 
f 2247/2456/1868 2248/2457/1869 2246/2455/1867 
f 2246/2455/1867 2245/2454/1866 2247/2456/1868 
f 2249/2458/1870 2250/2459/1871 2248/2457/1869 
f 2248/2457/1869 2247/2456/1868 2249/2458/1870 
f 2251/2460/1872 2252/2461/1873 2250/2459/1871 
f 2250/2459/1871 2249/2458/1870 2251/2460/1872 
f 2253/2462/1874 2254/2463/1875 2252/2461/1873 
f 2252/2461/1873 2251/2460/1872 2253/2462/1874 
f 2255/2464/1876 2256/2465/1877 2254/2463/1875 
f 2254/2463/1875 2253/2462/1874 2255/2464/1876 
f 2257/2466/1878 2258/2467/1879 2256/2465/1877 
f 2256/2465/1877 2255/2464/1876 2257/2466/1878 
f 2259/2468/1880 2260/2469/1881 2258/2470/1879 
f 2258/2470/1879 2257/2471/1878 2259/2468/1880 
f 2261/2472/1882 2262/2473/1883 2260/2469/1881 
f 2260/2469/1881 2259/2468/1880 2261/2472/1882 
f 2263/2474/1884 2264/2475/1885 2262/2473/1883 
f 2262/2473/1883 2261/2472/1882 2263/2474/1884 
f 2264/2475/1885 2263/2474/1884 2265/2476/1886 
f 2266/2477/1887 2211/2420/1832 2214/2423/1835 
f 2214/2423/1835 2267/2478/1888 2266/2477/1887 
f 2268/2479/1889 2215/2424/1836 2211/2420/1832 
f 2211/2420/1832 2266/2477/1887 2268/2479/1889 
f 2269/2480/1890 2217/2426/1838 2215/2424/1836 
f 2215/2424/1836 2268/2479/1889 2269/2480/1890 
f 2270/2481/1891 2219/2428/1840 2217/2426/1838 
f 2217/2426/1838 2269/2480/1890 2270/2481/1891 
f 2271/2482/1892 2221/2430/1842 2219/2428/1840 
f 2219/2428/1840 2270/2481/1891 2271/2482/1892 
f 2272/2483/1893 2223/2432/1844 2221/2430/1842 
f 2221/2430/1842 2271/2482/1892 2272/2483/1893 
f 2273/2484/1894 2225/2434/1846 2223/2432/1844 
f 2223/2432/1844 2272/2483/1893 2273/2484/1894 
f 2274/2485/1895 2227/2436/1848 2225/2434/1846 
f 2225/2434/1846 2273/2484/1894 2274/2485/1895 
f 2275/2486/1896 2229/2438/1850 2227/2436/1848 
f 2227/2436/1848 2274/2485/1895 2275/2486/1896 
f 2276/2487/1897 2231/2440/1852 2229/2438/1850 
f 2229/2438/1850 2275/2486/1896 2276/2487/1897 
f 2277/2488/1898 2233/2442/1854 2231/2440/1852 
f 2231/2440/1852 2276/2487/1897 2277/2488/1898 
f 2278/2489/1899 2235/2444/1856 2233/2442/1854 
f 2233/2442/1854 2277/2488/1898 2278/2489/1899 
f 2279/2490/1900 2237/2446/1858 2235/2444/1856 
f 2235/2444/1856 2278/2489/1899 2279/2490/1900 
f 2280/2491/1901 2239/2448/1860 2237/2446/1858 
f 2237/2446/1858 2279/2490/1900 2280/2491/1901 
f 2281/2492/1902 2241/2450/1862 2239/2448/1860 
f 2239/2448/1860 2280/2491/1901 2281/2492/1902 
f 2282/2493/1903 2243/2452/1864 2241/2450/1862 
f 2241/2450/1862 2281/2492/1902 2282/2493/1903 
f 2283/2494/1904 2245/2454/1866 2243/2452/1864 
f 2243/2452/1864 2282/2493/1903 2283/2494/1904 
f 2284/2495/1905 2247/2456/1868 2245/2454/1866 
f 2245/2454/1866 2283/2494/1904 2284/2495/1905 
f 2285/2496/1906 2249/2458/1870 2247/2456/1868 
f 2247/2456/1868 2284/2495/1905 2285/2496/1906 
f 2286/2497/1907 2251/2460/1872 2249/2458/1870 
f 2249/2458/1870 2285/2496/1906 2286/2497/1907 
f 2287/2498/1908 2253/2462/1874 2251/2460/1872 
f 2251/2460/1872 2286/2497/1907 2287/2498/1908 
f 2288/2499/1909 2255/2464/1876 2253/2462/1874 
f 2253/2462/1874 2287/2498/1908 2288/2499/1909 
f 2289/2500/1910 2257/2466/1878 2255/2464/1876 
f 2255/2464/1876 2288/2499/1909 2289/2500/1910 
f 2290/2501/1911 2259/2468/1880 2257/2471/1878 
f 2257/2471/1878 2289/2502/1910 2290/2501/1911 
f 2291/2503/1912 2261/2472/1882 2259/2468/1880 
f 2259/2468/1880 2290/2501/1911 2291/2503/1912 
f 2292/2504/1913 2263/2474/1884 2261/2472/1882 
f 2261/2472/1882 2291/2503/1912 2292/2504/1913 
f 2263/2474/1884 2292/2504/1913 2265/2476/1886 
f 2293/2505/1914 2266/2506/1887 2267/2507/1888 
f 2267/2507/1888 2294/2508/1915 2293/2505/1914 
f 2295/2509/1916 2268/2510/1889 2266/2506/1887 
f 2266/2506/1887 2293/2505/1914 2295/2509/1916 
f 2296/2511/1917 2269/2512/1890 2268/2510/1889 
f 2268/2510/1889 2295/2509/1916 2296/2511/1917 
f 2297/2513/1918 2270/2514/1891 2269/2512/1890 
f 2269/2512/1890 2296/2511/1917 2297/2513/1918 
f 2298/2515/1919 2271/2516/1892 2270/2514/1891 
f 2270/2514/1891 2297/2513/1918 2298/2515/1919 
f 2299/2517/1920 2272/2518/1893 2271/2516/1892 
f 2271/2516/1892 2298/2515/1919 2299/2517/1920 
f 2300/2519/1921 2273/2520/1894 2272/2518/1893 
f 2272/2518/1893 2299/2517/1920 2300/2519/1921 
f 2301/2521/1922 2274/2522/1895 2273/2520/1894 
f 2273/2520/1894 2300/2519/1921 2301/2521/1922 
f 2302/2523/1923 2275/2524/1896 2274/2522/1895 
f 2274/2522/1895 2301/2521/1922 2302/2523/1923 
f 2303/2525/1924 2276/2526/1897 2275/2524/1896 
f 2275/2524/1896 2302/2523/1923 2303/2525/1924 
f 2304/2527/1925 2277/2528/1898 2276/2526/1897 
f 2276/2526/1897 2303/2525/1924 2304/2527/1925 
f 2305/2529/1926 2278/2530/1899 2277/2528/1898 
f 2277/2528/1898 2304/2527/1925 2305/2529/1926 
f 2306/2531/1927 2279/2532/1900 2278/2530/1899 
f 2278/2530/1899 2305/2529/1926 2306/2531/1927 
f 2307/2533/1928 2280/2534/1901 2279/2532/1900 
f 2279/2532/1900 2306/2531/1927 2307/2533/1928 
f 2308/2535/1929 2281/2536/1902 2280/2534/1901 
f 2280/2534/1901 2307/2533/1928 2308/2535/1929 
f 2309/2537/1930 2282/2538/1903 2281/2536/1902 
f 2281/2536/1902 2308/2535/1929 2309/2537/1930 
f 2310/2539/1931 2283/2540/1904 2282/2538/1903 
f 2282/2538/1903 2309/2537/1930 2310/2539/1931 
f 2311/2541/1932 2284/2542/1905 2283/2540/1904 
f 2283/2540/1904 2310/2539/1931 2311/2541/1932 
f 2312/2543/1933 2285/2544/1906 2284/2542/1905 
f 2284/2542/1905 2311/2541/1932 2312/2543/1933 
f 2313/2545/1934 2286/2546/1907 2285/2544/1906 
f 2285/2544/1906 2312/2543/1933 2313/2545/1934 
f 2314/2547/1935 2287/2548/1908 2286/2546/1907 
f 2286/2546/1907 2313/2545/1934 2314/2547/1935 
f 2315/2549/1936 2288/2550/1909 2287/2548/1908 
f 2287/2548/1908 2314/2547/1935 2315/2549/1936 
f 2316/2551/1937 2289/2552/1910 2288/2550/1909 
f 2288/2550/1909 2315/2549/1936 2316/2551/1937 
f 2317/2553/1938 2290/2501/1911 2289/2502/1910 
f 2289/2502/1910 2316/2554/1937 2317/2553/1938 
f 2318/2555/1939 2291/2503/1912 2290/2501/1911 
f 2290/2501/1911 2317/2553/1938 2318/2555/1939 
f 2319/2556/1940 2292/2504/1913 2291/2503/1912 
f 2291/2503/1912 2318/2555/1939 2319/2556/1940 
f 2292/2504/1913 2319/2556/1940 2265/2476/1886 
f 2320/2557/1941 2293/2505/1914 2294/2508/1915 
f 2294/2508/1915 2321/2558/1942 2320/2557/1941 
f 2322/2559/1943 2295/2509/1916 2293/2505/1914 
f 2293/2505/1914 2320/2557/1941 2322/2559/1943 
f 2323/2560/1944 2296/2511/1917 2295/2509/1916 
f 2295/2509/1916 2322/2559/1943 2323/2560/1944 
f 2324/2561/1945 2297/2513/1918 2296/2511/1917 
f 2296/2511/1917 2323/2560/1944 2324/2561/1945 
f 2325/2562/1946 2298/2515/1919 2297/2513/1918 
f 2297/2513/1918 2324/2561/1945 2325/2562/1946 
f 2326/2563/1947 2299/2517/1920 2298/2515/1919 
f 2298/2515/1919 2325/2562/1946 2326/2563/1947 
f 2327/2564/1948 2300/2519/1921 2299/2517/1920 
f 2299/2517/1920 2326/2563/1947 2327/2564/1948 
f 2328/2565/1949 2301/2521/1922 2300/2519/1921 
f 2300/2519/1921 2327/2564/1948 2328/2565/1949 
f 2329/2566/1950 2302/2523/1923 2301/2521/1922 
f 2301/2521/1922 2328/2565/1949 2329/2566/1950 
f 2330/2567/1951 2303/2525/1924 2302/2523/1923 
f 2302/2523/1923 2329/2566/1950 2330/2567/1951 
f 2331/2568/1952 2304/2527/1925 2303/2525/1924 
f 2303/2525/1924 2330/2567/1951 2331/2568/1952 
f 2332/2569/1953 2305/2529/1926 2304/2527/1925 
f 2304/2527/1925 2331/2568/1952 2332/2569/1953 
f 2333/2570/1954 2306/2531/1927 2305/2529/1926 
f 2305/2529/1926 2332/2569/1953 2333/2570/1954 
f 2334/2571/1955 2307/2533/1928 2306/2531/1927 
f 2306/2531/1927 2333/2570/1954 2334/2571/1955 
f 2335/2572/1956 2308/2535/1929 2307/2533/1928 
f 2307/2533/1928 2334/2571/1955 2335/2572/1956 
f 2336/2573/1957 2309/2537/1930 2308/2535/1929 
f 2308/2535/1929 2335/2572/1956 2336/2573/1957 
f 2337/2574/1958 2310/2539/1931 2309/2537/1930 
f 2309/2537/1930 2336/2573/1957 2337/2574/1958 
f 2338/2575/1959 2311/2541/1932 2310/2539/1931 
f 2310/2539/1931 2337/2574/1958 2338/2575/1959 
f 2339/2576/1960 2312/2543/1933 2311/2541/1932 
f 2311/2541/1932 2338/2575/1959 2339/2576/1960 
f 2340/2577/1961 2313/2545/1934 2312/2543/1933 
f 2312/2543/1933 2339/2576/1960 2340/2577/1961 
f 2341/2578/1962 2314/2547/1935 2313/2545/1934 
f 2313/2545/1934 2340/2577/1961 2341/2578/1962 
f 2342/2579/1963 2315/2549/1936 2314/2547/1935 
f 2314/2547/1935 2341/2578/1962 2342/2579/1963 
f 2343/2580/1964 2316/2551/1937 2315/2549/1936 
f 2315/2549/1936 2342/2579/1963 2343/2580/1964 
f 2344/2581/1965 2317/2553/1938 2316/2554/1937 
f 2316/2554/1937 2343/2582/1964 2344/2581/1965 
f 2345/2583/1966 2318/2555/1939 2317/2553/1938 
f 2317/2553/1938 2344/2581/1965 2345/2583/1966 
f 2346/2584/1967 2319/2556/1940 2318/2555/1939 
f 2318/2555/1939 2345/2583/1966 2346/2584/1967 
f 2319/2556/1940 2346/2584/1967 2265/2476/1886 
f 2347/2585/1968 2320/2557/1941 2321/2558/1942 
f 2321/2558/1942 2348/2586/1969 2347/2585/1968 
f 2349/2587/1970 2322/2559/1943 2320/2557/1941 
f 2320/2557/1941 2347/2585/1968 2349/2587/1970 
f 2350/2588/1971 2323/2560/1944 2322/2559/1943 
f 2322/2559/1943 2349/2587/1970 2350/2588/1971 
f 2351/2589/1972 2324/2561/1945 2323/2560/1944 
f 2323/2560/1944 2350/2588/1971 2351/2589/1972 
f 2352/2590/1973 2325/2562/1946 2324/2561/1945 
f 2324/2561/1945 2351/2589/1972 2352/2590/1973 
f 2353/2591/1974 2326/2563/1947 2325/2562/1946 
f 2325/2562/1946 2352/2590/1973 2353/2591/1974 
f 2354/2592/1975 2327/2564/1948 2326/2563/1947 
f 2326/2563/1947 2353/2591/1974 2354/2592/1975 
f 2355/2593/1976 2328/2565/1949 2327/2564/1948 
f 2327/2564/1948 2354/2592/1975 2355/2593/1976 
f 2356/2594/1977 2329/2566/1950 2328/2565/1949 
f 2328/2565/1949 2355/2593/1976 2356/2594/1977 
f 2357/2595/1978 2330/2567/1951 2329/2566/1950 
f 2329/2566/1950 2356/2594/1977 2357/2595/1978 
f 2358/2596/1979 2331/2568/1952 2330/2567/1951 
f 2330/2567/1951 2357/2595/1978 2358/2596/1979 
f 2359/2597/1980 2332/2569/1953 2331/2568/1952 
f 2331/2568/1952 2358/2596/1979 2359/2597/1980 
f 2360/2598/1981 2333/2570/1954 2332/2569/1953 
f 2332/2569/1953 2359/2597/1980 2360/2598/1981 
f 2361/2599/1982 2334/2571/1955 2333/2570/1954 
f 2333/2570/1954 2360/2598/1981 2361/2599/1982 
f 2362/2600/1983 2335/2572/1956 2334/2571/1955 
f 2334/2571/1955 2361/2599/1982 2362/2600/1983 
f 2363/2601/1984 2336/2573/1957 2335/2572/1956 
f 2335/2572/1956 2362/2600/1983 2363/2601/1984 
f 2364/2602/1985 2337/2574/1958 2336/2573/1957 
f 2336/2573/1957 2363/2601/1984 2364/2602/1985 
f 2365/2603/1986 2338/2575/1959 2337/2574/1958 
f 2337/2574/1958 2364/2602/1985 2365/2603/1986 
f 2366/2604/1987 2339/2576/1960 2338/2575/1959 
f 2338/2575/1959 2365/2603/1986 2366/2604/1987 
f 2367/2605/1988 2340/2577/1961 2339/2576/1960 
f 2339/2576/1960 2366/2604/1987 2367/2605/1988 
f 2368/2606/1989 2341/2578/1962 2340/2577/1961 
f 2340/2577/1961 2367/2605/1988 2368/2606/1989 
f 2369/2607/1990 2342/2579/1963 2341/2578/1962 
f 2341/2578/1962 2368/2606/1989 2369/2607/1990 
f 2370/2608/1991 2343/2580/1964 2342/2579/1963 
f 2342/2579/1963 2369/2607/1990 2370/2608/1991 
f 2371/2609/1992 2344/2581/1965 2343/2582/1964 
f 2343/2582/1964 2370/2610/1991 2371/2609/1992 
f 2372/2611/1993 2345/2583/1966 2344/2581/1965 
f 2344/2581/1965 2371/2609/1992 2372/2611/1993 
f 2373/2612/1994 2346/2584/1967 2345/2583/1966 
f 2345/2583/1966 2372/2611/1993 2373/2612/1994 
f 2346/2584/1967 2373/2612/1994 2265/2476/1886 
f 2212/2421/1833 2347/2585/1968 2348/2586/1969 
f 2348/2586/1969 2213/2422/1834 2212/2421/1833 
f 2216/2425/1837 2349/2587/1970 2347/2585/1968 
f 2347/2585/1968 2212/2421/1833 2216/2425/1837 
f 2218/2427/1839 2350/2588/1971 2349/2587/1970 
f 2349/2587/1970 2216/2425/1837 2218/2427/1839 
f 2220/2429/1841 2351/2589/1972 2350/2588/1971 
f 2350/2588/1971 2218/2427/1839 2220/2429/1841 
f 2222/2431/1843 2352/2590/1973 2351/2589/1972 
f 2351/2589/1972 2220/2429/1841 2222/2431/1843 
f 2224/2433/1845 2353/2591/1974 2352/2590/1973 
f 2352/2590/1973 2222/2431/1843 2224/2433/1845 
f 2226/2435/1847 2354/2592/1975 2353/2591/1974 
f 2353/2591/1974 2224/2433/1845 2226/2435/1847 
f 2228/2437/1849 2355/2593/1976 2354/2592/1975 
f 2354/2592/1975 2226/2435/1847 2228/2437/1849 
f 2230/2439/1851 2356/2594/1977 2355/2593/1976 
f 2355/2593/1976 2228/2437/1849 2230/2439/1851 
f 2232/2441/1853 2357/2595/1978 2356/2594/1977 
f 2356/2594/1977 2230/2439/1851 2232/2441/1853 
f 2234/2443/1855 2358/2596/1979 2357/2595/1978 
f 2357/2595/1978 2232/2441/1853 2234/2443/1855 
f 2236/2445/1857 2359/2597/1980 2358/2596/1979 
f 2358/2596/1979 2234/2443/1855 2236/2445/1857 
f 2238/2447/1859 2360/2598/1981 2359/2597/1980 
f 2359/2597/1980 2236/2445/1857 2238/2447/1859 
f 2240/2449/1861 2361/2599/1982 2360/2598/1981 
f 2360/2598/1981 2238/2447/1859 2240/2449/1861 
f 2242/2451/1863 2362/2600/1983 2361/2599/1982 
f 2361/2599/1982 2240/2449/1861 2242/2451/1863 
f 2244/2453/1865 2363/2601/1984 2362/2600/1983 
f 2362/2600/1983 2242/2451/1863 2244/2453/1865 
f 2246/2455/1867 2364/2602/1985 2363/2601/1984 
f 2363/2601/1984 2244/2453/1865 2246/2455/1867 
f 2248/2457/1869 2365/2603/1986 2364/2602/1985 
f 2364/2602/1985 2246/2455/1867 2248/2457/1869 
f 2250/2459/1871 2366/2604/1987 2365/2603/1986 
f 2365/2603/1986 2248/2457/1869 2250/2459/1871 
f 2252/2461/1873 2367/2605/1988 2366/2604/1987 
f 2366/2604/1987 2250/2459/1871 2252/2461/1873 
f 2254/2463/1875 2368/2606/1989 2367/2605/1988 
f 2367/2605/1988 2252/2461/1873 2254/2463/1875 
f 2256/2465/1877 2369/2607/1990 2368/2606/1989 
f 2368/2606/1989 2254/2463/1875 2256/2465/1877 
f 2258/2467/1879 2370/2608/1991 2369/2607/1990 
f 2369/2607/1990 2256/2465/1877 2258/2467/1879 
f 2260/2469/1881 2371/2609/1992 2370/2610/1991 
f 2370/2610/1991 2258/2470/1879 2260/2469/1881 
f 2262/2473/1883 2372/2611/1993 2371/2609/1992 
f 2371/2609/1992 2260/2469/1881 2262/2473/1883 
f 2264/2475/1885 2373/2612/1994 2372/2611/1993 
f 2372/2611/1993 2262/2473/1883 2264/2475/1885 
f 2373/2612/1994 2264/2475/1885 2265/2476/1886 
f 2374/2613/1856 2375/2614/1857 2376/2615/1995 
f 2376/2615/1995 2377/2616/1996 2374/2613/1856 
f 2378/2617/1858 2379/2618/1859 2375/2614/1857 
f 2375/2614/1857 2374/2613/1856 2378/2617/1858 
f 2380/2619/1860 2381/2620/1861 2379/2618/1859 
f 2379/2618/1859 2378/2617/1858 2380/2619/1860 
f 2382/2621/1862 2383/2622/1997 2381/2620/1861 
f 2381/2620/1861 2380/2619/1860 2382/2621/1862 
f 2384/2623/1864 2385/2624/1865 2383/2622/1997 
f 2383/2622/1997 2382/2621/1862 2384/2623/1864 
f 2386/2625/1866 2387/2626/1867 2385/2624/1865 
f 2385/2624/1865 2384/2623/1864 2386/2625/1866 
f 2388/2627/1868 2389/2628/1869 2387/2626/1867 
f 2387/2626/1867 2386/2625/1866 2388/2627/1868 
f 2390/2629/1870 2391/2630/1871 2389/2628/1869 
f 2389/2628/1869 2388/2627/1868 2390/2629/1870 
f 2392/2631/1872 2393/2632/1873 2391/2630/1871 
f 2391/2630/1871 2390/2629/1870 2392/2631/1872 
f 2394/2633/1874 2395/2634/1875 2393/2632/1873 
f 2393/2632/1873 2392/2631/1872 2394/2633/1874 
f 2396/2635/1876 2397/2636/1877 2395/2634/1875 
f 2395/2634/1875 2394/2633/1874 2396/2635/1876 
f 2398/2637/1878 2399/2638/1879 2397/2636/1877 
f 2397/2636/1877 2396/2635/1876 2398/2637/1878 
f 2400/2639/1880 2401/2640/1881 2399/2638/1879 
f 2399/2638/1879 2398/2637/1878 2400/2639/1880 
f 2402/2641/1882 2403/2642/1883 2401/2640/1881 
f 2401/2640/1881 2400/2639/1880 2402/2641/1882 
f 2404/2643/1998 2405/2644/1999 2403/2642/1883 
f 2403/2642/1883 2402/2641/1882 2404/2643/1998 
f 2214/2423/1835 2213/2422/1834 2405/2644/1999 
f 2405/2644/1999 2404/2643/1998 2214/2423/1835 
f 2406/2645/1899 2374/2613/1856 2377/2616/1996 
f 2377/2616/1996 2407/2646/2000 2406/2645/1899 
f 2408/2647/1900 2378/2617/1858 2374/2613/1856 
f 2374/2613/1856 2406/2645/1899 2408/2647/1900 
f 2409/2648/1901 2380/2619/1860 2378/2617/1858 
f 2378/2617/1858 2408/2647/1900 2409/2648/1901 
f 2410/2649/1902 2382/2621/1862 2380/2619/1860 
f 2380/2619/1860 2409/2648/1901 2410/2649/1902 
f 2411/2650/1903 2384/2623/1864 2382/2621/1862 
f 2382/2621/1862 2410/2649/1902 2411/2650/1903 
f 2412/2651/1904 2386/2625/1866 2384/2623/1864 
f 2384/2623/1864 2411/2650/1903 2412/2651/1904 
f 2413/2652/1905 2388/2627/1868 2386/2625/1866 
f 2386/2625/1866 2412/2651/1904 2413/2652/1905 
f 2414/2653/1906 2390/2629/1870 2388/2627/1868 
f 2388/2627/1868 2413/2652/1905 2414/2653/1906 
f 2415/2654/1907 2392/2631/1872 2390/2629/1870 
f 2390/2629/1870 2414/2653/1906 2415/2654/1907 
f 2416/2655/1908 2394/2633/1874 2392/2631/1872 
f 2392/2631/1872 2415/2654/1907 2416/2655/1908 
f 2417/2656/1909 2396/2635/1876 2394/2633/1874 
f 2394/2633/1874 2416/2655/1908 2417/2656/1909 
f 2418/2657/1910 2398/2637/1878 2396/2635/1876 
f 2396/2635/1876 2417/2656/1909 2418/2657/1910 
f 2419/2658/1911 2400/2639/1880 2398/2637/1878 
f 2398/2637/1878 2418/2657/1910 2419/2658/1911 
f 2420/2659/1912 2402/2641/1882 2400/2639/1880 
f 2400/2639/1880 2419/2658/1911 2420/2659/1912 
f 2421/2660/2001 2404/2643/1998 2402/2641/1882 
f 2402/2641/1882 2420/2659/1912 2421/2660/2001 
f 2267/2478/1888 2214/2423/1835 2404/2643/1998 
f 2404/2643/1998 2421/2660/2001 2267/2478/1888 
f 2422/2661/1926 2406/2662/1899 2407/2663/2000 
f 2407/2663/2000 2423/2664/2002 2422/2661/1926 
f 2424/2665/1927 2408/2666/1900 2406/2662/1899 
f 2406/2662/1899 2422/2661/1926 2424/2665/1927 
f 2425/2667/1928 2409/2668/1901 2408/2666/1900 
f 2408/2666/1900 2424/2665/1927 2425/2667/1928 
f 2426/2669/2003 2410/2670/1902 2409/2668/1901 
f 2409/2668/1901 2425/2667/1928 2426/2669/2003 
f 2427/2671/1930 2411/2672/1903 2410/2670/1902 
f 2410/2670/1902 2426/2669/2003 2427/2671/1930 
f 2428/2673/1931 2412/2674/1904 2411/2672/1903 
f 2411/2672/1903 2427/2671/1930 2428/2673/1931 
f 2429/2675/1932 2413/2676/1905 2412/2674/1904 
f 2412/2674/1904 2428/2673/1931 2429/2675/1932 
f 2430/2677/1933 2414/2678/1906 2413/2676/1905 
f 2413/2676/1905 2429/2675/1932 2430/2677/1933 
f 2431/2679/1934 2415/2680/1907 2414/2678/1906 
f 2414/2678/1906 2430/2677/1933 2431/2679/1934 
f 2432/2681/1935 2416/2682/1908 2415/2680/1907 
f 2415/2680/1907 2431/2679/1934 2432/2681/1935 
f 2433/2683/1936 2417/2684/1909 2416/2682/1908 
f 2416/2682/1908 2432/2681/1935 2433/2683/1936 
f 2434/2685/1937 2418/2686/1910 2417/2684/1909 
f 2417/2684/1909 2433/2683/1936 2434/2685/1937 
f 2435/2687/2004 2419/2688/1911 2418/2686/1910 
f 2418/2686/1910 2434/2685/1937 2435/2687/2004 
f 2436/2689/1939 2420/2690/1912 2419/2688/1911 
f 2419/2688/1911 2435/2687/2004 2436/2689/1939 
f 2437/2691/2005 2421/2692/2001 2420/2690/1912 
f 2420/2690/1912 2436/2689/1939 2437/2691/2005 
f 2294/2508/1915 2267/2507/1888 2421/2692/2001 
f 2421/2692/2001 2437/2691/2005 2294/2508/1915 
f 2438/2693/1953 2422/2661/1926 2423/2664/2002 
f 2423/2664/2002 2439/2694/2006 2438/2693/1953 
f 2440/2695/1954 2424/2665/1927 2422/2661/1926 
f 2422/2661/1926 2438/2693/1953 2440/2695/1954 
f 2441/2696/1955 2425/2667/1928 2424/2665/1927 
f 2424/2665/1927 2440/2695/1954 2441/2696/1955 
f 2442/2697/2007 2426/2669/2003 2425/2667/1928 
f 2425/2667/1928 2441/2696/1955 2442/2697/2007 
f 2443/2698/1957 2427/2671/1930 2426/2669/2003 
f 2426/2669/2003 2442/2697/2007 2443/2698/1957 
f 2444/2699/1958 2428/2673/1931 2427/2671/1930 
f 2427/2671/1930 2443/2698/1957 2444/2699/1958 
f 2445/2700/1959 2429/2675/1932 2428/2673/1931 
f 2428/2673/1931 2444/2699/1958 2445/2700/1959 
f 2446/2701/1960 2430/2677/1933 2429/2675/1932 
f 2429/2675/1932 2445/2700/1959 2446/2701/1960 
f 2447/2702/1961 2431/2679/1934 2430/2677/1933 
f 2430/2677/1933 2446/2701/1960 2447/2702/1961 
f 2448/2703/1962 2432/2681/1935 2431/2679/1934 
f 2431/2679/1934 2447/2702/1961 2448/2703/1962 
f 2449/2704/1963 2433/2683/1936 2432/2681/1935 
f 2432/2681/1935 2448/2703/1962 2449/2704/1963 
f 2450/2705/1964 2434/2685/1937 2433/2683/1936 
f 2433/2683/1936 2449/2704/1963 2450/2705/1964 
f 2451/2706/1965 2435/2687/2004 2434/2685/1937 
f 2434/2685/1937 2450/2705/1964 2451/2706/1965 
f 2452/2707/1966 2436/2689/1939 2435/2687/2004 
f 2435/2687/2004 2451/2706/1965 2452/2707/1966 
f 2453/2708/2008 2437/2691/2005 2436/2689/1939 
f 2436/2689/1939 2452/2707/1966 2453/2708/2008 
f 2321/2558/1942 2294/2508/1915 2437/2691/2005 
f 2437/2691/2005 2453/2708/2008 2321/2558/1942 
f 2454/2709/1980 2438/2693/1953 2439/2694/2006 
f 2439/2694/2006 2455/2710/2009 2454/2709/1980 
f 2456/2711/1981 2440/2695/1954 2438/2693/1953 
f 2438/2693/1953 2454/2709/1980 2456/2711/1981 
f 2457/2712/1982 2441/2696/1955 2440/2695/1954 
f 2440/2695/1954 2456/2711/1981 2457/2712/1982 
f 2458/2713/1983 2442/2697/2007 2441/2696/1955 
f 2441/2696/1955 2457/2712/1982 2458/2713/1983 
f 2459/2714/1984 2443/2698/1957 2442/2697/2007 
f 2442/2697/2007 2458/2713/1983 2459/2714/1984 
f 2460/2715/1985 2444/2699/1958 2443/2698/1957 
f 2443/2698/1957 2459/2714/1984 2460/2715/1985 
f 2461/2716/1986 2445/2700/1959 2444/2699/1958 
f 2444/2699/1958 2460/2715/1985 2461/2716/1986 
f 2462/2717/2010 2446/2701/1960 2445/2700/1959 
f 2445/2700/1959 2461/2716/1986 2462/2717/2010 
f 2463/2718/1988 2447/2702/1961 2446/2701/1960 
f 2446/2701/1960 2462/2717/2010 2463/2718/1988 
f 2464/2719/1989 2448/2703/1962 2447/2702/1961 
f 2447/2702/1961 2463/2718/1988 2464/2719/1989 
f 2465/2720/1990 2449/2704/1963 2448/2703/1962 
f 2448/2703/1962 2464/2719/1989 2465/2720/1990 
f 2466/2721/1991 2450/2705/1964 2449/2704/1963 
f 2449/2704/1963 2465/2720/1990 2466/2721/1991 
f 2467/2722/1992 2451/2706/1965 2450/2705/1964 
f 2450/2705/1964 2466/2721/1991 2467/2722/1992 
f 2468/2723/1993 2452/2707/1966 2451/2706/1965 
f 2451/2706/1965 2467/2722/1992 2468/2723/1993 
f 2469/2724/2011 2453/2708/2008 2452/2707/1966 
f 2452/2707/1966 2468/2723/1993 2469/2724/2011 
f 2348/2586/1969 2321/2558/1942 2453/2708/2008 
f 2453/2708/2008 2469/2724/2011 2348/2586/1969 
f 2375/2614/1857 2454/2709/1980 2455/2710/2009 
f 2455/2710/2009 2376/2615/1995 2375/2614/1857 
f 2379/2618/1859 2456/2711/1981 2454/2709/1980 
f 2454/2709/1980 2375/2614/1857 2379/2618/1859 
f 2381/2620/1861 2457/2712/1982 2456/2711/1981 
f 2456/2711/1981 2379/2618/1859 2381/2620/1861 
f 2383/2622/1997 2458/2713/1983 2457/2712/1982 
f 2457/2712/1982 2381/2620/1861 2383/2622/1997 
f 2385/2624/1865 2459/2714/1984 2458/2713/1983 
f 2458/2713/1983 2383/2622/1997 2385/2624/1865 
f 2387/2626/1867 2460/2715/1985 2459/2714/1984 
f 2459/2714/1984 2385/2624/1865 2387/2626/1867 
f 2389/2628/1869 2461/2716/1986 2460/2715/1985 
f 2460/2715/1985 2387/2626/1867 2389/2628/1869 
f 2391/2630/1871 2462/2717/2010 2461/2716/1986 
f 2461/2716/1986 2389/2628/1869 2391/2630/1871 
f 2393/2632/1873 2463/2718/1988 2462/2717/2010 
f 2462/2717/2010 2391/2630/1871 2393/2632/1873 
f 2395/2634/1875 2464/2719/1989 2463/2718/1988 
f 2463/2718/1988 2393/2632/1873 2395/2634/1875 
f 2397/2636/1877 2465/2720/1990 2464/2719/1989 
f 2464/2719/1989 2395/2634/1875 2397/2636/1877 
f 2399/2638/1879 2466/2721/1991 2465/2720/1990 
f 2465/2720/1990 2397/2636/1877 2399/2638/1879 
f 2401/2640/1881 2467/2722/1992 2466/2721/1991 
f 2466/2721/1991 2399/2638/1879 2401/2640/1881 
f 2403/2642/1883 2468/2723/1993 2467/2722/1992 
f 2467/2722/1992 2401/2640/1881 2403/2642/1883 
f 2405/2644/1999 2469/2724/2011 2468/2723/1993 
f 2468/2723/1993 2403/2642/1883 2405/2644/1999 
f 2213/2422/1834 2348/2586/1969 2469/2724/2011 
f 2469/2724/2011 2405/2644/1999 2213/2422/1834 
s 4
f 2470/2725/2012 2471/2726/2013 2472/2727/2013 
f 2472/2727/2013 2473/2728/2014 2470/2725/2012 
f 2474/2729/2015 2475/2730/2013 2471/2726/2013 
f 2471/2726/2013 2470/2725/2012 2474/2729/2015 
s 2
f 2476/2731/2016 2477/2732/2017 2475/2733/1685 
f 2475/2733/1685 2474/2734/1685 2476/2731/2016 
f 2478/2735/2018 2479/2736/2019 2477/2737/2017 
f 2477/2737/2017 2476/2738/2016 2478/2735/2018 
f 2480/2739/2020 2481/2740/2021 2479/2736/2019 
f 2479/2736/2019 2478/2735/2018 2480/2739/2020 
f 2482/2741/2022 2483/2742/2023 2481/2740/2021 
f 2481/2740/2021 2480/2739/2020 2482/2741/2022 
f 2484/2743/2024 2485/2744/2025 2483/2742/2023 
f 2483/2742/2023 2482/2741/2022 2484/2743/2024 
f 2486/2745/2026 2487/2746/2027 2485/2744/2025 
f 2485/2744/2025 2484/2743/2024 2486/2745/2026 
f 2488/2747/2028 2489/2748/2029 2487/2746/2027 
f 2487/2746/2027 2486/2745/2026 2488/2747/2028 
f 2490/2749/2030 2491/2750/2031 2489/2748/2029 
f 2489/2748/2029 2488/2747/2028 2490/2749/2030 
f 2492/2751/2032 2493/2752/2033 2491/2750/2031 
f 2491/2750/2031 2490/2749/2030 2492/2751/2032 
f 2494/2753/2034 2495/2754/2035 2493/2752/2033 
f 2493/2752/2033 2492/2751/2032 2494/2753/2034 
f 2496/2755/2036 2497/2756/2037 2495/2754/2035 
f 2495/2754/2035 2494/2753/2034 2496/2755/2036 
f 2498/2757/2038 2499/2758/2039 2497/2756/2037 
f 2497/2756/2037 2496/2755/2036 2498/2757/2038 
f 2500/2759/2040 2501/2760/2041 2499/2758/2039 
f 2499/2758/2039 2498/2757/2038 2500/2759/2040 
f 2502/2761/2042 2503/2762/2043 2501/2763/2041 
f 2501/2763/2041 2500/2764/2040 2502/2761/2042 
f 2504/2765/2044 2505/2766/2045 2503/2762/2043 
f 2503/2762/2043 2502/2761/2042 2504/2765/2044 
f 2506/2767/2046 2507/2768/2047 2505/2766/2045 
f 2505/2766/2045 2504/2765/2044 2506/2767/2046 
f 2508/2769/2048 2509/2770/2049 2507/2768/2047 
f 2507/2768/2047 2506/2767/2046 2508/2769/2048 
f 2510/2771/2050 2511/2772/2051 2509/2770/2049 
f 2509/2770/2049 2508/2769/2048 2510/2771/2050 
f 2512/2773/2052 2513/2774/2053 2511/2772/2051 
f 2511/2772/2051 2510/2771/2050 2512/2773/2052 
f 2514/2775/2054 2515/2776/2055 2513/2774/2053 
f 2513/2774/2053 2512/2773/2052 2514/2775/2054 
f 2516/2777/2056 2517/2778/2057 2515/2776/2055 
f 2515/2776/2055 2514/2775/2054 2516/2777/2056 
f 2518/2779/2058 2519/2780/2059 2517/2778/2057 
f 2517/2778/2057 2516/2777/2056 2518/2779/2058 
f 2520/2781/2060 2521/2782/2061 2519/2780/2059 
f 2519/2780/2059 2518/2779/2058 2520/2781/2060 
f 2522/2783/2062 2523/2784/2063 2521/2782/2061 
f 2521/2782/2061 2520/2781/2060 2522/2783/2062 
f 2524/2785/2064 2525/2786/2065 2523/2784/2063 
f 2523/2784/2063 2522/2783/2062 2524/2785/2064 
f 2526/2787/2066 2527/2788/2067 2525/2786/2065 
f 2525/2786/2065 2524/2785/2064 2526/2787/2066 
f 2528/2789/2068 2529/2790/2069 2527/2788/2067 
f 2527/2788/2067 2526/2787/2066 2528/2789/2068 
f 2530/2791/2070 2531/2792/2071 2529/2793/2069 
f 2529/2793/2069 2528/2794/2068 2530/2791/2070 
f 2532/2795/2072 2533/2796/2073 2531/2792/2071 
f 2531/2792/2071 2530/2791/2070 2532/2795/2072 
f 2534/2797/2074 2535/2798/2075 2533/2796/2073 
f 2533/2796/2073 2532/2795/2072 2534/2797/2074 
f 2536/2799/2076 2537/2800/2077 2535/2798/2075 
f 2535/2798/2075 2534/2797/2074 2536/2799/2076 
f 2538/2801/2078 2539/2802/2079 2537/2800/2077 
f 2537/2800/2077 2536/2799/2076 2538/2801/2078 
f 2540/2803/2080 2541/2804/2081 2539/2802/2079 
f 2539/2802/2079 2538/2801/2078 2540/2803/2080 
f 2542/2805/2082 2543/2806/2083 2541/2804/2081 
f 2541/2804/2081 2540/2803/2080 2542/2805/2082 
f 2544/2807/2084 2545/2808/2085 2543/2806/2083 
f 2543/2806/2083 2542/2805/2082 2544/2807/2084 
f 2546/2809/2086 2547/2810/2087 2545/2808/2085 
f 2545/2808/2085 2544/2807/2084 2546/2809/2086 
f 2548/2811/2088 2549/2812/2089 2547/2810/2087 
f 2547/2810/2087 2546/2809/2086 2548/2811/2088 
f 2550/2813/2090 2551/2814/2091 2549/2812/2089 
f 2549/2812/2089 2548/2811/2088 2550/2813/2090 
f 2552/2815/2092 2553/2816/2093 2551/2814/2091 
f 2551/2814/2091 2550/2813/2090 2552/2815/2092 
f 2554/2817/2094 2555/2818/2095 2553/2816/2093 
f 2553/2816/2093 2552/2815/2092 2554/2817/2094 
f 2556/2819/2096 2557/2820/2097 2555/2818/2095 
f 2555/2818/2095 2554/2817/2094 2556/2819/2096 
f 2558/2821/2098 2559/2822/2099 2557/2823/2097 
f 2557/2823/2097 2556/2824/2096 2558/2821/2098 
f 2560/2825/2100 2561/2826/2100 2559/2827/2099 
f 2559/2827/2099 2558/2828/2098 2560/2825/2100 
s 4
f 2562/2829/2101 2563/2830/2102 2561/2831/2103 
f 2561/2831/2103 2560/2832/2104 2562/2829/2101 
f 2564/2833/2105 2565/2834/2106 2563/2830/2102 
f 2563/2830/2102 2562/2829/2101 2564/2833/2105 
s 2
f 2566/2835/2107 2567/2836/2108 2565/2834/2109 
f 2565/2834/2109 2564/2833/2110 2566/2835/2107 
f 2568/2837/2111 2569/2838/2112 2567/2836/2108 
f 2567/2836/2108 2566/2835/2107 2568/2837/2111 
s 4
f 2570/2839/2113 2571/2840/2114 2569/2838/2114 
f 2569/2838/2114 2568/2837/2115 2570/2839/2113 
s 2
f 2572/2841/2116 2572/2841/2117 2571/2840/2118 
f 2571/2840/2118 2570/2839/2119 2572/2841/2116 
s 4
f 2573/2842/2120 2470/2725/2012 2473/2728/2014 
f 2473/2728/2014 2574/2843/2121 2573/2842/2120 
f 2575/2844/2122 2474/2729/2015 2470/2725/2012 
f 2470/2725/2012 2573/2842/2120 2575/2844/2122 
s 2
f 2576/2845/2123 2476/2731/2016 2474/2734/1685 
f 2474/2734/1685 2575/2846/1685 2576/2845/2123 
f 2577/2847/2124 2478/2848/2018 2476/2849/2016 
f 2476/2849/2016 2576/2850/2123 2577/2847/2124 
f 2578/2851/2125 2480/2852/2020 2478/2848/2018 
f 2478/2848/2018 2577/2847/2124 2578/2851/2125 
f 2579/2853/2126 2482/2854/2022 2480/2852/2020 
f 2480/2852/2020 2578/2851/2125 2579/2853/2126 
f 2580/2855/2127 2484/2856/2024 2482/2854/2022 
f 2482/2854/2022 2579/2853/2126 2580/2855/2127 
f 2581/2857/2128 2486/2858/2026 2484/2856/2024 
f 2484/2856/2024 2580/2855/2127 2581/2857/2128 
f 2582/2859/2129 2488/2860/2028 2486/2858/2026 
f 2486/2858/2026 2581/2857/2128 2582/2859/2129 
f 2583/2861/2130 2490/2862/2030 2488/2860/2028 
f 2488/2860/2028 2582/2859/2129 2583/2861/2130 
f 2584/2863/2131 2492/2864/2032 2490/2862/2030 
f 2490/2862/2030 2583/2861/2130 2584/2863/2131 
f 2585/2865/2132 2494/2866/2034 2492/2864/2032 
f 2492/2864/2032 2584/2863/2131 2585/2865/2132 
f 2586/2867/2133 2496/2868/2036 2494/2866/2034 
f 2494/2866/2034 2585/2865/2132 2586/2867/2133 
f 2587/2869/2134 2498/2870/2038 2496/2868/2036 
f 2496/2868/2036 2586/2867/2133 2587/2869/2134 
f 2588/2871/2135 2500/2764/2040 2498/2870/2038 
f 2498/2870/2038 2587/2869/2134 2588/2871/2135 
f 2589/2872/2136 2502/2761/2042 2500/2764/2040 
f 2500/2764/2040 2588/2871/2135 2589/2872/2136 
f 2590/2873/2137 2504/2765/2044 2502/2761/2042 
f 2502/2761/2042 2589/2872/2136 2590/2873/2137 
f 2591/2874/2138 2506/2767/2046 2504/2765/2044 
f 2504/2765/2044 2590/2873/2137 2591/2874/2138 
f 2592/2875/2139 2508/2769/2048 2506/2767/2046 
f 2506/2767/2046 2591/2874/2138 2592/2875/2139 
f 2593/2876/2140 2510/2771/2050 2508/2769/2048 
f 2508/2769/2048 2592/2875/2139 2593/2876/2140 
f 2594/2877/2141 2512/2773/2052 2510/2771/2050 
f 2510/2771/2050 2593/2876/2140 2594/2877/2141 
f 2595/2878/2142 2514/2775/2054 2512/2773/2052 
f 2512/2773/2052 2594/2877/2141 2595/2878/2142 
f 2596/2879/2143 2516/2777/2056 2514/2775/2054 
f 2514/2775/2054 2595/2878/2142 2596/2879/2143 
f 2597/2880/2144 2518/2779/2058 2516/2777/2056 
f 2516/2777/2056 2596/2879/2143 2597/2880/2144 
f 2598/2881/2145 2520/2781/2060 2518/2779/2058 
f 2518/2779/2058 2597/2880/2144 2598/2881/2145 
f 2599/2882/2146 2522/2783/2062 2520/2781/2060 
f 2520/2781/2060 2598/2881/2145 2599/2882/2146 
f 2600/2883/2147 2524/2785/2064 2522/2783/2062 
f 2522/2783/2062 2599/2882/2146 2600/2883/2147 
f 2601/2884/2148 2526/2787/2066 2524/2785/2064 
f 2524/2785/2064 2600/2883/2147 2601/2884/2148 
f 2602/2885/2149 2528/2789/2068 2526/2787/2066 
f 2526/2787/2066 2601/2884/2148 2602/2885/2149 
f 2603/2886/2150 2530/2791/2070 2528/2794/2068 
f 2528/2794/2068 2602/2887/2149 2603/2886/2150 
f 2604/2888/2151 2532/2795/2072 2530/2791/2070 
f 2530/2791/2070 2603/2886/2150 2604/2888/2151 
f 2605/2889/2152 2534/2797/2074 2532/2795/2072 
f 2532/2795/2072 2604/2888/2151 2605/2889/2152 
f 2606/2890/2153 2536/2799/2076 2534/2797/2074 
f 2534/2797/2074 2605/2889/2152 2606/2890/2153 
f 2607/2891/2154 2538/2801/2078 2536/2799/2076 
f 2536/2799/2076 2606/2890/2153 2607/2891/2154 
f 2608/2892/2155 2540/2803/2080 2538/2801/2078 
f 2538/2801/2078 2607/2891/2154 2608/2892/2155 
f 2609/2893/2156 2542/2805/2082 2540/2803/2080 
f 2540/2803/2080 2608/2892/2155 2609/2893/2156 
f 2610/2894/2157 2544/2807/2084 2542/2805/2082 
f 2542/2805/2082 2609/2893/2156 2610/2894/2157 
f 2611/2895/2158 2546/2809/2086 2544/2807/2084 
f 2544/2807/2084 2610/2894/2157 2611/2895/2158 
f 2612/2896/2159 2548/2811/2088 2546/2809/2086 
f 2546/2809/2086 2611/2895/2158 2612/2896/2159 
f 2613/2897/2160 2550/2813/2090 2548/2811/2088 
f 2548/2811/2088 2612/2896/2159 2613/2897/2160 
f 2614/2898/2161 2552/2815/2092 2550/2813/2090 
f 2550/2813/2090 2613/2897/2160 2614/2898/2161 
f 2615/2899/2162 2554/2817/2094 2552/2815/2092 
f 2552/2815/2092 2614/2898/2161 2615/2899/2162 
f 2616/2900/2163 2556/2819/2096 2554/2817/2094 
f 2554/2817/2094 2615/2899/2162 2616/2900/2163 
f 2617/2901/2164 2558/2821/2098 2556/2824/2096 
f 2556/2824/2096 2616/2902/2163 2617/2901/2164 
f 2618/2903/2100 2560/2904/2100 2558/2821/2098 
f 2558/2821/2098 2617/2901/2164 2618/2903/2100 
s 4
f 2619/2905/2165 2562/2906/2101 2560/2904/2104 
f 2560/2904/2104 2618/2903/2166 2619/2905/2165 
f 2620/2907/2167 2564/2908/2105 2562/2906/2101 
f 2562/2906/2101 2619/2905/2165 2620/2907/2167 
s 2
f 2621/2909/2168 2566/2910/2107 2564/2908/2110 
f 2564/2908/2110 2620/2907/2169 2621/2909/2168 
f 2622/2911/2170 2568/2912/2111 2566/2910/2107 
f 2566/2910/2107 2621/2909/2168 2622/2911/2170 
s 4
f 2623/2913/2171 2570/2914/2113 2568/2912/2115 
f 2568/2912/2115 2622/2911/2172 2623/2913/2171 
s 2
f 2572/2915/2173 2572/2915/2116 2570/2916/2119 
f 2570/2916/2119 2623/2917/2174 2572/2915/2173 
s 4
f 2624/2918/2175 2573/2842/2120 2574/2843/2121 
f 2574/2843/2121 2625/2919/2175 2624/2918/2175 
f 2626/2920/2175 2575/2844/2122 2573/2842/2120 
f 2573/2842/2120 2624/2918/2175 2626/2920/2175 
s 2
f 2627/2921/2176 2576/2845/2123 2575/2846/1685 
f 2575/2846/1685 2626/2922/1685 2627/2921/2176 
f 2628/2923/2177 2577/2847/2124 2576/2850/2123 
f 2576/2850/2123 2627/2924/2176 2628/2923/2177 
f 2629/2925/2178 2578/2851/2125 2577/2847/2124 
f 2577/2847/2124 2628/2923/2177 2629/2925/2178 
f 2630/2926/2179 2579/2853/2126 2578/2851/2125 
f 2578/2851/2125 2629/2925/2178 2630/2926/2179 
f 2631/2927/2180 2580/2855/2127 2579/2853/2126 
f 2579/2853/2126 2630/2926/2179 2631/2927/2180 
f 2632/2928/2181 2581/2857/2128 2580/2855/2127 
f 2580/2855/2127 2631/2927/2180 2632/2928/2181 
f 2633/2929/2182 2582/2859/2129 2581/2857/2128 
f 2581/2857/2128 2632/2928/2181 2633/2929/2182 
f 2634/2930/2183 2583/2861/2130 2582/2859/2129 
f 2582/2859/2129 2633/2929/2182 2634/2930/2183 
f 2635/2931/2184 2584/2863/2131 2583/2861/2130 
f 2583/2861/2130 2634/2930/2183 2635/2931/2184 
f 2636/2932/2185 2585/2865/2132 2584/2863/2131 
f 2584/2863/2131 2635/2931/2184 2636/2932/2185 
f 2637/2933/2186 2586/2867/2133 2585/2865/2132 
f 2585/2865/2132 2636/2932/2185 2637/2933/2186 
f 2638/2934/2187 2587/2869/2134 2586/2867/2133 
f 2586/2867/2133 2637/2933/2186 2638/2934/2187 
f 2639/2935/2188 2588/2871/2135 2587/2869/2134 
f 2587/2869/2134 2638/2934/2187 2639/2935/2188 
f 2640/2936/2189 2589/2872/2136 2588/2871/2135 
f 2588/2871/2135 2639/2935/2188 2640/2936/2189 
f 2641/2937/2190 2590/2873/2137 2589/2872/2136 
f 2589/2872/2136 2640/2936/2189 2641/2937/2190 
f 2642/2938/2191 2591/2874/2138 2590/2873/2137 
f 2590/2873/2137 2641/2937/2190 2642/2938/2191 
f 2643/2939/2192 2592/2875/2139 2591/2874/2138 
f 2591/2874/2138 2642/2938/2191 2643/2939/2192 
f 2644/2940/2193 2593/2876/2140 2592/2875/2139 
f 2592/2875/2139 2643/2939/2192 2644/2940/2193 
f 2645/2941/2194 2594/2877/2141 2593/2876/2140 
f 2593/2876/2140 2644/2940/2193 2645/2941/2194 
f 2646/2942/2195 2595/2878/2142 2594/2877/2141 
f 2594/2877/2141 2645/2941/2194 2646/2942/2195 
f 2647/2943/2196 2596/2879/2143 2595/2878/2142 
f 2595/2878/2142 2646/2942/2195 2647/2943/2196 
f 2648/2944/2197 2597/2880/2144 2596/2879/2143 
f 2596/2879/2143 2647/2943/2196 2648/2944/2197 
f 2649/2945/2198 2598/2881/2145 2597/2880/2144 
f 2597/2880/2144 2648/2944/2197 2649/2945/2198 
f 2650/2946/2199 2599/2882/2146 2598/2881/2145 
f 2598/2881/2145 2649/2945/2198 2650/2946/2199 
f 2651/2947/2200 2600/2883/2147 2599/2882/2146 
f 2599/2882/2146 2650/2946/2199 2651/2947/2200 
f 2652/2948/2201 2601/2884/2148 2600/2883/2147 
f 2600/2883/2147 2651/2947/2200 2652/2948/2201 
f 2653/2949/2202 2602/2885/2149 2601/2884/2148 
f 2601/2884/2148 2652/2948/2201 2653/2949/2202 
f 2654/2950/2203 2603/2886/2150 2602/2887/2149 
f 2602/2887/2149 2653/2951/2202 2654/2950/2203 
f 2655/2952/2204 2604/2888/2151 2603/2886/2150 
f 2603/2886/2150 2654/2950/2203 2655/2952/2204 
f 2656/2953/2205 2605/2889/2152 2604/2888/2151 
f 2604/2888/2151 2655/2952/2204 2656/2953/2205 
f 2657/2954/2206 2606/2890/2153 2605/2889/2152 
f 2605/2889/2152 2656/2953/2205 2657/2954/2206 
f 2658/2955/2207 2607/2891/2154 2606/2890/2153 
f 2606/2890/2153 2657/2954/2206 2658/2955/2207 
f 2659/2956/2208 2608/2892/2155 2607/2891/2154 
f 2607/2891/2154 2658/2955/2207 2659/2956/2208 
f 2660/2957/2209 2609/2893/2156 2608/2892/2155 
f 2608/2892/2155 2659/2956/2208 2660/2957/2209 
f 2661/2958/2210 2610/2894/2157 2609/2893/2156 
f 2609/2893/2156 2660/2957/2209 2661/2958/2210 
f 2662/2959/2211 2611/2895/2158 2610/2894/2157 
f 2610/2894/2157 2661/2958/2210 2662/2959/2211 
f 2663/2960/2212 2612/2896/2159 2611/2895/2158 
f 2611/2895/2158 2662/2959/2211 2663/2960/2212 
f 2664/2961/2213 2613/2897/2160 2612/2896/2159 
f 2612/2896/2159 2663/2960/2212 2664/2961/2213 
f 2665/2962/2214 2614/2898/2161 2613/2897/2160 
f 2613/2897/2160 2664/2961/2213 2665/2962/2214 
f 2666/2963/2215 2615/2899/2162 2614/2898/2161 
f 2614/2898/2161 2665/2962/2214 2666/2963/2215 
f 2667/2964/2216 2616/2900/2163 2615/2899/2162 
f 2615/2899/2162 2666/2963/2215 2667/2964/2216 
f 2668/2965/2217 2617/2901/2164 2616/2902/2163 
f 2616/2902/2163 2667/2966/2216 2668/2965/2217 
f 2669/2967/2100 2618/2903/2100 2617/2901/2164 
f 2617/2901/2164 2668/2965/2217 2669/2967/2100 
s 4
f 2670/2968/2218 2619/2905/2165 2618/2903/2166 
f 2618/2903/2166 2669/2967/2219 2670/2968/2218 
f 2671/2969/2220 2620/2907/2167 2619/2905/2165 
f 2619/2905/2165 2670/2968/2218 2671/2969/2220 
s 2
f 2672/2970/2221 2621/2909/2168 2620/2907/2169 
f 2620/2907/2169 2671/2969/2222 2672/2970/2221 
f 2673/2971/2223 2622/2911/2170 2621/2909/2168 
f 2621/2909/2168 2672/2970/2221 2673/2971/2223 
s 4
f 2674/2972/2224 2623/2913/2171 2622/2911/2172 
f 2622/2911/2172 2673/2971/2224 2674/2972/2224 
s 2
f 2675/2915/2225 2572/2915/2173 2623/2917/2174 
f 2623/2917/2174 2674/2973/2226 2675/2915/2225 
s 4
f 2676/2974/2227 2624/2975/2175 2625/2976/2175 
f 2625/2976/2175 2677/2977/2228 2676/2974/2227 
f 2678/2978/2229 2626/2922/2175 2624/2975/2175 
f 2624/2975/2175 2676/2974/2227 2678/2978/2229 
s 2
f 2679/2979/2230 2627/2921/2176 2626/2922/1685 
f 2626/2922/1685 2678/2978/1685 2679/2979/2230 
f 2680/2980/2231 2628/2923/2177 2627/2924/2176 
f 2627/2924/2176 2679/2981/2230 2680/2980/2231 
f 2681/2982/2232 2629/2925/2178 2628/2923/2177 
f 2628/2923/2177 2680/2980/2231 2681/2982/2232 
f 2682/2983/2233 2630/2926/2179 2629/2925/2178 
f 2629/2925/2178 2681/2982/2232 2682/2983/2233 
f 2683/2984/2234 2631/2927/2180 2630/2926/2179 
f 2630/2926/2179 2682/2983/2233 2683/2984/2234 
f 2684/2985/2235 2632/2928/2181 2631/2927/2180 
f 2631/2927/2180 2683/2984/2234 2684/2985/2235 
f 2685/2986/2236 2633/2929/2182 2632/2928/2181 
f 2632/2928/2181 2684/2985/2235 2685/2986/2236 
f 2686/2987/2237 2634/2930/2183 2633/2929/2182 
f 2633/2929/2182 2685/2986/2236 2686/2987/2237 
f 2687/2988/2238 2635/2931/2184 2634/2930/2183 
f 2634/2930/2183 2686/2987/2237 2687/2988/2238 
f 2688/2989/2239 2636/2932/2185 2635/2931/2184 
f 2635/2931/2184 2687/2988/2238 2688/2989/2239 
f 2689/2990/2240 2637/2933/2186 2636/2932/2185 
f 2636/2932/2185 2688/2989/2239 2689/2990/2240 
f 2690/2991/2241 2638/2992/2187 2637/2993/2186 
f 2637/2993/2186 2689/2994/2240 2690/2991/2241 
f 2691/2995/2242 2639/2996/2188 2638/2992/2187 
f 2638/2992/2187 2690/2991/2241 2691/2995/2242 
f 2692/2997/2243 2640/2998/2189 2639/2996/2188 
f 2639/2996/2188 2691/2995/2242 2692/2997/2243 
f 2693/2999/2244 2641/2937/2190 2640/2936/2189 
f 2640/2936/2189 2692/3000/2243 2693/2999/2244 
f 2694/3001/2245 2642/2938/2191 2641/2937/2190 
f 2641/2937/2190 2693/2999/2244 2694/3001/2245 
f 2695/3002/2246 2643/2939/2192 2642/2938/2191 
f 2642/2938/2191 2694/3001/2245 2695/3002/2246 
f 2696/3003/2247 2644/2940/2193 2643/2939/2192 
f 2643/2939/2192 2695/3002/2246 2696/3003/2247 
f 2697/3004/2248 2645/2941/2194 2644/2940/2193 
f 2644/2940/2193 2696/3003/2247 2697/3004/2248 
f 2698/3005/2249 2646/2942/2195 2645/2941/2194 
f 2645/2941/2194 2697/3004/2248 2698/3005/2249 
f 2699/3006/2250 2647/2943/2196 2646/2942/2195 
f 2646/2942/2195 2698/3005/2249 2699/3006/2250 
f 2700/3007/2251 2648/2944/2197 2647/2943/2196 
f 2647/2943/2196 2699/3006/2250 2700/3007/2251 
f 2701/3008/2252 2649/2945/2198 2648/2944/2197 
f 2648/2944/2197 2700/3007/2251 2701/3008/2252 
f 2702/3009/2253 2650/2946/2199 2649/2945/2198 
f 2649/2945/2198 2701/3008/2252 2702/3009/2253 
f 2703/3010/2254 2651/2947/2200 2650/2946/2199 
f 2650/2946/2199 2702/3009/2253 2703/3010/2254 
f 2704/3011/2255 2652/2948/2201 2651/2947/2200 
f 2651/2947/2200 2703/3010/2254 2704/3011/2255 
f 2705/3012/2256 2653/2949/2202 2652/2948/2201 
f 2652/2948/2201 2704/3011/2255 2705/3012/2256 
f 2706/3013/2257 2654/2950/2203 2653/2951/2202 
f 2653/2951/2202 2705/3014/2256 2706/3013/2257 
f 2707/3015/2258 2655/2952/2204 2654/2950/2203 
f 2654/2950/2203 2706/3013/2257 2707/3015/2258 
f 2708/3016/2259 2656/2953/2205 2655/2952/2204 
f 2655/2952/2204 2707/3015/2258 2708/3016/2259 
f 2709/3017/2260 2657/2954/2206 2656/2953/2205 
f 2656/2953/2205 2708/3016/2259 2709/3017/2260 
f 2710/3018/2261 2658/2955/2207 2657/2954/2206 
f 2657/2954/2206 2709/3017/2260 2710/3018/2261 
f 2711/3019/2262 2659/2956/2208 2658/2955/2207 
f 2658/2955/2207 2710/3018/2261 2711/3019/2262 
f 2712/3020/2263 2660/2957/2209 2659/2956/2208 
f 2659/2956/2208 2711/3019/2262 2712/3020/2263 
f 2713/3021/2264 2661/2958/2210 2660/2957/2209 
f 2660/2957/2209 2712/3020/2263 2713/3021/2264 
f 2714/3022/2265 2662/2959/2211 2661/2958/2210 
f 2661/2958/2210 2713/3021/2264 2714/3022/2265 
f 2715/3023/2266 2663/2960/2212 2662/2959/2211 
f 2662/2959/2211 2714/3022/2265 2715/3023/2266 
f 2716/3024/2267 2664/2961/2213 2663/2960/2212 
f 2663/2960/2212 2715/3023/2266 2716/3024/2267 
f 2717/3025/2268 2665/2962/2214 2664/2961/2213 
f 2664/2961/2213 2716/3024/2267 2717/3025/2268 
f 2718/3026/2269 2666/2963/2215 2665/2962/2214 
f 2665/2962/2214 2717/3025/2268 2718/3026/2269 
f 2719/3027/2270 2667/2964/2216 2666/2963/2215 
f 2666/2963/2215 2718/3026/2269 2719/3027/2270 
f 2720/3028/2271 2668/2965/2217 2667/2966/2216 
f 2667/2966/2216 2719/3029/2270 2720/3028/2271 
f 2721/3030/2100 2669/2967/2100 2668/2965/2217 
f 2668/2965/2217 2720/3028/2271 2721/3030/2100 
s 4
f 2722/3031/2272 2670/2968/2218 2669/2967/2219 
f 2669/2967/2219 2721/3030/2273 2722/3031/2272 
f 2723/3032/2274 2671/2969/2220 2670/2968/2218 
f 2670/2968/2218 2722/3031/2272 2723/3032/2274 
s 2
f 2724/3033/2275 2672/2970/2221 2671/2969/2222 
f 2671/2969/2222 2723/3032/2276 2724/3033/2275 
f 2725/3034/2277 2673/3035/2223 2672/3036/2221 
f 2672/3036/2221 2724/3037/2275 2725/3034/2277 
s 4
f 2726/3038/2278 2674/2973/2224 2673/3035/2224 
f 2673/3035/2224 2725/3034/2279 2726/3038/2278 
s 2
f 2572/2915/2280 2675/2915/2225 2674/2973/2226 
f 2674/2973/2226 2726/3038/2281 2572/2915/2280 
s 4
f 2727/3039/2282 2676/3040/2227 2677/3041/2228 
f 2677/3041/2228 2728/3042/2283 2727/3039/2282 
f 2729/3043/2284 2678/3044/2229 2676/3040/2227 
f 2676/3040/2227 2727/3039/2282 2729/3043/2284 
s 2
f 2730/3045/2285 2679/2979/2230 2678/2978/1685 
f 2678/2978/1685 2729/3046/1685 2730/3045/2285 
f 2731/3047/2286 2680/3048/2231 2679/3049/2230 
f 2679/3049/2230 2730/3050/2285 2731/3047/2286 
f 2732/3051/2287 2681/3052/2232 2680/3048/2231 
f 2680/3048/2231 2731/3047/2286 2732/3051/2287 
f 2733/3053/2288 2682/3054/2233 2681/3052/2232 
f 2681/3052/2232 2732/3051/2287 2733/3053/2288 
f 2734/3055/2289 2683/3056/2234 2682/3054/2233 
f 2682/3054/2233 2733/3053/2288 2734/3055/2289 
f 2735/3057/2290 2684/3058/2235 2683/3056/2234 
f 2683/3056/2234 2734/3055/2289 2735/3057/2290 
f 2736/3059/2291 2685/3060/2236 2684/3058/2235 
f 2684/3058/2235 2735/3057/2290 2736/3059/2291 
f 2737/3061/2292 2686/3062/2237 2685/3060/2236 
f 2685/3060/2236 2736/3059/2291 2737/3061/2292 
f 2738/3063/2293 2687/3064/2238 2686/3062/2237 
f 2686/3062/2237 2737/3061/2292 2738/3063/2293 
f 2739/3065/2294 2688/3066/2239 2687/3064/2238 
f 2687/3064/2238 2738/3063/2293 2739/3065/2294 
f 2740/3067/2295 2689/2994/2240 2688/3066/2239 
f 2688/3066/2239 2739/3065/2294 2740/3067/2295 
f 2741/3068/2296 2690/2991/2241 2689/2994/2240 
f 2689/2994/2240 2740/3067/2295 2741/3068/2296 
f 2742/3069/2297 2691/2995/2242 2690/2991/2241 
f 2690/2991/2241 2741/3068/2296 2742/3069/2297 
f 2743/3070/2298 2692/2997/2243 2691/2995/2242 
f 2691/2995/2242 2742/3069/2297 2743/3070/2298 
f 2744/3071/2299 2693/2999/2244 2692/3000/2243 
f 2692/3000/2243 2743/3072/2298 2744/3071/2299 
f 2745/3073/2300 2694/3001/2245 2693/2999/2244 
f 2693/2999/2244 2744/3071/2299 2745/3073/2300 
f 2746/3074/2301 2695/3002/2246 2694/3001/2245 
f 2694/3001/2245 2745/3073/2300 2746/3074/2301 
f 2747/3075/2302 2696/3003/2247 2695/3002/2246 
f 2695/3002/2246 2746/3074/2301 2747/3075/2302 
f 2748/3076/2303 2697/3004/2248 2696/3003/2247 
f 2696/3003/2247 2747/3075/2302 2748/3076/2303 
f 2749/3077/2304 2698/3005/2249 2697/3004/2248 
f 2697/3004/2248 2748/3076/2303 2749/3077/2304 
f 2750/3078/2305 2699/3006/2250 2698/3005/2249 
f 2698/3005/2249 2749/3077/2304 2750/3078/2305 
f 2751/3079/2306 2700/3007/2251 2699/3006/2250 
f 2699/3006/2250 2750/3078/2305 2751/3079/2306 
f 2752/3080/2307 2701/3008/2252 2700/3007/2251 
f 2700/3007/2251 2751/3079/2306 2752/3080/2307 
f 2753/3081/2308 2702/3009/2253 2701/3008/2252 
f 2701/3008/2252 2752/3080/2307 2753/3081/2308 
f 2754/3082/2309 2703/3010/2254 2702/3009/2253 
f 2702/3009/2253 2753/3081/2308 2754/3082/2309 
f 2755/3083/2310 2704/3011/2255 2703/3010/2254 
f 2703/3010/2254 2754/3082/2309 2755/3083/2310 
f 2756/3084/2311 2705/3012/2256 2704/3011/2255 
f 2704/3011/2255 2755/3083/2310 2756/3084/2311 
f 2757/3085/2312 2706/3013/2257 2705/3014/2256 
f 2705/3014/2256 2756/3086/2311 2757/3085/2312 
f 2758/3087/2313 2707/3015/2258 2706/3013/2257 
f 2706/3013/2257 2757/3085/2312 2758/3087/2313 
f 2759/3088/2314 2708/3016/2259 2707/3015/2258 
f 2707/3015/2258 2758/3087/2313 2759/3088/2314 
f 2760/3089/2315 2709/3017/2260 2708/3016/2259 
f 2708/3016/2259 2759/3088/2314 2760/3089/2315 
f 2761/3090/2316 2710/3018/2261 2709/3017/2260 
f 2709/3017/2260 2760/3089/2315 2761/3090/2316 
f 2762/3091/2317 2711/3019/2262 2710/3018/2261 
f 2710/3018/2261 2761/3090/2316 2762/3091/2317 
f 2763/3092/2318 2712/3020/2263 2711/3019/2262 
f 2711/3019/2262 2762/3091/2317 2763/3092/2318 
f 2764/3093/2319 2713/3021/2264 2712/3020/2263 
f 2712/3020/2263 2763/3092/2318 2764/3093/2319 
f 2765/3094/2320 2714/3022/2265 2713/3021/2264 
f 2713/3021/2264 2764/3093/2319 2765/3094/2320 
f 2766/3095/2321 2715/3023/2266 2714/3022/2265 
f 2714/3022/2265 2765/3094/2320 2766/3095/2321 
f 2767/3096/2322 2716/3024/2267 2715/3023/2266 
f 2715/3023/2266 2766/3095/2321 2767/3096/2322 
f 2768/3097/2323 2717/3025/2268 2716/3024/2267 
f 2716/3024/2267 2767/3096/2322 2768/3097/2323 
f 2769/3098/2324 2718/3026/2269 2717/3025/2268 
f 2717/3025/2268 2768/3097/2323 2769/3098/2324 
f 2770/3099/2325 2719/3027/2270 2718/3026/2269 
f 2718/3026/2269 2769/3098/2324 2770/3099/2325 
f 2771/3100/2326 2720/3028/2271 2719/3029/2270 
f 2719/3029/2270 2770/3101/2325 2771/3100/2326 
f 2772/3102/2100 2721/3030/2100 2720/3028/2271 
f 2720/3028/2271 2771/3100/2326 2772/3102/2100 
s 4
f 2773/3103/2327 2722/3031/2272 2721/3030/2273 
f 2721/3030/2273 2772/3102/2328 2773/3103/2327 
f 2774/3104/2329 2723/3105/2274 2722/3106/2272 
f 2722/3106/2272 2773/3107/2327 2774/3104/2329 
s 2
f 2775/3108/2330 2724/3109/2275 2723/3105/2276 
f 2723/3105/2276 2774/3104/2331 2775/3108/2330 
f 2776/3110/2332 2725/3111/2277 2724/3109/2275 
f 2724/3109/2275 2775/3108/2330 2776/3110/2332 
s 4
f 2777/3112/2333 2726/3038/2278 2725/3034/2279 
f 2725/3034/2279 2776/3113/2334 2777/3112/2333 
s 2
f 2572/2915/2335 2572/2915/2280 2726/3038/2281 
f 2726/3038/2281 2777/3112/2336 2572/2915/2335 
s 4
f 2471/2726/2013 2727/3039/2282 2728/3042/2283 
f 2728/3042/2283 2472/2727/2013 2471/2726/2013 
f 2475/2730/2013 2729/3043/2284 2727/3039/2282 
f 2727/3039/2282 2471/2726/2013 2475/2730/2013 
s 2
f 2477/3114/2017 2730/3045/2285 2729/3046/1685 
f 2729/3046/1685 2475/3115/1685 2477/3114/2017 
f 2479/2736/2019 2731/3047/2286 2730/3050/2285 
f 2730/3050/2285 2477/2737/2017 2479/2736/2019 
f 2481/2740/2021 2732/3051/2287 2731/3047/2286 
f 2731/3047/2286 2479/2736/2019 2481/2740/2021 
f 2483/2742/2023 2733/3053/2288 2732/3051/2287 
f 2732/3051/2287 2481/2740/2021 2483/2742/2023 
f 2485/2744/2025 2734/3055/2289 2733/3053/2288 
f 2733/3053/2288 2483/2742/2023 2485/2744/2025 
f 2487/2746/2027 2735/3057/2290 2734/3055/2289 
f 2734/3055/2289 2485/2744/2025 2487/2746/2027 
f 2489/2748/2029 2736/3059/2291 2735/3057/2290 
f 2735/3057/2290 2487/2746/2027 2489/2748/2029 
f 2491/2750/2031 2737/3061/2292 2736/3059/2291 
f 2736/3059/2291 2489/2748/2029 2491/2750/2031 
f 2493/2752/2033 2738/3063/2293 2737/3061/2292 
f 2737/3061/2292 2491/2750/2031 2493/2752/2033 
f 2495/2754/2035 2739/3065/2294 2738/3063/2293 
f 2738/3063/2293 2493/2752/2033 2495/2754/2035 
f 2497/2756/2037 2740/3067/2295 2739/3065/2294 
f 2739/3065/2294 2495/2754/2035 2497/2756/2037 
f 2499/2758/2039 2741/3068/2296 2740/3067/2295 
f 2740/3067/2295 2497/2756/2037 2499/2758/2039 
f 2501/2760/2041 2742/3069/2297 2741/3068/2296 
f 2741/3068/2296 2499/2758/2039 2501/2760/2041 
f 2503/3116/2043 2743/3070/2298 2742/3069/2297 
f 2742/3069/2297 2501/2760/2041 2503/3116/2043 
f 2505/3117/2045 2744/3071/2299 2743/3072/2298 
f 2743/3072/2298 2503/3118/2043 2505/3117/2045 
f 2507/3119/2047 2745/3073/2300 2744/3071/2299 
f 2744/3071/2299 2505/3117/2045 2507/3119/2047 
f 2509/3120/2049 2746/3074/2301 2745/3073/2300 
f 2745/3073/2300 2507/3119/2047 2509/3120/2049 
f 2511/3121/2051 2747/3075/2302 2746/3074/2301 
f 2746/3074/2301 2509/3120/2049 2511/3121/2051 
f 2513/3122/2053 2748/3076/2303 2747/3075/2302 
f 2747/3075/2302 2511/3121/2051 2513/3122/2053 
f 2515/3123/2055 2749/3077/2304 2748/3076/2303 
f 2748/3076/2303 2513/3122/2053 2515/3123/2055 
f 2517/3124/2057 2750/3078/2305 2749/3077/2304 
f 2749/3077/2304 2515/3123/2055 2517/3124/2057 
f 2519/3125/2059 2751/3079/2306 2750/3078/2305 
f 2750/3078/2305 2517/3124/2057 2519/3125/2059 
f 2521/3126/2061 2752/3080/2307 2751/3079/2306 
f 2751/3079/2306 2519/3125/2059 2521/3126/2061 
f 2523/3127/2063 2753/3081/2308 2752/3080/2307 
f 2752/3080/2307 2521/3126/2061 2523/3127/2063 
f 2525/3128/2065 2754/3082/2309 2753/3081/2308 
f 2753/3081/2308 2523/3127/2063 2525/3128/2065 
f 2527/3129/2067 2755/3083/2310 2754/3082/2309 
f 2754/3082/2309 2525/3128/2065 2527/3129/2067 
f 2529/3130/2069 2756/3084/2311 2755/3083/2310 
f 2755/3083/2310 2527/3129/2067 2529/3130/2069 
f 2531/3131/2071 2757/3085/2312 2756/3086/2311 
f 2756/3086/2311 2529/3132/2069 2531/3131/2071 
f 2533/3133/2073 2758/3087/2313 2757/3085/2312 
f 2757/3085/2312 2531/3131/2071 2533/3133/2073 
f 2535/3134/2075 2759/3088/2314 2758/3087/2313 
f 2758/3087/2313 2533/3133/2073 2535/3134/2075 
f 2537/3135/2077 2760/3089/2315 2759/3088/2314 
f 2759/3088/2314 2535/3134/2075 2537/3135/2077 
f 2539/3136/2079 2761/3090/2316 2760/3089/2315 
f 2760/3089/2315 2537/3135/2077 2539/3136/2079 
f 2541/3137/2081 2762/3091/2317 2761/3090/2316 
f 2761/3090/2316 2539/3136/2079 2541/3137/2081 
f 2543/3138/2083 2763/3092/2318 2762/3091/2317 
f 2762/3091/2317 2541/3137/2081 2543/3138/2083 
f 2545/3139/2085 2764/3093/2319 2763/3092/2318 
f 2763/3092/2318 2543/3138/2083 2545/3139/2085 
f 2547/3140/2087 2765/3094/2320 2764/3093/2319 
f 2764/3093/2319 2545/3139/2085 2547/3140/2087 
f 2549/3141/2089 2766/3095/2321 2765/3094/2320 
f 2765/3094/2320 2547/3140/2087 2549/3141/2089 
f 2551/3142/2091 2767/3096/2322 2766/3095/2321 
f 2766/3095/2321 2549/3141/2089 2551/3142/2091 
f 2553/3143/2093 2768/3097/2323 2767/3096/2322 
f 2767/3096/2322 2551/3142/2091 2553/3143/2093 
f 2555/3144/2095 2769/3098/2324 2768/3097/2323 
f 2768/3097/2323 2553/3143/2093 2555/3144/2095 
f 2557/3145/2097 2770/3146/2325 2769/3147/2324 
f 2769/3147/2324 2555/3148/2095 2557/3145/2097 
f 2559/3149/2099 2771/3150/2326 2770/3146/2325 
f 2770/3146/2325 2557/3145/2097 2559/3149/2099 
f 2561/2826/2100 2772/3102/2100 2771/3100/2326 
f 2771/3100/2326 2559/2827/2099 2561/2826/2100 
s 4
f 2563/2830/2102 2773/3107/2327 2772/3151/2328 
f 2772/3151/2328 2561/2831/2103 2563/2830/2102 
f 2565/2834/2106 2774/3104/2329 2773/3107/2327 
f 2773/3107/2327 2563/2830/2102 2565/2834/2106 
s 2
f 2567/2836/2108 2775/3108/2330 2774/3104/2331 
f 2774/3104/2331 2565/2834/2109 2567/2836/2108 
f 2569/2838/2112 2776/3110/2332 2775/3108/2330 
f 2775/3108/2330 2567/2836/2108 2569/2838/2112 
s 4
f 2571/2840/2114 2777/3152/2333 2776/3110/2334 
f 2776/3110/2334 2569/2838/2114 2571/2840/2114 
s 2
f 2572/2915/2117 2572/2915/2335 2777/3112/2336 
f 2777/3112/2336 2571/3153/2118 2572/2915/2117 
s 8
f 2778/3154/2337 2779/3155/2338 2780/3156/2339 
f 2780/3156/2339 2781/3157/2340 2778/3154/2337 
f 2782/3158/2341 2781/3157/2340 2780/3156/2339 
f 2780/3156/2339 2783/3159/2342 2782/3158/2341 
f 2784/3160/2343 2782/3161/2341 2783/3162/2342 
f 2783/3162/2342 2785/3163/2344 2784/3160/2343 
f 2786/3164/2345 2784/3160/2343 2785/3163/2344 
f 2785/3163/2344 2787/3165/2346 2786/3164/2345 
f 2788/3166/2347 2786/3164/2345 2787/3165/2346 
f 2787/3165/2346 2789/3167/2348 2788/3166/2347 
f 2788/3166/2347 2789/3167/2348 2790/3168/2349 
f 2790/3168/2349 2791/3169/2350 2788/3166/2347 
f 2791/3170/2350 2790/3171/2349 2792/3172/2351 
f 2792/3172/2351 2793/3173/2352 2791/3170/2350 
f 2793/3173/2352 2792/3172/2351 2779/3155/2338 
f 2779/3155/2338 2778/3154/2337 2793/3173/2352 
s 19
f 2794/3174/2353 2795/3175/2354 2796/3176/2355 
f 2796/3176/2355 2797/3177/2356 2798/3178/2357 
f 2798/3178/2357 2799/3179/2358 2800/3180/2359 
f 2796/3176/2355 2798/3178/2357 2800/3180/2359 
f 2794/3174/2353 2796/3176/2355 2800/3180/2359 
f 2794/3174/2353 2800/3180/2359 2801/3181/2360 
s 24
f 2802/3182/2361 2803/3183/2362 2804/3184/2363 
f 2804/3184/2363 2805/3185/2364 2802/3182/2361 
f 2804/3184/2363 2806/3186/2365 2807/3187/2366 
f 2807/3187/2366 2805/3185/2364 2804/3184/2363 
f 2806/3188/2365 2808/3189/2367 2809/3190/2368 
f 2809/3190/2368 2807/3191/2366 2806/3188/2365 
f 2808/3189/2367 2810/3192/2369 2811/3193/2370 
f 2811/3193/2370 2809/3190/2368 2808/3189/2367 
f 2810/3192/2369 2812/3194/2371 2813/3195/2372 
f 2813/3195/2372 2811/3193/2370 2810/3192/2369 
f 2813/3195/2372 2812/3194/2371 2814/3196/2373 
f 2814/3196/2373 2815/3197/2374 2813/3195/2372 
f 2815/3198/2374 2814/3199/2373 2816/3200/2375 
f 2816/3200/2375 2817/3201/2376 2815/3198/2374 
f 2817/3201/2376 2816/3200/2375 2803/3183/2362 
f 2803/3183/2362 2802/3182/2361 2817/3201/2376 
s 8
f 2803/3183/2362 2778/3154/2337 2781/3157/2340 
f 2781/3157/2340 2804/3184/2363 2803/3183/2362 
f 2781/3157/2340 2782/3158/2341 2806/3186/2365 
f 2806/3186/2365 2804/3184/2363 2781/3157/2340 
f 2782/3161/2341 2784/3160/2343 2808/3189/2367 
f 2808/3189/2367 2806/3188/2365 2782/3161/2341 
f 2784/3160/2343 2786/3164/2345 2810/3192/2369 
f 2810/3192/2369 2808/3189/2367 2784/3160/2343 
f 2786/3164/2345 2788/3166/2347 2812/3194/2371 
f 2812/3194/2371 2810/3192/2369 2786/3164/2345 
f 2812/3194/2371 2788/3166/2347 2791/3169/2350 
f 2791/3169/2350 2814/3196/2373 2812/3194/2371 
f 2814/3199/2373 2791/3170/2350 2793/3173/2352 
f 2793/3173/2352 2816/3200/2375 2814/3199/2373 
f 2816/3200/2375 2793/3173/2352 2778/3154/2337 
f 2778/3154/2337 2803/3183/2362 2816/3200/2375 
s 18
f 2798/3202/2357 2797/3203/2356 2802/3182/2361 
f 2802/3182/2361 2805/3185/2364 2798/3202/2357 
f 2799/3204/2358 2798/3202/2357 2805/3185/2364 
f 2805/3185/2364 2807/3187/2366 2799/3204/2358 
f 2800/3180/2359 2799/3179/2358 2807/3191/2366 
f 2807/3191/2366 2809/3190/2368 2800/3180/2359 
f 2801/3181/2360 2800/3180/2359 2809/3190/2368 
f 2809/3190/2368 2811/3193/2370 2801/3181/2360 
f 2794/3174/2353 2801/3181/2360 2811/3193/2370 
f 2811/3193/2370 2813/3195/2372 2794/3174/2353 
f 2795/3175/2354 2794/3174/2353 2813/3195/2372 
f 2813/3195/2372 2815/3197/2374 2795/3175/2354 
f 2796/3205/2355 2795/3206/2354 2815/3198/2374 
f 2815/3198/2374 2817/3201/2376 2796/3205/2355 
f 2797/3203/2356 2796/3205/2355 2817/3201/2376 
f 2817/3201/2376 2802/3182/2361 2797/3203/2356 
s 1
f 2818/3207/2377 2819/3208/2378 2820/3209/2379 
f 2820/3209/2379 2821/3210/2380 2818/3207/2377 
s 2
f 2821/3210/2381 2820/3209/2382 2822/3211/2383 
f 2822/3211/2383 2823/3212/2384 2821/3210/2381 
s 1
f 2823/3213/2385 2822/3214/2386 2824/3215/2387 
f 2824/3215/2387 2825/3216/2385 2823/3213/2385 
s 2
f 2825/3216/2388 2824/3215/2389 2826/3217/2390 
f 2826/3217/2390 2827/3218/2391 2825/3216/2388 
s 4
f 2827/3218/2392 2826/3217/2393 2819/3219/2394 
f 2819/3219/2394 2818/3220/2395 2827/3218/2392 
s 1
f 2819/3208/2378 2828/3221/2396 2829/3222/2397 
f 2829/3222/2397 2820/3209/2379 2819/3208/2378 
s 2
f 2820/3209/2382 2829/3222/2398 2830/3223/2399 
f 2830/3223/2399 2822/3211/2383 2820/3209/2382 
s 1
f 2822/3214/2386 2830/3224/2400 2831/3225/2401 
f 2831/3225/2401 2824/3215/2387 2822/3214/2386 
s 2
f 2824/3215/2389 2831/3225/2402 2832/3226/2403 
f 2832/3226/2403 2826/3217/2390 2824/3215/2389 
s 4
f 2826/3217/2393 2832/3226/2404 2828/3227/2405 
f 2828/3227/2405 2819/3219/2394 2826/3217/2393 
s 1
f 2828/3221/2396 2833/3228/2406 2834/3229/2407 
f 2834/3229/2407 2829/3222/2397 2828/3221/2396 
s 2
f 2829/3222/2398 2834/3229/2408 2835/3230/2409 
f 2835/3230/2409 2830/3223/2399 2829/3222/2398 
s 1
f 2830/3224/2400 2835/3231/2410 2836/3232/2411 
f 2836/3232/2411 2831/3225/2401 2830/3224/2400 
s 2
f 2831/3225/2402 2836/3232/2412 2837/3233/2413 
f 2837/3233/2413 2832/3226/2403 2831/3225/2402 
s 4
f 2832/3226/2404 2837/3233/2414 2833/3234/2415 
f 2833/3234/2415 2828/3227/2405 2832/3226/2404 
s 1
f 2833/3234/2406 2838/3235/2416 2839/3236/2417 
f 2839/3236/2417 2834/3237/2407 2833/3234/2406 
s 2
f 2834/3229/2408 2839/3238/2418 2840/3239/2419 
f 2840/3239/2419 2835/3230/2409 2834/3229/2408 
s 1
f 2835/3230/2410 2840/3239/2420 2841/3240/2420 
f 2841/3240/2420 2836/3241/2411 2835/3230/2410 
s 2
f 2836/3232/2412 2841/3242/2421 2842/3243/2422 
f 2842/3243/2422 2837/3233/2413 2836/3232/2412 
s 4
f 2837/3233/2414 2842/3243/2423 2838/3235/2424 
f 2838/3235/2424 2833/3234/2415 2837/3233/2414 
s 8
f 2840/3239/2425 2839/3238/2425 2838/3244/2425 
f 2841/3240/2425 2840/3239/2425 2838/3244/2425 
f 2842/3245/2426 2841/3240/2425 2838/3244/2425 
s 2
f 2843/1848/2427 2844/1849/2428 2845/1850/2429 
f 2845/1850/2429 2846/1851/2430 2843/1848/2427 
f 2847/1852/2431 2848/1853/2432 2844/1849/2428 
f 2844/1849/2428 2843/1848/2427 2847/1852/2431 
f 2849/1854/2433 2850/1855/2434 2848/1853/2432 
f 2848/1853/2432 2847/1852/2431 2849/1854/2433 
f 2851/1856/2435 2852/1857/2436 2850/1855/2434 
f 2850/1855/2434 2849/1854/2433 2851/1856/2435 
f 2853/1858/2437 2854/1859/2438 2852/1857/2436 
f 2852/1857/2436 2851/1856/2435 2853/1858/2437 
f 2855/1860/2439 2856/1861/2440 2854/1859/2438 
f 2854/1859/2438 2853/1858/2437 2855/1860/2439 
f 2857/1862/2441 2858/1863/2442 2856/1861/2440 
f 2856/1861/2440 2855/1860/2439 2857/1862/2441 
f 2859/1864/2443 2860/1865/2444 2858/1863/2442 
f 2858/1863/2442 2857/1862/2441 2859/1864/2443 
f 2861/1866/2445 2862/1867/2446 2860/1865/2444 
f 2860/1865/2444 2859/1864/2443 2861/1866/2445 
f 2863/1868/2447 2864/1869/2448 2862/1867/2446 
f 2862/1867/2446 2861/1866/2445 2863/1868/2447 
f 2865/1870/2449 2866/1871/2450 2864/1869/2448 
f 2864/1869/2448 2863/1868/2447 2865/1870/2449 
f 2867/1872/2451 2868/1873/2452 2866/1871/2450 
f 2866/1871/2450 2865/1870/2449 2867/1872/2451 
f 2869/1874/2453 2870/1875/2454 2868/1873/2452 
f 2868/1873/2452 2867/1872/2451 2869/1874/2453 
f 2871/1876/2455 2872/1877/2456 2870/1875/2454 
f 2870/1875/2454 2869/1874/2453 2871/1876/2455 
f 2873/1878/2457 2874/1879/2458 2872/1877/2456 
f 2872/1877/2456 2871/1876/2455 2873/1878/2457 
f 2875/1880/2459 2876/1881/2460 2874/1879/2458 
f 2874/1879/2458 2873/1878/2457 2875/1880/2459 
f 2877/1882/2461 2878/1883/2462 2876/1881/2460 
f 2876/1881/2460 2875/1880/2459 2877/1882/2461 
f 2879/1884/2463 2880/1885/2464 2878/1883/2462 
f 2878/1883/2462 2877/1882/2461 2879/1884/2463 
f 2881/1886/2465 2882/1887/2466 2880/1885/2464 
f 2880/1885/2464 2879/1884/2463 2881/1886/2465 
f 2883/1888/2467 2884/1889/2468 2882/1887/2466 
f 2882/1887/2466 2881/1886/2465 2883/1888/2467 
f 2885/1890/2469 2886/1891/2470 2884/1889/2468 
f 2884/1889/2468 2883/1888/2467 2885/1890/2469 
f 2887/1892/2471 2888/1893/2472 2886/1891/2470 
f 2886/1891/2470 2885/1890/2469 2887/1892/2471 
f 2889/1894/2473 2890/1895/2474 2888/1893/2472 
f 2888/1893/2472 2887/1892/2471 2889/1894/2473 
f 2891/1896/2475 2892/1897/2476 2890/1895/2474 
f 2890/1895/2474 2889/1894/2473 2891/1896/2475 
f 2893/1898/2477 2894/1899/2478 2892/1900/2476 
f 2892/1900/2476 2891/1901/2475 2893/1898/2477 
f 2895/1902/2479 2896/1903/2480 2894/1899/2478 
f 2894/1899/2478 2893/1898/2477 2895/1902/2479 
f 2896/1903/2480 2895/1902/2479 2897/1904/2481 
f 2898/1905/2482 2843/1848/2427 2846/1851/2430 
f 2846/1851/2430 2899/1906/2483 2898/1905/2482 
f 2900/1907/2484 2847/1852/2431 2843/1848/2427 
f 2843/1848/2427 2898/1905/2482 2900/1907/2484 
f 2901/1908/2485 2849/1854/2433 2847/1852/2431 
f 2847/1852/2431 2900/1907/2484 2901/1908/2485 
f 2902/1909/2486 2851/1856/2435 2849/1854/2433 
f 2849/1854/2433 2901/1908/2485 2902/1909/2486 
f 2903/1910/2487 2853/1858/2437 2851/1856/2435 
f 2851/1856/2435 2902/1909/2486 2903/1910/2487 
f 2904/1911/2488 2855/1860/2439 2853/1858/2437 
f 2853/1858/2437 2903/1910/2487 2904/1911/2488 
f 2905/1912/2489 2857/1862/2441 2855/1860/2439 
f 2855/1860/2439 2904/1911/2488 2905/1912/2489 
f 2906/1913/2490 2859/1864/2443 2857/1862/2441 
f 2857/1862/2441 2905/1912/2489 2906/1913/2490 
f 2907/1914/2491 2861/1866/2445 2859/1864/2443 
f 2859/1864/2443 2906/1913/2490 2907/1914/2491 
f 2908/1915/2492 2863/1868/2447 2861/1866/2445 
f 2861/1866/2445 2907/1914/2491 2908/1915/2492 
f 2909/1916/2493 2865/1870/2449 2863/1868/2447 
f 2863/1868/2447 2908/1915/2492 2909/1916/2493 
f 2910/1917/2494 2867/1872/2451 2865/1870/2449 
f 2865/1870/2449 2909/1916/2493 2910/1917/2494 
f 2911/1918/2495 2869/1874/2453 2867/1872/2451 
f 2867/1872/2451 2910/1917/2494 2911/1918/2495 
f 2912/1919/2496 2871/1876/2455 2869/1874/2453 
f 2869/1874/2453 2911/1918/2495 2912/1919/2496 
f 2913/1920/2497 2873/1878/2457 2871/1876/2455 
f 2871/1876/2455 2912/1919/2496 2913/1920/2497 
f 2914/1921/2498 2875/1880/2459 2873/1878/2457 
f 2873/1878/2457 2913/1920/2497 2914/1921/2498 
f 2915/1922/2499 2877/1882/2461 2875/1880/2459 
f 2875/1880/2459 2914/1921/2498 2915/1922/2499 
f 2916/1923/2500 2879/1884/2463 2877/1882/2461 
f 2877/1882/2461 2915/1922/2499 2916/1923/2500 
f 2917/1924/2501 2881/1886/2465 2879/1884/2463 
f 2879/1884/2463 2916/1923/2500 2917/1924/2501 
f 2918/1925/2502 2883/1888/2467 2881/1886/2465 
f 2881/1886/2465 2917/1924/2501 2918/1925/2502 
f 2919/1926/2503 2885/1890/2469 2883/1888/2467 
f 2883/1888/2467 2918/1925/2502 2919/1926/2503 
f 2920/1927/2504 2887/1892/2471 2885/1890/2469 
f 2885/1890/2469 2919/1926/2503 2920/1927/2504 
f 2921/1928/2505 2889/1894/2473 2887/1892/2471 
f 2887/1892/2471 2920/1927/2504 2921/1928/2505 
f 2922/1929/2506 2891/1896/2475 2889/1894/2473 
f 2889/1894/2473 2921/1928/2505 2922/1929/2506 
f 2923/1930/2507 2893/1898/2477 2891/1901/2475 
f 2891/1901/2475 2922/1931/2506 2923/1930/2507 
f 2924/1932/2508 2895/1902/2479 2893/1898/2477 
f 2893/1898/2477 2923/1930/2507 2924/1932/2508 
f 2895/1902/2479 2924/1932/2508 2897/1904/2481 
f 2925/1933/2509 2898/1905/2482 2899/1906/2483 
f 2899/1906/2483 2926/1934/2510 2925/1933/2509 
f 2927/1935/2511 2900/1907/2484 2898/1905/2482 
f 2898/1905/2482 2925/1933/2509 2927/1935/2511 
f 2928/1936/2512 2901/1908/2485 2900/1907/2484 
f 2900/1907/2484 2927/1935/2511 2928/1936/2512 
f 2929/1937/2513 2902/1909/2486 2901/1908/2485 
f 2901/1908/2485 2928/1936/2512 2929/1937/2513 
f 2930/1938/2514 2903/1910/2487 2902/1909/2486 
f 2902/1909/2486 2929/1937/2513 2930/1938/2514 
f 2931/1939/2515 2904/1911/2488 2903/1910/2487 
f 2903/1910/2487 2930/1938/2514 2931/1939/2515 
f 2932/1940/2516 2905/1912/2489 2904/1911/2488 
f 2904/1911/2488 2931/1939/2515 2932/1940/2516 
f 2933/1941/2517 2906/1913/2490 2905/1912/2489 
f 2905/1912/2489 2932/1940/2516 2933/1941/2517 
f 2934/1942/2518 2907/1914/2491 2906/1913/2490 
f 2906/1913/2490 2933/1941/2517 2934/1942/2518 
f 2935/1943/2519 2908/1915/2492 2907/1914/2491 
f 2907/1914/2491 2934/1942/2518 2935/1943/2519 
f 2936/1944/2520 2909/1916/2493 2908/1915/2492 
f 2908/1915/2492 2935/1943/2519 2936/1944/2520 
f 2937/1945/2521 2910/1917/2494 2909/1916/2493 
f 2909/1916/2493 2936/1944/2520 2937/1945/2521 
f 2938/1946/2522 2911/1918/2495 2910/1917/2494 
f 2910/1917/2494 2937/1945/2521 2938/1946/2522 
f 2939/1947/2523 2912/1919/2496 2911/1918/2495 
f 2911/1918/2495 2938/1946/2522 2939/1947/2523 
f 2940/1948/2524 2913/1920/2497 2912/1919/2496 
f 2912/1919/2496 2939/1947/2523 2940/1948/2524 
f 2941/1949/2525 2914/1921/2498 2913/1920/2497 
f 2913/1920/2497 2940/1948/2524 2941/1949/2525 
f 2942/1950/2526 2915/1922/2499 2914/1921/2498 
f 2914/1921/2498 2941/1949/2525 2942/1950/2526 
f 2943/1951/2527 2916/1923/2500 2915/1922/2499 
f 2915/1922/2499 2942/1950/2526 2943/1951/2527 
f 2944/1952/2528 2917/1924/2501 2916/1923/2500 
f 2916/1923/2500 2943/1951/2527 2944/1952/2528 
f 2945/1953/2529 2918/1925/2502 2917/1924/2501 
f 2917/1924/2501 2944/1952/2528 2945/1953/2529 
f 2946/1954/2530 2919/1926/2503 2918/1925/2502 
f 2918/1925/2502 2945/1953/2529 2946/1954/2530 
f 2947/1955/2531 2920/1927/2504 2919/1926/2503 
f 2919/1926/2503 2946/1954/2530 2947/1955/2531 
f 2948/1956/2532 2921/1928/2505 2920/1927/2504 
f 2920/1927/2504 2947/1955/2531 2948/1956/2532 
f 2949/1957/2533 2922/1929/2506 2921/1928/2505 
f 2921/1928/2505 2948/1956/2532 2949/1957/2533 
f 2950/1958/2534 2923/1930/2507 2922/1931/2506 
f 2922/1931/2506 2949/1959/2533 2950/1958/2534 
f 2951/1960/2535 2924/1932/2508 2923/1930/2507 
f 2923/1930/2507 2950/1958/2534 2951/1960/2535 
f 2924/1932/2508 2951/1960/2535 2897/1904/2481 
f 2952/1961/2536 2925/1962/2509 2926/1963/2510 
f 2926/1963/2510 2953/1964/2537 2952/1961/2536 
f 2954/1965/2538 2927/1966/2511 2925/1962/2509 
f 2925/1962/2509 2952/1961/2536 2954/1965/2538 
f 2955/1967/2539 2928/1968/2512 2927/1966/2511 
f 2927/1966/2511 2954/1965/2538 2955/1967/2539 
f 2956/1969/2540 2929/1970/2513 2928/1968/2512 
f 2928/1968/2512 2955/1967/2539 2956/1969/2540 
f 2957/1971/2541 2930/1972/2514 2929/1970/2513 
f 2929/1970/2513 2956/1969/2540 2957/1971/2541 
f 2958/1973/2542 2931/1974/2515 2930/1972/2514 
f 2930/1972/2514 2957/1971/2541 2958/1973/2542 
f 2959/1975/2543 2932/1976/2516 2931/1974/2515 
f 2931/1974/2515 2958/1973/2542 2959/1975/2543 
f 2960/1977/2544 2933/1978/2517 2932/1976/2516 
f 2932/1976/2516 2959/1975/2543 2960/1977/2544 
f 2961/1979/2545 2934/1980/2518 2933/1978/2517 
f 2933/1978/2517 2960/1977/2544 2961/1979/2545 
f 2962/1981/2546 2935/1982/2519 2934/1980/2518 
f 2934/1980/2518 2961/1979/2545 2962/1981/2546 
f 2963/1983/2547 2936/1984/2520 2935/1982/2519 
f 2935/1982/2519 2962/1981/2546 2963/1983/2547 
f 2964/1985/2548 2937/1986/2521 2936/1984/2520 
f 2936/1984/2520 2963/1983/2547 2964/1985/2548 
f 2965/1987/2549 2938/1988/2522 2937/1986/2521 
f 2937/1986/2521 2964/1985/2548 2965/1987/2549 
f 2966/1989/2550 2939/1990/2523 2938/1988/2522 
f 2938/1988/2522 2965/1987/2549 2966/1989/2550 
f 2967/1991/2551 2940/1992/2524 2939/1990/2523 
f 2939/1990/2523 2966/1989/2550 2967/1991/2551 
f 2968/1993/2552 2941/1994/2525 2940/1992/2524 
f 2940/1992/2524 2967/1991/2551 2968/1993/2552 
f 2969/1995/2553 2942/1996/2526 2941/1994/2525 
f 2941/1994/2525 2968/1993/2552 2969/1995/2553 
f 2970/1997/2554 2943/1998/2527 2942/1996/2526 
f 2942/1996/2526 2969/1995/2553 2970/1997/2554 
f 2971/1999/2555 2944/2000/2528 2943/1998/2527 
f 2943/1998/2527 2970/1997/2554 2971/1999/2555 
f 2972/2001/2556 2945/2002/2529 2944/2000/2528 
f 2944/2000/2528 2971/1999/2555 2972/2001/2556 
f 2973/2003/2557 2946/2004/2530 2945/2002/2529 
f 2945/2002/2529 2972/2001/2556 2973/2003/2557 
f 2974/2005/2558 2947/2006/2531 2946/2004/2530 
f 2946/2004/2530 2973/2003/2557 2974/2005/2558 
f 2975/2007/2559 2948/2008/2532 2947/2006/2531 
f 2947/2006/2531 2974/2005/2558 2975/2007/2559 
f 2976/2009/2560 2949/2010/2533 2948/2008/2532 
f 2948/2008/2532 2975/2007/2559 2976/2009/2560 
f 2977/2011/2561 2950/1958/2534 2949/1959/2533 
f 2949/1959/2533 2976/2012/2560 2977/2011/2561 
f 2978/2013/2562 2951/1960/2535 2950/1958/2534 
f 2950/1958/2534 2977/2011/2561 2978/2013/2562 
f 2951/1960/2535 2978/2013/2562 2897/1904/2481 
f 2979/2014/2563 2952/1961/2536 2953/1964/2537 
f 2953/1964/2537 2980/2015/2564 2979/2014/2563 
f 2981/2016/2565 2954/1965/2538 2952/1961/2536 
f 2952/1961/2536 2979/2014/2563 2981/2016/2565 
f 2982/2017/2566 2955/1967/2539 2954/1965/2538 
f 2954/1965/2538 2981/2016/2565 2982/2017/2566 
f 2983/2018/2567 2956/1969/2540 2955/1967/2539 
f 2955/1967/2539 2982/2017/2566 2983/2018/2567 
f 2984/2019/2568 2957/1971/2541 2956/1969/2540 
f 2956/1969/2540 2983/2018/2567 2984/2019/2568 
f 2985/2020/2569 2958/1973/2542 2957/1971/2541 
f 2957/1971/2541 2984/2019/2568 2985/2020/2569 
f 2986/2021/2570 2959/1975/2543 2958/1973/2542 
f 2958/1973/2542 2985/2020/2569 2986/2021/2570 
f 2987/2022/2571 2960/1977/2544 2959/1975/2543 
f 2959/1975/2543 2986/2021/2570 2987/2022/2571 
f 2988/2023/2572 2961/1979/2545 2960/1977/2544 
f 2960/1977/2544 2987/2022/2571 2988/2023/2572 
f 2989/2024/2573 2962/1981/2546 2961/1979/2545 
f 2961/1979/2545 2988/2023/2572 2989/2024/2573 
f 2990/2025/2574 2963/1983/2547 2962/1981/2546 
f 2962/1981/2546 2989/2024/2573 2990/2025/2574 
f 2991/2026/2575 2964/1985/2548 2963/1983/2547 
f 2963/1983/2547 2990/2025/2574 2991/2026/2575 
f 2992/2027/2576 2965/1987/2549 2964/1985/2548 
f 2964/1985/2548 2991/2026/2575 2992/2027/2576 
f 2993/2028/2577 2966/1989/2550 2965/1987/2549 
f 2965/1987/2549 2992/2027/2576 2993/2028/2577 
f 2994/2029/2578 2967/1991/2551 2966/1989/2550 
f 2966/1989/2550 2993/2028/2577 2994/2029/2578 
f 2995/2030/2579 2968/1993/2552 2967/1991/2551 
f 2967/1991/2551 2994/2029/2578 2995/2030/2579 
f 2996/2031/2580 2969/1995/2553 2968/1993/2552 
f 2968/1993/2552 2995/2030/2579 2996/2031/2580 
f 2997/2032/2581 2970/1997/2554 2969/1995/2553 
f 2969/1995/2553 2996/2031/2580 2997/2032/2581 
f 2998/2033/2582 2971/1999/2555 2970/1997/2554 
f 2970/1997/2554 2997/2032/2581 2998/2033/2582 
f 2999/2034/2583 2972/2001/2556 2971/1999/2555 
f 2971/1999/2555 2998/2033/2582 2999/2034/2583 
f 3000/2035/2584 2973/2003/2557 2972/2001/2556 
f 2972/2001/2556 2999/2034/2583 3000/2035/2584 
f 3001/2036/2585 2974/2005/2558 2973/2003/2557 
f 2973/2003/2557 3000/2035/2584 3001/2036/2585 
f 3002/2037/2586 2975/2007/2559 2974/2005/2558 
f 2974/2005/2558 3001/2036/2585 3002/2037/2586 
f 3003/2038/2587 2976/2009/2560 2975/2007/2559 
f 2975/2007/2559 3002/2037/2586 3003/2038/2587 
f 3004/2039/2588 2977/2011/2561 2976/2012/2560 
f 2976/2012/2560 3003/2040/2587 3004/2039/2588 
f 3005/2041/2589 2978/2013/2562 2977/2011/2561 
f 2977/2011/2561 3004/2039/2588 3005/2041/2589 
f 2978/2013/2562 3005/2041/2589 2897/1904/2481 
f 2844/1849/2428 2979/2014/2563 2980/2015/2564 
f 2980/2015/2564 2845/1850/2429 2844/1849/2428 
f 2848/1853/2432 2981/2016/2565 2979/2014/2563 
f 2979/2014/2563 2844/1849/2428 2848/1853/2432 
f 2850/1855/2434 2982/2017/2566 2981/2016/2565 
f 2981/2016/2565 2848/1853/2432 2850/1855/2434 
f 2852/1857/2436 2983/2018/2567 2982/2017/2566 
f 2982/2017/2566 2850/1855/2434 2852/1857/2436 
f 2854/1859/2438 2984/2019/2568 2983/2018/2567 
f 2983/2018/2567 2852/1857/2436 2854/1859/2438 
f 2856/1861/2440 2985/2020/2569 2984/2019/2568 
f 2984/2019/2568 2854/1859/2438 2856/1861/2440 
f 2858/1863/2442 2986/2021/2570 2985/2020/2569 
f 2985/2020/2569 2856/1861/2440 2858/1863/2442 
f 2860/1865/2444 2987/2022/2571 2986/2021/2570 
f 2986/2021/2570 2858/1863/2442 2860/1865/2444 
f 2862/1867/2446 2988/2023/2572 2987/2022/2571 
f 2987/2022/2571 2860/1865/2444 2862/1867/2446 
f 2864/1869/2448 2989/2024/2573 2988/2023/2572 
f 2988/2023/2572 2862/1867/2446 2864/1869/2448 
f 2866/1871/2450 2990/2025/2574 2989/2024/2573 
f 2989/2024/2573 2864/1869/2448 2866/1871/2450 
f 2868/1873/2452 2991/2026/2575 2990/2025/2574 
f 2990/2025/2574 2866/1871/2450 2868/1873/2452 
f 2870/1875/2454 2992/2027/2576 2991/2026/2575 
f 2991/2026/2575 2868/1873/2452 2870/1875/2454 
f 2872/1877/2456 2993/2028/2577 2992/2027/2576 
f 2992/2027/2576 2870/1875/2454 2872/1877/2456 
f 2874/1879/2458 2994/2029/2578 2993/2028/2577 
f 2993/2028/2577 2872/1877/2456 2874/1879/2458 
f 2876/1881/2460 2995/2030/2579 2994/2029/2578 
f 2994/2029/2578 2874/1879/2458 2876/1881/2460 
f 2878/1883/2462 2996/2031/2580 2995/2030/2579 
f 2995/2030/2579 2876/1881/2460 2878/1883/2462 
f 2880/1885/2464 2997/2032/2581 2996/2031/2580 
f 2996/2031/2580 2878/1883/2462 2880/1885/2464 
f 2882/1887/2466 2998/2033/2582 2997/2032/2581 
f 2997/2032/2581 2880/1885/2464 2882/1887/2466 
f 2884/1889/2468 2999/2034/2583 2998/2033/2582 
f 2998/2033/2582 2882/1887/2466 2884/1889/2468 
f 2886/1891/2470 3000/2035/2584 2999/2034/2583 
f 2999/2034/2583 2884/1889/2468 2886/1891/2470 
f 2888/1893/2472 3001/2036/2585 3000/2035/2584 
f 3000/2035/2584 2886/1891/2470 2888/1893/2472 
f 2890/1895/2474 3002/2037/2586 3001/2036/2585 
f 3001/2036/2585 2888/1893/2472 2890/1895/2474 
f 2892/1897/2476 3003/2038/2587 3002/2037/2586 
f 3002/2037/2586 2890/1895/2474 2892/1897/2476 
f 2894/1899/2478 3004/2039/2588 3003/2040/2587 
f 3003/2040/2587 2892/1900/2476 2894/1899/2478 
f 2896/1903/2480 3005/2041/2589 3004/2039/2588 
f 3004/2039/2588 2894/1899/2478 2896/1903/2480 
f 3005/2041/2589 2896/1903/2480 2897/1904/2481 
f 3006/2042/2590 3007/2043/2591 3008/2044/2592 
f 3008/2044/2592 3009/2045/2593 3006/2042/2590 
f 3010/2046/2431 3011/2047/2432 3007/2043/2591 
f 3007/2043/2591 3006/2042/2590 3010/2046/2431 
f 3012/2048/2433 3013/2049/2434 3011/2047/2432 
f 3011/2047/2432 3010/2046/2431 3012/2048/2433 
f 3014/2050/2435 3015/2051/2436 3013/2049/2434 
f 3013/2049/2434 3012/2048/2433 3014/2050/2435 
f 3016/2052/2437 3017/2053/2438 3015/2051/2436 
f 3015/2051/2436 3014/2050/2435 3016/2052/2437 
f 3018/2054/2439 3019/2055/2440 3017/2053/2438 
f 3017/2053/2438 3016/2052/2437 3018/2054/2439 
f 3020/2056/2441 3021/2057/2442 3019/2055/2440 
f 3019/2055/2440 3018/2054/2439 3020/2056/2441 
f 3022/2058/2443 3023/2059/2444 3021/2057/2442 
f 3021/2057/2442 3020/2056/2441 3022/2058/2443 
f 3024/2060/2445 3025/2061/2446 3023/2059/2444 
f 3023/2059/2444 3022/2058/2443 3024/2060/2445 
f 3026/2062/2447 3027/2063/2448 3025/2061/2446 
f 3025/2061/2446 3024/2060/2445 3026/2062/2447 
f 3028/2064/2594 3029/2065/2450 3027/2063/2448 
f 3027/2063/2448 3026/2062/2447 3028/2064/2594 
f 3030/2066/2451 3031/2067/2452 3029/2065/2450 
f 3029/2065/2450 3028/2064/2594 3030/2066/2451 
f 3032/2068/2453 3033/2069/2454 3031/2067/2452 
f 3031/2067/2452 3030/2066/2451 3032/2068/2453 
f 3034/2070/2595 3035/2071/2456 3033/2069/2454 
f 3033/2069/2454 3032/2068/2453 3034/2070/2595 
f 3036/2072/2457 3037/2073/2458 3035/2071/2456 
f 3035/2071/2456 3034/2070/2595 3036/2072/2457 
f 3038/2074/2459 3039/2075/2460 3037/2073/2458 
f 3037/2073/2458 3036/2072/2457 3038/2074/2459 
f 3040/2076/2461 3041/2077/2462 3039/2075/2460 
f 3039/2075/2460 3038/2074/2459 3040/2076/2461 
f 3042/2078/2596 3043/2079/2597 3041/2077/2462 
f 3041/2077/2462 3040/2076/2461 3042/2078/2596 
f 3044/2080/2598 3045/2081/2599 3043/2079/2597 
f 3043/2079/2597 3042/2078/2596 3044/2080/2598 
f 3046/2082/2467 3047/2083/2468 3045/2081/2599 
f 3045/2081/2599 3044/2080/2598 3046/2082/2467 
f 3048/2084/2469 3049/2085/2470 3047/2083/2468 
f 3047/2083/2468 3046/2082/2467 3048/2084/2469 
f 3050/2086/2471 3051/2087/2472 3049/2085/2470 
f 3049/2085/2470 3048/2084/2469 3050/2086/2471 
f 3052/2088/2473 3053/2089/2474 3051/2087/2472 
f 3051/2087/2472 3050/2086/2471 3052/2088/2473 
f 3054/2090/2475 3055/2091/2476 3053/2089/2474 
f 3053/2089/2474 3052/2088/2473 3054/2090/2475 
f 3056/2092/2477 3057/2093/2478 3055/2091/2476 
f 3055/2091/2476 3054/2090/2475 3056/2092/2477 
f 3058/2094/2600 3059/2095/2601 3057/2093/2478 
f 3057/2093/2478 3056/2092/2477 3058/2094/2600 
f 2846/1851/2430 2845/1850/2429 3059/2095/2601 
f 3059/2095/2601 3058/2094/2600 2846/1851/2430 
f 3060/2096/2602 3006/2042/2590 3009/2045/2593 
f 3009/2045/2593 3061/2097/2483 3060/2096/2602 
f 3062/2098/2484 3010/2046/2431 3006/2042/2590 
f 3006/2042/2590 3060/2096/2602 3062/2098/2484 
f 3063/2099/2603 3012/2048/2433 3010/2046/2431 
f 3010/2046/2431 3062/2098/2484 3063/2099/2603 
f 3064/2100/2486 3014/2050/2435 3012/2048/2433 
f 3012/2048/2433 3063/2099/2603 3064/2100/2486 
f 3065/2101/2487 3016/2052/2437 3014/2050/2435 
f 3014/2050/2435 3064/2100/2486 3065/2101/2487 
f 3066/2102/2488 3018/2054/2439 3016/2052/2437 
f 3016/2052/2437 3065/2101/2487 3066/2102/2488 
f 3067/2103/2489 3020/2056/2441 3018/2054/2439 
f 3018/2054/2439 3066/2102/2488 3067/2103/2489 
f 3068/2104/2490 3022/2058/2443 3020/2056/2441 
f 3020/2056/2441 3067/2103/2489 3068/2104/2490 
f 3069/2105/2491 3024/2060/2445 3022/2058/2443 
f 3022/2058/2443 3068/2104/2490 3069/2105/2491 
f 3070/2106/2492 3026/2062/2447 3024/2060/2445 
f 3024/2060/2445 3069/2105/2491 3070/2106/2492 
f 3071/2107/2493 3028/2064/2594 3026/2062/2447 
f 3026/2062/2447 3070/2106/2492 3071/2107/2493 
f 3072/2108/2494 3030/2066/2451 3028/2064/2594 
f 3028/2064/2594 3071/2107/2493 3072/2108/2494 
f 3073/2109/2495 3032/2068/2453 3030/2066/2451 
f 3030/2066/2451 3072/2108/2494 3073/2109/2495 
f 3074/2110/2496 3034/2070/2595 3032/2068/2453 
f 3032/2068/2453 3073/2109/2495 3074/2110/2496 
f 3075/2111/2497 3036/2072/2457 3034/2070/2595 
f 3034/2070/2595 3074/2110/2496 3075/2111/2497 
f 3076/2112/2498 3038/2074/2459 3036/2072/2457 
f 3036/2072/2457 3075/2111/2497 3076/2112/2498 
f 3077/2113/2499 3040/2076/2461 3038/2074/2459 
f 3038/2074/2459 3076/2112/2498 3077/2113/2499 
f 3078/2114/2604 3042/2078/2596 3040/2076/2461 
f 3040/2076/2461 3077/2113/2499 3078/2114/2604 
f 3079/2115/2605 3044/2080/2598 3042/2078/2596 
f 3042/2078/2596 3078/2114/2604 3079/2115/2605 
f 3080/2116/2502 3046/2082/2467 3044/2080/2598 
f 3044/2080/2598 3079/2115/2605 3080/2116/2502 
f 3081/2117/2503 3048/2084/2469 3046/2082/2467 
f 3046/2082/2467 3080/2116/2502 3081/2117/2503 
f 3082/2118/2504 3050/2086/2471 3048/2084/2469 
f 3048/2084/2469 3081/2117/2503 3082/2118/2504 
f 3083/2119/2505 3052/2088/2473 3050/2086/2471 
f 3050/2086/2471 3082/2118/2504 3083/2119/2505 
f 3084/2120/2506 3054/2090/2475 3052/2088/2473 
f 3052/2088/2473 3083/2119/2505 3084/2120/2506 
f 3085/2121/2507 3056/2092/2477 3054/2090/2475 
f 3054/2090/2475 3084/2120/2506 3085/2121/2507 
f 3086/2122/2606 3058/2094/2600 3056/2092/2477 
f 3056/2092/2477 3085/2121/2507 3086/2122/2606 
f 2899/1906/2483 2846/1851/2430 3058/2094/2600 
f 3058/2094/2600 3086/2122/2606 2899/1906/2483 
f 3087/2123/2607 3060/2096/2602 3061/2097/2483 
f 3061/2097/2483 3088/2124/2608 3087/2123/2607 
f 3089/2125/2511 3062/2098/2484 3060/2096/2602 
f 3060/2096/2602 3087/2123/2607 3089/2125/2511 
f 3090/2126/2512 3063/2099/2603 3062/2098/2484 
f 3062/2098/2484 3089/2125/2511 3090/2126/2512 
f 3091/2127/2513 3064/2100/2486 3063/2099/2603 
f 3063/2099/2603 3090/2126/2512 3091/2127/2513 
f 3092/2128/2514 3065/2101/2487 3064/2100/2486 
f 3064/2100/2486 3091/2127/2513 3092/2128/2514 
f 3093/2129/2515 3066/2102/2488 3065/2101/2487 
f 3065/2101/2487 3092/2128/2514 3093/2129/2515 
f 3094/2130/2516 3067/2103/2489 3066/2102/2488 
f 3066/2102/2488 3093/2129/2515 3094/2130/2516 
f 3095/2131/2517 3068/2104/2490 3067/2103/2489 
f 3067/2103/2489 3094/2130/2516 3095/2131/2517 
f 3096/2132/2518 3069/2105/2491 3068/2104/2490 
f 3068/2104/2490 3095/2131/2517 3096/2132/2518 
f 3097/2133/2519 3070/2106/2492 3069/2105/2491 
f 3069/2105/2491 3096/2132/2518 3097/2133/2519 
f 3098/2134/2520 3071/2107/2493 3070/2106/2492 
f 3070/2106/2492 3097/2133/2519 3098/2134/2520 
f 3099/2135/2521 3072/2108/2494 3071/2107/2493 
f 3071/2107/2493 3098/2134/2520 3099/2135/2521 
f 3100/2136/2522 3073/2109/2495 3072/2108/2494 
f 3072/2108/2494 3099/2135/2521 3100/2136/2522 
f 3101/2137/2523 3074/2110/2496 3073/2109/2495 
f 3073/2109/2495 3100/2136/2522 3101/2137/2523 
f 3102/2138/2524 3075/2111/2497 3074/2110/2496 
f 3074/2110/2496 3101/2137/2523 3102/2138/2524 
f 3103/2139/2525 3076/2112/2498 3075/2111/2497 
f 3075/2111/2497 3102/2138/2524 3103/2139/2525 
f 3104/2140/2526 3077/2113/2499 3076/2112/2498 
f 3076/2112/2498 3103/2139/2525 3104/2140/2526 
f 3105/2141/2609 3078/2114/2604 3077/2113/2499 
f 3077/2113/2499 3104/2140/2526 3105/2141/2609 
f 3106/2142/2610 3079/2115/2605 3078/2114/2604 
f 3078/2114/2604 3105/2141/2609 3106/2142/2610 
f 3107/2143/2529 3080/2116/2502 3079/2115/2605 
f 3079/2115/2605 3106/2142/2610 3107/2143/2529 
f 3108/2144/2611 3081/2117/2503 3080/2116/2502 
f 3080/2116/2502 3107/2143/2529 3108/2144/2611 
f 3109/2145/2531 3082/2118/2504 3081/2117/2503 
f 3081/2117/2503 3108/2144/2611 3109/2145/2531 
f 3110/2146/2532 3083/2119/2505 3082/2118/2504 
f 3082/2118/2504 3109/2145/2531 3110/2146/2532 
f 3111/2147/2533 3084/2120/2506 3083/2119/2505 
f 3083/2119/2505 3110/2146/2532 3111/2147/2533 
f 3112/2148/2534 3085/2121/2507 3084/2120/2506 
f 3084/2120/2506 3111/2147/2533 3112/2148/2534 
f 3113/2149/2612 3086/2122/2606 3085/2121/2507 
f 3085/2121/2507 3112/2148/2534 3113/2149/2612 
f 2926/1934/2510 2899/1906/2483 3086/2122/2606 
f 3086/2122/2606 3113/2149/2612 2926/1934/2510 
f 3114/2150/2613 3087/2151/2607 3088/2152/2608 
f 3088/2152/2608 3115/2153/2537 3114/2150/2613 
f 3116/2154/2538 3089/2155/2511 3087/2151/2607 
f 3087/2151/2607 3114/2150/2613 3116/2154/2538 
f 3117/2156/2539 3090/2157/2512 3089/2155/2511 
f 3089/2155/2511 3116/2154/2538 3117/2156/2539 
f 3118/2158/2540 3091/2159/2513 3090/2157/2512 
f 3090/2157/2512 3117/2156/2539 3118/2158/2540 
f 3119/2160/2541 3092/2161/2514 3091/2159/2513 
f 3091/2159/2513 3118/2158/2540 3119/2160/2541 
f 3120/2162/2542 3093/2163/2515 3092/2161/2514 
f 3092/2161/2514 3119/2160/2541 3120/2162/2542 
f 3121/2164/2543 3094/2165/2516 3093/2163/2515 
f 3093/2163/2515 3120/2162/2542 3121/2164/2543 
f 3122/2166/2544 3095/2167/2517 3094/2165/2516 
f 3094/2165/2516 3121/2164/2543 3122/2166/2544 
f 3123/2168/2545 3096/2169/2518 3095/2167/2517 
f 3095/2167/2517 3122/2166/2544 3123/2168/2545 
f 3124/2170/2546 3097/2171/2519 3096/2169/2518 
f 3096/2169/2518 3123/2168/2545 3124/2170/2546 
f 3125/2172/2547 3098/2173/2520 3097/2171/2519 
f 3097/2171/2519 3124/2170/2546 3125/2172/2547 
f 3126/2174/2548 3099/2175/2521 3098/2173/2520 
f 3098/2173/2520 3125/2172/2547 3126/2174/2548 
f 3127/2176/2549 3100/2177/2522 3099/2175/2521 
f 3099/2175/2521 3126/2174/2548 3127/2176/2549 
f 3128/2178/2550 3101/2179/2523 3100/2177/2522 
f 3100/2177/2522 3127/2176/2549 3128/2178/2550 
f 3129/2180/2551 3102/2181/2524 3101/2179/2523 
f 3101/2179/2523 3128/2178/2550 3129/2180/2551 
f 3130/2182/2552 3103/2183/2525 3102/2181/2524 
f 3102/2181/2524 3129/2180/2551 3130/2182/2552 
f 3131/2184/2553 3104/2185/2526 3103/2183/2525 
f 3103/2183/2525 3130/2182/2552 3131/2184/2553 
f 3132/2186/2614 3105/2187/2609 3104/2185/2526 
f 3104/2185/2526 3131/2184/2553 3132/2186/2614 
f 3133/2188/2615 3106/2189/2610 3105/2187/2609 
f 3105/2187/2609 3132/2186/2614 3133/2188/2615 
f 3134/2190/2556 3107/2191/2529 3106/2189/2610 
f 3106/2189/2610 3133/2188/2615 3134/2190/2556 
f 3135/2192/2557 3108/2193/2611 3107/2191/2529 
f 3107/2191/2529 3134/2190/2556 3135/2192/2557 
f 3136/2194/2558 3109/2195/2531 3108/2193/2611 
f 3108/2193/2611 3135/2192/2557 3136/2194/2558 
f 3137/2196/2559 3110/2197/2532 3109/2195/2531 
f 3109/2195/2531 3136/2194/2558 3137/2196/2559 
f 3138/2198/2560 3111/2199/2533 3110/2197/2532 
f 3110/2197/2532 3137/2196/2559 3138/2198/2560 
f 3139/2200/2561 3112/2201/2534 3111/2199/2533 
f 3111/2199/2533 3138/2198/2560 3139/2200/2561 
f 3140/2202/2616 3113/2203/2612 3112/2201/2534 
f 3112/2201/2534 3139/2200/2561 3140/2202/2616 
f 2953/1964/2537 2926/1963/2510 3113/2203/2612 
f 3113/2203/2612 3140/2202/2616 2953/1964/2537 
f 3141/2204/2617 3114/2150/2613 3115/2153/2537 
f 3115/2153/2537 3142/2205/2564 3141/2204/2617 
f 3143/2206/2565 3116/2154/2538 3114/2150/2613 
f 3114/2150/2613 3141/2204/2617 3143/2206/2565 
f 3144/2207/2566 3117/2156/2539 3116/2154/2538 
f 3116/2154/2538 3143/2206/2565 3144/2207/2566 
f 3145/2208/2567 3118/2158/2540 3117/2156/2539 
f 3117/2156/2539 3144/2207/2566 3145/2208/2567 
f 3146/2209/2568 3119/2160/2541 3118/2158/2540 
f 3118/2158/2540 3145/2208/2567 3146/2209/2568 
f 3147/2210/2569 3120/2162/2542 3119/2160/2541 
f 3119/2160/2541 3146/2209/2568 3147/2210/2569 
f 3148/2211/2570 3121/2164/2543 3120/2162/2542 
f 3120/2162/2542 3147/2210/2569 3148/2211/2570 
f 3149/2212/2571 3122/2166/2544 3121/2164/2543 
f 3121/2164/2543 3148/2211/2570 3149/2212/2571 
f 3150/2213/2572 3123/2168/2545 3122/2166/2544 
f 3122/2166/2544 3149/2212/2571 3150/2213/2572 
f 3151/2214/2573 3124/2170/2546 3123/2168/2545 
f 3123/2168/2545 3150/2213/2572 3151/2214/2573 
f 3152/2215/2574 3125/2172/2547 3124/2170/2546 
f 3124/2170/2546 3151/2214/2573 3152/2215/2574 
f 3153/2216/2575 3126/2174/2548 3125/2172/2547 
f 3125/2172/2547 3152/2215/2574 3153/2216/2575 
f 3154/2217/2576 3127/2176/2549 3126/2174/2548 
f 3126/2174/2548 3153/2216/2575 3154/2217/2576 
f 3155/2218/2577 3128/2178/2550 3127/2176/2549 
f 3127/2176/2549 3154/2217/2576 3155/2218/2577 
f 3156/2219/2578 3129/2180/2551 3128/2178/2550 
f 3128/2178/2550 3155/2218/2577 3156/2219/2578 
f 3157/2220/2579 3130/2182/2552 3129/2180/2551 
f 3129/2180/2551 3156/2219/2578 3157/2220/2579 
f 3158/2221/2580 3131/2184/2553 3130/2182/2552 
f 3130/2182/2552 3157/2220/2579 3158/2221/2580 
f 3159/2222/2618 3132/2186/2614 3131/2184/2553 
f 3131/2184/2553 3158/2221/2580 3159/2222/2618 
f 3160/2223/2619 3133/2188/2615 3132/2186/2614 
f 3132/2186/2614 3159/2222/2618 3160/2223/2619 
f 3161/2224/2583 3134/2190/2556 3133/2188/2615 
f 3133/2188/2615 3160/2223/2619 3161/2224/2583 
f 3162/2225/2584 3135/2192/2557 3134/2190/2556 
f 3134/2190/2556 3161/2224/2583 3162/2225/2584 
f 3163/2226/2585 3136/2194/2558 3135/2192/2557 
f 3135/2192/2557 3162/2225/2584 3163/2226/2585 
f 3164/2227/2586 3137/2196/2559 3136/2194/2558 
f 3136/2194/2558 3163/2226/2585 3164/2227/2586 
f 3165/2228/2587 3138/2198/2560 3137/2196/2559 
f 3137/2196/2559 3164/2227/2586 3165/2228/2587 
f 3166/2229/2588 3139/2200/2561 3138/2198/2560 
f 3138/2198/2560 3165/2228/2587 3166/2229/2588 
f 3167/2230/2620 3140/2202/2616 3139/2200/2561 
f 3139/2200/2561 3166/2229/2588 3167/2230/2620 
f 2980/2015/2564 2953/1964/2537 3140/2202/2616 
f 3140/2202/2616 3167/2230/2620 2980/2015/2564 
f 3007/2043/2591 3141/2204/2617 3142/2205/2564 
f 3142/2205/2564 3008/2044/2592 3007/2043/2591 
f 3011/2047/2432 3143/2206/2565 3141/2204/2617 
f 3141/2204/2617 3007/2043/2591 3011/2047/2432 
f 3013/2049/2434 3144/2207/2566 3143/2206/2565 
f 3143/2206/2565 3011/2047/2432 3013/2049/2434 
f 3015/2051/2436 3145/2208/2567 3144/2207/2566 
f 3144/2207/2566 3013/2049/2434 3015/2051/2436 
f 3017/2053/2438 3146/2209/2568 3145/2208/2567 
f 3145/2208/2567 3015/2051/2436 3017/2053/2438 
f 3019/2055/2440 3147/2210/2569 3146/2209/2568 
f 3146/2209/2568 3017/2053/2438 3019/2055/2440 
f 3021/2057/2442 3148/2211/2570 3147/2210/2569 
f 3147/2210/2569 3019/2055/2440 3021/2057/2442 
f 3023/2059/2444 3149/2212/2571 3148/2211/2570 
f 3148/2211/2570 3021/2057/2442 3023/2059/2444 
f 3025/2061/2446 3150/2213/2572 3149/2212/2571 
f 3149/2212/2571 3023/2059/2444 3025/2061/2446 
f 3027/2063/2448 3151/2214/2573 3150/2213/2572 
f 3150/2213/2572 3025/2061/2446 3027/2063/2448 
f 3029/2065/2450 3152/2215/2574 3151/2214/2573 
f 3151/2214/2573 3027/2063/2448 3029/2065/2450 
f 3031/2067/2452 3153/2216/2575 3152/2215/2574 
f 3152/2215/2574 3029/2065/2450 3031/2067/2452 
f 3033/2069/2454 3154/2217/2576 3153/2216/2575 
f 3153/2216/2575 3031/2067/2452 3033/2069/2454 
f 3035/2071/2456 3155/2218/2577 3154/2217/2576 
f 3154/2217/2576 3033/2069/2454 3035/2071/2456 
f 3037/2073/2458 3156/2219/2578 3155/2218/2577 
f 3155/2218/2577 3035/2071/2456 3037/2073/2458 
f 3039/2075/2460 3157/2220/2579 3156/2219/2578 
f 3156/2219/2578 3037/2073/2458 3039/2075/2460 
f 3041/2077/2462 3158/2221/2580 3157/2220/2579 
f 3157/2220/2579 3039/2075/2460 3041/2077/2462 
f 3043/2079/2597 3159/2222/2618 3158/2221/2580 
f 3158/2221/2580 3041/2077/2462 3043/2079/2597 
f 3045/2081/2599 3160/2223/2619 3159/2222/2618 
f 3159/2222/2618 3043/2079/2597 3045/2081/2599 
f 3047/2083/2468 3161/2224/2583 3160/2223/2619 
f 3160/2223/2619 3045/2081/2599 3047/2083/2468 
f 3049/2085/2470 3162/2225/2584 3161/2224/2583 
f 3161/2224/2583 3047/2083/2468 3049/2085/2470 
f 3051/2087/2472 3163/2226/2585 3162/2225/2584 
f 3162/2225/2584 3049/2085/2470 3051/2087/2472 
f 3053/2089/2474 3164/2227/2586 3163/2226/2585 
f 3163/2226/2585 3051/2087/2472 3053/2089/2474 
f 3055/2091/2476 3165/2228/2587 3164/2227/2586 
f 3164/2227/2586 3053/2089/2474 3055/2091/2476 
f 3057/2093/2478 3166/2229/2588 3165/2228/2587 
f 3165/2228/2587 3055/2091/2476 3057/2093/2478 
f 3059/2095/2601 3167/2230/2620 3166/2229/2588 
f 3166/2229/2588 3057/2093/2478 3059/2095/2601 
f 2845/1850/2429 2980/2015/2564 3167/2230/2620 
f 3167/2230/2620 3059/2095/2601 2845/1850/2429 
f 3168/2231/2621 3169/2232/2622 3170/2233/2623 
f 3170/2233/2623 3171/2234/2624 3168/2231/2621 
f 3172/2235/2431 3173/2236/2432 3169/2232/2622 
f 3169/2232/2622 3168/2231/2621 3172/2235/2431 
f 3174/2237/2433 3175/2238/2434 3173/2236/2432 
f 3173/2236/2432 3172/2235/2431 3174/2237/2433 
f 3176/2239/2435 3177/2240/2436 3175/2238/2434 
f 3175/2238/2434 3174/2237/2433 3176/2239/2435 
f 3178/2241/2437 3179/2242/2438 3177/2240/2436 
f 3177/2240/2436 3176/2239/2435 3178/2241/2437 
f 3180/2243/2439 3181/2244/2440 3179/2242/2438 
f 3179/2242/2438 3178/2241/2437 3180/2243/2439 
f 3182/2245/2441 3183/2246/2442 3181/2244/2440 
f 3181/2244/2440 3180/2243/2439 3182/2245/2441 
f 3184/2247/2443 3185/2248/2625 3183/2246/2442 
f 3183/2246/2442 3182/2245/2441 3184/2247/2443 
f 3186/2249/2445 3187/2250/2446 3185/2248/2625 
f 3185/2248/2625 3184/2247/2443 3186/2249/2445 
f 3188/2251/2447 3189/2252/2448 3187/2250/2446 
f 3187/2250/2446 3186/2249/2445 3188/2251/2447 
f 3190/2253/2594 3191/2254/2450 3189/2252/2448 
f 3189/2252/2448 3188/2251/2447 3190/2253/2594 
f 3192/2255/2451 3193/2256/2452 3191/2254/2450 
f 3191/2254/2450 3190/2253/2594 3192/2255/2451 
f 3194/2257/2453 3195/2258/2454 3193/2256/2452 
f 3193/2256/2452 3192/2255/2451 3194/2257/2453 
f 3196/2259/2455 3197/2260/2456 3195/2258/2454 
f 3195/2258/2454 3194/2257/2453 3196/2259/2455 
f 3198/2261/2457 3199/2262/2458 3197/2260/2456 
f 3197/2260/2456 3196/2259/2455 3198/2261/2457 
f 3200/2263/2459 3201/2264/2460 3199/2262/2458 
f 3199/2262/2458 3198/2261/2457 3200/2263/2459 
f 3202/2265/2461 3203/2266/2626 3201/2264/2460 
f 3201/2264/2460 3200/2263/2459 3202/2265/2461 
f 3204/2267/2596 3205/2268/2627 3203/2266/2626 
f 3203/2266/2626 3202/2265/2461 3204/2267/2596 
f 3206/2269/2628 3207/2270/2629 3205/2268/2627 
f 3205/2268/2627 3204/2267/2596 3206/2269/2628 
f 3208/2271/2467 3209/2272/2468 3207/2270/2629 
f 3207/2270/2629 3206/2269/2628 3208/2271/2467 
f 3210/2273/2469 3211/2274/2470 3209/2272/2468 
f 3209/2272/2468 3208/2271/2467 3210/2273/2469 
f 3212/2275/2471 3213/2276/2472 3211/2274/2470 
f 3211/2274/2470 3210/2273/2469 3212/2275/2471 
f 3214/2277/2473 3215/2278/2474 3213/2276/2472 
f 3213/2276/2472 3212/2275/2471 3214/2277/2473 
f 3216/2279/2475 3217/2280/2476 3215/2278/2474 
f 3215/2278/2474 3214/2277/2473 3216/2279/2475 
f 3218/2281/2477 3219/2282/2478 3217/2280/2476 
f 3217/2280/2476 3216/2279/2475 3218/2281/2477 
f 3220/2283/2630 3221/2284/2631 3219/2282/2478 
f 3219/2282/2478 3218/2281/2477 3220/2283/2630 
f 3009/2045/2593 3008/2044/2592 3221/2284/2631 
f 3221/2284/2631 3220/2283/2630 3009/2045/2593 
f 3222/2285/2632 3168/2231/2621 3171/2234/2624 
f 3171/2234/2624 3223/2286/2633 3222/2285/2632 
f 3224/2287/2484 3172/2235/2431 3168/2231/2621 
f 3168/2231/2621 3222/2285/2632 3224/2287/2484 
f 3225/2288/2485 3174/2237/2433 3172/2235/2431 
f 3172/2235/2431 3224/2287/2484 3225/2288/2485 
f 3226/2289/2486 3176/2239/2435 3174/2237/2433 
f 3174/2237/2433 3225/2288/2485 3226/2289/2486 
f 3227/2290/2487 3178/2241/2437 3176/2239/2435 
f 3176/2239/2435 3226/2289/2486 3227/2290/2487 
f 3228/2291/2488 3180/2243/2439 3178/2241/2437 
f 3178/2241/2437 3227/2290/2487 3228/2291/2488 
f 3229/2292/2489 3182/2245/2441 3180/2243/2439 
f 3180/2243/2439 3228/2291/2488 3229/2292/2489 
f 3230/2293/2490 3184/2247/2443 3182/2245/2441 
f 3182/2245/2441 3229/2292/2489 3230/2293/2490 
f 3231/2294/2491 3186/2249/2445 3184/2247/2443 
f 3184/2247/2443 3230/2293/2490 3231/2294/2491 
f 3232/2295/2634 3188/2251/2447 3186/2249/2445 
f 3186/2249/2445 3231/2294/2491 3232/2295/2634 
f 3233/2296/2493 3190/2253/2594 3188/2251/2447 
f 3188/2251/2447 3232/2295/2634 3233/2296/2493 
f 3234/2297/2494 3192/2255/2451 3190/2253/2594 
f 3190/2253/2594 3233/2296/2493 3234/2297/2494 
f 3235/2298/2495 3194/2257/2453 3192/2255/2451 
f 3192/2255/2451 3234/2297/2494 3235/2298/2495 
f 3236/2299/2496 3196/2259/2455 3194/2257/2453 
f 3194/2257/2453 3235/2298/2495 3236/2299/2496 
f 3237/2300/2497 3198/2261/2457 3196/2259/2455 
f 3196/2259/2455 3236/2299/2496 3237/2300/2497 
f 3238/2301/2498 3200/2263/2459 3198/2261/2457 
f 3198/2261/2457 3237/2300/2497 3238/2301/2498 
f 3239/2302/2499 3202/2265/2461 3200/2263/2459 
f 3200/2263/2459 3238/2301/2498 3239/2302/2499 
f 3240/2303/2635 3204/2267/2596 3202/2265/2461 
f 3202/2265/2461 3239/2302/2499 3240/2303/2635 
f 3241/2304/2636 3206/2269/2628 3204/2267/2596 
f 3204/2267/2596 3240/2303/2635 3241/2304/2636 
f 3242/2305/2502 3208/2271/2467 3206/2269/2628 
f 3206/2269/2628 3241/2304/2636 3242/2305/2502 
f 3243/2306/2503 3210/2273/2469 3208/2271/2467 
f 3208/2271/2467 3242/2305/2502 3243/2306/2503 
f 3244/2307/2504 3212/2275/2471 3210/2273/2469 
f 3210/2273/2469 3243/2306/2503 3244/2307/2504 
f 3245/2308/2505 3214/2277/2473 3212/2275/2471 
f 3212/2275/2471 3244/2307/2504 3245/2308/2505 
f 3246/2309/2506 3216/2279/2475 3214/2277/2473 
f 3214/2277/2473 3245/2308/2505 3246/2309/2506 
f 3247/2310/2507 3218/2281/2477 3216/2279/2475 
f 3216/2279/2475 3246/2309/2506 3247/2310/2507 
f 3248/2311/2637 3220/2283/2630 3218/2281/2477 
f 3218/2281/2477 3247/2310/2507 3248/2311/2637 
f 3061/2097/2483 3009/2045/2593 3220/2283/2630 
f 3220/2283/2630 3248/2311/2637 3061/2097/2483 
f 3249/2312/2638 3222/2285/2632 3223/2286/2633 
f 3223/2286/2633 3250/2313/2639 3249/2312/2638 
f 3251/2314/2511 3224/2287/2484 3222/2285/2632 
f 3222/2285/2632 3249/2312/2638 3251/2314/2511 
f 3252/2315/2512 3225/2288/2485 3224/2287/2484 
f 3224/2287/2484 3251/2314/2511 3252/2315/2512 
f 3253/2316/2513 3226/2289/2486 3225/2288/2485 
f 3225/2288/2485 3252/2315/2512 3253/2316/2513 
f 3254/2317/2514 3227/2290/2487 3226/2289/2486 
f 3226/2289/2486 3253/2316/2513 3254/2317/2514 
f 3255/2318/2515 3228/2291/2488 3227/2290/2487 
f 3227/2290/2487 3254/2317/2514 3255/2318/2515 
f 3256/2319/2516 3229/2292/2489 3228/2291/2488 
f 3228/2291/2488 3255/2318/2515 3256/2319/2516 
f 3257/2320/2517 3230/2293/2490 3229/2292/2489 
f 3229/2292/2489 3256/2319/2516 3257/2320/2517 
f 3258/2321/2518 3231/2294/2491 3230/2293/2490 
f 3230/2293/2490 3257/2320/2517 3258/2321/2518 
f 3259/2322/2519 3232/2295/2634 3231/2294/2491 
f 3231/2294/2491 3258/2321/2518 3259/2322/2519 
f 3260/2323/2520 3233/2296/2493 3232/2295/2634 
f 3232/2295/2634 3259/2322/2519 3260/2323/2520 
f 3261/2324/2521 3234/2297/2494 3233/2296/2493 
f 3233/2296/2493 3260/2323/2520 3261/2324/2521 
f 3262/2325/2522 3235/2298/2495 3234/2297/2494 
f 3234/2297/2494 3261/2324/2521 3262/2325/2522 
f 3263/2326/2523 3236/2299/2496 3235/2298/2495 
f 3235/2298/2495 3262/2325/2522 3263/2326/2523 
f 3264/2327/2524 3237/2300/2497 3236/2299/2496 
f 3236/2299/2496 3263/2326/2523 3264/2327/2524 
f 3265/2328/2525 3238/2301/2498 3237/2300/2497 
f 3237/2300/2497 3264/2327/2524 3265/2328/2525 
f 3266/2329/2640 3239/2302/2499 3238/2301/2498 
f 3238/2301/2498 3265/2328/2525 3266/2329/2640 
f 3267/2330/2641 3240/2303/2635 3239/2302/2499 
f 3239/2302/2499 3266/2329/2640 3267/2330/2641 
f 3268/2331/2642 3241/2304/2636 3240/2303/2635 
f 3240/2303/2635 3267/2330/2641 3268/2331/2642 
f 3269/2332/2529 3242/2305/2502 3241/2304/2636 
f 3241/2304/2636 3268/2331/2642 3269/2332/2529 
f 3270/2333/2611 3243/2306/2503 3242/2305/2502 
f 3242/2305/2502 3269/2332/2529 3270/2333/2611 
f 3271/2334/2531 3244/2307/2504 3243/2306/2503 
f 3243/2306/2503 3270/2333/2611 3271/2334/2531 
f 3272/2335/2532 3245/2308/2505 3244/2307/2504 
f 3244/2307/2504 3271/2334/2531 3272/2335/2532 
f 3273/2336/2533 3246/2309/2506 3245/2308/2505 
f 3245/2308/2505 3272/2335/2532 3273/2336/2533 
f 3274/2337/2534 3247/2310/2507 3246/2309/2506 
f 3246/2309/2506 3273/2336/2533 3274/2337/2534 
f 3275/2338/2643 3248/2311/2637 3247/2310/2507 
f 3247/2310/2507 3274/2337/2534 3275/2338/2643 
f 3088/2124/2608 3061/2097/2483 3248/2311/2637 
f 3248/2311/2637 3275/2338/2643 3088/2124/2608 
f 3276/2339/2644 3249/2340/2638 3250/2341/2639 
f 3250/2341/2639 3277/2342/2645 3276/2339/2644 
f 3278/2343/2538 3251/2344/2511 3249/2340/2638 
f 3249/2340/2638 3276/2339/2644 3278/2343/2538 
f 3279/2345/2539 3252/2346/2512 3251/2344/2511 
f 3251/2344/2511 3278/2343/2538 3279/2345/2539 
f 3280/2347/2540 3253/2348/2513 3252/2346/2512 
f 3252/2346/2512 3279/2345/2539 3280/2347/2540 
f 3281/2349/2541 3254/2350/2514 3253/2348/2513 
f 3253/2348/2513 3280/2347/2540 3281/2349/2541 
f 3282/2351/2542 3255/2352/2515 3254/2350/2514 
f 3254/2350/2514 3281/2349/2541 3282/2351/2542 
f 3283/2353/2543 3256/2354/2516 3255/2352/2515 
f 3255/2352/2515 3282/2351/2542 3283/2353/2543 
f 3284/2355/2646 3257/2356/2517 3256/2354/2516 
f 3256/2354/2516 3283/2353/2543 3284/2355/2646 
f 3285/2357/2545 3258/2358/2518 3257/2356/2517 
f 3257/2356/2517 3284/2355/2646 3285/2357/2545 
f 3286/2359/2546 3259/2360/2519 3258/2358/2518 
f 3258/2358/2518 3285/2357/2545 3286/2359/2546 
f 3287/2361/2547 3260/2362/2520 3259/2360/2519 
f 3259/2360/2519 3286/2359/2546 3287/2361/2547 
f 3288/2363/2548 3261/2364/2521 3260/2362/2520 
f 3260/2362/2520 3287/2361/2547 3288/2363/2548 
f 3289/2365/2549 3262/2366/2522 3261/2364/2521 
f 3261/2364/2521 3288/2363/2548 3289/2365/2549 
f 3290/2367/2550 3263/2368/2523 3262/2366/2522 
f 3262/2366/2522 3289/2365/2549 3290/2367/2550 
f 3291/2369/2551 3264/2370/2524 3263/2368/2523 
f 3263/2368/2523 3290/2367/2550 3291/2369/2551 
f 3292/2371/2552 3265/2372/2525 3264/2370/2524 
f 3264/2370/2524 3291/2369/2551 3292/2371/2552 
f 3293/2373/2553 3266/2374/2640 3265/2372/2525 
f 3265/2372/2525 3292/2371/2552 3293/2373/2553 
f 3294/2375/2647 3267/2376/2641 3266/2374/2640 
f 3266/2374/2640 3293/2373/2553 3294/2375/2647 
f 3295/2377/2648 3268/2378/2642 3267/2376/2641 
f 3267/2376/2641 3294/2375/2647 3295/2377/2648 
f 3296/2379/2556 3269/2380/2529 3268/2378/2642 
f 3268/2378/2642 3295/2377/2648 3296/2379/2556 
f 3297/2381/2557 3270/2382/2611 3269/2380/2529 
f 3269/2380/2529 3296/2379/2556 3297/2381/2557 
f 3298/2383/2558 3271/2384/2531 3270/2382/2611 
f 3270/2382/2611 3297/2381/2557 3298/2383/2558 
f 3299/2385/2559 3272/2386/2532 3271/2384/2531 
f 3271/2384/2531 3298/2383/2558 3299/2385/2559 
f 3300/2387/2560 3273/2388/2533 3272/2386/2532 
f 3272/2386/2532 3299/2385/2559 3300/2387/2560 
f 3301/2389/2649 3274/2390/2534 3273/2388/2533 
f 3273/2388/2533 3300/2387/2560 3301/2389/2649 
f 3302/2391/2650 3275/2392/2643 3274/2390/2534 
f 3274/2390/2534 3301/2389/2649 3302/2391/2650 
f 3115/2153/2537 3088/2152/2608 3275/2392/2643 
f 3275/2392/2643 3302/2391/2650 3115/2153/2537 
f 3303/2393/2651 3276/2339/2644 3277/2342/2645 
f 3277/2342/2645 3304/2394/2652 3303/2393/2651 
f 3305/2395/2565 3278/2343/2538 3276/2339/2644 
f 3276/2339/2644 3303/2393/2651 3305/2395/2565 
f 3306/2396/2566 3279/2345/2539 3278/2343/2538 
f 3278/2343/2538 3305/2395/2565 3306/2396/2566 
f 3307/2397/2567 3280/2347/2540 3279/2345/2539 
f 3279/2345/2539 3306/2396/2566 3307/2397/2567 
f 3308/2398/2568 3281/2349/2541 3280/2347/2540 
f 3280/2347/2540 3307/2397/2567 3308/2398/2568 
f 3309/2399/2569 3282/2351/2542 3281/2349/2541 
f 3281/2349/2541 3308/2398/2568 3309/2399/2569 
f 3310/2400/2570 3283/2353/2543 3282/2351/2542 
f 3282/2351/2542 3309/2399/2569 3310/2400/2570 
f 3311/2401/2571 3284/2355/2646 3283/2353/2543 
f 3283/2353/2543 3310/2400/2570 3311/2401/2571 
f 3312/2402/2572 3285/2357/2545 3284/2355/2646 
f 3284/2355/2646 3311/2401/2571 3312/2402/2572 
f 3313/2403/2573 3286/2359/2546 3285/2357/2545 
f 3285/2357/2545 3312/2402/2572 3313/2403/2573 
f 3314/2404/2574 3287/2361/2547 3286/2359/2546 
f 3286/2359/2546 3313/2403/2573 3314/2404/2574 
f 3315/2405/2575 3288/2363/2548 3287/2361/2547 
f 3287/2361/2547 3314/2404/2574 3315/2405/2575 
f 3316/2406/2576 3289/2365/2549 3288/2363/2548 
f 3288/2363/2548 3315/2405/2575 3316/2406/2576 
f 3317/2407/2577 3290/2367/2550 3289/2365/2549 
f 3289/2365/2549 3316/2406/2576 3317/2407/2577 
f 3318/2408/2578 3291/2369/2551 3290/2367/2550 
f 3290/2367/2550 3317/2407/2577 3318/2408/2578 
f 3319/2409/2579 3292/2371/2552 3291/2369/2551 
f 3291/2369/2551 3318/2408/2578 3319/2409/2579 
f 3320/2410/2580 3293/2373/2553 3292/2371/2552 
f 3292/2371/2552 3319/2409/2579 3320/2410/2580 
f 3321/2411/2653 3294/2375/2647 3293/2373/2553 
f 3293/2373/2553 3320/2410/2580 3321/2411/2653 
f 3322/2412/2654 3295/2377/2648 3294/2375/2647 
f 3294/2375/2647 3321/2411/2653 3322/2412/2654 
f 3323/2413/2583 3296/2379/2556 3295/2377/2648 
f 3295/2377/2648 3322/2412/2654 3323/2413/2583 
f 3324/2414/2584 3297/2381/2557 3296/2379/2556 
f 3296/2379/2556 3323/2413/2583 3324/2414/2584 
f 3325/2415/2585 3298/2383/2558 3297/2381/2557 
f 3297/2381/2557 3324/2414/2584 3325/2415/2585 
f 3326/2416/2586 3299/2385/2559 3298/2383/2558 
f 3298/2383/2558 3325/2415/2585 3326/2416/2586 
f 3327/2417/2655 3300/2387/2560 3299/2385/2559 
f 3299/2385/2559 3326/2416/2586 3327/2417/2655 
f 3328/2418/2588 3301/2389/2649 3300/2387/2560 
f 3300/2387/2560 3327/2417/2655 3328/2418/2588 
f 3329/2419/2656 3302/2391/2650 3301/2389/2649 
f 3301/2389/2649 3328/2418/2588 3329/2419/2656 
f 3142/2205/2564 3115/2153/2537 3302/2391/2650 
f 3302/2391/2650 3329/2419/2656 3142/2205/2564 
f 3169/2232/2622 3303/2393/2651 3304/2394/2652 
f 3304/2394/2652 3170/2233/2623 3169/2232/2622 
f 3173/2236/2432 3305/2395/2565 3303/2393/2651 
f 3303/2393/2651 3169/2232/2622 3173/2236/2432 
f 3175/2238/2434 3306/2396/2566 3305/2395/2565 
f 3305/2395/2565 3173/2236/2432 3175/2238/2434 
f 3177/2240/2436 3307/2397/2567 3306/2396/2566 
f 3306/2396/2566 3175/2238/2434 3177/2240/2436 
f 3179/2242/2438 3308/2398/2568 3307/2397/2567 
f 3307/2397/2567 3177/2240/2436 3179/2242/2438 
f 3181/2244/2440 3309/2399/2569 3308/2398/2568 
f 3308/2398/2568 3179/2242/2438 3181/2244/2440 
f 3183/2246/2442 3310/2400/2570 3309/2399/2569 
f 3309/2399/2569 3181/2244/2440 3183/2246/2442 
f 3185/2248/2625 3311/2401/2571 3310/2400/2570 
f 3310/2400/2570 3183/2246/2442 3185/2248/2625 
f 3187/2250/2446 3312/2402/2572 3311/2401/2571 
f 3311/2401/2571 3185/2248/2625 3187/2250/2446 
f 3189/2252/2448 3313/2403/2573 3312/2402/2572 
f 3312/2402/2572 3187/2250/2446 3189/2252/2448 
f 3191/2254/2450 3314/2404/2574 3313/2403/2573 
f 3313/2403/2573 3189/2252/2448 3191/2254/2450 
f 3193/2256/2452 3315/2405/2575 3314/2404/2574 
f 3314/2404/2574 3191/2254/2450 3193/2256/2452 
f 3195/2258/2454 3316/2406/2576 3315/2405/2575 
f 3315/2405/2575 3193/2256/2452 3195/2258/2454 
f 3197/2260/2456 3317/2407/2577 3316/2406/2576 
f 3316/2406/2576 3195/2258/2454 3197/2260/2456 
f 3199/2262/2458 3318/2408/2578 3317/2407/2577 
f 3317/2407/2577 3197/2260/2456 3199/2262/2458 
f 3201/2264/2460 3319/2409/2579 3318/2408/2578 
f 3318/2408/2578 3199/2262/2458 3201/2264/2460 
f 3203/2266/2626 3320/2410/2580 3319/2409/2579 
f 3319/2409/2579 3201/2264/2460 3203/2266/2626 
f 3205/2268/2627 3321/2411/2653 3320/2410/2580 
f 3320/2410/2580 3203/2266/2626 3205/2268/2627 
f 3207/2270/2629 3322/2412/2654 3321/2411/2653 
f 3321/2411/2653 3205/2268/2627 3207/2270/2629 
f 3209/2272/2468 3323/2413/2583 3322/2412/2654 
f 3322/2412/2654 3207/2270/2629 3209/2272/2468 
f 3211/2274/2470 3324/2414/2584 3323/2413/2583 
f 3323/2413/2583 3209/2272/2468 3211/2274/2470 
f 3213/2276/2472 3325/2415/2585 3324/2414/2584 
f 3324/2414/2584 3211/2274/2470 3213/2276/2472 
f 3215/2278/2474 3326/2416/2586 3325/2415/2585 
f 3325/2415/2585 3213/2276/2472 3215/2278/2474 
f 3217/2280/2476 3327/2417/2655 3326/2416/2586 
f 3326/2416/2586 3215/2278/2474 3217/2280/2476 
f 3219/2282/2478 3328/2418/2588 3327/2417/2655 
f 3327/2417/2655 3217/2280/2476 3219/2282/2478 
f 3221/2284/2631 3329/2419/2656 3328/2418/2588 
f 3328/2418/2588 3219/2282/2478 3221/2284/2631 
f 3008/2044/2592 3142/2205/2564 3329/2419/2656 
f 3329/2419/2656 3221/2284/2631 3008/2044/2592 
# 3689 faces

#
# object van_gogh_book
#

v  2.0525 25.4549 -101.1006
v  3.6140 25.9972 -101.5932
v  31.8885 0.7742 -40.9583
v  30.3270 0.2318 -40.4657
v  3.1556 26.6071 -101.1295
v  31.4301 1.3840 -40.4946
v  2.3129 27.2093 -100.4923
v  30.5874 1.9862 -39.8574
v  1.7464 27.8619 -99.9612
v  30.0209 2.6388 -39.3263
v  1.2530 28.4921 -99.4728
v  29.5275 3.2690 -38.8379
v  0.9315 28.8788 -99.1645
v  29.2061 3.6557 -38.5296
v  0.5786 29.0682 -98.9237
v  28.8532 3.8452 -38.2887
v  0.0119 29.8391 -98.3432
v  28.2865 4.6160 -37.7082
v  -0.3510 30.3259 -97.9742
v  27.9235 5.1029 -37.3392
v  -0.7840 30.8545 -97.5557
v  27.4906 5.6314 -36.9208
v  -1.1344 31.4201 -97.1598
v  27.1402 6.1970 -36.5248
v  -1.6469 32.0498 -96.6626
v  26.6276 6.8268 -36.0277
v  -1.9429 32.3559 -96.3994
v  26.3317 7.1328 -35.7645
v  -2.1882 32.7397 -96.1272
v  26.0864 7.5167 -35.4923
v  -2.4741 32.7481 -95.9921
v  25.8004 7.5251 -35.3572
v  -2.8465 33.1752 -95.6435
v  25.4280 7.9521 -35.0086
v  -3.8410 33.1841 -95.1820
v  24.4336 7.9610 -34.5471
v  -2.9421 33.2969 -95.5490
v  25.3325 8.0738 -34.9141
v  -3.0344 33.4383 -95.4478
v  25.2401 8.2152 -34.8129
v  -4.0509 33.3090 -95.0336
v  24.2237 8.0859 -34.3986
v  -5.0422 33.3370 -94.5655
v  23.2323 8.1139 -33.9306
v  -6.7424 33.4830 -93.7218
v  21.5322 8.2599 -33.0869
v  -8.6811 33.6932 -92.7413
v  19.5935 8.4701 -32.1063
v  -10.7566 33.8852 -91.7048
v  17.5180 8.6622 -31.0699
v  -12.2727 33.9823 -90.9653
v  16.0019 8.7592 -30.3304
v  -13.7734 34.2957 -90.1430
v  14.5012 9.0726 -29.5080
v  -15.9199 34.8800 -88.9097
v  12.3546 9.6569 -28.2748
v  -18.1874 35.4249 -87.6365
v  10.0871 10.2018 -27.0016
v  -19.5451 35.5525 -86.9563
v  8.7295 10.3295 -26.3214
v  -20.8297 35.6580 -86.3190
v  7.4449 10.4349 -25.6840
v  -22.6391 35.8323 -85.4103
v  5.6355 10.6092 -24.7754
v  -24.3718 35.7660 -84.6366
v  3.9027 10.5429 -24.0017
v  -26.2030 35.5616 -83.8745
v  2.0715 10.3385 -23.2395
v  -28.1612 35.1599 -83.1352
v  0.1133 9.9368 -22.5002
v  -30.1507 34.4406 -82.5130
v  -1.8762 9.2175 -21.8780
v  -31.6727 33.6533 -82.1352
v  -3.3982 8.4302 -21.5003
v  -33.0100 32.7041 -81.9102
v  -4.7354 7.4811 -21.2752
v  -33.9334 31.5904 -81.9451
v  -5.6589 6.3673 -21.3101
v  -34.7550 30.3958 -82.0607
v  -6.4805 5.1727 -21.4258
v  -35.2975 29.6322 -82.1266
v  -7.0229 4.4092 -21.4916
v  -35.3993 28.9604 -82.3585
v  -7.1248 3.7373 -21.7236
v  -2.9742 2.6694 -24.0901
v  -75.6467 27.0672 -64.4112
v  -47.3722 1.8441 -3.7763
v  -46.7149 2.4390 -3.8360
v  -74.9894 27.6621 -64.4709
v  -45.6724 3.0161 -4.0830
v  -73.9470 28.2392 -64.7180
v  -44.8924 3.6506 -4.1835
v  -73.1669 28.8737 -64.8184
v  -44.1931 4.2649 -4.2546
v  -72.4677 29.4880 -64.8895
v  -43.7452 4.6414 -4.3072
v  -72.0197 29.8644 -64.9422
v  -43.3286 4.8205 -4.4273
v  -71.6032 30.0436 -65.0622
v  -42.5104 5.5728 -4.4965
v  -70.7849 30.7959 -65.1314
v  -41.9885 6.0478 -4.5426
v  -70.2630 31.2709 -65.1775
v  -41.3826 6.5625 -4.6114
v  -69.6572 31.7856 -65.2463
v  -40.8482 7.1162 -4.6305
v  -69.1227 32.3393 -65.2654
v  -40.1296 7.7295 -4.7108
v  -68.4042 32.9526 -65.3458
v  -39.7331 8.0263 -4.7725
v  -68.0076 33.2494 -65.4074
v  -39.3628 8.4019 -4.7890
v  -67.6374 33.6249 -65.4240
v  -39.0717 8.4025 -4.9247
v  -67.3462 33.6256 -65.5596
v  -38.5593 8.8177 -4.9911
v  -66.8338 34.0408 -65.6260
v  -37.5532 8.7998 -5.4681
v  -65.8277 34.0229 -66.1030
v  -38.4240 8.9363 -5.0049
v  -66.6985 34.1594 -65.6398
v  -38.2855 9.0746 -5.0120
v  -66.5600 34.2977 -65.6469
v  -37.3014 8.9185 -5.5362
v  -65.5759 34.1416 -66.1711
v  -36.2922 8.9196 -6.0065
v  -64.5667 34.1427 -66.6415
v  -34.5299 9.0191 -6.7871
v  -62.8044 34.2422 -67.4221
v  -32.5060 9.1761 -7.6654
v  -60.7805 34.3992 -68.3003
v  -30.3496 9.3112 -8.6141
v  -58.6241 34.5342 -69.2491
v  -28.7879 9.3667 -9.3185
v  -57.0625 34.5898 -69.9534
v  -27.1724 9.6381 -9.9579
v  -55.4470 34.8612 -70.5928
v  -24.8178 10.1616 -10.8362
v  -53.0923 35.3847 -71.4711
v  -22.3533 10.6426 -11.7828
v  -50.6278 35.8656 -72.4178
v  -20.9410 10.7328 -12.4021
v  -49.2155 35.9558 -73.0370
v  -19.6095 10.8028 -12.9920
v  -47.8840 36.0259 -73.6269
v  -17.7256 10.9270 -13.8159
v  -46.0002 36.1501 -74.4508
v  -15.9960 10.8138 -14.6665
v  -44.2705 36.0368 -75.3015
v  -14.2109 10.5602 -15.6009
v  -42.4854 35.7833 -76.2358
v  -12.3604 10.1068 -16.6484
v  -40.6349 35.3299 -77.2833
v  -10.5797 9.3362 -17.7949
v  -38.8542 34.5592 -78.4298
v  -9.2933 8.5106 -18.7347
v  -37.5678 33.7337 -79.3696
v  -8.2453 7.5289 -19.6286
v  -36.5198 32.7520 -80.2635
v  -7.6684 6.3947 -20.3674
v  -35.9429 31.6178 -81.0023
v  -7.2204 5.1828 -21.0786
v  -35.4949 30.4059 -81.7135
v  -6.9165 4.4077 -21.5416
v  -35.1910 29.6308 -82.1765
v  -7.0288 3.7360 -21.7686
v  -35.3033 28.9591 -82.4036
v  -45.9713 1.2622 -4.6733
v  -11.5677 2.7865 -20.0586
v  16.1580 0.7314 -31.8865
v  -1.9027 2.1373 -22.9572
v  -1.9945 1.5578 -22.9252
v  16.2851 0.1847 -31.9420
v  -2.2280 1.2212 -22.4678
v  -2.2403 0.8177 -22.8600
v  -2.2524 1.0437 -23.2496
v  -2.6753 0.7220 -22.9572
v  -2.6811 0.4380 -23.3028
v  -3.9900 0.1794 -22.8040
v  -3.8960 0.4769 -22.4937
v  -5.5524 0.1951 -22.0737
v  -5.4402 0.4927 -21.7718
v  -7.0202 0.3827 -21.3156
v  -6.8852 0.6756 -21.0262
v  15.9379 -0.2889 -32.2086
v  -2.3819 1.6901 -22.4320
v  -2.9642 1.0888 -22.9013
v  -3.9681 0.8398 -22.5398
v  -5.4942 0.8557 -21.8263
v  -6.9164 1.0339 -21.0931
v  -12.1868 2.6212 -17.7590
v  -12.2701 3.2030 -17.7088
v  -31.0579 1.7024 -9.5966
v  -31.1306 1.1590 -9.5582
v  -11.6654 2.3019 -17.6443
v  -12.2697 2.1047 -18.1655
v  -11.9577 1.9022 -17.9051
v  -11.9106 1.6916 -18.2735
v  -12.1713 1.4109 -18.4995
v  -10.5189 0.5286 -19.6328
v  -10.3418 0.8250 -19.3615
v  -8.6067 0.2937 -20.6172
v  -8.4476 0.5906 -20.3372
v  -31.1632 0.6807 -9.9725
v  -11.5393 2.7671 -17.7398
v  -11.6329 2.0356 -18.4897
v  -10.3308 1.1868 -19.4465
v  -8.4546 0.9530 -20.4137
v  -4.1056 2.4817 -26.8603
v  -4.5258 2.0836 -27.2588
v  -5.8128 2.4855 -26.4958
v  -4.8089 2.7344 -26.8573
v  -8.7611 2.6795 -25.0491
v  -7.3389 2.5013 -25.7822
v  -13.8231 3.5662 -21.9054
v  -14.0160 3.0566 -22.4555
v  -12.1755 2.8324 -23.4025
v  -10.2993 2.5986 -24.3697
v  4.7305 25.3637 -104.2112
v  5.0123 25.9330 -104.3344
v  19.8472 12.6991 -72.5208
v  19.4881 12.1988 -72.5635
v  4.8212 26.3127 -103.8592
v  19.5788 13.1477 -72.2114
v  -79.1681 27.6589 -64.3662
v  -79.5517 27.2889 -64.5714
v  -64.7995 13.5357 -32.9353
v  -64.4932 13.9746 -32.8959
v  -75.1052 27.8143 -66.2013
v  -60.4303 14.1301 -34.7310
v  -79.3793 26.7115 -64.6618
v  -64.7044 13.0273 -33.1914
v  31.2856 0.1494 -39.0928
v  31.5241 -0.3692 -39.1876
v  31.1342 -0.8095 -39.4210
v  14.3412 2.5520 -35.7827
v  29.4409 1.7950 -43.0487
v  -45.5900 1.4845 -2.9058
v  -45.7390 0.9707 -2.8193
v  -45.7447 0.5222 -3.2339
v  -32.8588 3.6229 -13.4587
v  -14.1148 4.8487 -21.6648
v  32.4010 0.6795 -44.8717
v  32.8277 1.1194 -44.6840
v  32.4917 1.6284 -44.5197
v  -51.4976 2.9747 -5.0267
v  -51.7362 2.4754 -4.9210
v  -47.4347 3.1301 -6.8617
v  -51.7088 2.0273 -5.3222
v  16.5280 13.3143 -70.7405
v  1.7704 26.4792 -102.3883
v  34.3576 0.3578 -40.4178
v  34.7439 -0.1288 -40.5672
v  34.3478 -0.5848 -40.8044
v  1.8543 26.0986 -102.8147
v  1.6190 25.5203 -102.7166
v  -17.1633 14.1301 -54.8625
v  -17.4387 13.6029 -54.9506
v  -26.8807 15.2146 -49.9076
v  -26.9288 14.5759 -50.1473
v  -3.7474 3.7830 -26.9131
v  -4.2473 3.3541 -26.4323
v  -49.5835 1.6471 -1.0211
v  -49.8248 1.1653 -0.8310
v  -49.8373 0.6806 -1.2006
v  -13.4047 4.4311 -21.7401
v  -13.4776 3.6812 -22.4456
v  -75.4088 27.4385 -66.4464
v  -75.2599 26.8520 -66.5295
v  33.1874 -0.6967 -40.3049
v  32.6811 -0.3288 -41.3746
v  33.8573 -0.2362 -41.8900
v  34.3682 -0.6114 -40.8145
v  5.4346 25.5943 -103.5337
v  5.1098 25.0137 -103.4529
v  4.7404 25.3413 -104.2350
v  5.0345 25.9392 -104.3599
v  4.8396 26.3411 -103.8652
v  5.2091 26.0159 -103.0827
v  -79.2160 26.9408 -63.7465
v  -78.8308 27.3521 -63.5824
v  -79.1864 27.6865 -64.3552
v  -79.5846 27.2956 -64.5717
v  -77.6678 27.4014 -64.1056
v  -78.0284 27.7336 -64.8796
v  -79.4063 26.6904 -64.6679
v  -79.0508 26.3541 -63.8953
v  26.6359 -0.6866 -37.2876
v  26.1507 -0.2425 -38.3277
v  30.6463 -0.4097 -40.4680
v  31.1343 -0.8403 -39.4216
v  31.5320 -0.3766 -39.1696
v  33.5857 -0.2226 -40.0493
v  33.2724 0.3486 -39.9216
v  31.2934 0.1732 -39.0745
v  3.7336 26.4032 -103.3335
v  3.8606 26.0016 -103.8015
v  1.8467 26.1072 -102.8324
v  1.7733 26.5102 -102.3885
v  3.5993 25.3969 -103.6902
v  1.6087 25.4972 -102.7339
v  32.7835 0.7794 -40.9867
v  30.8074 0.6117 -40.1182
v  3.9647 25.0656 -102.9051
v  1.9741 25.1658 -101.9489
v  -2.6817 26.7340 -100.2434
v  -2.3152 26.4105 -99.4575
v  2.1404 26.1871 -101.6016
v  -53.2132 3.2525 -8.4924
v  -52.0210 3.2876 -9.0352
v  -50.5421 2.0358 -5.8637
v  -51.7364 2.0019 -5.3195
v  31.0533 2.9603 -47.6555
v  29.9463 3.0237 -47.1204
v  31.4085 1.7193 -43.9847
v  32.5172 1.6551 -44.5208
v  32.8682 1.1210 -44.7022
v  34.2768 0.2053 -41.6757
v  32.4178 0.6526 -44.8903
v  33.8909 0.7616 -41.4932
v  -51.7762 2.4773 -4.9016
v  -50.3699 1.5157 -1.8931
v  -50.1005 2.0205 -2.0487
v  -51.5170 3.0003 -5.0074
v  -48.9544 2.0527 -2.5741
v  -50.3537 3.0497 -5.5309
v  -50.3638 1.0141 -2.2910
v  -48.4608 1.6268 -1.5299
v  -48.6513 1.1066 -1.3786
v  -45.7304 0.9642 -2.8012
v  -45.5813 1.5083 -2.8880
v  -48.6674 0.6052 -1.7807
v  -45.7451 0.4914 -3.2342
v  -75.4170 27.4471 -66.4637
v  -78.3787 27.3402 -65.1233
v  -75.1063 27.8454 -66.1995
v  -78.2166 26.7283 -65.2111
v  -75.2670 26.8290 -66.5484
v  -49.1677 0.9827 -2.8688
v  -46.2330 0.9219 -4.2807
v  -72.2898 26.9166 -67.9007
v  -71.9286 26.5786 -67.1268
v  -74.9070 26.4886 -65.7769
v  -42.6419 1.5532 -4.2418
v  -43.1256 2.0049 -5.2786
v  -46.0679 1.9468 -3.9315
v  34.7780 -0.1309 -40.5661
v  34.3803 0.4133 -40.4041
v  -49.8444 1.1652 -0.8037
v  -49.5934 1.6716 -0.9987
v  -49.8590 0.6554 -1.1895
v  -77.8565 26.3880 -64.4396
v  4.1006 26.0801 -102.5467
v  31.2729 0.7046 -44.3425
v  -42.7502 1.0029 -4.1759
v  -42.7764 0.5234 -4.6068
v  -72.4277 27.5418 -67.8194
v  -72.1564 27.9453 -67.5338
v  -43.2612 0.9684 -5.6469
v  27.0140 -0.2110 -37.0209
v  26.8316 0.3461 -36.9499
v  -2.6633 26.3237 -100.6662
v  -2.8789 25.7022 -100.5820
v  26.3506 0.8296 -37.9825
v  -2.5135 25.3716 -99.7973
v  31.3721 2.4561 -47.9106
v  30.9533 1.9565 -48.0260
v  -53.2889 3.7583 -8.1457
v  -52.9936 4.2530 -8.1792
v  -51.8326 4.3013 -8.7019
v  29.8104 2.0092 -47.4788
v  6.8822 23.5987 -96.5817
v  7.9891 23.5353 -97.1167
v  -75.0917 23.8098 -58.5105
v  -76.2837 23.7746 -57.9678
v  8.2354 23.0958 -97.5273
v  7.8891 22.5314 -97.4872
v  -76.4319 24.3452 -57.7759
v  -76.0637 24.7750 -57.6538
v  -74.9030 24.8232 -58.1765
v  6.7462 22.5842 -96.9401
v  -74.7457 27.5132 -65.4255
v  -71.7948 27.6147 -66.7578
v  26.6382 -0.6555 -37.2872
v  26.1576 -0.2113 -38.3178
v  30.6510 -0.3785 -40.4572
v  32.7809 0.7480 -40.9977
v  30.8024 0.5804 -40.1289
v  3.9722 25.0968 -102.8956
v  1.9815 25.1970 -101.9393
v  -2.6851 26.7026 -100.2443
v  -2.3226 26.3793 -99.4670
v  2.1328 26.1559 -101.6110
v  -53.1876 3.2790 -8.4935
v  -52.0179 3.3189 -9.0239
v  -50.5390 2.0672 -5.8525
v  31.0294 2.9330 -47.6557
v  29.9386 2.9925 -47.1298
v  31.4010 1.6880 -43.9938
v  -48.9601 2.0212 -2.5837
v  -50.3567 3.0183 -5.5420
v  -49.1618 1.0141 -2.8592
v  -46.2279 0.9532 -4.2701
v  -72.2827 26.9402 -67.8821
v  -71.9252 26.6097 -67.1153
v  -74.9036 26.5198 -65.7653
v  -42.6493 1.5286 -4.2597
v  -43.1297 1.9737 -5.2899
v  -46.0732 1.9155 -3.9419
v  -77.8532 26.4191 -64.4280
v  32.6836 -0.2974 -41.3635
v  4.0930 26.0489 -102.5561
v  31.2802 0.7359 -44.3333
v  -42.7586 1.0091 -4.1942
v  -42.7764 0.5544 -4.6057
v  -72.1556 27.9140 -67.5363
v  -72.4195 27.5330 -67.8021
v  -43.2568 0.9996 -5.6358
v  26.8219 0.3211 -36.9664
v  27.0058 -0.2050 -37.0393
v  -2.6558 26.3147 -100.6487
v  -2.8687 25.7261 -100.5650
v  26.3435 0.7985 -37.9924
v  -2.5063 25.4028 -99.7877
v  30.9386 1.9840 -48.0077
v  31.3315 2.4542 -47.8925
v  -52.9764 4.2264 -8.1980
v  -53.2490 3.7562 -8.1652
v  -51.8355 4.2701 -8.7133
v  29.8179 2.0404 -47.4694
v  6.8745 23.5675 -96.5910
v  7.9652 23.5080 -97.1169
v  -75.0884 23.8410 -58.4988
v  -76.2581 23.8011 -57.9684
v  8.1949 23.0938 -97.5092
v  7.8745 22.5590 -97.4689
v  -76.3920 24.3432 -57.7954
v  -76.0469 24.7484 -57.6729
v  -74.9060 24.7921 -58.1882
v  -77.6708 27.3703 -64.1174
v  6.7537 22.6154 -96.9306
v  -74.7489 27.4821 -65.4372
v  -71.7980 27.5836 -66.7695
v  -5.3018 3.5833 -21.6610
v  -6.8414 3.5452 -20.9633
v  -6.9135 3.0928 -21.1179
v  -5.3923 3.0978 -21.8208
v  -3.8841 2.6519 -22.7047
v  -3.6757 3.1154 -22.6086
v  -2.6189 2.0344 -23.5472
v  -2.2217 2.3294 -23.6085
v  -5.3169 3.7010 -21.6905
v  -6.8544 3.6693 -20.9912
v  -3.6842 3.2267 -22.6439
v  -2.1670 2.4205 -23.6814
v  -8.7411 3.5477 -20.0816
v  -8.7640 3.0644 -20.2718
v  -10.2517 2.5799 -19.7833
v  -10.2683 3.0586 -19.5767
v  -12.0053 2.3412 -19.0690
v  -12.0068 2.8489 -18.8573
v  -8.7618 3.6653 -20.1086
v  -10.2822 3.1707 -19.6091
v  -12.0324 2.9837 -18.8749
v  -8.3827 6.4359 -28.2650
v  -9.9202 6.4042 -27.5657
v  -6.7500 5.9616 -29.2184
v  -5.2328 5.1554 -30.2560
v  -11.8276 6.4002 -26.6832
v  -13.3480 5.9056 -26.1837
v  -15.0981 5.7186 -25.4494
v  6.7757 1.4303 -11.5204
v  19.4211 3.3578 -31.1734
v  17.3711 1.8600 -32.6393
v  4.7257 -0.0675 -12.9863
v  17.3761 1.6442 -32.6573
v  4.7306 -0.2833 -13.0043
v  18.5800 0.6479 -31.9804
v  5.9346 -1.2796 -12.3274
v  20.1546 -0.1647 -31.0469
v  7.5091 -2.0922 -11.3939
v  22.0283 -0.8291 -29.9064
v  9.3829 -2.7566 -10.2535
v  24.1299 -1.3806 -28.6083
v  11.4844 -3.3081 -8.9553
v  26.3877 -1.8547 -27.2020
v  13.7423 -3.7822 -7.5491
v  28.7304 -2.2866 -25.7370
v  16.0850 -4.2142 -6.0841
v  28.8601 -2.2993 -25.6548
v  16.2146 -4.2268 -6.0018
v  28.9868 -2.2902 -25.5724
v  16.3414 -4.2177 -5.9194
v  29.1077 -2.2589 -25.4915
v  16.4623 -4.1864 -5.8385
v  29.2199 -2.2048 -25.4141
v  16.5744 -4.1323 -5.7611
v  29.3202 -2.1273 -25.3419
v  16.6748 -4.0548 -5.6889
v  29.4060 -2.0261 -25.2768
v  16.7605 -3.9536 -5.6238
v  31.3544 -0.5850 -23.9375
v  18.6365 -2.8522 -4.3087
v  19.8764 -1.4162 -3.3701
v  32.5602 1.1531 -22.9315
v  32.4506 1.3382 -22.9648
v  19.7845 -1.2230 -3.4103
v  30.0374 1.1779 -24.5713
v  17.3657 -0.9443 -4.9393
v  27.6219 0.9852 -26.1294
v  14.9966 -0.6336 -6.4332
v  25.3483 1.3576 -27.5558
v  12.7230 -0.2613 -7.8596
v  23.2361 2.1298 -28.8391
v  10.5907 0.2022 -9.1861
v  21.2909 2.7140 -30.0334
v  8.6455 0.7865 -10.3805
v  19.5785 3.4485 -31.0632
v  6.9331 1.5210 -11.4102
v  5.3134 1.2074 -9.2478
v  3.2634 -0.2904 -10.7137
v  3.2683 -0.5062 -10.7317
v  17.1742 -3.0751 -2.0361
v  18.4141 -1.6391 -1.0975
v  18.3222 -1.4459 -1.1376
v  15.2982 -4.1765 -3.3512
v  15.9034 -1.1672 -2.6667
v  13.5343 -0.8565 -4.1606
v  15.2125 -4.2777 -3.4163
v  15.1121 -4.3552 -3.4885
v  15.0000 -4.4093 -3.5659
v  14.8791 -4.4406 -3.6468
v  14.7524 -4.4497 -3.7292
v  14.6227 -4.4370 -3.8114
v  12.2800 -4.0051 -5.2764
v  10.0221 -3.5310 -6.6827
v  11.2607 -0.4842 -5.5869
v  7.9206 -2.9795 -7.9808
v  9.1284 -0.0206 -6.9135
v  6.0468 -2.3151 -9.1213
v  7.1832 0.5636 -8.1078
v  4.4723 -1.5025 -10.0548
v  5.4708 1.2981 -9.1376
v  31.1640 1.9795 -23.5835
v  30.7128 1.7695 -22.8274
v  31.7926 1.7754 -21.9754
v  32.0859 2.2115 -22.6479
v  27.6562 1.5090 -26.0556
v  27.1173 1.4059 -25.2231
v  29.5193 1.4732 -23.6804
v  30.0583 1.6506 -24.5002
v  25.3768 1.7884 -27.4952
v  24.8397 1.7098 -26.6593
v  23.2473 2.2790 -28.8179
v  22.7134 2.2525 -27.9746
v  21.3001 2.8279 -30.0166
v  20.7633 2.7589 -29.1793
v  19.5845 3.5625 -31.0482
v  19.0469 3.4806 -30.2127
v  19.4236 3.4707 -31.1607
v  18.8861 3.3888 -30.3253
v  16.6357 -0.9246 -3.7885
v  17.7281 -1.0463 -3.1208
v  18.5715 -0.9849 -4.1659
v  17.3741 -0.8169 -4.9215
v  14.2736 -0.6256 -5.2799
v  15.0051 -0.5099 -6.4156
v  12.0087 -0.1259 -6.6881
v  12.7399 -0.0149 -7.8247
v  9.8691 0.2259 -8.0302
v  10.6031 0.3786 -9.1607
v  7.9234 0.7886 -9.2271
v  8.6550 0.9076 -10.3624
v  6.2079 1.5236 -10.2589
v  6.9391 1.6350 -11.3952
v  6.0470 1.4318 -10.3714
v  6.7782 1.5432 -11.5077
v  15.8946 -0.9920 -2.6598
v  16.8688 -1.0103 -2.1659
v  13.5431 -0.7276 -4.1424
v  11.2752 -0.2718 -5.5565
v  9.1373 0.1042 -6.8954
v  7.1923 0.6771 -8.0908
v  5.4768 1.4121 -9.1226
v  5.3159 1.3203 -9.2351
v  18.8658 -0.9482 -2.3408
v  19.7588 -1.0813 -3.4021
v  17.9472 -0.7121 -1.5375
v  20.3641 -1.0218 -4.2840
v  19.1548 -0.8825 -5.0483
v  17.9455 -0.7432 -5.8129
v  15.5771 -0.4279 -7.3059
v  13.3101 0.0391 -8.7189
v  11.1760 0.4734 -10.0492
v  9.2277 0.9994 -11.2513
v  7.5114 1.7222 -12.2847
v  7.3505 1.6304 -12.3972
v  30.0849 1.2810 -21.8951
v  31.2947 1.4487 -21.0945
v  26.4551 1.2532 -24.2067
v  28.8549 1.1925 -22.6850
v  24.1813 1.6142 -25.6346
v  22.0570 2.1904 -26.9451
v  20.1053 2.6706 -28.1538
v  18.3882 3.3802 -29.1890
v  18.2273 3.2884 -29.3015
v  29.4238 1.0392 -20.9088
v  30.6232 1.1772 -20.0920
v  25.8110 1.1275 -23.2125
v  28.1916 0.8908 -21.7117
v  23.5384 1.5074 -24.6376
v  21.4121 2.0557 -25.9519
v  19.4622 2.5611 -27.1571
v  17.7459 3.2823 -28.1907
v  17.5850 3.1905 -28.3033
v  31.7956 1.7646 -21.9783
v  30.7145 1.7583 -22.8296
v  31.1666 1.9685 -23.5857
v  32.0916 2.2022 -22.6515
v  29.5199 1.4617 -23.6823
v  27.1168 1.3945 -25.2249
v  27.6557 1.4976 -26.0574
v  30.0590 1.6389 -24.5021
v  24.8386 1.6985 -26.6610
v  25.3759 1.7771 -27.4969
v  22.7116 2.2412 -27.9763
v  23.2454 2.2677 -28.8196
v  20.7611 2.7478 -29.1817
v  21.2978 2.8168 -30.0189
v  19.0478 3.4691 -30.2133
v  19.5854 3.5510 -31.0487
v  18.8904 3.3783 -30.3235
v  19.4280 3.4603 -31.1589
v  18.5711 -0.9964 -4.1669
v  17.7281 -1.0578 -3.1207
v  16.6351 -0.9361 -3.7898
v  17.3735 -0.8284 -4.9230
v  14.2727 -0.6370 -5.2816
v  15.0042 -0.5213 -6.4173
v  12.0077 -0.1372 -6.6900
v  12.7388 -0.0263 -7.8264
v  9.8679 0.2146 -8.0323
v  10.6018 0.3673 -9.1628
v  7.9212 0.7775 -9.2297
v  8.6529 0.8966 -10.3649
v  6.2088 1.5121 -10.2594
v  6.9400 1.6235 -11.3957
v  6.0514 1.4213 -10.3696
v  6.7825 1.5328 -11.5059
v  16.8693 -1.0218 -2.1649
v  15.8941 -1.0035 -2.6606
v  13.5422 -0.7390 -4.1439
v  11.2742 -0.2831 -5.5585
v  9.1360 0.0929 -6.8975
v  7.1901 0.6661 -8.0934
v  5.4777 1.4006 -9.1231
v  5.3203 1.3099 -9.2333
v  19.7580 -1.0928 -3.4024
v  18.8653 -0.9597 -2.3396
v  17.9475 -0.7234 -1.5352
v  20.3637 -1.0332 -4.2853
v  19.1543 -0.8939 -5.0498
v  17.9449 -0.7546 -5.8143
v  15.5762 -0.4392 -7.3076
v  13.3089 0.0278 -8.7206
v  11.1746 0.4622 -10.0512
v  9.2255 0.9884 -11.2538
v  7.5123 1.7108 -12.2853
v  7.3549 1.6200 -12.3955
v  31.2961 1.4375 -21.0970
v  30.0859 1.2696 -21.8973
v  28.8551 1.1811 -22.6868
v  26.4545 1.2418 -24.2086
v  24.1802 1.6029 -25.6366
v  22.0554 2.1791 -26.9472
v  20.1032 2.6595 -28.1562
v  18.3891 3.3687 -29.1896
v  18.2317 3.2779 -29.2997
v  30.6241 1.1659 -20.0941
v  29.4241 1.0280 -20.9106
v  28.1912 0.8795 -21.7132
v  25.8103 1.1161 -23.2142
v  23.5373 1.4961 -24.6395
v  21.4106 2.0445 -25.9541
v  19.4601 2.5500 -27.1596
v  17.7468 3.2708 -28.1913
v  17.5894 3.1800 -28.3015
# 687 vertices

vn 0.1680 -0.8799 -0.4444
vn 0.7644 0.6383 -0.0909
vn 0.7644 0.6383 -0.0910
vn 0.6071 0.7932 0.0469
vn 0.7324 0.6783 -0.0593
vn 0.7557 0.6497 -0.0821
vn 0.7424 0.6664 -0.0690
vn 0.5277 0.8430 0.1046
vn 0.7690 0.6320 -0.0957
vn 0.7661 0.6360 -0.0927
vn 0.7457 0.6623 -0.0722
vn 0.8015 0.5834 -0.1311
vn 0.8016 0.5834 -0.1311
vn 0.7472 0.6606 -0.0736
vn 0.7062 0.7071 -0.0352
vn 0.7961 0.5922 -0.1249
vn 0.7960 0.5922 -0.1249
vn 0.1733 0.9354 0.3083
vn 0.7313 0.6796 -0.0583
vn 0.1554 0.9357 0.3168
vn -0.0337 -0.9283 -0.3704
vn 0.7921 0.5985 -0.1204
vn 0.7921 0.5984 -0.1204
vn 0.0321 0.9280 0.3711
vn 0.1032 0.9345 0.3406
vn 0.1019 0.9345 0.3412
vn 0.1975 0.9344 0.2966
vn 0.1970 0.9344 0.2968
vn 0.2315 0.9318 0.2797
vn 0.2313 0.9318 0.2797
vn 0.2342 0.9315 0.2783
vn 0.2343 0.9315 0.2782
vn 0.2155 0.9332 0.2877
vn 0.2157 0.9332 0.2876
vn 0.2632 0.9281 0.2634
vn 0.2622 0.9282 0.2638
vn 0.3443 0.9129 0.2192
vn 0.3440 0.9130 0.2194
vn 0.3558 0.9101 0.2127
vn 0.3559 0.9100 0.2126
vn 0.2869 0.9245 0.2508
vn 0.2877 0.9244 0.2504
vn 0.2241 0.9325 0.2834
vn 0.2251 0.9324 0.2829
vn 0.2250 0.9324 0.2829
vn 0.1725 0.9354 0.3087
vn 0.1732 0.9354 0.3083
vn 0.0804 0.9330 0.3507
vn 0.0808 0.9331 0.3505
vn 0.0039 0.9239 0.3825
vn 0.0044 0.9240 0.3823
vn -0.1098 0.8985 0.4250
vn -0.1090 0.8987 0.4247
vn -0.2442 0.8497 0.4673
vn -0.2436 0.8499 0.4672
vn -0.3757 0.7804 0.4998
vn -0.3752 0.7807 0.4997
vn -0.5592 0.6400 0.5270
vn -0.5585 0.6407 0.5269
vn -0.6959 0.4875 0.5273
vn -0.6957 0.4877 0.5273
vn -0.7213 0.4523 0.5245
vn -0.8403 0.2337 0.4891
vn -0.8401 0.2343 0.4892
vn -0.9075 -0.0074 0.4201
vn 0.3824 -0.3527 0.8540
vn 0.3802 -0.3526 0.8550
vn 0.3802 -0.3527 0.8550
vn 0.3832 -0.3518 0.8540
vn 0.3835 -0.3447 0.8568
vn 0.3819 -0.3528 0.8542
vn 0.3843 -0.3487 0.8548
vn 0.3888 -0.3527 0.8512
vn 0.3890 -0.3528 0.8510
vn 0.3886 -0.3527 0.8512
vn 0.3885 -0.3526 0.8514
vn 0.3883 -0.3525 0.8514
vn 0.3883 -0.3527 0.8514
vn 0.3873 -0.3518 0.8522
vn 0.3880 -0.3528 0.8515
vn 0.3875 -0.3527 0.8517
vn 0.3871 -0.3525 0.8520
vn 0.3867 -0.3522 0.8523
vn 0.3865 -0.3519 0.8525
vn 0.3862 -0.3515 0.8528
vn 0.3860 -0.3511 0.8531
vn 0.3859 -0.3508 0.8533
vn 0.3857 -0.3503 0.8536
vn 0.3854 -0.3493 0.8541
vn 0.3851 -0.3472 0.8551
vn 0.3850 -0.3463 0.8555
vn 0.3849 -0.3453 0.8560
vn 0.3847 -0.3434 0.8568
vn 0.3845 -0.3400 0.8582
vn 0.3848 -0.3488 0.8546
vn 0.3847 -0.3394 0.8584
vn 0.3848 -0.3491 0.8544
vn 0.3848 -0.3497 0.8542
vn 0.3848 -0.3496 0.8542
vn 0.3848 -0.3500 0.8540
vn 0.3852 -0.3465 0.8553
vn 0.3850 -0.3484 0.8546
vn 0.3849 -0.3491 0.8544
vn 0.3849 -0.3487 0.8545
vn -0.5469 0.6514 0.5260
vn -0.3333 0.8052 0.4904
vn -0.5003 0.6916 0.5210
vn -0.5340 0.6629 0.5248
vn -0.5146 0.6796 0.5227
vn -0.2361 0.8533 0.4650
vn -0.5537 0.6451 0.5265
vn -0.5494 0.6491 0.5262
vn -0.5194 0.6756 0.5232
vn -0.6037 0.5960 0.5294
vn -0.6038 0.5960 0.5294
vn -0.5215 0.6738 0.5235
vn -0.4636 0.7204 0.5159
vn -0.5951 0.6049 0.5291
vn 0.1472 0.9357 0.3206
vn -0.4987 0.6929 0.5208
vn 0.1649 0.9356 0.3123
vn -0.2813 -0.9254 -0.2538
vn -0.5888 0.6113 0.5288
vn 0.2828 0.9252 0.2530
vn 0.2161 0.9331 0.2874
vn 0.1234 0.9353 0.3315
vn 0.0890 0.9337 0.3469
vn 0.0861 0.9335 0.3481
vn 0.1051 0.9346 0.3398
vn 0.0568 0.9309 0.3608
vn 0.0569 0.9309 0.3607
vn -0.0287 0.9181 0.3953
vn -0.0413 0.9155 0.4001
vn 0.0315 0.9280 0.3713
vn 0.0313 0.9279 0.3714
vn 0.0966 0.9342 0.3436
vn 0.0965 0.9342 0.3436
vn 0.0956 0.9341 0.3440
vn 0.1480 0.9357 0.3202
vn 0.1477 0.9357 0.3204
vn 0.2375 0.9312 0.2766
vn 0.2374 0.9312 0.2767
vn 0.3091 0.9206 0.2388
vn 0.3088 0.9206 0.2390
vn 0.4112 0.8936 0.1800
vn 0.4108 0.8937 0.1802
vn 0.5258 0.8440 0.1059
vn 0.5255 0.8442 0.1061
vn 0.6311 0.7752 0.0282
vn 0.6308 0.7754 0.0284
vn 0.7653 0.6371 -0.0918
vn 0.7648 0.6377 -0.0914
vn 0.8512 0.4876 -0.1941
vn 0.8511 0.4878 -0.1940
vn 0.8652 0.4529 -0.2150
vn 0.8652 0.4529 -0.2151
vn 0.9148 0.2340 -0.3292
vn 0.9147 0.2345 -0.3290
vn 0.9051 -0.0075 -0.4252
vn 0.3980 -0.3527 0.8469
vn 0.3957 -0.3527 0.8479
vn 0.3895 -0.3527 0.8508
vn 0.3891 -0.3528 0.8510
vn 0.3893 -0.3527 0.8509
vn 0.3897 -0.3526 0.8508
vn 0.3898 -0.3525 0.8508
vn 0.3898 -0.3527 0.8507
vn 0.3911 -0.3518 0.8505
vn 0.3901 -0.3528 0.8505
vn 0.3906 -0.3527 0.8503
vn 0.3911 -0.3525 0.8502
vn 0.3915 -0.3522 0.8501
vn 0.3919 -0.3519 0.8500
vn 0.3923 -0.3515 0.8500
vn 0.3927 -0.3511 0.8500
vn 0.3929 -0.3508 0.8500
vn 0.3933 -0.3502 0.8501
vn 0.3939 -0.3492 0.8502
vn 0.3949 -0.3471 0.8506
vn 0.3954 -0.3461 0.8508
vn 0.3959 -0.3451 0.8510
vn 0.3966 -0.3432 0.8514
vn 0.3980 -0.3396 0.8522
vn 0.3952 -0.3486 0.8499
vn 0.3963 -0.3527 0.8477
vn 0.3974 -0.3445 0.8505
vn 0.3947 -0.3487 0.8501
vn 0.3981 -0.3387 0.8525
vn 0.3946 -0.3490 0.8500
vn 0.3944 -0.3496 0.8498
vn 0.3944 -0.3496 0.8499
vn 0.3943 -0.3500 0.8497
vn 0.3944 -0.3495 0.8499
vn 0.3951 -0.3463 0.8509
vn 0.3947 -0.3483 0.8502
vn 0.3945 -0.3490 0.8500
vn 0.3946 -0.3486 0.8502
vn 0.3953 -0.3518 0.8485
vn 0.3959 0.5093 0.7641
vn 0.5934 0.4335 0.6782
vn 0.9342 -0.1693 0.3139
vn 0.3906 -0.3240 0.8616
vn 0.4125 -0.3172 0.8539
vn 0.5071 -0.8503 0.1407
vn 0.5156 -0.8391 0.1735
vn -0.3624 -0.7448 0.5604
vn 0.1304 -0.9802 0.1490
vn 0.1544 -0.9766 0.1495
vn 0.3741 -0.3715 0.8497
vn 0.0300 -0.9794 0.1997
vn 0.3879 -0.3373 0.8578
vn 0.0516 -0.9811 0.1865
vn 0.4060 -0.2623 0.8754
vn 0.1191 -0.9220 0.3683
vn 0.2341 0.4780 0.8466
vn -0.2209 0.4044 0.8875
vn 0.2121 0.6701 0.7114
vn 0.3604 0.6798 0.6388
vn 0.3315 0.6834 0.6504
vn -0.3586 -0.1740 0.9171
vn 0.1265 0.4299 0.8940
vn 0.3286 0.5088 0.7957
vn 0.3958 -0.3301 0.8569
vn 0.4052 -0.3218 0.8558
vn -0.1892 -0.8419 0.5053
vn -0.2029 -0.8579 0.4721
vn 0.5761 -0.8074 0.1271
vn -0.1729 -0.9296 0.3256
vn -0.1270 -0.9496 0.2867
vn 0.3683 -0.4053 0.8367
vn 0.0553 -0.9801 0.1906
vn 0.3918 -0.3538 0.8493
vn 0.1924 -0.9224 0.3350
vn 0.4835 0.4786 0.7329
vn 0.9289 0.2349 0.2865
vn 0.5642 0.6372 0.5251
vn 0.3326 0.6790 0.6545
vn 0.7963 -0.3284 -0.5079
vn -0.0779 0.9071 0.4137
vn 0.2553 0.9291 0.2675
vn -0.9156 -0.0783 0.3944
vn 0.2548 0.9292 0.2677
vn 0.1012 0.9344 0.3415
vn 0.7136 -0.4634 -0.5255
vn 0.8076 0.5733 -0.1381
vn -0.7219 0.4495 0.5262
vn -0.7204 0.4516 0.5264
vn 0.1172 0.9334 0.3391
vn 0.1152 0.9352 0.3349
vn -0.9043 -0.3141 0.2892
vn -0.9046 -0.3126 0.2899
vn 0.3452 0.5273 0.7764
vn 0.3816 -0.3545 0.8537
vn 0.1423 -0.9386 0.3144
vn 0.2019 0.9318 0.3017
vn 0.2031 0.9299 0.3068
vn 0.1373 0.9346 0.3282
vn 0.1860 0.9374 0.2944
vn 0.3575 0.5331 0.7668
vn 0.4021 -0.3241 0.8563
vn 0.1518 -0.9352 0.3200
vn 0.1068 0.9288 0.3550
vn 0.1079 0.9291 0.3537
vn 0.0879 0.9306 0.3554
vn 0.0901 0.9337 0.3464
vn -0.7223 0.4533 0.5223
vn -0.7237 0.4511 0.5222
vn 0.1099 0.9397 0.3237
vn 0.1217 0.9369 0.3277
vn -0.9032 -0.3138 0.2928
vn -0.9030 -0.3152 0.2920
vn 0.1950 0.9345 0.2978
vn 0.2942 0.5287 0.7962
vn 0.3781 -0.3726 0.8475
vn 0.1862 -0.9385 0.2907
vn -0.3639 0.4153 -0.8337
vn -0.0700 0.9601 -0.2707
vn -0.0689 0.9618 -0.2651
vn -0.3863 0.3206 -0.8649
vn -0.3957 -0.4705 -0.7888
vn -0.3953 -0.4663 -0.7914
vn 0.1003 0.9358 0.3381
vn 0.1899 0.9391 0.2863
vn 0.2072 0.9338 0.2918
vn 0.2125 0.9317 0.2945
vn 0.7121 -0.4754 -0.5167
vn 0.7604 -0.4045 -0.5081
vn -0.2680 0.8388 0.4739
vn -0.7825 0.3542 0.5122
vn 0.1574 0.9357 0.3158
vn 0.8075 0.5687 -0.1563
vn 0.7700 0.6265 -0.1207
vn -0.7290 0.4485 0.5172
vn -0.6759 0.5246 0.5177
vn 0.1684 0.9368 0.3066
vn 0.1587 0.9357 0.3152
vn -0.9013 -0.3188 0.2933
vn -0.9125 -0.2344 0.3354
vn 0.5147 0.8498 0.1135
vn 0.9157 0.2231 -0.3342
vn 0.5816 0.8108 0.0661
vn 0.3648 0.6220 0.6928
vn 0.4191 -0.2208 0.8807
vn 0.1779 -0.8780 0.4443
vn -0.1411 0.9627 -0.2310
vn -0.1458 0.9604 -0.2376
vn -0.3922 0.4108 -0.8230
vn -0.4007 0.3332 -0.8535
vn -0.3536 -0.4646 -0.8118
vn -0.3510 -0.4705 -0.8096
vn -0.0723 -0.9393 -0.3355
vn -0.0763 -0.9391 -0.3350
vn 0.7096 -0.4675 -0.5271
vn 0.7134 -0.4604 -0.5283
vn 0.8064 0.5749 -0.1385
vn 0.8094 0.5691 -0.1449
vn -0.7175 0.4570 0.5257
vn -0.7257 0.4479 0.5223
vn 0.1135 0.9335 0.3402
vn 0.1143 0.9337 0.3394
vn 0.1157 0.9337 0.3388
vn 0.1155 0.9335 0.3395
vn -0.9027 -0.3248 0.2821
vn -0.9057 -0.3140 0.2848
vn -0.1813 -0.9342 -0.3073
vn -0.1771 -0.9356 -0.3053
vn 0.3791 -0.3569 0.8538
vn 0.3883 -0.3350 0.8585
vn 0.3035 0.5106 0.8045
vn 0.3429 0.5246 0.7792
vn 0.1854 -0.9397 0.2873
vn 0.1423 -0.9387 0.3140
vn -0.0683 0.9608 -0.2688
vn -0.3652 0.3913 -0.8447
vn -0.3712 0.3920 -0.8417
vn -0.0746 0.9594 -0.2720
vn -0.3934 -0.4690 -0.7907
vn -0.3954 -0.4654 -0.7919
vn 0.1260 0.9355 0.3301
vn 0.0837 0.9376 0.3375
vn 0.1278 0.9395 0.3179
vn 0.1318 0.9342 0.3314
vn -0.1919 -0.9341 -0.3009
vn -0.1920 -0.9341 -0.3009
vn 0.1927 0.9350 0.2976
vn 0.1911 0.9351 0.2986
vn 0.1910 0.9351 0.2985
vn 0.1927 0.9351 0.2975
vn -0.1211 -0.9372 -0.3271
vn -0.1220 -0.9372 -0.3266
vn 0.1974 0.9344 0.2966
vn 0.1974 0.9344 0.2967
vn 0.1930 0.9387 0.2855
vn 0.1916 0.9389 0.2858
vn 0.7294 -0.4535 -0.5122
vn 0.7091 -0.4811 -0.5155
vn 0.7976 0.5843 -0.1498
vn 0.8072 0.5686 -0.1586
vn -0.6869 0.5105 0.5173
vn -0.7248 0.4546 0.5177
vn 0.1162 0.9425 0.3132
vn 0.1409 0.9404 0.3096
vn 0.1067 0.9396 0.3253
vn 0.1062 0.9396 0.3254
vn -0.9085 -0.2681 0.3206
vn -0.8992 -0.3292 0.2881
vn 0.3609 0.6003 0.7137
vn 0.4164 -0.2165 0.8830
vn 0.4020 -0.3248 0.8561
vn 0.3576 0.5317 0.7677
vn 0.1692 -0.8971 0.4081
vn 0.1519 -0.9351 0.3201
vn -0.3931 0.3927 -0.8314
vn -0.3990 0.3923 -0.8288
vn -0.1448 0.9617 -0.2329
vn -0.1436 0.9597 -0.2414
vn -0.3544 -0.4687 -0.8092
vn -0.3540 -0.4637 -0.8122
vn -0.1795 -0.9408 -0.2875
vn -0.1684 -0.9359 -0.3094
vn -0.1240 -0.9335 -0.3365
vn -0.1254 -0.9331 -0.3370
vn 0.1349 0.9346 0.3290
vn 0.1334 0.9338 0.3320
vn 0.1574 0.9353 0.3170
vn 0.1592 0.9353 0.3161
vn 0.1466 0.9420 0.3020
vn 0.7641 -0.4012 -0.5052
vn 0.7308 -0.4444 -0.5182
vn 0.7887 0.5994 -0.1365
vn 0.7976 0.5863 -0.1417
vn -0.6767 0.5210 0.5202
vn -0.6818 0.5131 0.5214
vn 0.1673 0.9376 0.3049
vn 0.1799 0.9356 0.3037
vn -0.9111 -0.2347 0.3388
vn -0.9098 -0.2651 0.3193
vn -0.1177 -0.9409 -0.3176
vn -0.1645 -0.9430 -0.2893
vn -0.1215 -0.9330 -0.3387
vn 0.3538 0.6215 0.6990
vn 0.4074 -0.2188 0.8866
vn 0.1776 -0.8766 0.4473
vn -0.4122 0.3359 -0.8469
vn -0.1482 0.9617 -0.2305
vn -0.3591 -0.4685 -0.8072
vn -0.1794 -0.9425 -0.2818
vn -0.1666 -0.9413 -0.2936
vn -0.1120 -0.9353 -0.3356
vn -0.0773 -0.9396 -0.3333
vn 0.1965 0.9346 0.2964
vn 0.1949 0.9349 0.2965
vn 0.3923 -0.3656 0.8440
vn 0.3074 0.5154 0.7999
vn 0.1940 -0.9368 0.2911
vn -0.0640 0.9605 -0.2707
vn -0.3725 0.3239 -0.8697
vn -0.3883 -0.4684 -0.7936
vn 0.0858 0.9423 0.3236
vn -0.1872 -0.9347 -0.3020
vn -0.1900 -0.9342 -0.3018
vn -0.0672 -0.9434 -0.3249
vn -0.1804 -0.9409 -0.2867
vn 0.3991 -0.3206 0.8590
vn 0.3487 0.5294 0.7734
vn 0.1598 -0.9331 0.3222
vn -0.3920 0.3943 -0.8311
vn -0.1444 0.9583 -0.2468
vn -0.3559 -0.4602 -0.8134
vn -0.1347 -0.9360 -0.3252
vn -0.1408 -0.9346 -0.3266
vn 0.3913 -0.3110 0.8661
vn 0.3759 0.5289 0.7609
vn 0.1219 -0.9322 0.3408
vn -0.3703 0.3993 -0.8387
vn -0.0791 0.9572 -0.2785
vn -0.3953 -0.4596 -0.7953
vn 0.1892 0.9322 0.3086
vn 0.1948 0.9302 0.3111
vn -0.1883 -0.9343 -0.3027
vn -0.1881 -0.9344 -0.3026
vn 0.7105 -0.4676 -0.5259
vn 0.7095 -0.4689 -0.5260
vn 0.8076 0.5734 -0.1380
vn 0.8067 0.5748 -0.1372
vn -0.7197 0.4570 0.5227
vn -0.7182 0.4593 0.5228
vn 0.1101 0.9368 0.3322
vn 0.1102 0.9368 0.3322
vn -0.9009 -0.3258 0.2867
vn -0.9005 -0.3281 0.2854
vn -0.1871 -0.9349 -0.3017
vn -0.1878 -0.9349 -0.3012
vn 0.1978 0.9344 0.2962
vn 0.1973 0.9344 0.2966
vn -0.1260 -0.9337 -0.3351
vn -0.1250 -0.9337 -0.3356
vn 0.7096 -0.4690 -0.5259
vn 0.7108 -0.4672 -0.5258
vn 0.8067 0.5748 -0.1370
vn 0.8074 0.5737 -0.1378
vn -0.7158 0.4581 0.5271
vn -0.7176 0.4556 0.5268
vn 0.1142 0.9333 0.3405
vn 0.1142 0.9333 0.3404
vn -0.9017 -0.3271 0.2826
vn -0.9023 -0.3244 0.2839
vn -0.1878 -0.9348 -0.3013
vn -0.1870 -0.9349 -0.3017
vn 0.1959 0.9348 0.2962
vn -0.1241 -0.9331 -0.3375
vn -0.1261 -0.9336 -0.3354
vn 0.1197 0.9342 0.3361
vn 0.1184 0.9340 0.3371
vn 0.1182 0.9340 0.3371
vn 0.1193 0.9343 0.3360
vn -0.8956 0.0562 0.4413
vn -0.8213 0.1296 0.5556
vn -0.8557 0.0969 0.5084
vn -0.3840 0.3542 -0.8527
vn -0.3800 0.3663 -0.8494
vn -0.3841 0.3539 -0.8528
vn -0.3962 0.3545 -0.8470
vn -0.4190 0.2871 -0.8614
vn -0.4189 0.2877 -0.8612
vn -0.3957 0.3549 -0.8470
vn 0.3813 -0.3516 0.8550
vn 0.3802 -0.3514 0.8555
vn 0.3812 -0.3516 0.8550
vn -0.8911 0.0765 0.4473
vn -0.9599 -0.0032 0.2804
vn -0.9345 0.0372 0.3540
vn 0.3812 -0.3515 0.8551
vn 0.3823 -0.3516 0.8545
vn 0.3813 -0.3515 0.8550
vn -0.4008 0.3326 -0.8536
vn -0.5498 0.5021 -0.6675
vn -0.5366 0.4710 -0.7002
vn 0.9135 0.0540 -0.4032
vn 0.9133 0.0540 -0.4038
vn 0.9135 0.0539 -0.4032
vn -0.3803 0.3512 -0.8556
vn -0.2207 0.1898 -0.9567
vn -0.2480 0.2255 -0.9421
vn -0.3803 0.3513 -0.8556
vn -0.8903 0.0839 0.4476
vn -0.8895 0.0830 0.4493
vn -0.8903 0.0838 0.4475
vn 0.9130 0.0563 -0.4040
vn 0.9004 -0.0310 -0.4339
vn 0.9004 -0.0308 -0.4339
vn 0.9130 0.0564 -0.4040
vn -0.4020 0.3526 -0.8450
vn -0.4190 0.2937 -0.8592
vn -0.4190 0.2941 -0.8591
vn -0.4020 0.3528 -0.8449
vn 0.9129 0.0485 -0.4053
vn 0.8892 0.1465 -0.4334
vn 0.9007 0.1003 -0.4228
vn 0.3941 -0.3696 0.8415
vn 0.3924 -0.3669 0.8435
vn 0.3941 -0.3696 0.8414
vn 0.9109 0.0315 -0.4115
vn 0.9250 -0.0864 -0.3701
vn 0.9207 -0.0344 -0.3887
vn -0.3841 0.3431 -0.8572
vn -0.3927 0.3678 -0.8429
vn -0.3928 0.3677 -0.8429
vn -0.3841 0.3428 -0.8573
vn -0.9141 -0.0628 0.4005
vn -0.9142 -0.0631 0.4004
vn 0.9004 -0.0384 -0.4333
vn 0.9004 -0.0386 -0.4334
vn 0.3961 -0.3702 0.8403
vn -0.3820 0.2863 -0.8787
vn -0.3820 0.2859 -0.8788
vn -0.3935 0.2882 -0.8730
vn -0.3936 0.2875 -0.8732
vn 0.3802 -0.3513 0.8556
vn -0.8911 0.0764 0.4474
vn -0.9134 -0.0690 0.4011
vn -0.9134 -0.0687 0.4012
vn -0.8911 0.0765 0.4474
vn 0.9114 0.0214 -0.4110
vn 0.9100 0.0188 -0.4143
vn 0.9444 0.0684 -0.3217
vn 0.9295 0.0477 -0.3657
vn 0.9068 0.0230 -0.4210
vn 0.8625 0.0035 -0.5061
vn 0.8874 0.0239 -0.4604
vn 0.9060 0.0078 -0.4233
vn -0.3939 0.3616 -0.8450
vn -0.3938 0.3617 -0.8450
vn 0.9094 0.0204 -0.4154
vn 0.9094 0.0204 -0.4155
vn -0.9025 0.0167 0.4304
vn -0.8563 -0.1050 0.5058
vn -0.8782 -0.0392 0.4768
vn -0.9072 0.0010 0.4208
vn -0.9075 0.0282 0.4191
vn -0.9064 0.0278 0.4214
vn -0.9011 0.1962 0.3867
vn -0.8991 0.1386 0.4152
vn -0.3759 0.3658 -0.8514
vn -0.3758 0.3659 -0.8514
vn -0.8940 0.0626 0.4438
vn -0.8940 0.0625 0.4437
vn 0.3823 -0.3517 0.8545
vn -0.8927 0.0698 0.4452
vn -0.3864 0.3571 -0.8504
vn -0.1721 0.4788 -0.8609
vn -0.2122 0.4642 -0.8599
vn -0.3913 0.3513 -0.8506
vn -0.4057 0.3362 -0.8499
vn -0.5917 0.1633 -0.7895
vn -0.5535 0.1940 -0.8099
vn -0.4072 0.3149 -0.8573
vn 0.9139 0.0607 -0.4013
vn -0.4007 0.3326 -0.8537
vn -0.3805 0.3514 -0.8554
vn -0.3805 0.3516 -0.8553
vn 0.5454 -0.4816 0.6860
vn 0.3805 -0.3513 0.8555
vn 0.3805 -0.3512 0.8555
vn 0.5111 -0.4597 0.7263
vn 0.9135 0.0538 -0.4033
vn 0.1896 -0.1726 0.9666
vn 0.3960 -0.3702 0.8403
vn 0.2331 -0.2062 0.9504
vn 0.5982 -0.1863 0.7794
vn 0.4035 -0.3589 0.8417
vn 0.3970 -0.3800 0.8354
vn 0.5694 -0.2236 0.7911
vn 0.1381 -0.5375 0.8319
vn 0.3866 -0.3550 0.8511
vn 0.3876 -0.3667 0.8457
vn 0.1822 -0.5034 0.8446
vn 0.3961 -0.3701 0.8403
vn 0.9142 0.0606 -0.4007
vn 0.3802 -0.3516 0.8555
vn 0.3925 -0.3669 0.8434
vn 0.3942 -0.3697 0.8414
vn 0.3941 -0.3697 0.8414
vn 0.9136 0.0552 -0.4028
vn 0.4680 0.2600 0.8446
vn 0.4021 0.2084 0.8916
vn 0.3887 -0.3527 0.8512
vn 0.3883 -0.3528 0.8513
vn 0.5852 0.2323 0.7769
vn 0.3881 -0.3529 0.8514
vn 0.6425 0.2917 0.7085
vn 0.3829 0.7202 0.5785
vn 0.2862 0.7073 0.6464
vn 0.5583 0.6972 0.4497
vn 0.6386 0.6430 0.4227
vn 0.3134 0.2599 0.9134
vn 0.3895 -0.3528 0.8508
vn 0.3898 -0.3528 0.8506
vn 0.3060 0.1951 0.9318
vn 0.3900 -0.3528 0.8506
vn 0.3508 0.1968 0.9156
vn 0.1549 0.7133 0.6835
vn 0.0935 0.7239 0.6835
vn 0.2093 0.6757 0.7069
vn 0.1300 0.9355 0.3286
vn 0.3805 0.9033 0.1983
vn 0.5252 0.8443 0.1063
vn 0.1465 0.9357 0.3209
vn -0.1473 0.8870 0.4377
vn 0.0520 0.9304 0.3628
vn -0.3744 0.8988 0.2281
vn -0.9602 -0.2576 -0.1081
vn -0.4096 -0.8764 -0.2534
vn -0.3857 -0.8866 -0.2552
vn -0.3517 -0.9000 -0.2575
vn -0.2778 -0.9245 -0.2611
vn -0.2570 -0.9302 -0.2619
vn -0.2122 -0.9412 -0.2630
vn -0.1995 -0.9439 -0.2633
vn -0.1722 -0.9491 -0.2636
vn -0.1646 -0.9505 -0.2637
vn -0.1490 -0.9530 -0.2637
vn -0.1452 -0.9536 -0.2637
vn -0.1294 -0.9559 -0.2637
vn -0.1163 -0.9576 -0.2636
vn -0.0743 -0.9619 -0.2631
vn -0.0479 -0.9637 -0.2626
vn 0.0215 -0.9653 -0.2602
vn 0.0518 -0.9645 -0.2588
vn 0.1348 -0.9578 -0.2537
vn 0.1706 -0.9529 -0.2509
vn 0.2749 -0.9309 -0.2408
vn 0.3168 -0.9187 -0.2358
vn 0.4514 -0.8658 -0.2161
vn 0.4964 -0.8428 -0.2081
vn 0.5401 -0.8176 -0.1995
vn 0.4529 -0.8644 -0.2186
vn 0.4724 -0.8549 -0.2143
vn 0.4490 -0.8655 -0.2221
vn 0.6813 0.6986 0.2184
vn 0.6381 0.7333 0.2346
vn 0.6385 0.7330 0.2345
vn 0.6768 0.7012 0.2243
vn 0.0987 0.9593 0.2647
vn -0.0154 0.9613 0.2750
vn -0.0067 0.9636 0.2671
vn 0.1041 0.9587 0.2647
vn 0.1105 0.9596 0.2587
vn 0.1247 0.9575 0.2602
vn 0.2152 0.9424 0.2562
vn 0.1467 0.9542 0.2609
vn 0.2019 0.9437 0.2620
vn 0.1756 0.9485 0.2636
vn 0.2427 0.9340 0.2623
vn 0.2255 0.9381 0.2628
vn 0.2550 0.9308 0.2619
vn -0.2889 0.9270 0.2392
vn 0.7883 -0.0026 -0.6153
vn 0.7883 0.0056 -0.6153
vn 0.7807 0.0266 -0.6244
vn 0.7894 -0.0514 -0.6118
vn 0.7895 -0.0524 -0.6116
vn 0.7895 -0.0523 -0.6116
vn 0.7892 -0.0529 -0.6118
vn 0.7895 -0.0567 -0.6112
vn -0.7895 0.0524 0.6116
vn -0.3173 -0.9121 -0.2594
vn -0.2362 -0.9356 -0.2625
vn -0.1867 -0.9464 -0.2634
vn -0.1571 -0.9517 -0.2637
vn -0.1415 -0.9542 -0.2637
vn -0.1032 -0.9591 -0.2635
vn -0.0212 -0.9649 -0.2618
vn 0.0824 -0.9629 -0.2571
vn 0.2068 -0.9465 -0.2477
vn 0.3597 -0.9042 -0.2302
vn 0.5434 -0.8156 -0.1989
vn 0.3786 -0.8971 -0.2275
vn 0.5835 -0.7887 -0.1939
vn 0.5808 -0.7914 -0.1908
vn 0.5155 -0.8321 -0.2045
vn 0.6833 0.6975 0.2160
vn 0.1049 0.9589 0.2636
vn 0.1032 0.9591 0.2635
vn 0.1150 0.9577 0.2636
vn 0.1339 0.9553 0.2637
vn 0.1638 0.9506 0.2637
vn 0.2082 0.9420 0.2631
vn -0.2358 0.9110 0.3383
vn -0.1619 0.9181 0.3618
vn -0.2232 0.8950 0.3863
vn -0.4599 0.7671 0.4472
vn 0.0716 0.9585 0.2760
vn 0.0523 0.9591 0.2784
vn -0.1097 0.9423 0.3164
vn -0.0868 0.9468 0.3099
vn 0.1530 0.9527 0.2625
vn 0.1494 0.9538 0.2606
vn 0.2214 0.9464 0.2351
vn 0.2032 0.9489 0.2416
vn 0.2491 0.9344 0.2546
vn 0.2204 0.9408 0.2574
vn 0.2541 0.9315 0.2604
vn 0.2512 0.9318 0.2621
vn -0.2855 0.9279 0.2396
vn -0.2856 0.9279 0.2396
vn 0.1202 0.9597 0.2540
vn 0.0816 0.9720 0.2202
vn 0.1053 0.9609 0.2561
vn 0.1123 0.9588 0.2610
vn 0.1307 0.9558 0.2633
vn 0.1353 0.9552 0.2631
vn 0.1360 0.9532 0.2699
vn 0.1512 0.9546 0.2567
vn 0.1518 0.9501 0.2726
vn 0.1554 0.9497 0.2720
vn 0.2169 0.9395 0.2651
vn 0.2146 0.9399 0.2654
vn 0.2529 0.9312 0.2623
vn 0.2516 0.9316 0.2622
vn -0.2855 0.9280 0.2396
vn 0.1261 0.9634 0.2366
vn 0.0301 0.9829 0.1819
vn 0.1230 0.9580 0.2589
vn 0.1353 0.9518 0.2754
vn 0.1359 0.9536 0.2686
vn 0.2036 0.9429 0.2636
vn 0.2547 0.9309 0.2619
vn 0.2040 0.9715 0.1205
vn 0.1847 0.9643 0.1897
vn 0.1591 0.9807 0.1133
vn 0.0960 0.9608 0.2603
vn 0.0909 0.9573 0.2743
vn 0.1045 0.9587 0.2644
vn 0.1343 0.9555 0.2627
vn 0.1559 0.9541 0.2558
vn 0.1644 0.9502 0.2646
vn 0.2152 0.9402 0.2642
vn 0.2514 0.9317 0.2621
vn -0.1621 0.9178 0.3625
vn -0.1367 0.9329 0.3332
vn 0.0554 0.9578 0.2821
vn -0.1070 0.9327 0.3445
vn 0.1436 0.9532 0.2661
vn 0.1753 0.9486 0.2635
vn 0.2135 0.9411 0.2622
vn 0.2509 0.9320 0.2615
vn -0.0727 0.9537 0.2920
vn -0.0521 0.9579 0.2823
vn 0.0878 0.9584 0.2715
vn -0.0124 0.9533 0.3016
vn 0.1476 0.9526 0.2659
vn 0.1677 0.9478 0.2712
vn 0.2073 0.9414 0.2662
vn 0.2482 0.9324 0.2626
vn 0.2232 -0.8950 -0.3863
vn 0.1619 -0.9181 -0.3618
vn 0.2357 -0.9111 -0.3383
vn 0.4592 -0.7676 -0.4471
vn 0.1095 -0.9423 -0.3163
vn -0.0523 -0.9591 -0.2783
vn -0.0716 -0.9585 -0.2760
vn 0.0866 -0.9468 -0.3099
vn -0.1494 -0.9538 -0.2606
vn -0.1529 -0.9527 -0.2625
vn -0.2032 -0.9489 -0.2416
vn -0.2214 -0.9464 -0.2351
vn -0.2206 -0.9408 -0.2574
vn -0.2493 -0.9344 -0.2545
vn -0.2514 -0.9317 -0.2621
vn -0.2543 -0.9314 -0.2604
vn 0.2889 -0.9270 -0.2392
vn -0.1053 -0.9609 -0.2561
vn -0.0815 -0.9720 -0.2202
vn -0.1202 -0.9597 -0.2540
vn -0.1123 -0.9588 -0.2610
vn -0.1307 -0.9558 -0.2633
vn -0.1353 -0.9552 -0.2630
vn -0.1360 -0.9532 -0.2699
vn -0.1512 -0.9546 -0.2567
vn -0.1518 -0.9501 -0.2726
vn -0.1554 -0.9497 -0.2720
vn -0.2171 -0.9395 -0.2651
vn -0.2147 -0.9399 -0.2654
vn -0.2531 -0.9312 -0.2623
vn -0.2518 -0.9316 -0.2622
vn -0.0300 -0.9829 -0.1819
vn -0.1261 -0.9634 -0.2366
vn -0.1230 -0.9580 -0.2589
vn -0.1353 -0.9518 -0.2754
vn -0.1359 -0.9536 -0.2686
vn -0.2036 -0.9429 -0.2636
vn -0.2550 -0.9308 -0.2619
vn -0.1847 -0.9643 -0.1897
vn -0.2040 -0.9715 -0.1204
vn -0.1591 -0.9807 -0.1134
vn -0.0960 -0.9608 -0.2603
vn -0.0909 -0.9573 -0.2743
vn -0.1045 -0.9587 -0.2644
vn -0.1343 -0.9555 -0.2627
vn -0.1559 -0.9541 -0.2558
vn -0.1644 -0.9502 -0.2646
vn -0.2153 -0.9401 -0.2642
vn -0.2517 -0.9317 -0.2621
vn 0.1366 -0.9329 -0.3332
vn 0.1620 -0.9178 -0.3625
vn 0.1069 -0.9327 -0.3445
vn -0.0554 -0.9578 -0.2821
vn -0.1436 -0.9532 -0.2661
vn -0.1753 -0.9486 -0.2635
vn -0.2136 -0.9411 -0.2622
vn -0.2511 -0.9320 -0.2615
vn 0.0520 -0.9579 -0.2823
vn 0.0726 -0.9537 -0.2919
vn 0.0124 -0.9534 -0.3016
vn -0.0878 -0.9584 -0.2715
vn -0.1476 -0.9526 -0.2659
vn -0.1677 -0.9478 -0.2712
vn -0.2074 -0.9413 -0.2661
vn -0.2485 -0.9324 -0.2626
vn 0.7993 0.5726 0.1824
vn 0.9208 0.3810 0.0831
vn 0.9184 0.3829 0.0998
vn 0.7985 0.5736 0.1830
vn 0.8311 0.1887 -0.5231
vn 0.7749 0.5016 -0.3846
vn 0.7753 0.5007 -0.3850
vn 0.8392 0.1951 -0.5076
vn 0.7939 -0.0287 -0.6073
vn 0.8105 0.0484 -0.5837
vn 0.8176 0.0522 -0.5734
vn 0.7935 -0.0289 -0.6079
vn 0.7893 -0.0532 -0.6117
vn 0.7750 -0.1057 -0.6231
vn 0.7752 -0.1056 -0.6229
vn 0.7840 -0.0720 -0.6165
vn 0.7841 -0.0720 -0.6164
vn 0.7893 -0.0540 -0.6117
vn 0.7891 -0.0541 -0.6119
vn -0.7166 -0.6655 -0.2086
vn -0.7167 -0.6655 -0.2086
vn 0.7895 -0.0522 -0.6116
vn -0.7164 -0.6657 -0.2087
vn -0.7166 -0.6655 -0.2087
vn -0.7221 0.2128 0.6583
vn -0.7667 0.1101 0.6325
vn -0.7532 0.1177 0.6472
vn -0.7376 0.1992 0.6452
vn -0.7867 0.0639 0.6141
vn -0.7866 0.0639 0.6141
vn -0.7944 0.0302 0.6067
vn -0.7921 0.0414 0.6090
vn -0.7921 0.0414 0.6091
vn -0.7898 0.0513 0.6113
vn -0.7895 0.0525 0.6116
vn -0.7895 0.0523 0.6116
vn 0.9608 0.2247 0.1626
vn 0.8528 0.4197 0.3109
vn 0.8169 0.4465 0.3650
vn 0.9487 0.2408 0.2048
vn 0.7198 0.5777 0.3848
vn 0.7205 0.5767 0.3852
vn -0.7206 0.2820 0.6334
vn -0.7205 0.2822 0.6334
vn 0.9803 0.1726 0.0958
vn 0.9788 0.1752 0.1058
vn 0.9585 0.2714 0.0873
vn 0.9560 0.2737 0.1060
vn 0.9639 0.2417 0.1116
vn 0.9643 0.2414 0.1089
vn 0.6779 -0.7147 -0.1724
# 891 vertex normals

vt 0.6992 0.9178 0.0000
vt 0.6923 0.9177 0.0000
vt 0.6923 0.0003 0.0000
vt 0.6992 0.0004 0.0000
vt 0.4943 0.0005 0.0000
vt 0.4978 0.0005 0.0000
vt 0.4872 0.9178 0.0000
vt 0.4837 0.9178 0.0000
vt 0.4775 0.0005 0.0000
vt 0.4823 0.0005 0.0000
vt 0.4693 0.9178 0.0000
vt 0.4645 0.9178 0.0000
vt 0.4832 0.0005 0.0000
vt 0.4872 0.0005 0.0000
vt 0.4762 0.9178 0.0000
vt 0.4722 0.9178 0.0000
vt 0.4987 0.0005 0.0000
vt 0.5024 0.0005 0.0000
vt 0.4920 0.9178 0.0000
vt 0.4883 0.9178 0.0000
vt 0.4910 0.0005 0.0000
vt 0.4934 0.0005 0.0000
vt 0.4828 0.9178 0.0000
vt 0.4804 0.9178 0.0000
vt 0.4633 0.9178 0.0000
vt 0.4615 0.9178 0.0000
vt 0.4748 0.0005 0.0000
vt 0.4766 0.0005 0.0000
vt 0.5121 0.0005 0.0000
vt 0.5166 0.0005 0.0000
vt 0.5067 0.9178 0.0000
vt 0.5022 0.9178 0.0000
vt 0.5175 0.0005 0.0000
vt 0.5204 0.0005 0.0000
vt 0.5105 0.9178 0.0000
vt 0.5076 0.9178 0.0000
vt 0.5032 0.0005 0.0000
vt 0.5064 0.0005 0.0000
vt 0.4962 0.9178 0.0000
vt 0.4931 0.9178 0.0000
vt 0.5212 0.0004 0.0000
vt 0.5242 0.0004 0.0000
vt 0.5153 0.9177 0.0000
vt 0.5122 0.9177 0.0000
vt 0.5074 0.0005 0.0000
vt 0.5111 0.0005 0.0000
vt 0.5011 0.9178 0.0000
vt 0.4973 0.9178 0.0000
vt 0.4794 0.9178 0.0000
vt 0.4774 0.9178 0.0000
vt 0.4880 0.0005 0.0000
vt 0.4900 0.0005 0.0000
vt 0.5252 0.0004 0.0000
vt 0.5273 0.0004 0.0000
vt 0.5185 0.9177 0.0000
vt 0.5163 0.9177 0.0000
vt 0.4727 0.0005 0.0000
vt 0.4739 0.0005 0.0000
vt 0.4600 0.9178 0.0000
vt 0.4588 0.9178 0.0000
vt 0.0003 0.0202 0.0000
vt 0.0028 0.0207 0.0000
vt 0.0031 0.7966 0.0000
vt 0.0009 0.7972 0.0000
vt 0.0075 0.0213 0.0000
vt 0.0069 0.7961 0.0000
vt 0.0108 0.0221 0.0000
vt 0.0105 0.7955 0.0000
vt 0.0121 0.0222 0.0000
vt 0.0120 0.7952 0.0000
vt 0.0163 0.0229 0.0000
vt 0.0159 0.7946 0.0000
vt 0.0218 0.0235 0.0000
vt 0.0208 0.7939 0.0000
vt 0.0314 0.0243 0.0000
vt 0.0298 0.7930 0.0000
vt 0.0432 0.0251 0.0000
vt 0.0405 0.7919 0.0000
vt 0.0559 0.0256 0.0000
vt 0.0521 0.7910 0.0000
vt 0.0654 0.0260 0.0000
vt 0.0614 0.7905 0.0000
vt 0.0761 0.0263 0.0000
vt 0.0712 0.7901 0.0000
vt 0.0911 0.0264 0.0000
vt 0.0855 0.7896 0.0000
vt 0.1067 0.0262 0.0000
vt 0.1010 0.7894 0.0000
vt 0.1156 0.0261 0.0000
vt 0.1101 0.7895 0.0000
vt 0.1242 0.0259 0.0000
vt 0.1187 0.7897 0.0000
vt 0.1359 0.0254 0.0000
vt 0.1300 0.7900 0.0000
vt 0.1466 0.0249 0.0000
vt 0.1405 0.7904 0.0000
vt 0.1573 0.0242 0.0000
vt 0.1512 0.7910 0.0000
vt 0.1687 0.0232 0.0000
vt 0.1623 0.7917 0.0000
vt 0.1793 0.0220 0.0000
vt 0.1734 0.7928 0.0000
vt 0.1876 0.0210 0.0000
vt 0.1818 0.7937 0.0000
vt 0.1949 0.0200 0.0000
vt 0.1894 0.7947 0.0000
vt 0.2007 0.0190 0.0000
vt 0.1951 0.7956 0.0000
vt 0.2069 0.0178 0.0000
vt 0.2008 0.7968 0.0000
vt 0.2095 0.0172 0.0000
vt 0.2042 0.7975 0.0000
vt 0.2118 0.0167 0.0000
vt 0.2067 0.7981 0.0000
vt 0.9196 0.6623 0.0000
vt 0.9101 0.6701 0.0000
vt 0.9081 0.6689 0.0000
vt 0.9081 0.6660 0.0000
vt 0.8751 0.6409 0.0000
vt 0.8717 0.6445 0.0000
vt 0.8717 0.6438 0.0000
vt 0.8745 0.6405 0.0000
vt 0.8680 0.5189 0.0000
vt 0.8723 0.5176 0.0000
vt 0.8761 0.5183 0.0000
vt 0.8602 0.5216 0.0000
vt 0.8524 0.5253 0.0000
vt 0.8463 0.5313 0.0000
vt 0.8785 0.5386 0.0000
vt 0.8472 0.5390 0.0000
vt 0.8441 0.5473 0.0000
vt 0.8438 0.5551 0.0000
vt 0.8454 0.5622 0.0000
vt 0.8472 0.5689 0.0000
vt 0.8494 0.5759 0.0000
vt 0.8510 0.5809 0.0000
vt 0.8527 0.5862 0.0000
vt 0.8561 0.5951 0.0000
vt 0.8596 0.6036 0.0000
vt 0.8619 0.6094 0.0000
vt 0.8639 0.6152 0.0000
vt 0.8667 0.6232 0.0000
vt 0.8694 0.6306 0.0000
vt 0.8727 0.6373 0.0000
vt 0.8764 0.6445 0.0000
vt 0.8782 0.6462 0.0000
vt 0.8786 0.6473 0.0000
vt 0.8802 0.6484 0.0000
vt 0.8814 0.6496 0.0000
vt 0.8843 0.6535 0.0000
vt 0.8860 0.6543 0.0000
vt 0.8885 0.6561 0.0000
vt 0.8921 0.6579 0.0000
vt 0.8980 0.6578 0.0000
vt 0.8990 0.6592 0.0000
vt 0.9011 0.6601 0.0000
vt 0.9042 0.6621 0.0000
vt 0.7311 0.0003 0.0000
vt 0.7346 0.9177 0.0000
vt 0.7311 0.9177 0.0000
vt 0.7275 0.0004 0.0000
vt 0.7666 0.0003 0.0000
vt 0.7687 0.9177 0.0000
vt 0.7639 0.9177 0.0000
vt 0.7617 0.0003 0.0000
vt 0.7560 0.0003 0.0000
vt 0.7577 0.9177 0.0000
vt 0.7537 0.9177 0.0000
vt 0.7520 0.0003 0.0000
vt 0.7608 0.0003 0.0000
vt 0.7623 0.9177 0.0000
vt 0.7586 0.9177 0.0000
vt 0.7571 0.0003 0.0000
vt 0.3658 0.8196 0.0000
vt 0.3663 0.2246 0.0000
vt 0.3729 0.2247 0.0000
vt 0.3768 0.8146 0.0000
vt 0.3816 0.2199 0.0000
vt 0.3826 0.8146 0.0000
vt 0.3912 0.2190 0.0000
vt 0.3865 0.8145 0.0000
vt 0.3940 0.2190 0.0000
vt 0.3908 0.8146 0.0000
vt 0.7469 0.9177 0.0000
vt 0.7457 0.0003 0.0000
vt 0.7489 0.0003 0.0000
vt 0.7500 0.9177 0.0000
vt 0.7400 0.9177 0.0000
vt 0.7391 0.0003 0.0000
vt 0.7421 0.0003 0.0000
vt 0.7431 0.9177 0.0000
vt 0.7354 0.9177 0.0000
vt 0.7345 0.0003 0.0000
vt 0.7383 0.0003 0.0000
vt 0.7392 0.9177 0.0000
vt 0.7439 0.9177 0.0000
vt 0.7429 0.0003 0.0000
vt 0.7449 0.0003 0.0000
vt 0.7459 0.9177 0.0000
vt 0.7112 0.9177 0.0000
vt 0.7105 0.0003 0.0000
vt 0.7126 0.0003 0.0000
vt 0.7133 0.9177 0.0000
vt 0.7511 0.0003 0.0000
vt 0.7524 0.9177 0.0000
vt 0.7511 0.9177 0.0000
vt 0.7498 0.0003 0.0000
vt 0.7196 0.9177 0.0000
vt 0.7188 0.0003 0.0000
vt 0.7215 0.0003 0.0000
vt 0.7222 0.9177 0.0000
vt 0.7232 0.9177 0.0000
vt 0.7224 0.0003 0.0000
vt 0.7268 0.0003 0.0000
vt 0.7276 0.9177 0.0000
vt 0.6587 0.9177 0.0000
vt 0.6595 0.0003 0.0000
vt 0.6634 0.0003 0.0000
vt 0.6626 0.9177 0.0000
vt 0.7042 0.0003 0.0000
vt 0.7050 0.9177 0.0000
vt 0.7042 0.9177 0.0000
vt 0.7034 0.0003 0.0000
vt 0.7059 0.9177 0.0000
vt 0.7052 0.0003 0.0000
vt 0.7097 0.0003 0.0000
vt 0.7104 0.9177 0.0000
vt 0.7142 0.9177 0.0000
vt 0.7137 0.0003 0.0000
vt 0.7181 0.0003 0.0000
vt 0.7186 0.9177 0.0000
vt 0.6746 0.9177 0.0000
vt 0.6743 0.0003 0.0000
vt 0.6820 0.0003 0.0000
vt 0.6822 0.9177 0.0000
vt 0.6828 0.9177 0.0000
vt 0.6830 0.0003 0.0000
vt 0.6918 0.0003 0.0000
vt 0.6915 0.9177 0.0000
vt 0.6636 0.9177 0.0000
vt 0.6643 0.0003 0.0000
vt 0.6737 0.0003 0.0000
vt 0.6730 0.9177 0.0000
vt 0.6507 0.9177 0.0000
vt 0.6518 0.0003 0.0000
vt 0.6586 0.0003 0.0000
vt 0.6575 0.9177 0.0000
vt 0.6425 0.9177 0.0000
vt 0.6439 0.0003 0.0000
vt 0.6509 0.0003 0.0000
vt 0.6494 0.9177 0.0000
vt 0.6312 0.9177 0.0000
vt 0.6330 0.0003 0.0000
vt 0.6432 0.0003 0.0000
vt 0.6413 0.9177 0.0000
vt 0.6191 0.9177 0.0000
vt 0.6215 0.0003 0.0000
vt 0.6321 0.0003 0.0000
vt 0.6297 0.9177 0.0000
vt 0.6115 0.9177 0.0000
vt 0.6144 0.0004 0.0000
vt 0.6205 0.0004 0.0000
vt 0.6176 0.9177 0.0000
vt 0.5978 0.9177 0.0000
vt 0.6009 0.0004 0.0000
vt 0.6067 0.0004 0.0000
vt 0.6036 0.9177 0.0000
vt 0.5770 0.9177 0.0000
vt 0.5805 0.0004 0.0000
vt 0.5887 0.0004 0.0000
vt 0.5852 0.9177 0.0000
vt 0.5680 0.9177 0.0000
vt 0.5720 0.0004 0.0000
vt 0.5797 0.0004 0.0000
vt 0.5757 0.9177 0.0000
vt 0.5588 0.9177 0.0000
vt 0.5631 0.0004 0.0000
vt 0.5712 0.0004 0.0000
vt 0.5668 0.9177 0.0000
vt 0.5413 0.9177 0.0000
vt 0.5459 0.0004 0.0000
vt 0.5546 0.0004 0.0000
vt 0.5499 0.9177 0.0000
vt 0.5451 0.0004 0.0000
vt 0.5402 0.9177 0.0000
vt 0.5312 0.9177 0.0000
vt 0.5361 0.0004 0.0000
vt 0.5233 0.9177 0.0000
vt 0.5282 0.0004 0.0000
vt 0.5353 0.0004 0.0000
vt 0.5304 0.9177 0.0000
vt 0.5622 0.0004 0.0000
vt 0.5576 0.9177 0.0000
vt 0.5508 0.9177 0.0000
vt 0.5555 0.0004 0.0000
vt 0.5953 0.0004 0.0000
vt 0.5919 0.9177 0.0000
vt 0.5860 0.9177 0.0000
vt 0.5895 0.0004 0.0000
vt 0.6045 0.9177 0.0000
vt 0.6075 0.0004 0.0000
vt 0.6134 0.0004 0.0000
vt 0.6103 0.9177 0.0000
vt 0.5930 0.9177 0.0000
vt 0.5961 0.0004 0.0000
vt 0.5999 0.0004 0.0000
vt 0.5968 0.9177 0.0000
vt 0.6999 0.9177 0.0000
vt 0.6998 0.0003 0.0000
vt 0.7027 0.0003 0.0000
vt 0.7027 0.9177 0.0000
vt 0.9239 0.0436 0.0000
vt 0.9270 0.0435 0.0000
vt 0.9214 0.0562 0.0000
vt 0.7694 0.0541 0.0000
vt 0.7678 0.0517 0.0000
vt 0.7680 0.0483 0.0000
vt 0.7674 0.0411 0.0000
vt 0.7676 0.0329 0.0000
vt 0.7720 0.0248 0.0000
vt 0.7875 0.0504 0.0000
vt 0.7822 0.0207 0.0000
vt 0.7894 0.0161 0.0000
vt 0.7969 0.0138 0.0000
vt 0.8043 0.0131 0.0000
vt 0.8113 0.0128 0.0000
vt 0.8187 0.0127 0.0000
vt 0.8239 0.0129 0.0000
vt 0.8295 0.0130 0.0000
vt 0.8390 0.0136 0.0000
vt 0.8482 0.0141 0.0000
vt 0.8545 0.0146 0.0000
vt 0.8606 0.0148 0.0000
vt 0.8691 0.0151 0.0000
vt 0.8770 0.0155 0.0000
vt 0.8840 0.0157 0.0000
vt 0.8880 0.0158 0.0000
vt 0.8907 0.0121 0.0000
vt 0.8916 0.0113 0.0000
vt 0.8890 0.0161 0.0000
vt 0.8930 0.0162 0.0000
vt 0.8945 0.0199 0.0000
vt 0.8957 0.0200 0.0000
vt 0.8971 0.0216 0.0000
vt 0.8987 0.0225 0.0000
vt 0.9012 0.0241 0.0000
vt 0.9034 0.0256 0.0000
vt 0.9068 0.0265 0.0000
vt 0.9082 0.0295 0.0000
vt 0.9110 0.0354 0.0000
vt 0.9126 0.0360 0.0000
vt 0.9144 0.0375 0.0000
vt 0.9168 0.0400 0.0000
vt 0.9198 0.0424 0.0000
vt 0.2862 0.1242 0.0000
vt 0.3341 0.2110 0.0000
vt 0.3296 0.2137 0.0000
vt 0.2791 0.1195 0.0000
vt 0.3384 0.2214 0.0000
vt 0.3340 0.2256 0.0000
vt 0.3288 0.2199 0.0000
vt 0.3396 0.2268 0.0000
vt 0.3355 0.2318 0.0000
vt 0.3472 0.2309 0.0000
vt 0.3497 0.2255 0.0000
vt 0.3594 0.2269 0.0000
vt 0.3631 0.2214 0.0000
vt 0.3717 0.2210 0.0000
vt 0.3772 0.2179 0.0000
vt 0.2748 0.1216 0.0000
vt 0.3401 0.2183 0.0000
vt 0.3541 0.2176 0.0000
vt 0.3615 0.2176 0.0000
vt 0.3729 0.2161 0.0000
vt 0.3827 0.2152 0.0000
vt 0.8497 0.6565 0.0000
vt 0.8542 0.6590 0.0000
vt 0.8166 0.7354 0.0000
vt 0.8129 0.7357 0.0000
vt 0.8523 0.6503 0.0000
vt 0.8473 0.6510 0.0000
vt 0.8504 0.6485 0.0000
vt 0.8539 0.6461 0.0000
vt 0.8541 0.6429 0.0000
vt 0.8646 0.6456 0.0000
vt 0.8638 0.6473 0.0000
vt 0.3855 0.2181 0.0000
vt 0.3878 0.2166 0.0000
vt 0.4029 0.2144 0.0000
vt 0.4024 0.2149 0.0000
vt 0.8103 0.7335 0.0000
vt 0.8526 0.6532 0.0000
vt 0.8619 0.6528 0.0000
vt 0.8674 0.6496 0.0000
vt 0.3924 0.2143 0.0000
vt 0.4034 0.2134 0.0000
vt 0.3242 0.2983 0.0000
vt 0.3249 0.3042 0.0000
vt 0.4194 0.1695 0.0000
vt 0.4116 0.1719 0.0000
vt 0.4426 0.1722 0.0000
vt 0.4314 0.1719 0.0000
vt 0.8447 0.5873 0.0000
vt 0.8461 0.5830 0.0000
vt 0.4695 0.1711 0.0000
vt 0.4545 0.1713 0.0000
vt 0.7674 0.0619 0.0000
vt 0.7731 0.0665 0.0000
vt 0.7738 0.4168 0.0000
vt 0.7699 0.4183 0.0000
vt 0.7763 0.0702 0.0000
vt 0.7810 0.4244 0.0000
vt 0.4454 0.2029 0.0000
vt 0.4501 0.2011 0.0000
vt 0.4476 0.5492 0.0000
vt 0.4446 0.5504 0.0000
vt 0.2496 0.9116 0.0000
vt 0.2300 0.9114 0.0000
vt 0.2149 0.5159 0.0000
vt 0.2358 0.5165 0.0000
vt 0.4559 0.1822 0.0000
vt 0.4582 0.6635 0.0000
vt 0.4559 0.6610 0.0000
vt 0.4536 0.1822 0.0000
vt 0.2606 0.0501 0.0000
vt 0.2562 0.0463 0.0000
vt 0.2517 0.0433 0.0000
vt 0.3272 0.1009 0.0000
vt 0.2950 0.0197 0.0000
vt 0.7955 0.7967 0.0000
vt 0.7916 0.7967 0.0000
vt 0.7859 0.7962 0.0000
vt 0.8743 0.7507 0.0000
vt 0.9311 0.6925 0.0000
vt 0.7779 0.7355 0.0000
vt 0.7809 0.7353 0.0000
vt 0.7829 0.7346 0.0000
vt 0.2358 0.1729 0.0000
vt 0.2122 0.5154 0.0000
vt 0.2311 0.1707 0.0000
vt 0.2653 0.1710 0.0000
vt 0.2091 0.5151 0.0000
vt 0.2280 0.1713 0.0000
vt 0.8040 0.4205 0.0000
vt 0.7952 0.0622 0.0000
vt 0.2509 0.0271 0.0000
vt 0.2478 0.0247 0.0000
vt 0.2467 0.0264 0.0000
vt 0.7922 0.0585 0.0000
vt 0.7923 0.0548 0.0000
vt 0.2883 0.0041 0.0000
vt 0.2466 0.8099 0.0000
vt 0.2487 0.8102 0.0000
vt 0.7984 0.1645 0.0000
vt 0.8006 0.1651 0.0000
vt 0.8083 0.7362 0.0000
vt 0.4021 0.1684 0.0000
vt 0.7751 0.7818 0.0000
vt 0.7766 0.7839 0.0000
vt 0.3994 0.1741 0.0000
vt 0.7815 0.7838 0.0000
vt 0.2252 0.1214 0.0000
vt 0.2234 0.1200 0.0000
vt 0.8448 0.8142 0.0000
vt 0.8412 0.8319 0.0000
vt 0.7912 0.8150 0.0000
vt 0.2224 0.1218 0.0000
vt 0.9267 0.6885 0.0000
vt 0.9388 0.6907 0.0000
vt 0.9480 0.6905 0.0000
vt 0.7883 0.8157 0.0000
vt 0.7869 0.8148 0.0000
vt 0.4408 0.1905 0.0000
vt 0.4431 0.1900 0.0000
vt 0.4446 0.1881 0.0000
vt 0.4531 0.1982 0.0000
vt 0.9019 0.5454 0.0000
vt 0.9155 0.5545 0.0000
vt 0.9070 0.5613 0.0000
vt 0.8996 0.5482 0.0000
vt 0.8730 0.4807 0.0000
vt 0.8744 0.4839 0.0000
vt 0.8637 0.4840 0.0000
vt 0.8622 0.4817 0.0000
vt 0.8621 0.4793 0.0000
vt 0.8745 0.4770 0.0000
vt 0.9120 0.4489 0.0000
vt 0.9094 0.4460 0.0000
vt 0.9248 0.4466 0.0000
vt 0.9257 0.4485 0.0000
vt 0.9190 0.4367 0.0000
vt 0.9270 0.4435 0.0000
vt 0.9258 0.4507 0.0000
vt 0.9115 0.4520 0.0000
vt 0.9027 0.5215 0.0000
vt 0.9173 0.5246 0.0000
vt 0.9177 0.5441 0.0000
vt 0.9019 0.5375 0.0000
vt 0.8942 0.5384 0.0000
vt 0.8960 0.5443 0.0000
vt 0.8933 0.5480 0.0000
vt 0.8899 0.5431 0.0000
vt 0.8572 0.4790 0.0000
vt 0.8581 0.4827 0.0000
vt 0.8510 0.4822 0.0000
vt 0.8508 0.4772 0.0000
vt 0.8599 0.4863 0.0000
vt 0.8507 0.4852 0.0000
vt 0.8924 0.5624 0.0000
vt 0.8848 0.5493 0.0000
vt 0.8723 0.4906 0.0000
vt 0.8586 0.4947 0.0000
vt 0.8371 0.4743 0.0000
vt 0.8417 0.4654 0.0000
vt 0.8583 0.4674 0.0000
vt 0.9253 0.8549 0.0000
vt 0.9178 0.8576 0.0000
vt 0.9043 0.8133 0.0000
vt 0.9123 0.8108 0.0000
vt 0.9314 0.6515 0.0000
vt 0.9237 0.6545 0.0000
vt 0.9053 0.6080 0.0000
vt 0.9126 0.6060 0.0000
vt 0.9173 0.6000 0.0000
vt 0.9026 0.5611 0.0000
vt 0.9230 0.6009 0.0000
vt 0.8992 0.5641 0.0000
vt 0.9160 0.8070 0.0000
vt 0.9046 0.7711 0.0000
vt 0.9086 0.7723 0.0000
vt 0.9211 0.8080 0.0000
vt 0.9143 0.7643 0.0000
vt 0.9303 0.8039 0.0000
vt 0.9011 0.7730 0.0000
vt 0.9037 0.7557 0.0000
vt 0.9011 0.7568 0.0000
vt 0.8949 0.7487 0.0000
vt 0.8979 0.7465 0.0000
vt 0.8978 0.7595 0.0000
vt 0.8910 0.7510 0.0000
vt 0.9377 0.4469 0.0000
vt 0.9299 0.4476 0.0000
vt 0.9349 0.4403 0.0000
vt 0.9302 0.4511 0.0000
vt 0.9373 0.4535 0.0000
vt 0.8927 0.7713 0.0000
vt 0.8827 0.7627 0.0000
vt 0.9463 0.4527 0.0000
vt 0.9427 0.4616 0.0000
vt 0.9319 0.4620 0.0000
vt 0.8985 0.7369 0.0000
vt 0.9119 0.7412 0.0000
vt 0.9131 0.7493 0.0000
vt 0.8973 0.5477 0.0000
vt 0.8959 0.5490 0.0000
vt 0.9024 0.7604 0.0000
vt 0.9046 0.7608 0.0000
vt 0.9010 0.7611 0.0000
vt 0.9197 0.4597 0.0000
vt 0.8666 0.4696 0.0000
vt 0.9337 0.5977 0.0000
vt 0.8908 0.7391 0.0000
vt 0.8845 0.7424 0.0000
vt 0.9460 0.4458 0.0000
vt 0.9458 0.4400 0.0000
vt 0.8770 0.7528 0.0000
vt 0.8924 0.5248 0.0000
vt 0.8868 0.5273 0.0000
vt 0.8372 0.4792 0.0000
vt 0.8365 0.4856 0.0000
vt 0.8795 0.5379 0.0000
vt 0.8435 0.4963 0.0000
vt 0.9349 0.6486 0.0000
vt 0.9391 0.6490 0.0000
vt 0.9283 0.8525 0.0000
vt 0.9323 0.8527 0.0000
vt 0.9410 0.8497 0.0000
vt 0.9465 0.6466 0.0000
vt 0.9483 0.4642 0.0000
vt 0.9484 0.4752 0.0000
vt 0.8343 0.4644 0.0000
vt 0.8344 0.4527 0.0000
vt 0.9472 0.4803 0.0000
vt 0.9485 0.4873 0.0000
vt 0.8358 0.4473 0.0000
vt 0.8349 0.4409 0.0000
vt 0.8363 0.4306 0.0000
vt 0.9485 0.4967 0.0000
vt 0.9310 0.4330 0.0000
vt 0.9418 0.4313 0.0000
vt 0.9028 0.5213 0.0000
vt 0.9177 0.5244 0.0000
vt 0.9179 0.5444 0.0000
vt 0.8920 0.5619 0.0000
vt 0.8862 0.5546 0.0000
vt 0.8665 0.4930 0.0000
vt 0.8589 0.4949 0.0000
vt 0.8367 0.4735 0.0000
vt 0.8415 0.4652 0.0000
vt 0.8586 0.4672 0.0000
vt 0.9255 0.8551 0.0000
vt 0.9176 0.8579 0.0000
vt 0.9041 0.8133 0.0000
vt 0.9314 0.6520 0.0000
vt 0.9235 0.6549 0.0000
vt 0.9049 0.6079 0.0000
vt 0.9145 0.7640 0.0000
vt 0.9307 0.8040 0.0000
vt 0.8925 0.7713 0.0000
vt 0.8825 0.7628 0.0000
vt 0.9465 0.4527 0.0000
vt 0.9428 0.4620 0.0000
vt 0.9317 0.4622 0.0000
vt 0.8985 0.7366 0.0000
vt 0.9123 0.7411 0.0000
vt 0.9145 0.7523 0.0000
vt 0.9203 0.4601 0.0000
vt 0.9158 0.5542 0.0000
vt 0.8659 0.4691 0.0000
vt 0.9341 0.5978 0.0000
vt 0.8908 0.7389 0.0000
vt 0.8845 0.7420 0.0000
vt 0.9461 0.4401 0.0000
vt 0.9462 0.4459 0.0000
vt 0.8765 0.7525 0.0000
vt 0.8868 0.5270 0.0000
vt 0.8934 0.5235 0.0000
vt 0.8370 0.4792 0.0000
vt 0.8362 0.4855 0.0000
vt 0.8791 0.5375 0.0000
vt 0.8434 0.4966 0.0000
vt 0.9391 0.6494 0.0000
vt 0.9350 0.6492 0.0000
vt 0.9323 0.8529 0.0000
vt 0.9282 0.8530 0.0000
vt 0.9414 0.8501 0.0000
vt 0.9470 0.6471 0.0000
vt 0.9486 0.4640 0.0000
vt 0.9486 0.4751 0.0000
vt 0.8339 0.4647 0.0000
vt 0.8342 0.4527 0.0000
vt 0.9475 0.4804 0.0000
vt 0.9486 0.4873 0.0000
vt 0.8353 0.4472 0.0000
vt 0.8347 0.4408 0.0000
vt 0.8360 0.4300 0.0000
vt 0.9191 0.4366 0.0000
vt 0.9488 0.4972 0.0000
vt 0.9308 0.4326 0.0000
vt 0.9419 0.4312 0.0000
vt 0.9506 0.3380 0.0000
vt 0.9571 0.3363 0.0000
vt 0.9576 0.3381 0.0000
vt 0.9512 0.3400 0.0000
vt 0.9452 0.3437 0.0000
vt 0.9440 0.3420 0.0000
vt 0.9402 0.3479 0.0000
vt 0.9384 0.3472 0.0000
vt 0.9503 0.3370 0.0000
vt 0.9568 0.3353 0.0000
vt 0.9436 0.3411 0.0000
vt 0.9371 0.3457 0.0000
vt 0.9650 0.3339 0.0000
vt 0.9654 0.3360 0.0000
vt 0.9719 0.3362 0.0000
vt 0.9716 0.3328 0.0000
vt 0.9794 0.3351 0.0000
vt 0.9789 0.3311 0.0000
vt 0.9648 0.3329 0.0000
vt 0.9713 0.3319 0.0000
vt 0.9787 0.3301 0.0000
vt 0.9252 0.2408 0.0000
vt 0.9316 0.2390 0.0000
vt 0.8928 0.2556 0.0000
vt 0.8804 0.2640 0.0000
vt 0.9494 0.2347 0.0000
vt 0.9560 0.2336 0.0000
vt 0.9633 0.2318 0.0000
vt 0.1427 0.9449 0.0000
vt 0.1203 0.8002 0.0000
vt 0.1451 0.7930 0.0000
vt 0.1615 0.9382 0.0000
vt 0.1465 0.7927 0.0000
vt 0.1631 0.9396 0.0000
vt 0.1562 0.8025 0.0000
vt 0.1760 0.9412 0.0000
vt 0.1740 0.8042 0.0000
vt 0.1899 0.9478 0.0000
vt 0.1995 0.8006 0.0000
vt 0.2098 0.9540 0.0000
vt 0.2245 0.7946 0.0000
vt 0.2304 0.9747 0.0000
vt 0.3002 0.6753 0.0000
vt 0.3731 0.8672 0.0000
vt 0.3405 0.8519 0.0000
vt 0.2790 0.6498 0.0000
vt 0.8228 0.9578 0.0000
vt 0.7691 0.8327 0.0000
vt 0.7886 0.8441 0.0000
vt 0.8491 0.9661 0.0000
vt 0.7901 0.8443 0.0000
vt 0.8508 0.9660 0.0000
vt 0.7917 0.8443 0.0000
vt 0.8527 0.9659 0.0000
vt 0.7934 0.8440 0.0000
vt 0.8542 0.9654 0.0000
vt 0.7949 0.8435 0.0000
vt 0.8556 0.9649 0.0000
vt 0.7963 0.8429 0.0000
vt 0.8569 0.9644 0.0000
vt 0.7974 0.8424 0.0000
vt 0.8579 0.9640 0.0000
vt 0.8143 0.8449 0.0000
vt 0.8730 0.9694 0.0000
vt 0.8856 0.9727 0.0000
vt 0.8296 0.8428 0.0000
vt 0.8304 0.8411 0.0000
vt 0.8864 0.9713 0.0000
vt 0.8673 0.8160 0.0000
vt 0.9255 0.9640 0.0000
vt 0.8910 0.7887 0.0000
vt 0.9491 0.9464 0.0000
vt 0.0347 0.9832 0.0000
vt 0.0075 0.8122 0.0000
vt 0.0284 0.8009 0.0000
vt 0.0564 0.9448 0.0000
vt 0.0573 0.8005 0.0000
vt 0.0842 0.9401 0.0000
vt 0.0888 0.8017 0.0000
vt 0.1096 0.9385 0.0000
vt 0.1178 0.8003 0.0000
vt 0.1301 0.9299 0.0000
vt 0.2602 0.9300 0.0000
vt 0.2574 0.9319 0.0000
vt 0.2683 0.9175 0.0000
vt 0.2936 0.8953 0.0000
vt 0.4757 0.9308 0.0000
vt 0.4762 0.9314 0.0000
vt 0.4543 0.9230 0.0000
vt 0.4526 0.9222 0.0000
vt 0.4570 0.9176 0.0000
vt 0.4271 0.9070 0.0000
vt 0.4350 0.9006 0.0000
vt 0.4028 0.8931 0.0000
vt 0.4085 0.8867 0.0000
vt 0.3612 0.8760 0.0000
vt 0.3378 0.8668 0.0000
vt 0.3016 0.8861 0.0000
vt 0.3001 0.8880 0.0000
vt 0.2989 0.8900 0.0000
vt 0.2972 0.8916 0.0000
vt 0.2957 0.8930 0.0000
vt 0.2945 0.8943 0.0000
vt 0.3002 0.8995 0.0000
vt 0.4011 0.9393 0.0000
vt 0.4215 0.9475 0.0000
vt 0.4207 0.9484 0.0000
vt 0.2402 0.9429 0.0000
vt 0.2297 0.9357 0.0000
vt 0.2315 0.9351 0.0000
vt 0.2597 0.9494 0.0000
vt 0.2623 0.9367 0.0000
vt 0.2926 0.9382 0.0000
vt 0.2605 0.9499 0.0000
vt 0.2614 0.9503 0.0000
vt 0.2627 0.9506 0.0000
vt 0.2640 0.9509 0.0000
vt 0.2656 0.9511 0.0000
vt 0.2672 0.9512 0.0000
vt 0.2976 0.9521 0.0000
vt 0.3271 0.9528 0.0000
vt 0.3220 0.9392 0.0000
vt 0.3549 0.9529 0.0000
vt 0.3499 0.9398 0.0000
vt 0.3803 0.9524 0.0000
vt 0.3759 0.9397 0.0000
vt 0.4025 0.9510 0.0000
vt 0.3995 0.9387 0.0000
vt 0.1522 0.9507 0.0000
vt 0.1306 0.9554 0.0000
vt 0.1543 0.9523 0.0000
vt 0.1737 0.9552 0.0000
vt 0.1855 0.9660 0.0000
vt 0.2036 0.9791 0.0000
vt 0.2284 0.9997 0.0000
vt 0.2776 0.6238 0.0000
vt 0.2994 0.6511 0.0000
vt 0.8462 0.9835 0.0000
vt 0.8234 0.9819 0.0000
vt 0.8478 0.9837 0.0000
vt 0.8495 0.9830 0.0000
vt 0.8510 0.9822 0.0000
vt 0.8525 0.9816 0.0000
vt 0.8539 0.9811 0.0000
vt 0.8553 0.9809 0.0000
vt 0.9371 0.2106 0.0000
vt 0.9472 0.1999 0.0000
vt 0.9691 0.2145 0.0000
vt 0.9583 0.2214 0.0000
vt 0.9474 0.1978 0.0000
vt 0.9687 0.2117 0.0000
vt 0.9488 0.1649 0.0000
vt 0.9568 0.1824 0.0000
vt 0.9505 0.1331 0.0000
vt 0.9599 0.1501 0.0000
vt 0.0627 0.9871 0.0000
vt 0.0424 0.9995 0.0000
vt 0.0727 0.9515 0.0000
vt 0.1055 0.9610 0.0000
vt 0.1288 0.9535 0.0000
vt 0.8462 0.2782 0.0000
vt 0.8543 0.2791 0.0000
vt 0.8528 0.2881 0.0000
vt 0.8480 0.2858 0.0000
vt 0.8304 0.2502 0.0000
vt 0.8456 0.2462 0.0000
vt 0.8490 0.2700 0.0000
vt 0.8396 0.2692 0.0000
vt 0.9471 0.7737 0.0000
vt 0.9532 0.7724 0.0000
vt 0.9676 0.7956 0.0000
vt 0.9548 0.7961 0.0000
vt 0.9389 0.7519 0.0000
vt 0.9446 0.7469 0.0000
vt 0.9331 0.7314 0.0000
vt 0.9418 0.7279 0.0000
vt 0.9287 0.7130 0.0000
vt 0.9487 0.7052 0.0000
vt 0.9150 0.2444 0.0000
vt 0.9123 0.2390 0.0000
vt 0.9120 0.2381 0.0000
vt 0.9148 0.2435 0.0000
vt 0.9553 0.6220 0.0000
vt 0.9589 0.6340 0.0000
vt 0.9515 0.6308 0.0000
vt 0.9465 0.6175 0.0000
vt 0.9463 0.5964 0.0000
vt 0.9374 0.5910 0.0000
vt 0.7884 0.9591 0.0000
vt 0.8126 0.9793 0.0000
vt 0.7997 0.9748 0.0000
vt 0.7785 0.9567 0.0000
vt 0.7797 0.9353 0.0000
vt 0.7721 0.9292 0.0000
vt 0.7806 0.9110 0.0000
vt 0.7784 0.9034 0.0000
vt 0.7844 0.8870 0.0000
vt 0.7837 0.8786 0.0000
vt 0.9051 0.0861 0.0000
vt 0.9052 0.0847 0.0000
vt 0.9160 0.0883 0.0000
vt 0.9163 0.0905 0.0000
vt 0.9639 0.6270 0.0000
vt 0.9661 0.6367 0.0000
vt 0.9568 0.6009 0.0000
vt 0.8008 0.9639 0.0000
vt 0.8218 0.9833 0.0000
vt 0.7884 0.9402 0.0000
vt 0.7856 0.9159 0.0000
vt 0.7864 0.8939 0.0000
vt 0.8994 0.0802 0.0000
vt 0.9006 0.0792 0.0000
vt 0.9607 0.6476 0.0000
vt 0.9521 0.6450 0.0000
vt 0.9668 0.6482 0.0000
vt 0.9476 0.6403 0.0000
vt 0.9442 0.6270 0.0000
vt 0.9395 0.6142 0.0000
vt 0.9320 0.5862 0.0000
vt 0.7912 0.9725 0.0000
vt 0.7697 0.9564 0.0000
vt 0.7674 0.9233 0.0000
vt 0.7775 0.8975 0.0000
vt 0.9326 0.0745 0.0000
vt 0.9327 0.0792 0.0000
vt 0.9237 0.0929 0.0000
vt 0.9228 0.0937 0.0000
vt 0.8618 0.2854 0.0000
vt 0.8529 0.2982 0.0000
vt 0.8523 0.2508 0.0000
vt 0.8608 0.2723 0.0000
vt 0.9619 0.7752 0.0000
vt 0.9737 0.7999 0.0000
vt 0.9531 0.7546 0.0000
vt 0.9512 0.7305 0.0000
vt 0.9521 0.7144 0.0000
vt 0.9091 0.2327 0.0000
vt 0.9092 0.2313 0.0000
vt 0.8652 0.2919 0.0000
vt 0.8560 0.3082 0.0000
vt 0.8649 0.2529 0.0000
vt 0.8690 0.2789 0.0000
vt 0.6456 0.9414 0.0000
vt 0.6689 0.9910 0.0000
vt 0.6570 0.9857 0.0000
vt 0.6385 0.9379 0.0000
vt 0.9622 0.7598 0.0000
vt 0.9673 0.7799 0.0000
vt 0.9559 0.7362 0.0000
vt 0.9578 0.7196 0.0000
vt 0.9062 0.2254 0.0000
vt 0.9086 0.2238 0.0000
vt 0.9227 0.4054 0.0000
vt 0.9141 0.4227 0.0000
vt 0.9442 0.3568 0.0000
vt 0.9355 0.3872 0.0000
vt 0.6268 0.9314 0.0000
vt 0.9455 0.0665 0.0000
vt 0.9466 0.1990 0.0000
vt 0.9277 0.2064 0.0000
vt 0.8453 0.2900 0.0000
vt 0.8379 0.2853 0.0000
vt 0.8427 0.2787 0.0000
vt 0.8474 0.2853 0.0000
vt 0.8334 0.2745 0.0000
vt 0.8175 0.2600 0.0000
vt 0.8303 0.2503 0.0000
vt 0.8387 0.2688 0.0000
vt 0.9427 0.8034 0.0000
vt 0.9397 0.7790 0.0000
vt 0.9469 0.7737 0.0000
vt 0.9547 0.7961 0.0000
vt 0.9281 0.7534 0.0000
vt 0.9386 0.7518 0.0000
vt 0.9235 0.7308 0.0000
vt 0.9329 0.7312 0.0000
vt 0.9071 0.7186 0.0000
vt 0.9285 0.7131 0.0000
vt 0.9115 0.2380 0.0000
vt 0.9122 0.2389 0.0000
vt 0.9143 0.2434 0.0000
vt 0.9407 0.0202 0.0000
vt 0.9466 0.0270 0.0000
vt 0.9333 0.0258 0.0000
vt 0.9267 0.0182 0.0000
vt 0.9063 0.0244 0.0000
vt 0.8989 0.0173 0.0000
vt 0.8205 0.9674 0.0000
vt 0.8207 0.9752 0.0000
vt 0.8018 0.9550 0.0000
vt 0.8047 0.9467 0.0000
vt 0.7943 0.9335 0.0000
vt 0.7984 0.9262 0.0000
vt 0.8505 0.0746 0.0000
vt 0.8512 0.0670 0.0000
vt 0.8731 0.0787 0.0000
vt 0.8809 0.0889 0.0000
vt 0.9016 0.0860 0.0000
vt 0.9091 0.0916 0.0000
vt 0.9049 0.0861 0.0000
vt 0.9157 0.0905 0.0000
vt 0.9500 0.0327 0.0000
vt 0.9401 0.0330 0.0000
vt 0.9133 0.0329 0.0000
vt 0.8219 0.9832 0.0000
vt 0.8009 0.9639 0.0000
vt 0.7885 0.9402 0.0000
vt 0.7857 0.9160 0.0000
vt 0.7921 0.9065 0.0000
vt 0.8752 0.0710 0.0000
vt 0.8954 0.0803 0.0000
vt 0.8993 0.0803 0.0000
vt 0.9543 0.0176 0.0000
vt 0.9591 0.0250 0.0000
vt 0.9614 0.0304 0.0000
vt 0.9488 0.0143 0.0000
vt 0.9352 0.0140 0.0000
vt 0.9218 0.0122 0.0000
vt 0.8930 0.0130 0.0000
vt 0.8220 0.9609 0.0000
vt 0.8077 0.9407 0.0000
vt 0.8036 0.9223 0.0000
vt 0.8539 0.0874 0.0000
vt 0.8842 0.0969 0.0000
vt 0.9191 0.0960 0.0000
vt 0.9209 0.0970 0.0000
vt 0.8513 0.2967 0.0000
vt 0.8389 0.2955 0.0000
vt 0.8296 0.2863 0.0000
vt 0.8170 0.2681 0.0000
vt 0.9402 0.8103 0.0000
vt 0.9308 0.7862 0.0000
vt 0.9245 0.7640 0.0000
vt 0.9154 0.7391 0.0000
vt 0.9072 0.7222 0.0000
vt 0.9076 0.2315 0.0000
vt 0.9089 0.2323 0.0000
vt 0.8546 0.3076 0.0000
vt 0.8416 0.3038 0.0000
vt 0.8307 0.2967 0.0000
vt 0.8135 0.2772 0.0000
vt 0.8105 0.2025 0.0000
vt 0.8048 0.1963 0.0000
vt 0.8414 0.1926 0.0000
vt 0.8485 0.1985 0.0000
vt 0.8736 0.1948 0.0000
vt 0.8751 0.2024 0.0000
vt 0.8959 0.2088 0.0000
vt 0.8900 0.2160 0.0000
vt 0.9153 0.7441 0.0000
vt 0.9073 0.7320 0.0000
vt 0.9049 0.2238 0.0000
vt 0.9061 0.2254 0.0000
vt 0.8955 0.4186 0.0000
vt 0.8733 0.4176 0.0000
vt 0.8440 0.4057 0.0000
vt 0.7992 0.0551 0.0000
vt 0.8163 0.0714 0.0000
vt 0.9284 0.7117 0.0000
vt 0.9283 0.7118 0.0000
vt 0.9661 0.6368 0.0000
vt 0.8473 0.9996 0.0000
vt 0.8474 0.9996 0.0000
vt 0.7865 0.8939 0.0000
vt 0.7870 0.8921 0.0000
vt 0.7870 0.8922 0.0000
vt 0.9607 0.6477 0.0000
vt 0.9668 0.6483 0.0000
vt 0.9543 0.0175 0.0000
vt 0.9375 0.2257 0.0000
vt 0.9186 0.2260 0.0000
# 1021 texture coords

g van_gogh_book
usemtl 01___Defaultdsdddfffd
s 1
f 3330/3246/2657 3331/3247/2657 3332/3248/2657 
f 3332/3248/2657 3333/3249/2657 3330/3246/2657 
s 4
f 3331/3250/2658 3334/3251/2658 3335/3252/2659 
f 3335/3252/2659 3332/3253/2659 3331/3250/2658 
s 2
f 3334/3254/2660 3336/3255/2660 3337/3256/2660 
f 3337/3256/2660 3335/3257/2660 3334/3254/2660 
s 4
f 3336/3258/2661 3338/3259/2661 3339/3260/2661 
f 3339/3260/2661 3337/3261/2661 3336/3258/2661 
s 2
f 3338/3262/2662 3340/3263/2662 3341/3264/2662 
f 3341/3264/2662 3339/3265/2662 3338/3262/2662 
s 4
f 3340/3266/2663 3342/3267/2663 3343/3268/2663 
f 3343/3268/2663 3341/3269/2663 3340/3266/2663 
s 2
f 3342/3270/2664 3344/3271/2664 3345/3272/2664 
f 3345/3272/2664 3343/3273/2664 3342/3270/2664 
s 4
f 3344/3274/2665 3346/3275/2665 3347/3276/2665 
f 3347/3276/2665 3345/3277/2665 3344/3274/2665 
s 2
f 3346/3278/2666 3348/3279/2666 3349/3280/2666 
f 3349/3280/2666 3347/3281/2666 3346/3278/2666 
s 4
f 3348/3282/2667 3350/3283/2667 3351/3284/2667 
f 3351/3284/2667 3349/3285/2667 3348/3282/2667 
s 2
f 3350/3286/2668 3352/3287/2668 3353/3288/2669 
f 3353/3288/2669 3351/3289/2669 3350/3286/2668 
s 4
f 3352/3290/2670 3354/3291/2670 3355/3292/2670 
f 3355/3292/2670 3353/3293/2670 3352/3290/2670 
s 2
f 3354/3294/2671 3356/3295/2671 3357/3296/2671 
f 3357/3296/2671 3355/3297/2671 3354/3294/2671 
s 4
f 3356/3298/2672 3358/3299/2672 3359/3300/2673 
f 3359/3300/2673 3357/3301/2673 3356/3298/2672 
s 2
f 3358/3302/2674 3360/3303/2674 3361/3304/2674 
f 3361/3304/2674 3359/3305/2674 3358/3302/2674 
s 4
f 3360/3306/2675 3362/3307/2675 3363/3308/2675 
f 3363/3308/2675 3361/3309/2675 3360/3306/2675 
s 2
f 3362/3307/2676 3364/3310/2676 3365/3311/2676 
f 3365/3311/2676 3363/3308/2676 3362/3307/2676 
s 4
f 3364/3310/2677 3366/3312/2677 3367/3313/2677 
f 3367/3313/2677 3365/3311/2677 3364/3310/2677 
s 2
f 3366/3312/2678 3368/3314/2678 3369/3315/2679 
f 3369/3315/2679 3367/3313/2679 3366/3312/2678 
s 5
f 3368/3314/2680 3370/3316/2681 3371/3317/2682 
f 3371/3317/2682 3369/3315/2680 3368/3314/2680 
s 3
f 3370/3316/2681 3372/3318/2683 3373/3319/2684 
f 3373/3319/2684 3371/3317/2682 3370/3316/2681 
s 5
f 3372/3318/2683 3374/3320/2685 3375/3321/2686 
f 3375/3321/2686 3373/3319/2684 3372/3318/2683 
s 3
f 3374/3320/2685 3376/3322/2687 3377/3323/2688 
f 3377/3323/2688 3375/3321/2686 3374/3320/2685 
s 5
f 3376/3322/2687 3378/3324/2689 3379/3325/2690 
f 3379/3325/2690 3377/3323/2688 3376/3322/2687 
s 3
f 3378/3324/2689 3380/3326/2691 3381/3327/2692 
f 3381/3327/2692 3379/3325/2690 3378/3324/2689 
s 5
f 3380/3326/2691 3382/3328/2693 3383/3329/2694 
f 3383/3329/2694 3381/3327/2692 3380/3326/2691 
s 3
f 3382/3328/2693 3384/3330/2695 3385/3331/2696 
f 3385/3331/2696 3383/3329/2694 3382/3328/2693 
s 5
f 3384/3330/2695 3386/3332/2697 3387/3333/2698 
f 3387/3333/2698 3385/3331/2696 3384/3330/2695 
s 3
f 3386/3332/2697 3388/3334/2699 3389/3335/2699 
f 3389/3335/2699 3387/3333/2698 3386/3332/2697 
s 5
f 3388/3334/2699 3390/3336/2700 3391/3337/2701 
f 3391/3337/2701 3389/3335/2699 3388/3334/2699 
s 3
f 3390/3336/2700 3392/3338/2702 3393/3339/2703 
f 3393/3339/2703 3391/3337/2701 3390/3336/2700 
s 5
f 3392/3338/2702 3394/3340/2704 3395/3341/2705 
f 3395/3341/2705 3393/3339/2703 3392/3338/2702 
s 3
f 3394/3340/2704 3396/3342/2706 3397/3343/2707 
f 3397/3343/2707 3395/3341/2705 3394/3340/2704 
s 5
f 3396/3342/2706 3398/3344/2708 3399/3345/2709 
f 3399/3345/2709 3397/3343/2707 3396/3342/2706 
s 3
f 3398/3344/2708 3400/3346/2710 3401/3347/2711 
f 3401/3347/2711 3399/3345/2709 3398/3344/2708 
s 5
f 3400/3346/2710 3402/3348/2712 3403/3349/2713 
f 3403/3349/2713 3401/3347/2711 3400/3346/2710 
s 3
f 3402/3348/2712 3404/3350/2714 3405/3351/2715 
f 3405/3351/2715 3403/3349/2713 3402/3348/2712 
s 5
f 3404/3350/2714 3406/3352/2716 3407/3353/2717 
f 3407/3353/2717 3405/3351/2715 3404/3350/2714 
s 3
f 3406/3352/2716 3408/3354/2718 3409/3355/2718 
f 3409/3355/2718 3407/3353/2717 3406/3352/2716 
s 5
f 3408/3354/2718 3410/3356/2719 3411/3357/2720 
f 3411/3357/2720 3409/3355/2718 3408/3354/2718 
s 3
f 3410/3356/2719 3412/3358/2721 3413/3359/2721 
f 3413/3359/2721 3411/3357/2720 3410/3356/2719 
s 16
f 3333/3360/2722 3332/3361/2723 3335/3362/2724 
f 3333/3360/2722 3335/3362/2724 3337/3363/2725 
f 3365/3364/2726 3367/3365/2727 3369/3366/2727 
f 3365/3364/2726 3369/3366/2727 3371/3367/2728 
f 3409/3368/2729 3411/3369/2730 3413/3370/2731 
f 3407/3371/2732 3409/3368/2729 3413/3370/2731 
f 3405/3372/2733 3407/3371/2732 3413/3370/2731 
f 3403/3373/2734 3405/3372/2733 3413/3370/2731 
f 3403/3373/2734 3413/3370/2731 3414/3374/2735 
f 3401/3375/2736 3403/3373/2734 3414/3374/2735 
f 3399/3376/2737 3401/3375/2736 3414/3374/2735 
f 3397/3377/2738 3399/3376/2737 3414/3374/2735 
f 3395/3378/2739 3397/3377/2738 3414/3374/2735 
f 3393/3379/2740 3395/3378/2739 3414/3374/2735 
f 3391/3380/2741 3393/3379/2740 3414/3374/2735 
f 3389/3381/2742 3391/3380/2741 3414/3374/2735 
f 3387/3382/2743 3389/3381/2742 3414/3374/2735 
f 3385/3383/2744 3387/3382/2743 3414/3374/2735 
f 3383/3384/2745 3385/3383/2744 3414/3374/2735 
f 3381/3385/2746 3383/3384/2745 3414/3374/2735 
f 3379/3386/2747 3381/3385/2746 3414/3374/2735 
f 3377/3387/2748 3379/3386/2747 3414/3374/2735 
f 3375/3388/2749 3377/3387/2748 3414/3374/2735 
f 3373/3389/2750 3375/3388/2749 3414/3374/2735 
f 3371/3367/2728 3373/3389/2750 3414/3374/2735 
f 3365/3364/2726 3371/3367/2728 3414/3374/2735 
f 3363/3390/2751 3365/3364/2726 3414/3374/2735 
f 3361/3391/2752 3363/3390/2751 3414/3374/2735 
f 3359/3392/2753 3361/3391/2752 3414/3374/2735 
f 3357/3393/2754 3359/3392/2753 3414/3374/2735 
f 3355/3394/2755 3357/3393/2754 3414/3374/2735 
f 3353/3395/2756 3355/3394/2755 3414/3374/2735 
f 3351/3396/2754 3353/3395/2756 3414/3374/2735 
f 3349/3397/2755 3351/3396/2754 3414/3374/2735 
f 3347/3398/2755 3349/3397/2755 3414/3374/2735 
f 3345/3399/2757 3347/3398/2755 3414/3374/2735 
f 3343/3400/2758 3345/3399/2757 3414/3374/2735 
f 3341/3401/2759 3343/3400/2758 3414/3374/2735 
f 3339/3402/2760 3341/3401/2759 3414/3374/2735 
f 3337/3363/2725 3339/3402/2760 3414/3374/2735 
f 3333/3360/2722 3337/3363/2725 3414/3374/2735 
s 4
f 3415/3403/2761 3416/3404/2761 3417/3405/2761 
f 3417/3405/2761 3418/3406/2761 3415/3403/2761 
s 2
f 3418/3407/2762 3417/3408/2762 3419/3409/2762 
f 3419/3409/2762 3420/3410/2762 3418/3407/2762 
s 4
f 3420/3411/2763 3419/3412/2763 3421/3413/2763 
f 3421/3413/2763 3422/3414/2763 3420/3411/2763 
s 2
f 3422/3415/2764 3421/3416/2764 3423/3417/2764 
f 3423/3417/2764 3424/3418/2764 3422/3415/2764 
s 4
f 3424/3419/2765 3423/3420/2765 3425/3421/2765 
f 3425/3421/2765 3426/3422/2765 3424/3419/2765 
s 2
f 3426/3422/2766 3425/3421/2766 3427/3423/2766 
f 3427/3423/2766 3428/3424/2766 3426/3422/2766 
s 4
f 3428/3424/2767 3427/3423/2767 3429/3425/2767 
f 3429/3425/2767 3430/3426/2767 3428/3424/2767 
s 2
f 3430/3426/2768 3429/3425/2768 3431/3427/2768 
f 3431/3427/2768 3432/3428/2768 3430/3426/2768 
s 4
f 3432/3429/2769 3431/3430/2769 3433/3431/2769 
f 3433/3431/2769 3434/3432/2769 3432/3429/2769 
s 2
f 3434/3433/2770 3433/3434/2771 3435/3435/2771 
f 3435/3435/2771 3436/3436/2770 3434/3433/2770 
s 4
f 3436/3437/2772 3435/3438/2772 3437/3439/2772 
f 3437/3439/2772 3438/3440/2772 3436/3437/2772 
s 2
f 3438/3441/2773 3437/3442/2773 3439/3443/2773 
f 3439/3443/2773 3440/3444/2773 3438/3441/2773 
s 4
f 3440/3445/2774 3439/3446/2774 3441/3447/2774 
f 3441/3447/2774 3442/3448/2774 3440/3445/2774 
s 2
f 3442/3449/2775 3441/3450/2775 3443/3451/2775 
f 3443/3451/2775 3444/3452/2775 3442/3449/2775 
s 4
f 3444/3453/2776 3443/3454/2776 3445/3455/2776 
f 3445/3455/2776 3446/3456/2776 3444/3453/2776 
s 2
f 3446/3457/2777 3445/3458/2777 3447/3459/2777 
f 3447/3459/2777 3448/3460/2777 3446/3457/2777 
s 4
f 3448/3461/2778 3447/3462/2778 3449/3463/2778 
f 3449/3463/2778 3450/3464/2778 3448/3461/2778 
s 2
f 3450/3465/2779 3449/3466/2779 3451/3467/2779 
f 3451/3467/2779 3452/3468/2779 3450/3465/2779 
s 5
f 3452/3469/2780 3451/3470/2780 3453/3471/2781 
f 3453/3471/2781 3454/3472/2781 3452/3469/2780 
s 3
f 3454/3473/2781 3453/3474/2781 3455/3475/2782 
f 3455/3475/2782 3456/3476/2782 3454/3473/2781 
s 5
f 3456/3477/2782 3455/3478/2782 3457/3479/2783 
f 3457/3479/2783 3458/3480/2783 3456/3477/2782 
s 3
f 3458/3481/2783 3457/3482/2783 3459/3483/2784 
f 3459/3483/2784 3460/3484/2784 3458/3481/2783 
s 5
f 3460/3485/2784 3459/3486/2784 3461/3487/2785 
f 3461/3487/2785 3462/3488/2785 3460/3485/2784 
s 3
f 3462/3489/2785 3461/3490/2785 3463/3491/2786 
f 3463/3491/2786 3464/3492/2787 3462/3489/2785 
s 5
f 3464/3493/2787 3463/3494/2786 3465/3495/2788 
f 3465/3495/2788 3466/3496/2788 3464/3493/2787 
s 3
f 3466/3497/2788 3465/3498/2788 3467/3499/2789 
f 3467/3499/2789 3468/3500/2789 3466/3497/2788 
s 5
f 3468/3501/2789 3467/3502/2789 3469/3503/2790 
f 3469/3503/2790 3470/3504/2791 3468/3501/2789 
s 3
f 3470/3505/2791 3469/3506/2790 3471/3507/2792 
f 3471/3507/2792 3472/3508/2793 3470/3505/2791 
s 5
f 3472/3509/2793 3471/3510/2792 3473/3511/2794 
f 3473/3511/2794 3474/3512/2794 3472/3509/2793 
s 3
f 3474/3513/2794 3473/3514/2794 3475/3515/2795 
f 3475/3515/2795 3476/3516/2796 3474/3513/2794 
s 5
f 3476/3517/2796 3475/3518/2795 3477/3519/2797 
f 3477/3519/2797 3478/3520/2798 3476/3517/2796 
s 3
f 3478/3521/2798 3477/3522/2797 3479/3523/2799 
f 3479/3523/2799 3480/3524/2800 3478/3521/2798 
s 5
f 3480/3525/2800 3479/3526/2799 3481/3527/2801 
f 3481/3527/2801 3482/3528/2802 3480/3525/2800 
s 3
f 3482/3529/2802 3481/3530/2801 3483/3531/2803 
f 3483/3531/2803 3484/3532/2804 3482/3529/2802 
s 5
f 3484/3533/2804 3483/3534/2803 3485/3535/2805 
f 3485/3535/2805 3486/3536/2806 3484/3533/2804 
s 3
f 3486/3537/2806 3485/3538/2805 3487/3539/2807 
f 3487/3539/2807 3488/3540/2808 3486/3537/2806 
s 5
f 3488/3541/2808 3487/3542/2807 3489/3543/2809 
f 3489/3543/2809 3490/3544/2810 3488/3541/2808 
s 3
f 3490/3545/2810 3489/3546/2809 3491/3547/2811 
f 3491/3547/2811 3492/3548/2812 3490/3545/2810 
s 5
f 3492/3549/2812 3491/3550/2811 3493/3551/2813 
f 3493/3551/2813 3494/3552/2814 3492/3549/2812 
s 3
f 3494/3553/2814 3493/3554/2813 3495/3555/2815 
f 3495/3555/2815 3496/3556/2815 3494/3553/2814 
s 16
f 3417/3557/2816 3416/3558/2816 3497/3559/2817 
f 3495/3560/2818 3493/3561/2819 3491/3562/2820 
f 3495/3560/2818 3491/3562/2820 3489/3563/2821 
f 3495/3560/2818 3489/3563/2821 3487/3564/2822 
f 3495/3560/2818 3487/3564/2822 3485/3565/2823 
f 3498/3566/2824 3495/3560/2818 3485/3565/2823 
f 3498/3566/2824 3485/3565/2823 3483/3567/2825 
f 3498/3566/2824 3483/3567/2825 3481/3568/2826 
f 3498/3566/2824 3481/3568/2826 3479/3569/2827 
f 3498/3566/2824 3479/3569/2827 3477/3570/2828 
f 3498/3566/2824 3477/3570/2828 3475/3571/2829 
f 3498/3566/2824 3475/3571/2829 3473/3572/2830 
f 3498/3566/2824 3473/3572/2830 3471/3573/2831 
f 3498/3566/2824 3471/3573/2831 3469/3574/2832 
f 3498/3566/2824 3469/3574/2832 3467/3575/2833 
f 3498/3566/2824 3467/3575/2833 3465/3576/2834 
f 3498/3566/2824 3465/3576/2834 3463/3577/2835 
f 3498/3566/2824 3463/3577/2835 3461/3578/2836 
f 3498/3566/2824 3461/3578/2836 3459/3579/2837 
f 3498/3566/2824 3459/3579/2837 3457/3580/2838 
f 3498/3566/2824 3457/3580/2838 3455/3581/2839 
f 3498/3566/2824 3455/3581/2839 3453/3582/2840 
f 3451/3583/2841 3449/3584/2841 3447/3585/2842 
f 3453/3582/2840 3451/3583/2841 3447/3585/2842 
f 3498/3566/2824 3453/3582/2840 3447/3585/2842 
f 3498/3566/2824 3447/3585/2842 3445/3586/2843 
f 3498/3566/2824 3445/3586/2843 3443/3587/2844 
f 3498/3566/2824 3443/3587/2844 3441/3588/2845 
f 3498/3566/2824 3441/3588/2845 3439/3589/2846 
f 3498/3566/2824 3439/3589/2846 3437/3590/2847 
f 3498/3566/2824 3437/3590/2847 3435/3591/2848 
f 3498/3566/2824 3435/3591/2848 3433/3592/2846 
f 3498/3566/2824 3433/3592/2846 3431/3593/2849 
f 3498/3566/2824 3431/3593/2849 3429/3594/2849 
f 3498/3566/2824 3429/3594/2849 3427/3595/2850 
f 3498/3566/2824 3427/3595/2850 3425/3596/2851 
f 3498/3566/2824 3425/3596/2851 3423/3597/2852 
f 3498/3566/2824 3423/3597/2852 3421/3598/2853 
f 3498/3566/2824 3421/3598/2853 3419/3599/2854 
f 3497/3559/2817 3498/3566/2824 3419/3599/2854 
f 3417/3557/2816 3497/3559/2817 3419/3599/2854 
s 3
f 3499/3600/2855 3500/3601/2856 3501/3602/2857 
f 3501/3602/2857 3502/3603/2858 3499/3600/2855 
s 2
f 3503/3604/2859 3504/3605/2860 3505/3606/2861 
f 3505/3606/2861 3501/3602/2857 3503/3604/2859 
f 3506/3607/2862 3507/3608/2863 3504/3605/2860 
f 3504/3605/2860 3503/3604/2859 3506/3607/2862 
f 3508/3609/2864 3507/3608/2863 3506/3607/2862 
f 3506/3607/2862 3509/3610/2865 3508/3609/2864 
f 3510/3611/2866 3508/3609/2864 3509/3610/2865 
f 3509/3610/2865 3511/3612/2867 3510/3611/2866 
f 3512/3613/2868 3510/3611/2866 3511/3612/2867 
f 3511/3612/2867 3513/3614/2869 3512/3613/2868 
s 3
f 3514/3615/2870 3502/3603/2858 3501/3602/2857 
f 3501/3602/2857 3505/3606/2861 3514/3615/2870 
s 2
f 3515/3616/2871 3503/3604/2859 3501/3602/2857 
f 3501/3602/2857 3500/3601/2856 3515/3616/2871 
f 3516/3617/2872 3506/3607/2862 3503/3604/2859 
f 3503/3604/2859 3515/3616/2871 3516/3617/2872 
f 3509/3610/2865 3506/3607/2862 3516/3617/2872 
f 3516/3617/2872 3517/3618/2873 3509/3610/2865 
f 3511/3612/2867 3509/3610/2865 3517/3618/2873 
f 3517/3618/2873 3518/3619/2874 3511/3612/2867 
f 3513/3614/2869 3511/3612/2867 3518/3619/2874 
f 3518/3619/2874 3519/3620/2875 3513/3614/2869 
s 3
f 3520/3621/2876 3521/3622/2877 3522/3623/2878 
f 3522/3623/2878 3523/3624/2879 3520/3621/2876 
s 2
f 3524/3625/2880 3520/3621/2876 3525/3626/2881 
f 3525/3626/2881 3526/3627/2882 3524/3625/2880 
f 3527/3628/2883 3524/3625/2880 3526/3627/2882 
f 3526/3627/2882 3528/3629/2884 3527/3628/2883 
f 3529/3630/2885 3530/3631/2886 3527/3628/2883 
f 3527/3628/2883 3528/3629/2884 3529/3630/2885 
f 3531/3632/2887 3532/3633/2888 3530/3634/2886 
f 3530/3634/2886 3529/3635/2885 3531/3632/2887 
f 3512/3613/2868 3513/3614/2869 3532/3633/2888 
f 3532/3633/2888 3531/3632/2887 3512/3613/2868 
s 3
f 3533/3636/2889 3525/3626/2881 3520/3621/2876 
f 3520/3621/2876 3523/3624/2879 3533/3636/2889 
s 2
f 3534/3637/2890 3521/3622/2877 3520/3621/2876 
f 3520/3621/2876 3524/3625/2880 3534/3637/2890 
f 3535/3638/2891 3534/3637/2890 3524/3625/2880 
f 3524/3625/2880 3527/3628/2883 3535/3638/2891 
f 3530/3631/2886 3536/3639/2892 3535/3638/2891 
f 3535/3638/2891 3527/3628/2883 3530/3631/2886 
f 3532/3633/2888 3537/3640/2893 3536/3641/2892 
f 3536/3641/2892 3530/3634/2886 3532/3633/2888 
f 3513/3614/2869 3519/3620/2875 3537/3640/2893 
f 3537/3640/2893 3532/3633/2888 3513/3614/2869 
s off
f 3538/3642/2894 3504/3605/2894 3507/3608/2894 
f 3507/3608/2894 3539/3643/2894 3538/3642/2894 
f 3540/3644/2895 3517/3618/2895 3516/3617/2895 
f 3516/3617/2895 3541/3645/2895 3540/3644/2895 
f 3542/3646/2896 3519/3620/2896 3518/3619/2896 
f 3518/3619/2896 3543/3647/2896 3542/3646/2896 
f 3544/3648/2897 3545/3649/2897 3528/3629/2897 
f 3528/3629/2897 3526/3627/2897 3544/3648/2897 
f 3546/3650/2898 3536/3641/2898 3537/3640/2898 
f 3537/3640/2898 3547/3651/2898 3546/3650/2898 
f 3547/3651/2899 3537/3640/2899 3519/3620/2899 
f 3519/3620/2899 3542/3646/2899 3547/3651/2899 
f 3548/3652/2900 3549/3653/2900 3550/3654/2900 
f 3550/3654/2900 3551/3655/2900 3548/3652/2900 
f 3550/3654/2901 3549/3653/2901 3552/3656/2901 
f 3552/3656/2901 3553/3657/2901 3550/3654/2901 
f 3554/3658/2902 3555/3659/2902 3556/3660/2902 
f 3556/3660/2903 3557/3661/2903 3554/3658/2903 
s 4
f 3558/3662/2904 3554/3663/2904 3557/3664/2905 
f 3557/3664/2905 3559/3665/2905 3558/3662/2904 
s off
f 3556/3666/2906 3555/3667/2906 3560/3668/2906 
f 3560/3668/2907 3561/3669/2907 3556/3666/2907 
s 3
f 3562/3670/2908 3499/3600/2855 3502/3603/2858 
f 3502/3603/2858 3563/3671/2909 3562/3670/2908 
f 3502/3603/2858 3514/3615/2870 3564/3672/2910 
f 3564/3672/2910 3563/3671/2909 3502/3603/2858 
s 4
f 3565/3673/2911 3499/3600/2912 3562/3670/2913 
f 3562/3670/2913 3566/3674/2914 3565/3673/2911 
s 3
f 3523/3624/2879 3522/3623/2878 3567/3675/2915 
f 3567/3675/2915 3568/3676/2916 3523/3624/2879 
f 3569/3677/2917 3533/3636/2889 3523/3624/2879 
f 3523/3624/2879 3568/3676/2916 3569/3677/2917 
s 4
f 3570/3678/2918 3522/3623/2919 3521/3622/2920 
f 3521/3622/2920 3571/3679/2921 3570/3678/2918 
s off
f 3572/3680/2900 3551/3655/2900 3550/3654/2900 
f 3550/3654/2900 3573/3681/2900 3572/3680/2900 
f 3550/3654/2901 3553/3657/2901 3574/3682/2901 
f 3574/3682/2901 3573/3681/2901 3550/3654/2901 
f 3575/3683/2922 3557/3664/2922 3556/3684/2922 
f 3556/3684/2923 3576/3685/2923 3575/3683/2923 
s 4
f 3559/3665/2905 3557/3664/2905 3575/3683/2924 
f 3575/3683/2924 3577/3686/2925 3559/3665/2905 
s off
f 3556/3684/2926 3561/3687/2926 3578/3688/2926 
f 3578/3688/2927 3576/3685/2927 3556/3684/2927 
s 4
f 3579/3689/2928 3553/3657/2928 3552/3656/2928 
f 3552/3656/2928 3580/3690/2928 3579/3689/2928 
s 3
f 3581/3691/2929 3562/3670/2908 3563/3671/2909 
f 3563/3671/2909 3582/3692/2930 3581/3691/2929 
f 3563/3671/2909 3564/3672/2910 3583/3693/2931 
f 3583/3693/2931 3582/3692/2930 3563/3671/2909 
f 3584/3694/2932 3580/3690/2933 3552/3656/2934 
f 3552/3656/2934 3549/3653/2935 3584/3694/2932 
f 3548/3652/2936 3585/3695/2937 3584/3694/2932 
f 3584/3694/2932 3549/3653/2935 3548/3652/2936 
s 4
f 3566/3674/2914 3562/3670/2913 3581/3691/2938 
f 3581/3691/2938 3574/3696/2939 3566/3674/2914 
s off
f 3586/3697/2894 3538/3642/2894 3539/3643/2894 
f 3539/3643/2894 3587/3698/2894 3586/3697/2894 
f 3545/3649/2897 3544/3648/2897 3588/3699/2897 
f 3588/3699/2897 3589/3700/2897 3545/3649/2897 
s 4
f 3566/3701/2914 3574/3682/2939 3553/3657/2928 
f 3553/3657/2928 3579/3689/2928 3566/3701/2914 
f 3565/3673/2911 3590/3702/2940 3500/3601/2941 
f 3500/3601/2941 3499/3600/2912 3565/3673/2911 
s off
f 3583/3703/2942 3572/3680/2942 3573/3681/2942 
f 3573/3681/2943 3582/3704/2943 3583/3703/2943 
f 3500/3601/2944 3590/3702/2944 3591/3705/2944 
f 3591/3705/2944 3515/3616/2944 3500/3601/2944 
f 3591/3705/2945 3541/3645/2945 3516/3617/2945 
f 3516/3617/2945 3515/3616/2945 3591/3705/2945 
f 3540/3644/2946 3543/3647/2946 3518/3619/2946 
f 3518/3619/2946 3517/3618/2946 3540/3644/2946 
f 3573/3681/2947 3574/3682/2947 3581/3706/2947 
f 3581/3706/2948 3582/3704/2948 3573/3681/2948 
f 3592/3707/2949 3575/3683/2949 3576/3685/2949 
f 3576/3685/2950 3593/3708/2950 3592/3707/2950 
s 4
f 3577/3709/2925 3575/3710/2924 3592/3711/2951 
f 3592/3711/2951 3567/3675/2952 3577/3709/2925 
s off
f 3576/3685/2953 3578/3688/2953 3594/3712/2953 
f 3594/3712/2954 3593/3708/2954 3576/3685/2954 
f 3595/3713/2955 3571/3679/2955 3521/3622/2955 
f 3521/3622/2955 3534/3637/2955 3595/3713/2955 
f 3535/3638/2956 3596/3714/2956 3595/3713/2956 
f 3595/3713/2956 3534/3637/2956 3535/3638/2956 
f 3546/3715/2957 3596/3714/2957 3535/3638/2957 
f 3535/3638/2957 3536/3639/2957 3546/3715/2957 
s 3
f 3568/3676/2916 3567/3675/2915 3592/3711/2958 
f 3592/3711/2958 3593/3716/2959 3568/3676/2916 
f 3594/3717/2960 3569/3677/2917 3568/3676/2916 
f 3568/3676/2916 3593/3716/2959 3594/3717/2960 
f 3554/3658/2961 3558/3718/2962 3597/3719/2963 
f 3597/3719/2963 3555/3659/2964 3554/3658/2961 
f 3597/3719/2963 3598/3720/2965 3560/3721/2966 
f 3560/3721/2966 3555/3659/2964 3597/3719/2963 
s 4
f 3577/3709/2925 3567/3675/2952 3522/3623/2919 
f 3522/3623/2919 3570/3678/2918 3577/3709/2925 
s off
f 3599/3722/2967 3600/3723/2967 3601/3724/2967 
f 3601/3724/2968 3602/3725/2968 3599/3722/2968 
f 3603/3726/2969 3604/3727/2969 3605/3728/2969 
f 3605/3728/2970 3606/3729/2970 3603/3726/2970 
f 3607/3730/2971 3608/3731/2971 3603/3726/2971 
f 3603/3726/2972 3606/3729/2972 3607/3730/2972 
f 3609/3732/2973 3610/3733/2973 3611/3734/2973 
f 3611/3734/2974 3612/3735/2974 3609/3732/2974 
s 4
f 3610/3733/2975 3613/3736/2976 3614/3737/2977 
f 3614/3737/2977 3611/3734/2978 3610/3733/2975 
s off
f 3615/3738/2979 3616/3739/2979 3609/3732/2979 
f 3609/3732/2980 3612/3735/2980 3615/3738/2980 
f 3617/3740/2981 3618/3741/2981 3619/3742/2981 
f 3619/3742/2982 3620/3743/2982 3617/3740/2982 
s 3
f 3621/3744/2983 3622/3745/2984 3623/3746/2985 
f 3623/3746/2985 3624/3747/2986 3621/3744/2983 
f 3599/3722/2987 3622/3745/2984 3621/3744/2983 
f 3621/3744/2983 3620/3743/2988 3599/3722/2987 
f 3625/3748/2989 3626/3749/2990 3627/3750/2991 
f 3627/3750/2991 3628/3751/2992 3625/3748/2989 
f 3627/3750/2991 3626/3749/2990 3629/3752/2993 
f 3629/3752/2993 3630/3753/2994 3627/3750/2991 
s 4
f 3624/3747/2995 3623/3746/2996 3631/3754/2997 
f 3631/3754/2997 3632/3755/2998 3624/3747/2995 
s off
f 3629/3752/2999 3633/3756/2999 3634/3757/2999 
f 3634/3757/3000 3630/3753/3000 3629/3752/3000 
s 4
f 3628/3751/3001 3635/3758/3002 3636/3759/3003 
f 3636/3759/3003 3637/3760/3004 3628/3751/3001 
s off
f 3638/3761/3005 3639/3762/3005 3640/3763/3005 
f 3640/3763/3006 3641/3764/3006 3638/3761/3006 
s 4
f 3642/3765/3007 3643/3766/3008 3644/3767/3009 
f 3644/3767/3009 3645/3768/3010 3642/3765/3007 
s off
f 3646/3769/3011 3647/3770/3011 3601/3724/3011 
f 3601/3724/3012 3648/3771/3012 3646/3769/3012 
f 3649/3772/3013 3647/3770/3013 3646/3769/3013 
f 3646/3769/3014 3645/3768/3014 3649/3772/3014 
f 3650/3773/3015 3651/3774/3015 3652/3775/3015 
f 3652/3775/3016 3653/3776/3016 3650/3773/3016 
s 4
f 3652/3775/3017 3654/3777/3018 3655/3778/3019 
f 3655/3778/3019 3653/3776/3020 3652/3775/3017 
s off
f 3656/3779/3021 3651/3774/3021 3650/3773/3021 
f 3650/3773/3022 3641/3764/3022 3656/3779/3022 
s 3
f 3657/3780/3023 3658/3781/3024 3659/3782/3025 
f 3659/3782/3025 3660/3783/3026 3657/3780/3023 
f 3659/3782/3025 3658/3781/3024 3661/3784/3027 
f 3661/3784/3027 3662/3785/3028 3659/3782/3025 
f 3663/3786/3029 3664/3787/3030 3614/3737/3031 
f 3614/3737/3031 3665/3788/3032 3663/3786/3029 
f 3666/3789/3033 3664/3787/3030 3663/3786/3029 
f 3663/3786/3029 3667/3790/3034 3666/3789/3033 
s off
f 3662/3785/3035 3661/3784/3035 3668/3791/3035 
f 3668/3791/3036 3669/3792/3036 3662/3785/3036 
f 3670/3793/3037 3671/3794/3037 3672/3795/3037 
f 3672/3795/3038 3667/3790/3038 3670/3793/3038 
s 4
f 3673/3796/3039 3674/3797/3040 3675/3798/3041 
f 3675/3798/3041 3660/3783/3042 3673/3796/3039 
f 3645/3768/3010 3644/3767/3009 3631/3754/2997 
f 3631/3754/2997 3649/3772/3043 3645/3768/3010 
s off
f 3647/3770/3044 3676/3799/3044 3602/3725/3044 
f 3602/3725/3045 3601/3724/3045 3647/3770/3045 
f 3677/3800/3046 3676/3799/3046 3647/3770/3046 
f 3647/3770/3047 3649/3772/3047 3677/3800/3047 
f 3651/3774/3048 3678/3801/3048 3679/3802/3048 
f 3679/3802/3049 3652/3775/3049 3651/3774/3049 
s 4
f 3679/3802/3050 3657/3780/3051 3654/3777/3018 
f 3654/3777/3018 3652/3775/3017 3679/3802/3050 
s off
f 3680/3803/3052 3678/3801/3052 3651/3774/3052 
f 3651/3774/3053 3656/3779/3053 3680/3803/3053 
f 3641/3764/3054 3640/3763/3054 3668/3791/3054 
f 3668/3791/3055 3656/3779/3055 3641/3764/3055 
f 3667/3790/3056 3672/3795/3056 3681/3804/3056 
f 3681/3804/3056 3666/3789/3056 3667/3790/3056 
s 3
f 3679/3802/3057 3678/3801/3058 3658/3781/3024 
f 3658/3781/3024 3657/3780/3023 3679/3802/3057 
f 3658/3781/3024 3678/3801/3058 3680/3803/3059 
f 3680/3803/3059 3661/3784/3027 3658/3781/3024 
f 3664/3787/3030 3612/3735/3060 3611/3734/3061 
f 3611/3734/3061 3614/3737/3031 3664/3787/3030 
f 3615/3738/3062 3612/3735/3060 3664/3787/3030 
f 3664/3787/3030 3666/3789/3033 3615/3738/3062 
s off
f 3661/3784/3063 3680/3803/3063 3656/3779/3063 
f 3656/3779/3064 3668/3791/3064 3661/3784/3064 
s 4
f 3657/3780/3051 3660/3783/3042 3675/3798/3041 
f 3675/3798/3041 3654/3777/3018 3657/3780/3051 
s off
f 3620/3743/3065 3619/3742/3065 3600/3723/3065 
f 3600/3723/3066 3599/3722/3066 3620/3743/3066 
s 4
f 3628/3751/3001 3637/3760/3004 3682/3805/3067 
f 3682/3805/3067 3625/3748/3068 3628/3751/3001 
s 3
f 3622/3745/2984 3676/3799/3069 3677/3800/3070 
f 3677/3800/3070 3623/3746/2985 3622/3745/2984 
f 3602/3725/3071 3676/3799/3069 3622/3745/2984 
f 3622/3745/2984 3599/3722/2987 3602/3725/3071 
f 3607/3730/3072 3606/3729/3073 3626/3749/2990 
f 3626/3749/2990 3625/3748/2989 3607/3730/3072 
f 3626/3749/2990 3606/3729/3073 3605/3728/3074 
f 3605/3728/3074 3629/3752/2993 3626/3749/2990 
s 4
f 3623/3746/2996 3677/3800/3075 3649/3772/3043 
f 3649/3772/3043 3631/3754/2997 3623/3746/2996 
s off
f 3605/3728/3076 3604/3727/3076 3633/3756/3076 
f 3633/3756/3077 3629/3752/3077 3605/3728/3077 
f 3648/3771/3078 3601/3724/3078 3600/3723/3078 
f 3600/3723/3079 3683/3806/3079 3648/3771/3079 
s 3
f 3660/3783/3026 3659/3782/3025 3684/3807/3080 
f 3684/3807/3080 3673/3796/3081 3660/3783/3026 
f 3684/3807/3080 3659/3782/3025 3662/3785/3028 
f 3662/3785/3028 3685/3808/3082 3684/3807/3080 
f 3686/3809/3083 3663/3786/3029 3665/3788/3032 
f 3665/3788/3032 3687/3810/3084 3686/3809/3083 
f 3667/3790/3034 3663/3786/3029 3686/3809/3083 
f 3686/3809/3083 3670/3793/3085 3667/3790/3034 
s off
f 3662/3785/3086 3669/3792/3086 3688/3811/3086 
f 3688/3811/3087 3685/3808/3087 3662/3785/3087 
s 3
f 3689/3812/3088 3621/3744/2983 3624/3747/2986 
f 3624/3747/2986 3690/3813/3089 3689/3812/3088 
f 3620/3743/2988 3621/3744/2983 3689/3812/3088 
f 3689/3812/3088 3617/3740/3090 3620/3743/2988 
f 3628/3751/2992 3627/3750/2991 3691/3814/3091 
f 3691/3814/3091 3635/3758/3092 3628/3751/2992 
f 3691/3814/3091 3627/3750/2991 3630/3753/2994 
f 3630/3753/2994 3692/3815/3093 3691/3814/3091 
s 4
f 3690/3813/3094 3624/3747/2995 3632/3755/2998 
f 3632/3755/2998 3693/3816/3095 3690/3813/3094 
s off
f 3630/3753/3096 3634/3757/3096 3694/3817/3096 
f 3694/3817/3097 3692/3815/3097 3630/3753/3097 
f 3695/3818/3098 3646/3769/3098 3648/3771/3098 
f 3648/3771/3099 3696/3819/3099 3695/3818/3099 
f 3645/3768/3100 3646/3769/3100 3695/3818/3100 
f 3695/3818/3101 3642/3765/3101 3645/3768/3101 
f 3697/3820/3102 3650/3773/3102 3653/3776/3102 
f 3653/3776/3103 3698/3821/3103 3697/3820/3103 
s 4
f 3653/3776/3020 3655/3778/3019 3699/3822/3104 
f 3699/3822/3104 3698/3821/3105 3653/3776/3020 
s off
f 3641/3764/3106 3650/3773/3106 3697/3820/3106 
f 3697/3820/3107 3638/3761/3107 3641/3764/3107 
f 3648/3771/3108 3683/3806/3108 3700/3823/3108 
f 3700/3823/3109 3696/3819/3109 3648/3771/3109 
s 4
f 3608/3731/3110 3682/3805/3067 3701/3824/3007 
f 3701/3824/3007 3702/3825/3111 3608/3731/3110 
s off
f 3616/3739/3112 3681/3804/3112 3703/3826/3112 
f 3703/3826/3113 3704/3827/3113 3616/3739/3113 
f 3705/3828/3114 3706/3829/3114 3604/3727/3114 
f 3604/3727/3115 3603/3726/3115 3705/3828/3115 
f 3608/3731/3116 3702/3825/3116 3705/3828/3116 
f 3705/3828/3117 3603/3726/3117 3608/3731/3117 
f 3707/3830/3118 3708/3831/3118 3610/3733/3118 
f 3610/3733/3119 3609/3732/3119 3707/3830/3119 
s 4
f 3708/3831/3120 3709/3832/3121 3613/3736/2976 
f 3613/3736/2976 3610/3733/2975 3708/3831/3120 
s off
f 3616/3739/3122 3704/3827/3122 3707/3830/3122 
f 3707/3830/3123 3609/3732/3123 3616/3739/3123 
f 3706/3829/3124 3710/3833/3124 3633/3756/3124 
f 3633/3756/3125 3604/3727/3125 3706/3829/3125 
s 4
f 3607/3730/3126 3625/3748/3068 3682/3805/3067 
f 3682/3805/3067 3608/3731/3110 3607/3730/3126 
s off
f 3615/3738/3127 3666/3789/3127 3681/3804/3127 
f 3681/3804/3128 3616/3739/3128 3615/3738/3128 
s 4
f 3687/3810/3129 3665/3788/3130 3711/3834/3131 
f 3711/3834/3131 3712/3835/3132 3687/3810/3129 
f 3665/3788/3130 3614/3737/2977 3613/3736/2976 
f 3613/3736/2976 3711/3834/3131 3665/3788/3130 
s 8
f 3618/3741/3133 3617/3740/3134 3713/3836/3135 
f 3713/3836/3135 3714/3837/3133 3618/3741/3133 
s 1
f 3619/3742/3136 3618/3741/3137 3714/3837/3137 
f 3714/3837/3137 3715/3838/3138 3619/3742/3136 
f 3632/3755/3139 3631/3754/3140 3716/3839/3141 
f 3716/3839/3141 3717/3840/3142 3632/3755/3139 
f 3634/3757/3143 3633/3756/3144 3718/3841/3144 
f 3718/3841/3144 3719/3842/3145 3634/3757/3143 
s 8
f 3636/3759/3146 3635/3758/3147 3720/3843/3148 
f 3720/3843/3148 3721/3844/3146 3636/3759/3146 
s 1
f 3637/3760/3149 3636/3759/3150 3721/3844/3150 
f 3721/3844/3150 3722/3845/3151 3637/3760/3149 
f 3639/3762/3152 3638/3761/3153 3723/3846/3154 
f 3723/3846/3154 3724/3847/3152 3639/3762/3152 
s 2
f 3640/3763/3155 3639/3762/3156 3724/3847/3156 
f 3724/3847/3156 3725/3848/3157 3640/3763/3155 
s 1
f 3643/3766/3158 3642/3765/3159 3726/3849/3160 
f 3726/3849/3160 3727/3850/3161 3643/3766/3158 
s 2
f 3644/3767/3162 3643/3766/3163 3727/3850/3163 
f 3727/3850/3163 3728/3851/3164 3644/3767/3162 
f 3655/3778/3165 3654/3777/3166 3729/3852/3167 
f 3729/3852/3167 3730/3853/3168 3655/3778/3165 
s 1
f 3669/3792/3169 3668/3791/3170 3731/3854/3171 
f 3731/3854/3171 3732/3855/3172 3669/3792/3169 
s 8
f 3671/3794/3173 3670/3793/3174 3733/3856/3175 
f 3733/3856/3175 3734/3857/3173 3671/3794/3173 
s 1
f 3672/3795/3176 3671/3794/3177 3734/3857/3177 
f 3734/3857/3177 3735/3858/3178 3672/3795/3176 
s 8
f 3674/3797/3179 3673/3796/3180 3736/3859/3181 
f 3736/3859/3181 3737/3860/3179 3674/3797/3179 
s 1
f 3675/3798/3182 3674/3797/3183 3737/3860/3184 
f 3737/3860/3184 3738/3861/3185 3675/3798/3182 
s 2
f 3631/3754/3186 3644/3767/3162 3728/3851/3164 
f 3728/3851/3164 3716/3839/3187 3631/3754/3186 
f 3668/3791/3188 3640/3763/3155 3725/3848/3157 
f 3725/3848/3157 3731/3854/3189 3668/3791/3188 
s 1
f 3681/3804/3190 3672/3795/3176 3735/3858/3178 
f 3735/3858/3178 3739/3862/3190 3681/3804/3190 
f 3654/3777/3191 3675/3798/3182 3738/3861/3185 
f 3738/3861/3185 3729/3852/3192 3654/3777/3191 
f 3600/3723/3193 3619/3742/3136 3715/3838/3138 
f 3715/3838/3138 3740/3863/3194 3600/3723/3193 
f 3682/3805/3195 3637/3760/3149 3722/3845/3151 
f 3722/3845/3151 3741/3864/3195 3682/3805/3195 
s 2
f 3683/3806/3196 3600/3723/3197 3740/3863/3198 
f 3740/3863/3198 3742/3865/3199 3683/3806/3196 
s 8
f 3673/3796/3180 3684/3807/3200 3743/3866/3201 
f 3743/3866/3201 3736/3859/3181 3673/3796/3180 
f 3684/3807/3200 3685/3808/3202 3744/3867/3203 
f 3744/3867/3203 3743/3866/3201 3684/3807/3200 
f 3686/3809/3204 3687/3810/3205 3745/3868/3206 
f 3745/3868/3206 3746/3869/3207 3686/3809/3204 
f 3670/3793/3174 3686/3809/3204 3746/3869/3207 
f 3746/3869/3207 3733/3856/3175 3670/3793/3174 
s 1
f 3688/3811/3208 3669/3792/3169 3732/3855/3172 
f 3732/3855/3172 3747/3870/3209 3688/3811/3208 
s 8
f 3685/3808/3202 3688/3811/3210 3747/3870/3211 
f 3747/3870/3211 3744/3867/3203 3685/3808/3202 
f 3689/3812/3212 3690/3813/3213 3748/3871/3214 
f 3748/3871/3214 3749/3872/3215 3689/3812/3212 
f 3617/3740/3134 3689/3812/3212 3749/3872/3215 
f 3749/3872/3215 3713/3836/3135 3617/3740/3134 
f 3635/3758/3147 3691/3814/3216 3750/3873/3217 
f 3750/3873/3217 3720/3843/3148 3635/3758/3147 
f 3691/3814/3216 3692/3815/3218 3751/3874/3219 
f 3751/3874/3219 3750/3873/3217 3691/3814/3216 
s 1
f 3693/3816/3220 3632/3755/3139 3717/3840/3142 
f 3717/3840/3142 3752/3875/3221 3693/3816/3220 
s 8
f 3690/3813/3213 3693/3816/3222 3752/3875/3223 
f 3752/3875/3223 3748/3871/3214 3690/3813/3213 
s 1
f 3694/3817/3224 3634/3757/3143 3719/3842/3145 
f 3719/3842/3145 3753/3876/3224 3694/3817/3224 
s 8
f 3692/3815/3218 3694/3817/3225 3753/3876/3225 
f 3753/3876/3225 3751/3874/3219 3692/3815/3218 
s 1
f 3695/3818/3226 3696/3819/3227 3754/3877/3228 
f 3754/3877/3228 3755/3878/3229 3695/3818/3226 
f 3642/3765/3159 3695/3818/3226 3755/3878/3229 
f 3755/3878/3229 3726/3849/3160 3642/3765/3159 
f 3697/3820/3230 3698/3821/3231 3756/3879/3232 
f 3756/3879/3232 3757/3880/3233 3697/3820/3230 
s 2
f 3699/3822/3234 3655/3778/3165 3730/3853/3168 
f 3730/3853/3168 3758/3881/3234 3699/3822/3234 
s 1
f 3698/3821/3231 3699/3822/3235 3758/3881/3235 
f 3758/3881/3235 3756/3879/3232 3698/3821/3231 
f 3638/3761/3153 3697/3820/3230 3757/3880/3233 
f 3757/3880/3233 3723/3846/3154 3638/3761/3153 
s 2
f 3700/3823/3146 3683/3806/3196 3742/3865/3199 
f 3742/3865/3199 3759/3882/3146 3700/3823/3146 
s 1
f 3696/3819/3227 3700/3823/3236 3759/3882/3237 
f 3759/3882/3237 3754/3877/3228 3696/3819/3227 
s 2
f 3701/3824/3163 3682/3805/3163 3741/3864/3163 
f 3741/3864/3163 3760/3883/3163 3701/3824/3163 
s 1
f 3702/3825/3238 3701/3824/3239 3760/3883/3240 
f 3760/3883/3240 3761/3884/3241 3702/3825/3238 
s 2
f 3703/3826/3242 3681/3804/3242 3739/3862/3242 
f 3739/3862/3242 3762/3885/3242 3703/3826/3242 
s 1
f 3704/3827/3243 3703/3826/3244 3762/3885/3244 
f 3762/3885/3244 3763/3886/3245 3704/3827/3243 
f 3706/3829/3246 3705/3828/3247 3764/3887/3248 
f 3764/3887/3248 3765/3888/3249 3706/3829/3246 
f 3705/3828/3247 3702/3825/3238 3761/3884/3241 
f 3761/3884/3241 3764/3887/3248 3705/3828/3247 
f 3708/3831/3250 3707/3830/3251 3766/3889/3252 
f 3766/3889/3252 3767/3890/3253 3708/3831/3250 
f 3709/3832/3254 3708/3831/3250 3767/3890/3253 
f 3767/3890/3253 3768/3891/3190 3709/3832/3254 
s 2
f 3613/3736/3255 3709/3832/3255 3768/3891/3255 
f 3768/3891/3255 3769/3892/3255 3613/3736/3255 
s 1
f 3707/3830/3251 3704/3827/3243 3763/3886/3245 
f 3763/3886/3245 3766/3889/3252 3707/3830/3251 
f 3710/3833/3256 3706/3829/3246 3765/3888/3249 
f 3765/3888/3249 3770/3893/3144 3710/3833/3256 
s 2
f 3633/3756/3146 3710/3833/3146 3770/3893/3146 
f 3770/3893/3146 3718/3841/3146 3633/3756/3146 
s 1
f 3712/3835/3257 3711/3834/3258 3771/3894/3259 
f 3771/3894/3259 3772/3895/3257 3712/3835/3257 
s 8
f 3687/3810/3205 3712/3835/3260 3772/3895/3260 
f 3772/3895/3260 3745/3868/3206 3687/3810/3205 
s 1
f 3711/3834/3258 3613/3736/3190 3769/3892/3190 
f 3769/3892/3190 3771/3894/3259 3711/3834/3258 
s 3
f 3773/3896/3261 3774/3897/3262 3775/3898/2819 
f 3775/3898/2819 3776/3899/3263 3773/3896/3261 
s 2
f 3777/3900/3264 3778/3901/3265 3773/3896/3261 
f 3773/3896/3261 3776/3899/3263 3777/3900/3264 
f 3779/3902/3266 3780/3903/3267 3778/3901/3265 
f 3778/3901/3265 3777/3900/3264 3779/3902/3266 
f 3781/3904/3268 3782/3905/3269 3774/3897/3262 
f 3774/3897/3262 3773/3896/3261 3781/3904/3268 
f 3783/3906/3270 3781/3904/3268 3773/3896/3261 
f 3773/3896/3261 3778/3901/3265 3783/3906/3270 
f 3784/3907/3271 3783/3906/3270 3778/3901/3265 
f 3778/3901/3265 3780/3903/3267 3784/3907/3271 
s 3
f 3785/3908/3272 3786/3909/3273 3775/3898/2819 
f 3775/3898/2819 3774/3897/3262 3785/3908/3272 
s 2
f 3787/3910/3274 3786/3909/3273 3785/3908/3272 
f 3785/3908/3272 3788/3911/3275 3787/3910/3274 
f 3789/3912/3276 3787/3910/3274 3788/3911/3275 
f 3788/3911/3275 3790/3913/3277 3789/3912/3276 
f 3791/3914/3278 3785/3908/3272 3774/3897/3262 
f 3774/3897/3262 3782/3905/3269 3791/3914/3278 
f 3792/3915/3279 3788/3911/3275 3785/3908/3272 
f 3785/3908/3272 3791/3914/3278 3792/3915/3279 
f 3793/3916/3280 3790/3913/3277 3788/3911/3275 
f 3788/3911/3275 3792/3915/3279 3793/3916/3280 
s off
f 3794/3917/3281 3795/3918/3281 3782/3905/3281 
f 3782/3905/3281 3781/3904/3281 3794/3917/3281 
f 3796/3919/3282 3794/3917/3282 3781/3904/3282 
f 3781/3904/3282 3783/3906/3282 3796/3919/3282 
f 3797/3920/3283 3796/3919/3283 3783/3906/3283 
f 3783/3906/3283 3784/3907/3283 3797/3920/3283 
f 3795/3918/3284 3798/3921/3284 3791/3914/3284 
f 3791/3914/3284 3782/3905/3284 3795/3918/3284 
f 3798/3921/3285 3799/3922/3285 3792/3915/3285 
f 3792/3915/3285 3791/3914/3285 3798/3921/3285 
f 3799/3922/3286 3800/3923/3286 3793/3916/3286 
f 3793/3916/3286 3792/3915/3286 3799/3922/3286 
s 1
f 3801/3924/3287 3802/3925/3287 3803/3926/3287 
f 3803/3926/3287 3804/3927/3287 3801/3924/3287 
s 4
f 3804/3927/3288 3803/3926/3288 3805/3928/3288 
f 3805/3928/3288 3806/3929/3288 3804/3927/3288 
s 2
f 3806/3929/3289 3805/3928/3289 3807/3930/3290 
f 3807/3930/3290 3808/3931/3291 3806/3929/3289 
f 3808/3931/3291 3807/3930/3290 3809/3932/3292 
f 3809/3932/3292 3810/3933/3293 3808/3931/3291 
f 3810/3933/3293 3809/3932/3292 3811/3934/3294 
f 3811/3934/3294 3812/3935/3295 3810/3933/3293 
f 3812/3935/3295 3811/3934/3294 3813/3936/3296 
f 3813/3936/3296 3814/3937/3297 3812/3935/3295 
f 3814/3938/3297 3813/3939/3296 3815/3940/3298 
f 3815/3940/3298 3816/3941/3299 3814/3938/3297 
f 3816/3942/3299 3815/3943/3298 3817/3944/3300 
f 3817/3944/3300 3818/3945/3301 3816/3942/3299 
f 3818/3945/3301 3817/3944/3300 3819/3946/3302 
f 3819/3946/3302 3820/3947/3303 3818/3945/3301 
f 3820/3947/3303 3819/3946/3302 3821/3948/3304 
f 3821/3948/3304 3822/3949/3305 3820/3947/3303 
f 3822/3949/3305 3821/3948/3304 3823/3950/3306 
f 3823/3950/3306 3824/3951/3307 3822/3949/3305 
f 3824/3951/3307 3823/3950/3306 3825/3952/3308 
f 3825/3952/3308 3826/3953/3309 3824/3951/3307 
f 3826/3953/3309 3825/3952/3308 3827/3954/3310 
f 3827/3954/3310 3828/3955/3311 3826/3953/3309 
f 3828/3955/3311 3827/3954/3310 3829/3956/3312 
f 3829/3956/3312 3830/3957/3313 3828/3955/3311 
f 3830/3957/3313 3829/3956/3312 3831/3958/3314 
f 3831/3958/3314 3832/3959/3315 3830/3957/3313 
s 4
f 3833/3960/3316 3834/3961/3317 3835/3962/3318 
f 3835/3962/3318 3836/3963/3319 3833/3960/3316 
s 2
f 3836/3963/3320 3835/3962/3321 3837/3964/3322 
f 3837/3964/3322 3838/3965/3323 3836/3963/3320 
f 3838/3965/3323 3837/3964/3322 3839/3966/3324 
f 3839/3966/3324 3840/3967/3325 3838/3965/3323 
f 3840/3968/3325 3839/3969/3324 3841/3970/3326 
f 3841/3970/3326 3842/3971/3327 3840/3968/3325 
f 3842/3971/3327 3841/3970/3326 3843/3972/3328 
f 3843/3972/3328 3844/3973/3329 3842/3971/3327 
f 3844/3973/3329 3843/3972/3328 3845/3974/3330 
f 3845/3974/3330 3846/3975/3331 3844/3973/3329 
f 3846/3975/3331 3845/3974/3330 3847/3976/3332 
f 3847/3976/3332 3848/3977/3332 3846/3975/3331 
s 4
f 3848/3977/3333 3847/3976/3333 3802/3925/3333 
f 3802/3925/3333 3801/3924/3333 3848/3977/3333 
s 16
f 3835/3978/3334 3834/3979/3335 3831/3980/3336 
f 3835/3978/3334 3831/3980/3336 3829/3981/3337 
f 3805/3982/3338 3803/3983/3338 3802/3984/3339 
f 3805/3982/3338 3802/3984/3339 3847/3985/3338 
f 3807/3986/3338 3805/3982/3338 3847/3985/3338 
f 3807/3986/3338 3847/3985/3338 3845/3987/3338 
f 3809/3988/3338 3807/3986/3338 3845/3987/3338 
f 3809/3988/3338 3845/3987/3338 3843/3989/3338 
f 3811/3990/3338 3809/3988/3338 3843/3989/3338 
f 3811/3990/3338 3843/3989/3338 3841/3991/3338 
f 3813/3939/3338 3811/3990/3338 3841/3991/3338 
f 3813/3939/3338 3841/3991/3338 3839/3992/3340 
f 3815/3940/3338 3813/3939/3338 3839/3992/3340 
f 3817/3993/3338 3815/3940/3338 3839/3992/3340 
f 3819/3994/3338 3817/3993/3338 3839/3992/3340 
f 3821/3995/3338 3819/3994/3338 3839/3992/3340 
f 3823/3996/3338 3821/3995/3338 3839/3992/3340 
f 3825/3997/3338 3823/3996/3338 3839/3992/3340 
f 3827/3998/3338 3825/3997/3338 3839/3992/3340 
f 3829/3981/3337 3827/3998/3338 3839/3992/3340 
f 3829/3981/3337 3839/3992/3340 3837/3999/3341 
f 3835/3978/3334 3829/3981/3337 3837/3999/3341 
f 3849/4000/3342 3850/4001/3342 3851/4002/3342 
f 3852/4003/3342 3853/4004/3342 3854/4005/3342 
f 3855/4006/3342 3852/4003/3342 3854/4005/3342 
f 3855/4006/3342 3854/4005/3342 3856/4007/3342 
f 3855/4006/3342 3856/4007/3342 3857/4008/3342 
f 3858/4009/3342 3855/4006/3342 3857/4008/3342 
f 3859/4010/3342 3858/4009/3342 3857/4008/3342 
f 3860/4011/3342 3859/4010/3342 3857/4008/3342 
f 3861/4012/3342 3860/4011/3342 3857/4008/3342 
f 3862/4013/3342 3861/4012/3342 3857/4008/3342 
f 3863/4014/3342 3862/4013/3342 3857/4008/3342 
f 3864/4015/3342 3863/4014/3342 3857/4008/3342 
f 3865/4016/3342 3864/4015/3342 3857/4008/3342 
f 3865/4016/3342 3857/4008/3342 3866/4017/3342 
f 3867/4018/3342 3865/4016/3342 3866/4017/3342 
f 3867/4018/3342 3866/4017/3342 3868/4019/3342 
f 3869/4020/3342 3867/4018/3342 3868/4019/3342 
f 3869/4020/3342 3868/4019/3342 3870/4021/3342 
f 3871/4022/3342 3869/4020/3342 3870/4021/3342 
f 3871/4022/3342 3870/4021/3342 3872/4023/3342 
f 3851/4002/3342 3871/4022/3342 3872/4023/3342 
f 3849/4000/3342 3851/4002/3342 3872/4023/3342 
s 1
f 3801/3924/3287 3804/3927/3287 3850/4024/3287 
f 3850/4024/3287 3849/4025/3287 3801/3924/3287 
s 4
f 3804/3927/3288 3806/3929/3288 3851/4026/3288 
f 3851/4026/3288 3850/4024/3288 3804/3927/3288 
s 2
f 3806/3929/3289 3808/3931/3291 3871/4027/3343 
f 3871/4027/3343 3851/4026/3289 3806/3929/3289 
f 3808/3931/3291 3810/3933/3293 3869/4028/3344 
f 3869/4028/3344 3871/4027/3343 3808/3931/3291 
f 3810/3933/3293 3812/3935/3295 3867/4029/3345 
f 3867/4029/3345 3869/4028/3344 3810/3933/3293 
f 3812/3935/3295 3814/3937/3297 3865/4030/3346 
f 3865/4030/3346 3867/4029/3345 3812/3935/3295 
f 3814/3938/3297 3816/3941/3299 3864/4031/3347 
f 3864/4031/3347 3865/4032/3346 3814/3938/3297 
f 3816/3942/3299 3818/3945/3301 3863/4033/3348 
f 3863/4033/3348 3864/4034/3347 3816/3942/3299 
f 3818/3945/3301 3820/3947/3303 3862/4035/3349 
f 3862/4035/3349 3863/4033/3348 3818/3945/3301 
f 3820/3947/3303 3822/3949/3305 3861/4036/3350 
f 3861/4036/3350 3862/4035/3349 3820/3947/3303 
f 3822/3949/3305 3824/3951/3307 3860/4037/3351 
f 3860/4037/3351 3861/4036/3350 3822/3949/3305 
f 3824/3951/3307 3826/3953/3309 3859/4038/3352 
f 3859/4038/3352 3860/4037/3351 3824/3951/3307 
f 3826/3953/3309 3828/3955/3311 3858/4039/3353 
f 3858/4039/3353 3859/4038/3352 3826/3953/3309 
f 3828/3955/3311 3830/3957/3313 3855/4040/3354 
f 3855/4040/3354 3858/4039/3353 3828/3955/3311 
f 3832/4041/3315 3833/4042/3355 3853/4043/3356 
f 3853/4043/3356 3852/4044/3357 3832/4041/3315 
s 4
f 3833/4042/3316 3836/4045/3319 3854/4046/3358 
f 3854/4046/3358 3853/4043/3358 3833/4042/3316 
s 2
f 3836/4045/3320 3838/4047/3323 3856/4048/3359 
f 3856/4048/3359 3854/4046/3360 3836/4045/3320 
f 3838/4047/3323 3840/4049/3325 3857/4050/3361 
f 3857/4050/3361 3856/4048/3359 3838/4047/3323 
f 3840/3968/3325 3842/3971/3327 3866/4051/3362 
f 3866/4051/3362 3857/4052/3361 3840/3968/3325 
f 3842/3971/3327 3844/3973/3329 3868/4053/3363 
f 3868/4053/3363 3866/4051/3362 3842/3971/3327 
f 3844/3973/3329 3846/3975/3331 3870/4054/3364 
f 3870/4054/3364 3868/4053/3363 3844/3973/3329 
f 3846/3975/3331 3848/3977/3332 3872/4055/3332 
f 3872/4055/3332 3870/4054/3364 3846/3975/3331 
s 4
f 3848/3977/3333 3801/3924/3333 3849/4025/3333 
f 3849/4025/3333 3872/4055/3333 3848/3977/3333 
s 2
f 3873/4056/3365 3874/4057/3366 3875/4058/3367 
f 3875/4058/3367 3876/4059/3368 3873/4056/3365 
f 3877/4060/3369 3878/4061/3370 3879/4062/3371 
f 3879/4062/3371 3880/4063/3372 3877/4060/3369 
f 3881/4064/3373 3882/4065/3374 3878/4066/3370 
f 3878/4066/3370 3877/4067/3369 3881/4064/3373 
f 3883/4068/3375 3884/4069/3376 3882/4065/3374 
f 3882/4065/3374 3881/4064/3373 3883/4068/3375 
f 3885/4070/3377 3886/4071/3378 3884/4069/3376 
f 3884/4069/3376 3883/4068/3375 3885/4070/3377 
f 3887/4072/3379 3888/4073/3380 3886/4071/3378 
f 3886/4071/3378 3885/4070/3377 3887/4072/3379 
s 4
f 3889/4074/3381 3890/4075/3382 3888/4076/3382 
f 3888/4076/3382 3887/4077/3381 3889/4074/3381 
s 2
f 3891/4078/3383 3892/4079/3384 3893/4080/3385 
f 3893/4080/3385 3894/4081/3386 3891/4078/3383 
f 3895/4082/3387 3891/4078/3383 3894/4081/3386 
f 3894/4081/3386 3896/4083/3388 3895/4082/3387 
f 3897/4084/3389 3895/4085/3387 3896/4086/3388 
f 3896/4086/3388 3898/4087/3390 3897/4084/3389 
f 3899/4088/3391 3897/4084/3389 3898/4087/3390 
f 3898/4087/3390 3900/4089/3392 3899/4088/3391 
f 3901/4090/3393 3899/4088/3391 3900/4089/3392 
f 3900/4089/3392 3902/4091/3394 3901/4090/3393 
f 3903/4092/3395 3901/4090/3393 3902/4091/3394 
f 3902/4091/3394 3904/4093/3396 3903/4092/3395 
s 4
f 3905/4094/3397 3903/4095/3397 3904/4096/3381 
f 3904/4096/3381 3906/4097/3382 3905/4094/3397 
s 2
f 3907/4098/3398 3908/4099/3399 3892/4079/3384 
f 3892/4079/3384 3891/4078/3383 3907/4098/3398 
f 3909/4100/3400 3907/4098/3398 3891/4078/3383 
f 3891/4078/3383 3895/4082/3387 3909/4100/3400 
f 3910/4101/3401 3909/4102/3400 3895/4085/3387 
f 3895/4085/3387 3897/4084/3389 3910/4101/3401 
f 3911/4103/3402 3910/4101/3401 3897/4084/3389 
f 3897/4084/3389 3899/4088/3391 3911/4103/3402 
f 3912/4104/3403 3911/4103/3402 3899/4088/3391 
f 3899/4088/3391 3901/4090/3393 3912/4104/3403 
f 3913/4105/3404 3912/4104/3403 3901/4090/3393 
f 3901/4090/3393 3903/4092/3395 3913/4105/3404 
s 4
f 3914/4106/3381 3913/4107/3381 3903/4095/3397 
f 3903/4095/3397 3905/4094/3397 3914/4106/3381 
s 2
f 3880/4063/3372 3879/4062/3371 3874/4057/3366 
f 3874/4057/3366 3873/4056/3365 3880/4063/3372 
f 3915/4108/3405 3916/4109/3406 3893/4080/3385 
f 3893/4080/3385 3892/4079/3384 3915/4108/3405 
f 3917/4110/3407 3915/4108/3405 3892/4079/3384 
f 3892/4079/3384 3908/4099/3399 3917/4110/3407 
f 3893/4080/3385 3916/4109/3406 3918/4111/3408 
f 3918/4111/3408 3919/4112/3409 3893/4080/3385 
f 3896/4083/3388 3894/4081/3386 3920/4113/3410 
f 3920/4113/3410 3921/4114/3411 3896/4083/3388 
f 3898/4087/3390 3896/4086/3388 3921/4115/3411 
f 3921/4115/3411 3922/4116/3412 3898/4087/3390 
f 3900/4089/3392 3898/4087/3390 3922/4116/3412 
f 3922/4116/3412 3923/4117/3413 3900/4089/3392 
f 3902/4091/3394 3900/4089/3392 3923/4117/3413 
f 3923/4117/3413 3924/4118/3414 3902/4091/3394 
f 3904/4096/3396 3902/4119/3394 3924/4120/3414 
f 3924/4120/3414 3925/4121/3415 3904/4096/3396 
s 4
f 3906/4097/3382 3904/4096/3381 3925/4121/3382 
f 3925/4121/3382 3926/4122/3382 3906/4097/3382 
s 2
f 3894/4081/3386 3893/4080/3385 3919/4112/3409 
f 3919/4112/3409 3920/4113/3410 3894/4081/3386 
f 3927/4123/3416 3928/4124/3417 3875/4058/3367 
f 3875/4058/3367 3874/4057/3366 3927/4123/3416 
f 3929/4125/3418 3930/4126/3419 3879/4062/3371 
f 3879/4062/3371 3878/4061/3370 3929/4125/3418 
f 3931/4127/3420 3929/4128/3418 3878/4066/3370 
f 3878/4066/3370 3882/4065/3374 3931/4127/3420 
f 3932/4129/3421 3931/4127/3420 3882/4065/3374 
f 3882/4065/3374 3884/4069/3376 3932/4129/3421 
f 3933/4130/3422 3932/4129/3421 3884/4069/3376 
f 3884/4069/3376 3886/4071/3378 3933/4130/3422 
f 3934/4131/3423 3933/4130/3422 3886/4071/3378 
f 3886/4071/3378 3888/4073/3380 3934/4131/3423 
s 4
f 3935/4132/3382 3934/4133/3382 3888/4076/3382 
f 3888/4076/3382 3890/4075/3382 3935/4132/3382 
s 2
f 3930/4126/3419 3927/4123/3416 3874/4057/3366 
f 3874/4057/3366 3879/4062/3371 3930/4126/3419 
f 3936/4134/3424 3937/4135/3425 3928/4124/3417 
f 3928/4124/3417 3927/4123/3416 3936/4134/3424 
f 3938/4136/3426 3939/4137/3427 3930/4126/3419 
f 3930/4126/3419 3929/4125/3418 3938/4136/3426 
f 3940/4138/3428 3938/4139/3426 3929/4140/3418 
f 3929/4140/3418 3931/4141/3420 3940/4138/3428 
f 3941/4142/3429 3940/4143/3428 3931/4127/3420 
f 3931/4127/3420 3932/4129/3421 3941/4142/3429 
f 3942/4144/3430 3941/4142/3429 3932/4129/3421 
f 3932/4129/3421 3933/4130/3422 3942/4144/3430 
f 3943/4145/3431 3942/4144/3430 3933/4130/3422 
f 3933/4130/3422 3934/4131/3423 3943/4145/3431 
s 4
f 3944/4146/3382 3943/4147/3382 3934/4133/3382 
f 3934/4133/3382 3935/4132/3382 3944/4146/3382 
s 2
f 3939/4137/3427 3936/4134/3424 3927/4123/3416 
f 3927/4123/3416 3930/4126/3419 3939/4137/3427 
f 3919/4148/3409 3918/4149/3408 3937/4135/3425 
f 3937/4135/3425 3936/4134/3424 3919/4148/3409 
f 3921/4150/3411 3920/4151/3410 3939/4137/3427 
f 3939/4137/3427 3938/4136/3426 3921/4150/3411 
f 3922/4116/3412 3921/4115/3411 3938/4139/3426 
f 3938/4139/3426 3940/4138/3428 3922/4116/3412 
f 3923/4117/3413 3922/4116/3412 3940/4138/3428 
f 3940/4138/3428 3941/4152/3429 3923/4117/3413 
f 3924/4120/3414 3923/4153/3413 3941/4154/3429 
f 3941/4154/3429 3942/4155/3430 3924/4120/3414 
f 3925/4121/3415 3924/4120/3414 3942/4155/3430 
f 3942/4155/3430 3943/4147/3431 3925/4121/3415 
s 4
f 3926/4122/3382 3925/4121/3382 3943/4147/3382 
f 3943/4147/3382 3944/4146/3382 3926/4122/3382 
s 2
f 3920/4151/3410 3919/4148/3409 3936/4134/3424 
f 3936/4134/3424 3939/4137/3427 3920/4151/3410 
f 3945/4156/3432 3946/4157/3433 3947/4158/3434 
f 3947/4158/3434 3948/4159/3435 3945/4156/3432 
f 3949/4160/3436 3950/4161/3437 3951/4162/3438 
f 3951/4162/3438 3952/4163/3439 3949/4160/3436 
f 3950/4164/3437 3953/4165/3440 3954/4166/3441 
f 3954/4166/3441 3951/4167/3438 3950/4164/3437 
f 3953/4165/3440 3955/4168/3442 3956/4169/3443 
f 3956/4169/3443 3954/4166/3441 3953/4165/3440 
f 3955/4168/3442 3957/4170/3444 3958/4171/3445 
f 3958/4171/3445 3956/4169/3443 3955/4168/3442 
f 3957/4170/3444 3959/4172/3446 3960/4173/3447 
f 3960/4173/3447 3958/4171/3445 3957/4170/3444 
s 4
f 3959/4174/3448 3961/4175/3448 3962/4074/3448 
f 3962/4074/3448 3960/4176/3448 3959/4174/3448 
s 2
f 3963/4177/3449 3964/4178/3450 3965/4179/3451 
f 3965/4179/3451 3966/4180/3452 3963/4177/3449 
f 3966/4180/3452 3965/4179/3451 3967/4181/3453 
f 3967/4181/3453 3968/4182/3454 3966/4180/3452 
f 3968/4183/3454 3967/4184/3453 3969/4185/3455 
f 3969/4185/3455 3970/4186/3456 3968/4183/3454 
f 3970/4186/3456 3969/4185/3455 3971/4187/3457 
f 3971/4187/3457 3972/4188/3458 3970/4186/3456 
f 3972/4189/3458 3971/4190/3457 3973/4191/3459 
f 3973/4191/3459 3974/4192/3460 3972/4189/3458 
f 3974/4192/3460 3973/4191/3459 3975/4193/3461 
f 3975/4193/3461 3976/4194/3462 3974/4192/3460 
s 4
f 3976/4194/3448 3975/4193/3448 3977/4195/3448 
f 3977/4195/3448 3978/4196/3448 3976/4194/3448 
s 2
f 3964/4178/3450 3979/4197/3463 3980/4198/3464 
f 3980/4198/3464 3965/4179/3451 3964/4178/3450 
f 3965/4179/3451 3980/4198/3464 3981/4199/3465 
f 3981/4199/3465 3967/4181/3453 3965/4179/3451 
f 3967/4184/3453 3981/4200/3465 3982/4201/3466 
f 3982/4201/3466 3969/4185/3455 3967/4184/3453 
f 3969/4185/3455 3982/4201/3466 3983/4202/3467 
f 3983/4202/3467 3971/4187/3457 3969/4185/3455 
f 3971/4187/3457 3983/4202/3467 3984/4203/3468 
f 3984/4203/3468 3973/4204/3459 3971/4187/3457 
f 3973/4191/3459 3984/4205/3468 3985/4206/3469 
f 3985/4206/3469 3975/4193/3461 3973/4191/3459 
s 4
f 3975/4193/3448 3985/4206/3448 3986/4207/3448 
f 3986/4207/3448 3977/4195/3448 3975/4193/3448 
s 2
f 3946/4157/3433 3949/4160/3436 3952/4163/3439 
f 3952/4163/3439 3947/4158/3434 3946/4157/3433 
f 3963/4177/3449 3987/4208/3470 3988/4209/3471 
f 3988/4209/3471 3964/4178/3450 3963/4177/3449 
f 3964/4178/3450 3988/4209/3471 3989/4210/3472 
f 3989/4210/3472 3979/4197/3463 3964/4178/3450 
f 3990/4211/3473 3987/4208/3470 3963/4177/3449 
f 3963/4177/3449 3991/4212/3474 3990/4211/3473 
f 3992/4213/3475 3966/4180/3452 3968/4182/3454 
f 3968/4182/3454 3993/4214/3476 3992/4213/3475 
f 3993/4215/3476 3968/4183/3454 3970/4186/3456 
f 3970/4186/3456 3994/4216/3477 3993/4215/3476 
f 3994/4216/3477 3970/4186/3456 3972/4188/3458 
f 3972/4188/3458 3995/4217/3478 3994/4216/3477 
f 3995/4218/3478 3972/4189/3458 3974/4192/3460 
f 3974/4192/3460 3996/4219/3479 3995/4218/3478 
f 3996/4219/3479 3974/4192/3460 3976/4194/3462 
f 3976/4194/3462 3997/4220/3480 3996/4219/3479 
s 4
f 3997/4220/3448 3976/4194/3448 3978/4196/3448 
f 3978/4196/3448 3998/4221/3448 3997/4220/3448 
s 2
f 3991/4212/3474 3963/4177/3449 3966/4180/3452 
f 3966/4180/3452 3992/4213/3475 3991/4212/3474 
f 3945/4156/3432 3999/4222/3481 4000/4223/3482 
f 4000/4223/3482 3946/4157/3433 3945/4156/3432 
f 3949/4160/3436 4001/4224/3483 4002/4225/3484 
f 4002/4225/3484 3950/4161/3437 3949/4160/3436 
f 3950/4164/3437 4002/4226/3484 4003/4227/3485 
f 4003/4227/3485 3953/4165/3440 3950/4164/3437 
f 3953/4165/3440 4003/4227/3485 4004/4228/3486 
f 4004/4228/3486 3955/4168/3442 3953/4165/3440 
f 3955/4168/3442 4004/4228/3486 4005/4229/3487 
f 4005/4229/3487 3957/4170/3444 3955/4168/3442 
f 3957/4170/3444 4005/4229/3487 4006/4230/3488 
f 4006/4230/3488 3959/4172/3446 3957/4170/3444 
s 4
f 3959/4174/3448 4006/4231/3448 4007/4232/3448 
f 4007/4232/3448 3961/4175/3448 3959/4174/3448 
s 2
f 3946/4157/3433 4000/4223/3482 4001/4224/3483 
f 4001/4224/3483 3949/4160/3436 3946/4157/3433 
f 3999/4222/3481 4008/4233/3489 4009/4234/3490 
f 4009/4234/3490 4000/4223/3482 3999/4222/3481 
f 4001/4224/3483 4010/4235/3491 4011/4236/3492 
f 4011/4236/3492 4002/4225/3484 4001/4224/3483 
f 4002/4237/3484 4011/4238/3492 4012/4239/3493 
f 4012/4239/3493 4003/4240/3485 4002/4237/3484 
f 4003/4240/3485 4012/4239/3493 4013/4241/3494 
f 4013/4241/3494 4004/4242/3486 4003/4240/3485 
f 4004/4242/3486 4013/4241/3494 4014/4243/3495 
f 4014/4243/3495 4005/4244/3487 4004/4242/3486 
f 4005/4229/3487 4014/4245/3495 4015/4246/3496 
f 4015/4246/3496 4006/4230/3488 4005/4229/3487 
s 4
f 4006/4231/3448 4015/4247/3448 4016/4248/3448 
f 4016/4248/3448 4007/4232/3448 4006/4231/3448 
s 2
f 4000/4223/3482 4009/4234/3490 4010/4235/3491 
f 4010/4235/3491 4001/4224/3483 4000/4223/3482 
f 4008/4233/3489 3990/4149/3473 3991/4249/3474 
f 3991/4249/3474 4009/4234/3490 4008/4233/3489 
f 4010/4235/3491 3992/4250/3475 3993/4251/3476 
f 3993/4251/3476 4011/4236/3492 4010/4235/3491 
f 4011/4238/3492 3993/4252/3476 3994/4253/3477 
f 3994/4253/3477 4012/4239/3493 4011/4238/3492 
f 4012/4239/3493 3994/4253/3477 3995/4218/3478 
f 3995/4218/3478 4013/4241/3494 4012/4239/3493 
f 4013/4241/3494 3995/4218/3478 3996/4219/3479 
f 3996/4219/3479 4014/4243/3495 4013/4241/3494 
f 4014/4243/3495 3996/4219/3479 3997/4220/3480 
f 3997/4220/3480 4015/4247/3496 4014/4243/3495 
s 4
f 4015/4247/3448 3997/4220/3448 3998/4221/3448 
f 3998/4221/3448 4016/4248/3448 4015/4247/3448 
s 2
f 4009/4234/3490 3991/4249/3474 3992/4250/3475 
f 3992/4250/3475 4010/4235/3491 4009/4234/3490 
s 1
f 3876/4059/3497 3875/4058/3498 3945/4156/3499 
f 3945/4156/3499 3948/4159/3500 3876/4059/3497 
s 8
f 3873/4056/3501 3876/4059/3502 3948/4159/3503 
f 3948/4159/3503 3947/4158/3504 3873/4056/3501 
f 3877/4060/3505 3880/4063/3506 3952/4163/3507 
f 3952/4163/3507 3951/4162/3508 3877/4060/3505 
f 3881/4064/3509 3877/4067/3505 3951/4167/3508 
f 3951/4167/3508 3954/4166/3509 3881/4064/3509 
f 3883/4068/3510 3881/4064/3509 3954/4166/3509 
f 3954/4166/3509 3956/4169/3511 3883/4068/3510 
f 3885/4070/3512 3883/4068/3510 3956/4169/3511 
f 3956/4169/3511 3958/4171/3513 3885/4070/3512 
f 3887/4072/3514 3885/4070/3512 3958/4171/3513 
f 3958/4171/3513 3960/4173/3515 3887/4072/3514 
s 1
f 3890/4075/3516 3889/4074/3517 3962/4074/3517 
f 3962/4074/3517 3961/4175/3516 3890/4075/3516 
s 8
f 3889/4254/3339 3887/4072/3514 3960/4173/3515 
f 3960/4173/3515 3962/4255/3518 3889/4254/3339 
s 1
f 3905/4094/3519 3906/4097/3520 3978/4196/3520 
f 3978/4196/3520 3977/4195/3519 3905/4094/3519 
s 8
f 3908/4099/3521 3907/4098/3522 3980/4098/3523 
f 3980/4098/3523 3979/4256/3524 3908/4099/3521 
f 3907/4257/3522 3909/4102/3525 3981/4200/3526 
f 3981/4200/3526 3980/4258/3523 3907/4257/3522 
f 3909/4102/3525 3910/4101/3527 3982/4201/3527 
f 3982/4201/3527 3981/4200/3526 3909/4102/3525 
f 3910/4101/3527 3911/4103/3528 3983/4202/3529 
f 3983/4202/3529 3982/4201/3527 3910/4101/3527 
f 3911/4103/3528 3912/4104/3530 3984/4203/3530 
f 3984/4203/3530 3983/4202/3529 3911/4103/3528 
f 3912/4104/3530 3913/4105/3531 3985/4259/3531 
f 3985/4259/3531 3984/4203/3530 3912/4104/3530 
f 3913/4105/3531 3914/4260/3532 3986/4261/3532 
f 3986/4261/3532 3985/4259/3531 3913/4105/3531 
s 1
f 3914/4106/3517 3905/4094/3519 3977/4195/3519 
f 3977/4195/3519 3986/4207/3517 3914/4106/3517 
s 8
f 3880/4063/3506 3873/4056/3501 3947/4158/3504 
f 3947/4158/3504 3952/4163/3507 3880/4063/3506 
s 1
f 3916/4109/3533 3915/4108/3534 3988/4262/3535 
f 3988/4262/3535 3987/4109/3536 3916/4109/3533 
f 3915/4108/3534 3917/4110/3537 3989/4263/3538 
f 3989/4263/3538 3988/4262/3535 3915/4108/3534 
s 8
f 3917/4110/3539 3908/4099/3521 3979/4256/3524 
f 3979/4256/3524 3989/4263/3540 3917/4110/3539 
s 1
f 3918/4211/3541 3916/4264/3533 3987/4208/3536 
f 3987/4208/3536 3990/4211/3542 3918/4211/3541 
f 3906/4097/3520 3926/4122/3516 3998/4221/3516 
f 3998/4221/3516 3978/4196/3520 3906/4097/3520 
f 3875/4058/3498 3928/4124/3543 3999/4222/3544 
f 3999/4222/3544 3945/4156/3499 3875/4058/3498 
f 3935/4132/3519 3890/4075/3516 3961/4175/3516 
f 3961/4175/3516 4007/4232/3519 3935/4132/3519 
f 3928/4124/3543 3937/4135/3545 4008/4233/3546 
f 4008/4233/3546 3999/4222/3544 3928/4124/3543 
f 3944/4146/3519 3935/4132/3519 4007/4232/3519 
f 4007/4232/3519 4016/4248/3519 3944/4146/3519 
f 3937/4135/3545 3918/4149/3541 3990/4149/3542 
f 3990/4149/3542 4008/4233/3546 3937/4135/3545 
f 3926/4122/3516 3944/4146/3519 4016/4248/3519 
f 4016/4248/3519 3998/4221/3516 3926/4122/3516 
s 2
f 3832/3959/3315 3831/3958/3314 3834/3961/3547 
f 3834/3961/3547 3833/3960/3355 3832/3959/3315 
f 3832/4041/3315 3852/4044/3357 3855/4265/3354 
f 3855/4265/3354 3830/4266/3313 3832/4041/3315 
# 1128 faces

#
# object van_gogh_table
#

v  -128.5812 -0.8146 5.3609
v  -128.1677 5.5142 6.2477
v  -175.2663 23.3452 -94.7558
v  -175.7182 16.4291 -95.7248
v  48.8194 2.3837 -77.1413
v  91.8465 3.8589 -96.6338
v  44.7113 21.1019 -197.7157
v  1.8038 19.5831 -177.9667
v  92.4483 3.2062 -97.0209
v  92.0503 -2.8860 -97.8746
v  44.9132 14.3577 -198.9603
v  45.3113 20.4499 -198.1067
v  31.3282 3.1508 -68.8542
v  -15.7237 19.7940 -169.7575
v  13.3510 2.7536 -60.5390
v  -33.6647 19.9529 -161.3644
v  -57.5700 4.1526 -27.4924
v  -104.4388 22.0572 -128.0029
v  -139.8332 22.9978 -111.3378
v  -92.7346 5.1655 -10.3345
v  -127.4821 6.1705 6.0400
v  -174.5808 24.0015 -94.9635
v  -127.9827 -1.4953 4.9657
v  -175.1198 15.7484 -96.1200
v  91.3614 -3.5602 -97.6732
v  44.2262 13.6829 -198.7551
# 26 vertices

vn -0.8627 -0.3762 0.3381
vn -0.8094 0.3830 0.4451
vn -0.8084 0.3852 0.4450
vn 0.0681 0.9883 0.1368
vn 0.3870 0.9218 -0.0232
vn 0.3858 0.9223 -0.0225
vn 0.0549 0.9886 0.1405
vn 0.8598 0.3853 -0.3352
vn 0.8128 -0.3777 -0.4435
vn 0.8126 -0.3782 -0.4434
vn 0.8596 0.3859 -0.3350
vn 0.0713 0.9886 0.1323
vn 0.0710 0.9886 0.1324
vn 0.0638 0.9886 0.1364
vn 0.0804 0.9878 0.1334
vn 0.0892 0.9873 0.1314
vn 0.0916 0.9868 0.1332
vn 0.0913 0.9870 0.1324
vn 0.0926 0.9870 0.1312
vn -0.2677 0.9197 0.2873
vn -0.2669 0.9200 0.2869
vn -0.6891 -0.6958 0.2026
vn 0.5952 -0.6988 -0.3968
# 23 vertex normals

vt 0.9947 0.4454 0.0000
vt 0.9692 0.4454 0.0000
vt 0.9668 0.0011 0.0000
vt 0.9947 0.0011 0.0000
vt 0.2173 0.4483 0.0000
vt 0.0360 0.4504 0.0000
vt 0.0336 0.0061 0.0000
vt 0.2149 0.0051 0.0000
vt 0.0322 0.4504 0.0000
vt 0.0076 0.4506 0.0000
vt 0.0053 0.0063 0.0000
vt 0.0298 0.0061 0.0000
vt 0.2916 0.4479 0.0000
vt 0.2892 0.0048 0.0000
vt 0.3676 0.4475 0.0000
vt 0.3652 0.0043 0.0000
vt 0.6678 0.4449 0.0000
vt 0.6655 0.0027 0.0000
vt 0.8156 0.0019 0.0000
vt 0.8180 0.4462 0.0000
vt 0.9654 0.4454 0.0000
vt 0.9630 0.0011 0.0000
vt 0.9986 0.4454 0.0000
vt 0.9986 0.0011 0.0000
vt 0.0038 0.4506 0.0000
vt 0.0014 0.0063 0.0000
# 26 texture coords

g van_gogh_table
usemtl 01___Def
s 32
f 4017/4267/3548 4018/4268/3549 4019/4269/3550 
f 4019/4269/3550 4020/4270/3548 4017/4267/3548 
s 42
f 4021/4271/3551 4022/4272/3552 4023/4273/3553 
f 4023/4273/3553 4024/4274/3554 4021/4271/3551 
s 32
f 4025/4275/3555 4026/4276/3556 4027/4277/3557 
f 4027/4277/3557 4028/4278/3558 4025/4275/3555 
s 42
f 4029/4279/3559 4021/4271/3551 4024/4274/3554 
f 4024/4274/3554 4030/4280/3560 4029/4279/3559 
f 4031/4281/3561 4029/4279/3559 4030/4280/3560 
f 4030/4280/3560 4032/4282/3562 4031/4281/3561 
f 4033/4283/3563 4031/4281/3561 4032/4282/3562 
f 4032/4282/3562 4034/4284/3564 4033/4283/3563 
f 4035/4285/3565 4036/4286/3566 4033/4283/3563 
f 4033/4283/3563 4034/4284/3564 4035/4285/3565 
f 4037/4287/3567 4036/4286/3566 4035/4285/3565 
f 4035/4285/3565 4038/4288/3568 4037/4287/3567 
s 32
f 4039/4289/3569 4017/4267/3548 4020/4270/3548 
f 4020/4270/3548 4040/4290/3569 4039/4289/3569 
f 4026/4276/3556 4041/4291/3570 4042/4292/3570 
f 4042/4292/3570 4027/4277/3557 4026/4276/3556 
f 4018/4268/3549 4037/4287/3567 4038/4288/3568 
f 4038/4288/3568 4019/4269/3550 4018/4268/3549 
f 4022/4272/3552 4025/4275/3555 4028/4278/3558 
f 4028/4278/3558 4023/4273/3553 4022/4272/3552 
# 24 faces

